#,Master kit,Unnamed: 2,Kit,Kit  Description,Sub kit,Sub kit description,Unnamed: 7,Unnamed: 8
1,S9901040,Master,S9901040,"IEHK 2024,Basic Medicine&Renewable UNIT",,,,
2,S9901040,Subkit,S9991041,"IEHK 2024,Basic Medicine&Renewabl SUB1/3",,,,
3,S9901040,Prepak,S9991044,"PP 1/2 IEHK 2024,Basic Medicine&Renewabl",,,,
4,S9901040,Subkit,S9991042,"IEHK 2024,Basic Medicine&Renewabl SUB2/3",,,,
5,S9901040,Prepak,S9991045,"PP 2/2 IEHK 2024,Basic Medicine&Renewabl",,,,
6,S9901040,Subkit,S9991043,"IEHK 2024,Basic Medicine&Renewabl SUB3/3",,,,
7,S9901041,Master,S9901041,"IEHK 2024,Basic Malaria UNIT",,,,
8,S9901042,Master,S9901042,"IEHK 2024,Basic Equipment UNIT",,,,
9,S9901042,Prepak,S9991046,"PP1 IEHK 2024,Basic Equipment UNIT",,,,
10,S9901043,Master,S9901043,"IEHK 2024,Suppl. Medicine Oral UNIT",,,,
11,S9901043,Subkit,S9991141,"SUB 1/4 IEHK 2024,Suppl.Medicine Oral",,,,
12,S9901043,Subkit,S9991142,"SUB 2/4 IEHK 2024,Suppl.Medicine Oral",,,,
13,S9901043,Subkit,S9991143,"SUB 3/4 IEHK 2024,Suppl.Medicine Oral",,,,
14,S9901043,Subkit,S9991144,"SUB 4/4 IEHK 2024,Suppl.Medicine Oral",,,,
15,S9901045,Master,S9901045,"IEHK 2024,Suppl. Med Mental Health UNIT",,,,
16,S9901047,Master,S9901047,"IEHK 2024,Suppl Medicine Cold Chain UNIT",,,,
17,S9901048,Master,S9901048,"IEHK 2024,Suppl. Malaria UNIT",,,,
18,S9901048,Subkit,S9991048,"IEHK 2024,Suppl. Malaria UNIT SUB 1/4",,,,
19,S9901048,Subkit,S9991049,"IEHK 2024,Suppl. Malaria UNIT SUB 2/4",,,,
20,S9901048,Subkit,S9991050,"IEHK 2024,Suppl. Malaria UNIT SUB 3/4",,,,
21,S9901048,Subkit,S9991051,"IEHK 2024,Suppl. Malaria UNIT SUB 4/4",,,,
22,S9901049,Master,S9901049,"IEHK 2024,Suppl. PEP Unit",,,,
23,S9901049,Subkit,S9994921,"IEHK 2024,Suppl. PEP Unit sub1/3 Child",,,,
24,S9901049,Subkit,S9994922,"IEHK 2024,Suppl. PEP Unit sub2/3 Adult",,,,
25,S9901049,Subkit,S9994923,"IEHK 2024,Suppl. PEP Unit sub3/3 Adult",,,,
26,S9902217,Master,S9902217,"Midwifery kit,1-drugs",,,,
27,S9902217,Subkit,S9999841,"Subkit 1/4 S9902217 Midwifery kit,1-drug",,,,
28,S9902217,Subkit,S9999842,"Subkit 2/4 S9902217 Midwifery kit,1-drug",,,,
29,S9902217,Subkit,S9999843,"Subkit 3/4 S9902217 Midwifery kit,1-drug",,,,
30,S9902217,Subkit,S9999844,"Subkit 4/4 S9902217 Midwifery kit,1-drug",,,,
31,S9902219,Master,S9902219,"Midwifery kit,3-renewable",,,,
32,S9902219,Subkit,S9999898,"Subkit 1/2 Midwifery ,3-renew S9902219",,,,
33,S9902219,Prepak,S9999941,Prepack 1/3Midwifery-renewable S9902219,,,,
34,S9902219,Prepak,S9999942,Prepack 2/3Midwifery-renewable S9902219,,,,
35,S9902219,Prepak,S9999940,Prepack 3/3Midwifery-renewable S9902219,,,,
36,S9902220,Master,S9902220,"Midwifery kit,suppl.1a-drugs",,,,
37,S9902221,Master,S9902221,"Midwifery kit – equipment, 2",,,,
38,S9902221,Prepak,S9999957,Prepack 1/1 Midwifery 2-Equip S9902221,,,,
39,S9902302,Master,S9902302,Nigeria Kit 2017,,,,
40,S9902302,Prepak,S9999151,Prepack 1/3 Nigeria Kit 2017,,,,
41,S9902302,Prepak,S9999153,Prepack 2/3 Nigeria Kit 2017,,,,
42,S9902302,Prepak,S9999154,Prepack 3/3 Nigeria Kit 2017,,,,
43,S9902410,Master,S9902410,"NBK,Community,Part B, Module 1,Medicines",,,,
44,S9902410,Subkit,S9992416,"SUB 1/3 NBK,Community,Part B,Module1,Med",,,,
45,S9902410,Subkit,S9992412,"SUB 2/3 NBK,Community,Part B,Module1,Med",,,,
46,S9902410,Subkit,S9992413,"SUB 3/3 NBK,Community,Part B,Module1,Med",,,,
47,S9902600,Master,S9902600,Clean Delivery Kit,,,,
48,S9902420,Master,S9902420,"NBK,Community,Part B, Module 2,Equipment",,,,
49,S9902420,Master,S9902430,"NBK, Clinic, Module 1, Medicines",,,,
50,S9902420,Subkit,S9992431,"SUB 1/8 NBK, Clinic, Module 1, Medicines",,,,
51,S9902420,Subkit,S9992432,"SUB 2/8 NBK, Clinic, Module 1, Medicines",,,,
52,S9902420,Subkit,S9992433,"SUB 3/8 NBK, Clinic, Module 1, Medicines",,,,
53,S9902420,Subkit,S9992434,"SUB 4/8 NBK, Clinic, Module 1, Medicines",,,,
54,S9902420,Subkit,S9992435,"SUB 5/8 NBK, Clinic, Module 1, Medicines",,,,
55,S9902420,Subkit,S9992436,"SUB 6/8 NBK, Clinic, Module 1, Medicines",,,,
56,S9902420,Subkit,S9992437,"SUB 7/8 NBK, Clinic, Module 1, Medicines",,,,
57,S9902420,Subkit,S9992438,"S9902430  8/8 NBK,Clinic,Mod part 8-40",,,,
58,S9902440,Master,S9902440,"NBK, Clinic, Module 2, Consumables",,,,
59,S9902440,Subkit,S9992441,"SUB 1/3 NBK, Clinic,Module 2,Consumables",,,,
60,S9902440,Subkit,S9992442,"SUB 2/3 NBK, Clinic,Module 2,Consumables",,,,
61,S9902440,Subkit,S9992443,"SUB 3/3 NBK, Clinic,Module 2,Consumables",,,,
62,S9902450,Master,S9902450,"NBK, Clinic, Module 3, Equipment",,,,
63,S9902450,Subkit,S9992451,"SUB 1/6 NBK, Clinic, Module 3, Equipment",,,,
64,S9902450,Prepak,S9992450,"PP 1/1 NBK, Clinic, Module 3, Equipment",,,,
65,S9902450,Subkit,S9992452,"SUB 2/6 NBK, Clinic, Module 3, Equipment",,,,
66,S9902450,Subkit,S9992453,"SUB 3/6 NBK, Clinic, Module 3, Equipment",,,,
67,S9902450,Subkit,S9992454,"SUB 4/6 NBK, Clinic, Module 3, Equipment",,,,
68,S9902450,Subkit,S9992458,"SUB 5/6 NBK, Clinic, Module 3, Equipment",,,,
69,S9902450,Subkit,S9992457,"SUB 6/6 NBK, Clinic, Module 3, Equipment",,,,
70,S9902460,Master,S9902460,"NBK, Hospital, Module 1, Medicines",,,,
71,S9902460,Subkit,S9992461,"SUB 1/11 NBK,Hospital, Module 1, Medicin",,,,
72,S9902460,Subkit,S9992462,"SUB 2/11 NBK,Hospital, Module 1, Medicin",,,,
73,S9902460,Subkit,S9992463,"SUB 3/11 NBK,Hospital, Module 1, Medicin",,,,
74,S9902460,Subkit,S9992464,"SUB 4/11 NBK,Hospital, Module 1, Medicin",,,,
75,S9902460,Subkit,S9992465,"SUB 5/11 NBK,Hospital, Module 1, Medicin",,,,
76,S9902460,Subkit,S9992466,"SUB 6/11 NBK,Hospital, Module 1, Medicin",,,,
77,S9902460,Subkit,S9992467,"SUB 7/11 NBK,Hospital, Module 1, Medicin",,,,
78,S9902460,Subkit,S9992468,"SUB 8/11 NBK,Hospital, Module 1, Medicin",,,,
79,S9902460,Subkit,S9992469,"SUB 9/11 NBK,Hospital, Module 1, Medicin",,,,
80,S9902460,Subkit,S9992460,"SUB 10/11 NBK,Hospital, Module 1,Medicin",,,,
81,S9902460,Subkit,S9992430,"SUB 11/11 NBK,Hospital, Module 1,Medicin",,,,
82,S9902470,Master,S9902470,"NBK, Hospital, Module 2, Consumables",,,,
83,S9902470,Subkit,S9992470,"SUB 1/10 NBK, Hospital,Module 2,Consum",,,,
84,S9902470,Prepak,S9992414,"PP 1/2 NBK, Hospital,Module 2,Consum",,,,
85,S9902470,Prepak,S9992415,"PP 2/2 NBK, Hospital,Module 2,Consum",,,,
86,S9902470,Subkit,S9992471,"SUB 2/10 NBK, Hospital,Module 2,Consum",,,,
87,S9902470,Subkit,S9992472,"SUB 3/10 NBK, Hospital,Module 2,Consum",,,,
88,S9902470,Subkit,S9992473,"SUB 4/10 NBK, Hospital,Module 2,Consum",,,,
89,S9902470,Subkit,S9992474,"SUB 5/10 NBK, Hospital,Module 2,Consum",,,,
90,S9902470,Subkit,S9992475,"SUB 6/10 NBK, Hospital,Module 2,Consum",,,,
91,S9902470,Subkit,S9992476,"SUB 7/10 NBK, Hospital,Module 2,Consum",,,,
92,S9902470,Subkit,S9992477,"SUB 8/10 NBK, Hospital,Module 2,Consum",,,,
93,S9902470,Subkit,S9992478,"SUB 9/10 NBK, Hospital,Module 2,Consum",,,,
94,S9902470,Subkit,S9992479,"SUB 10/10 NBK, Hospital,Module 2,Consum",,,,
521,,,S9902480,"NBK, Hospital, Module 3, Equipment",S9992481,"SUB 1/17 NBK, Hospital, Module 3, Equ",,
522,,,S9902480,"NBK, Hospital, Module 3, Equipment",S9992481,"SUB 1/17 NBK, Hospital, Module 3, Equ",,
523,,,S9902480,"NBK, Hospital, Module 3, Equipment",S9992481,"SUB 1/17 NBK, Hospital, Module 3, Equ",,
524,,,S9902480,"NBK, Hospital, Module 3, Equipment",S9992481,"SUB 1/17 NBK, Hospital, Module 3, Equ",,
525,,,S9902480,"NBK, Hospital, Module 3, Equipment",S9992481,"SUB 1/17 NBK, Hospital, Module 3, Equ",,
526,,,S9902480,"NBK, Hospital, Module 3, Equipment",S9992586,"SUB 2/17 NBK, Hospital, Module 3, Equ",,
527,,,S9902480,"NBK, Hospital, Module 3, Equipment",S9992586,"SUB 2/17 NBK, Hospital, Module 3, Equ",,
528,,,S9902480,"NBK, Hospital, Module 3, Equipment",S9992586,"SUB 2/17 NBK, Hospital, Module 3, Equ",,
529,,,S9902480,"NBK, Hospital, Module 3, Equipment",S9992586,"SUB 2/17 NBK, Hospital, Module 3, Equ",,
530,,,S9902480,"NBK, Hospital, Module 3, Equipment",S9992586,"SUB 2/17 NBK, Hospital, Module 3, Equ",,
531,,,S9902480,"NBK, Hospital, Module 3, Equipment",S9992586,"SUB 2/17 NBK, Hospital, Module 3, Equ",,
532,,,S9902480,"NBK, Hospital, Module 3, Equipment",S9992586,"SUB 2/17 NBK, Hospital, Module 3, Equ",,
533,,,S9902480,"NBK, Hospital, Module 3, Equipment",S9992483,"SUB 3/17 NBK, Hospital, Module 3, Equ",,
534,,,S9902480,"NBK, Hospital, Module 3, Equipment",S9992483,"SUB 3/17 NBK, Hospital, Module 3, Equ",,
535,,,S9902480,"NBK, Hospital, Module 3, Equipment",S9992483,"SUB 3/17 NBK, Hospital, Module 3, Equ",,
536,,,S9902480,"NBK, Hospital, Module 3, Equipment",S9992483,"SUB 3/17 NBK, Hospital, Module 3, Equ",,
537,,,S9902480,"NBK, Hospital, Module 3, Equipment",S9992483,"SUB 3/17 NBK, Hospital, Module 3, Equ",,
538,,,S9902480,"NBK, Hospital, Module 3, Equipment",S9992483,"SUB 3/17 NBK, Hospital, Module 3, Equ",,
539,,,S9902480,"NBK, Hospital, Module 3, Equipment",S9992483,"SUB 3/17 NBK, Hospital, Module 3, Equ",,
540,,,S9902480,"NBK, Hospital, Module 3, Equipment",S9992483,"SUB 3/17 NBK, Hospital, Module 3, Equ",,
541,,,S9902480,"NBK, Hospital, Module 3, Equipment",S9992483,"SUB 3/17 NBK, Hospital, Module 3, Equ",,
542,,,S9902480,"NBK, Hospital, Module 3, Equipment",S9992483,"SUB 3/17 NBK, Hospital, Module 3, Equ",,
543,,,S9902480,"NBK, Hospital, Module 3, Equipment",S9992483,"SUB 3/17 NBK, Hospital, Module 3, Equ",,
544,,,S9902480,"NBK, Hospital, Module 3, Equipment",S9992483,"SUB 3/17 NBK, Hospital, Module 3, Equ",,
545,,,S9902480,"NBK, Hospital, Module 3, Equipment",S9992484,"SUB 4/17 NBK, Hospital, Module 3, Equ",,
546,,,S9902480,"NBK, Hospital, Module 3, Equipment",S9992484,"SUB 4/17 NBK, Hospital, Module 3, Equ",,
547,,,S9902480,"NBK, Hospital, Module 3, Equipment",S9992484,"SUB 4/17 NBK, Hospital, Module 3, Equ",,
548,,,S9902480,"NBK, Hospital, Module 3, Equipment",S9992589,"SUB 5/17 NBK, Hospital, Module 3, Equ",,
549,,,S9902480,"NBK, Hospital, Module 3, Equipment",S9992589,"SUB 5/17 NBK, Hospital, Module 3, Equ",,
550,,,S9902480,"NBK, Hospital, Module 3, Equipment",S9992583,"SUB 6/17 NBK, Hospital, Module 3, Equ",,
551,,,S9902480,"NBK, Hospital, Module 3, Equipment",S9992583,"SUB 6/17 NBK, Hospital, Module 3, Equ",,
552,,,S9902480,"NBK, Hospital, Module 3, Equipment",S9992588,"SUB 7/17 NBK, Hospital, Module 3, Equ",,
553,,,S9902480,"NBK, Hospital, Module 3, Equipment",S9992588,"SUB 7/17 NBK, Hospital, Module 3, Equ",,
554,,,S9902480,"NBK, Hospital, Module 3, Equipment",S9992488,"SUB 8/17 NBK, Hospital, Module 3, Equ",,
555,,,S9902480,"NBK, Hospital, Module 3, Equipment",S9992488,"SUB 8/17 NBK, Hospital, Module 3, Equ",,
556,,,S9902480,"NBK, Hospital, Module 3, Equipment",S9992488,"SUB 8/17 NBK, Hospital, Module 3, Equ",,
557,,,S9902480,"NBK, Hospital, Module 3, Equipment",S9992489,"SUB 9/17 NBK, Hospital, Module 3, Equ",,
558,,,S9902480,"NBK, Hospital, Module 3, Equipment",S9992489,"SUB 9/17 NBK, Hospital, Module 3, Equ",,
559,,,S9902480,"NBK, Hospital, Module 3, Equipment",S9992459,"SUB 11/17 NBK, Hospital, Module 3, Equ",,
560,,,S9902480,"NBK, Hospital, Module 3, Equipment",S9992459,"SUB 11/17 NBK, Hospital, Module 3, Equ",,
561,,,S9902480,"NBK, Hospital, Module 3, Equipment",S9992587,"SUB 12/17 NBK, Hospital, Module 3, Equ",,
562,,,S9902480,"NBK, Hospital, Module 3, Equipment",S9992587,"SUB 12/17 NBK, Hospital, Module 3, Equ",,
563,,,S9902480,"NBK, Hospital, Module 3, Equipment",S9992493,"SUB 13/17 NBK, Hospital, Module 3, Equ",,
564,,,S9902480,"NBK, Hospital, Module 3, Equipment",S9992493,"SUB 13/17 NBK, Hospital, Module 3, Equ",,
565,,,S9902480,"NBK, Hospital, Module 3, Equipment",S9992494,"SUB 14/17 NBK, Hospital, Module 3, Equ",,
566,,,S9902480,"NBK, Hospital, Module 3, Equipment",S9992494,"SUB 14/17 NBK, Hospital, Module 3, Equ",,
567,,,S9902480,"NBK, Hospital, Module 3, Equipment",S9992495,"SUB 15/17 NBK, Hospital, Module 3, Equ",,
568,,,S9902480,"NBK, Hospital, Module 3, Equipment",S9992495,"SUB 15/17 NBK, Hospital, Module 3, Equ",,
569,,,S9902480,"NBK, Hospital, Module 3, Equipment",S9992496,"SUB 16/17 NBK, Hospital, Module 3, Equ",,
570,,,S9902480,"NBK, Hospital, Module 3, Equipment",S9992496,"SUB 16/17 NBK, Hospital, Module 3, Equ",,
571,,,S9902480,"NBK, Hospital, Module 3, Equipment",S9992497,"SUB 17/17 NBK, Hospital, Module 3, Equ",,
572,,,S9902480,"NBK, Hospital, Module 3, Equipment",S9992497,"SUB 17/17 NBK, Hospital, Module 3, Equ",,
573,,,S9902480,"NBK, Hospital, Module 3, Equipment",S9992490,"SUB 10/17 NBK, Hospital, Module 3, Equ",,
574,,,S9902480,"NBK, Hospital, Module 3, Equipment",S9992490,"SUB 10/17 NBK, Hospital, Module 3, Equ",,
575,,,S9902480,"NBK, Hospital, Module 3, Equipment",S9992490,"SUB 10/17 NBK, Hospital, Module 3, Equ",,
576,,,S9902480,"NBK, Hospital, Module 3, Equipment",S9992483,"SUB 3/17 NBK, Hospital, Module 3, Equ",S9992480,"Bag NBK, Hospital, Module 3, Equ"
577,,,S9902480,"NBK, Hospital, Module 3, Equipment",S9992483,"SUB 3/17 NBK, Hospital, Module 3, Equ",S9992480,"Bag NBK, Hospital, Module 3, Equ"
578,,,S9902480,"NBK, Hospital, Module 3, Equipment",S9992483,"SUB 3/17 NBK, Hospital, Module 3, Equ",S9992480,"Bag NBK, Hospital, Module 3, Equ"
579,,,S9902480,"NBK, Hospital, Module 3, Equipment",S9992483,"SUB 3/17 NBK, Hospital, Module 3, Equ",S9992480,"Bag NBK, Hospital, Module 3, Equ"
580,,,S9902480,"NBK, Hospital, Module 3, Equipment",S9992483,"SUB 3/17 NBK, Hospital, Module 3, Equ",S9992480,"Bag NBK, Hospital, Module 3, Equ"
581,,,S9902480,"NBK, Hospital, Module 3, Equipment",S9992483,"SUB 3/17 NBK, Hospital, Module 3, Equ",S9992480,"Bag NBK, Hospital, Module 3, Equ"
582,,,S9902480,"NBK, Hospital, Module 3, Equipment",S9992483,"SUB 3/17 NBK, Hospital, Module 3, Equ",S9992480,"Bag NBK, Hospital, Module 3, Equ"
583,,,S9903000,"AWD, Community kit, Community Care",,,,
584,,,S9903000,"AWD, Community kit, Community Care",,,,
585,,,S9903000,"AWD, Community kit, Community Care",,,,
586,,,S9903000,"AWD, Community kit, Community Care",,,,
587,,,S9903000,"AWD, Community kit, Community Care",,,,
588,,,S9903000,"AWD, Community kit, Community Care",,,,
589,,,S9903000,"AWD, Community kit, Community Care",,,,
590,,,S9903000,"AWD, Community kit, Community Care",,,,
591,,,S9903000,"AWD, Community kit, Community Care",,,,
592,,,S9903000,"AWD, Community kit, Community Care",,,S9999129,Prepack 1/1 Community Care
593,,,S9903000,"AWD, Community kit, Community Care",,,S9999129,Prepack 1/1 Community Care
594,,,S9903000,"AWD, Community kit, Community Care",,,S9999129,Prepack 1/1 Community Care
595,,,S9903000,"AWD, Community kit, Community Care",,,S9999129,Prepack 1/1 Community Care
596,,,S9903000,"AWD, Community kit, Community Care",,,S9999129,Prepack 1/1 Community Care
597,,,S9903001,"AWD Kit, Periphery kit, Logistics Part",S9999131,"Sub 1/6 AWD Kit, Periphery kit,Logistics",,
598,,,S9903001,"AWD Kit, Periphery kit, Logistics Part",S9999131,"Sub 1/6 AWD Kit, Periphery kit,Logistics",,
599,,,S9903001,"AWD Kit, Periphery kit, Logistics Part",S9999131,"Sub 1/6 AWD Kit, Periphery kit,Logistics",,
600,,,S9903001,"AWD Kit, Periphery kit, Logistics Part",S9999131,"Sub 1/6 AWD Kit, Periphery kit,Logistics",,
601,,,S9903001,"AWD Kit, Periphery kit, Logistics Part",S9999131,"Sub 1/6 AWD Kit, Periphery kit,Logistics",,
602,,,S9903001,"AWD Kit, Periphery kit, Logistics Part",S9999132,"Sub 2/6 AWD Kit, Periphery kit,Logistics",,
603,,,S9903001,"AWD Kit, Periphery kit, Logistics Part",S9999132,"Sub 2/6 AWD Kit, Periphery kit,Logistics",,
604,,,S9903001,"AWD Kit, Periphery kit, Logistics Part",S9999132,"Sub 2/6 AWD Kit, Periphery kit,Logistics",,
605,,,S9903001,"AWD Kit, Periphery kit, Logistics Part",S9999132,"Sub 2/6 AWD Kit, Periphery kit,Logistics",,
606,,,S9903001,"AWD Kit, Periphery kit, Logistics Part",S9999132,"Sub 2/6 AWD Kit, Periphery kit,Logistics",,
607,,,S9903001,"AWD Kit, Periphery kit, Logistics Part",S9999132,"Sub 2/6 AWD Kit, Periphery kit,Logistics",,
608,,,S9903001,"AWD Kit, Periphery kit, Logistics Part",S9999133,"Sub 3/6 AWD Kit, Periphery kit,Logistics",,
609,,,S9903001,"AWD Kit, Periphery kit, Logistics Part",S9999133,"Sub 3/6 AWD Kit, Periphery kit,Logistics",,
610,,,S9903001,"AWD Kit, Periphery kit, Logistics Part",S9999133,"Sub 3/6 AWD Kit, Periphery kit,Logistics",,
611,,,S9903001,"AWD Kit, Periphery kit, Logistics Part",S9999133,"Sub 3/6 AWD Kit, Periphery kit,Logistics",,
612,,,S9903001,"AWD Kit, Periphery kit, Logistics Part",S9999133,"Sub 3/6 AWD Kit, Periphery kit,Logistics",,
613,,,S9903001,"AWD Kit, Periphery kit, Logistics Part",S9999133,"Sub 3/6 AWD Kit, Periphery kit,Logistics",,
614,,,S9903001,"AWD Kit, Periphery kit, Logistics Part",S9999134,"Sub 4/6 AWD Kit, Periphery kit,Logistics",,
615,,,S9903001,"AWD Kit, Periphery kit, Logistics Part",S9999134,"Sub 4/6 AWD Kit, Periphery kit,Logistics",,
616,,,S9903001,"AWD Kit, Periphery kit, Logistics Part",S9999134,"Sub 4/6 AWD Kit, Periphery kit,Logistics",,
617,,,S9903001,"AWD Kit, Periphery kit, Logistics Part",S9999134,"Sub 4/6 AWD Kit, Periphery kit,Logistics",,
618,,,S9903001,"AWD Kit, Periphery kit, Logistics Part",S9999134,"Sub 4/6 AWD Kit, Periphery kit,Logistics",,
619,,,S9903001,"AWD Kit, Periphery kit, Logistics Part",S9999134,"Sub 4/6 AWD Kit, Periphery kit,Logistics",,
620,,,S9903001,"AWD Kit, Periphery kit, Logistics Part",S9999134,"Sub 4/6 AWD Kit, Periphery kit,Logistics",,
621,,,S9903001,"AWD Kit, Periphery kit, Logistics Part",S9999134,"Sub 4/6 AWD Kit, Periphery kit,Logistics",,
622,,,S9903001,"AWD Kit, Periphery kit, Logistics Part",S9999135,"Sub 5/6 AWD Kit, Periphery kit,Logistics",,
623,,,S9903001,"AWD Kit, Periphery kit, Logistics Part",S9999135,"Sub 5/6 AWD Kit, Periphery kit,Logistics",,
624,,,S9903001,"AWD Kit, Periphery kit, Logistics Part",S9999135,"Sub 5/6 AWD Kit, Periphery kit,Logistics",,
625,,,S9903001,"AWD Kit, Periphery kit, Logistics Part",S9999135,"Sub 5/6 AWD Kit, Periphery kit,Logistics",,
626,,,S9903001,"AWD Kit, Periphery kit, Logistics Part",S9999136,"Sub 6/6 AWD Kit, Periphery kit,Logistics",,
627,,,S9903001,"AWD Kit, Periphery kit, Logistics Part",S9999136,"Sub 6/6 AWD Kit, Periphery kit,Logistics",,
628,,,S9903001,"AWD Kit, Periphery kit, Logistics Part",S9999136,"Sub 6/6 AWD Kit, Periphery kit,Logistics",,
629,,,S9903001,"AWD Kit, Periphery kit, Logistics Part",S9999136,"Sub 6/6 AWD Kit, Periphery kit,Logistics",,
630,,,S9903002,"AWD, Periphery kit, Equipment",,,,
631,,,S9903002,"AWD, Periphery kit, Equipment",,,,
632,,,S9903002,"AWD, Periphery kit, Equipment",,,,
633,,,S9903002,"AWD, Periphery kit, Equipment",,,,
634,,,S9903002,"AWD, Periphery kit, Equipment",,,,
635,,,S9903002,"AWD, Periphery kit, Equipment",,,,
636,,,S9903002,"AWD, Periphery kit, Equipment",,,,
637,,,S9903002,"AWD, Periphery kit, Equipment",,,S9903002,"AWD, Periphery kit, Equipment"
638,,,S9903002,"AWD, Periphery kit, Equipment",,,S9903002,"AWD, Periphery kit, Equipment"
639,,,S9903002,"AWD, Periphery kit, Equipment",,,S9903002,"AWD, Periphery kit, Equipment"
640,,,S9903002,"AWD, Periphery kit, Equipment",,,S9903002,"AWD, Periphery kit, Equipment"
641,,,S9903002,"AWD, Periphery kit, Equipment",,,S9903002,"AWD, Periphery kit, Equipment"
642,,,S9903002,"AWD, Periphery kit, Equipment",,,S9903002,"AWD, Periphery kit, Equipment"
643,,,S9903002,"AWD, Periphery kit, Equipment",,,S9903002,"AWD, Periphery kit, Equipment"
644,,,S9903002,"AWD, Periphery kit, Equipment",,,S9903002,"AWD, Periphery kit, Equipment"
645,,,S9903002,"AWD, Periphery kit, Equipment",,,S9903002,"AWD, Periphery kit, Equipment"
646,,,S9903002,"AWD, Periphery kit, Equipment",,,S9903002,"AWD, Periphery kit, Equipment"
647,,,S9903003,"AWD, Periphery kit, Renewable",S9999144,"AWD SUB 1/3 Periphery,Renewable",,
648,,,S9903003,"AWD, Periphery kit, Renewable",S9999144,"AWD SUB 1/3 Periphery,Renewable",,
649,,,S9903003,"AWD, Periphery kit, Renewable",S9999144,"AWD SUB 1/3 Periphery,Renewable",,
650,,,S9903003,"AWD, Periphery kit, Renewable",S9999144,"AWD SUB 1/3 Periphery,Renewable",,
651,,,S9903003,"AWD, Periphery kit, Renewable",S9999144,"AWD SUB 1/3 Periphery,Renewable",,
652,,,S9903003,"AWD, Periphery kit, Renewable",S9999144,"AWD SUB 1/3 Periphery,Renewable",,
653,,,S9903003,"AWD, Periphery kit, Renewable",S9999144,"AWD SUB 1/3 Periphery,Renewable",,
654,,,S9903003,"AWD, Periphery kit, Renewable",S9999144,"AWD SUB 1/3 Periphery,Renewable",,
655,,,S9903003,"AWD, Periphery kit, Renewable",S9999145,"AWD SUB 2/3 Periphery,Renewable",,
656,,,S9903003,"AWD, Periphery kit, Renewable",S9999145,"AWD SUB 2/3 Periphery,Renewable",,
657,,,S9903003,"AWD, Periphery kit, Renewable",S9999145,"AWD SUB 2/3 Periphery,Renewable",,
658,,,S9903003,"AWD, Periphery kit, Renewable",S9999145,"AWD SUB 2/3 Periphery,Renewable",,
659,,,S9903003,"AWD, Periphery kit, Renewable",S9999145,"AWD SUB 2/3 Periphery,Renewable",,
660,,,S9903003,"AWD, Periphery kit, Renewable",S9999145,"AWD SUB 2/3 Periphery,Renewable",,
661,,,S9903003,"AWD, Periphery kit, Renewable",S9999145,"AWD SUB 2/3 Periphery,Renewable",,
662,,,S9903003,"AWD, Periphery kit, Renewable",S9999145,"AWD SUB 2/3 Periphery,Renewable",,
663,,,S9903003,"AWD, Periphery kit, Renewable",S9999145,"AWD SUB 2/3 Periphery,Renewable",,
664,,,S9903003,"AWD, Periphery kit, Renewable",S9999146,"AWD SUB 3/3 Periphery,Renewable",,
665,,,S9903003,"AWD, Periphery kit, Renewable",S9999146,"AWD SUB 3/3 Periphery,Renewable",,
666,,,S9903003,"AWD, Periphery kit, Renewable",S9999146,"AWD SUB 3/3 Periphery,Renewable",,
667,,,S9903003,"AWD, Periphery kit, Renewable",S9999146,"AWD SUB 3/3 Periphery,Renewable",,
668,,,S9903003,"AWD, Periphery kit, Renewable",S9999146,"AWD SUB 3/3 Periphery,Renewable",,
669,,,S9903003,"AWD, Periphery kit, Renewable",S9999146,"AWD SUB 3/3 Periphery,Renewable",,
670,,,S9903003,"AWD, Periphery kit, Renewable",S9999146,"AWD SUB 3/3 Periphery,Renewable",,
671,,,S9903003,"AWD, Periphery kit, Renewable",S9999146,"AWD SUB 3/3 Periphery,Renewable",,
672,,,S9903003,"AWD, Periphery kit, Renewable",S9999146,"AWD SUB 3/3 Periphery,Renewable",,
673,,,S9903003,"AWD, Periphery kit, Renewable",S9999146,"AWD SUB 3/3 Periphery,Renewable",,
674,,,S9903003,"AWD, Periphery kit, Renewable",S9999146,"AWD SUB 3/3 Periphery,Renewable",,
675,,,S9903003,"AWD, Periphery kit, Renewable",S9999144,"AWD SUB 1/3 Periphery,Renewable",S9999149,"AWD BAG 1/1 Periphery,Renewable S9903003"
676,,,S9903003,"AWD, Periphery kit, Renewable",S9999144,"AWD SUB 1/3 Periphery,Renewable",S9999149,"AWD BAG 1/1 Periphery,Renewable S9903003"
677,,,S9903003,"AWD, Periphery kit, Renewable",S9999145,"AWD SUB 2/3 Periphery,Renewable",S9999143,"PP 3/3 Periphery,Renewable"
678,,,S9903003,"AWD, Periphery kit, Renewable",S9999145,"AWD SUB 2/3 Periphery,Renewable",S9999143,"PP 3/3 Periphery,Renewable"
679,,,S9903003,"AWD, Periphery kit, Renewable",S9999145,"AWD SUB 2/3 Periphery,Renewable",S9999143,"PP 3/3 Periphery,Renewable"
680,,,S9903003,"AWD, Periphery kit, Renewable",S9999145,"AWD SUB 2/3 Periphery,Renewable",S9999143,"PP 3/3 Periphery,Renewable"
681,,,S9903003,"AWD, Periphery kit, Renewable",S9999145,"AWD SUB 2/3 Periphery,Renewable",S9999143,"PP 3/3 Periphery,Renewable"
682,,,S9903003,"AWD, Periphery kit, Renewable",S9999145,"AWD SUB 2/3 Periphery,Renewable",S9999143,"PP 3/3 Periphery,Renewable"
683,,,S9903003,"AWD, Periphery kit, Renewable",S9999145,"AWD SUB 2/3 Periphery,Renewable",S9999143,"PP 3/3 Periphery,Renewable"
684,,,S9903003,"AWD, Periphery kit, Renewable",S9999145,"AWD SUB 2/3 Periphery,Renewable",S9999143,"PP 3/3 Periphery,Renewable"
685,,,S9903003,"AWD, Periphery kit, Renewable",S9999145,"AWD SUB 2/3 Periphery,Renewable",S9999138,PP 2/3 (old 2/7)Periphery Renew S9903003
686,,,S9903003,"AWD, Periphery kit, Renewable",S9999145,"AWD SUB 2/3 Periphery,Renewable",S9999138,PP 2/3 (old 2/7)Periphery Renew S9903003
687,,,S9903003,"AWD, Periphery kit, Renewable",S9999145,"AWD SUB 2/3 Periphery,Renewable",S9999138,PP 2/3 (old 2/7)Periphery Renew S9903003
688,,,S9903003,"AWD, Periphery kit, Renewable",S9999145,"AWD SUB 2/3 Periphery,Renewable",S9999138,PP 2/3 (old 2/7)Periphery Renew S9903003
689,,,S9903003,"AWD, Periphery kit, Renewable",S9999145,"AWD SUB 2/3 Periphery,Renewable",S9999138,PP 2/3 (old 2/7)Periphery Renew S9903003
690,,,S9903003,"AWD, Periphery kit, Renewable",S9999145,"AWD SUB 2/3 Periphery,Renewable",S9999138,PP 2/3 (old 2/7)Periphery Renew S9903003
691,,,S9903003,"AWD, Periphery kit, Renewable",S9999145,"AWD SUB 2/3 Periphery,Renewable",S9999138,PP 2/3 (old 2/7)Periphery Renew S9903003
692,,,S9903003,"AWD, Periphery kit, Renewable",S9999145,"AWD SUB 2/3 Periphery,Renewable",S9999138,PP 2/3 (old 2/7)Periphery Renew S9903003
693,,,S9903003,"AWD, Periphery kit, Renewable",S9999145,"AWD SUB 2/3 Periphery,Renewable",S9999137,PP 1/3 (old 1/7)Periphery Renew S9903003
694,,,S9903003,"AWD, Periphery kit, Renewable",S9999145,"AWD SUB 2/3 Periphery,Renewable",S9999137,PP 1/3 (old 1/7)Periphery Renew S9903003
695,,,S9903003,"AWD, Periphery kit, Renewable",S9999145,"AWD SUB 2/3 Periphery,Renewable",S9999137,PP 1/3 (old 1/7)Periphery Renew S9903003
696,,,S9903003,"AWD, Periphery kit, Renewable",S9999145,"AWD SUB 2/3 Periphery,Renewable",S9999137,PP 1/3 (old 1/7)Periphery Renew S9903003
697,,,S9903003,"AWD, Periphery kit, Renewable",S9999145,"AWD SUB 2/3 Periphery,Renewable",S9999137,PP 1/3 (old 1/7)Periphery Renew S9903003
698,,,S9903003,"AWD, Periphery kit, Renewable",S9999145,"AWD SUB 2/3 Periphery,Renewable",S9999137,PP 1/3 (old 1/7)Periphery Renew S9903003
699,,,S9903003,"AWD, Periphery kit, Renewable",S9999145,"AWD SUB 2/3 Periphery,Renewable",S9999137,PP 1/3 (old 1/7)Periphery Renew S9903003
700,,,S9903003,"AWD, Periphery kit, Renewable",S9999145,"AWD SUB 2/3 Periphery,Renewable",S9999137,PP 1/3 (old 1/7)Periphery Renew S9903003
701,,,S9903003,"AWD, Periphery kit, Renewable",S9999145,"AWD SUB 2/3 Periphery,Renewable",S9999137,PP 1/3 (old 1/7)Periphery Renew S9903003
702,,,S9903003,"AWD, Periphery kit, Renewable",S9999145,"AWD SUB 2/3 Periphery,Renewable",S9999137,PP 1/3 (old 1/7)Periphery Renew S9903003
703,,,S9903004,AWD Periphery kit Drug,S9999124,AWD Periphery kit Drug S9903004,,
704,,,S9903004,AWD Periphery kit Drug,S9999124,AWD Periphery kit Drug S9903004,,
705,,,S9903004,AWD Periphery kit Drug,S9999124,AWD Periphery kit Drug S9903004,,
706,,,S9903004,AWD Periphery kit Drug,S9999125,AWD Periphery kit Drug S9903004 sub 2/4,,
707,,,S9903004,AWD Periphery kit Drug,S9999125,AWD Periphery kit Drug S9903004 sub 2/4,,
708,,,S9903004,AWD Periphery kit Drug,S9999125,AWD Periphery kit Drug S9903004 sub 2/4,,
709,,,S9903004,AWD Periphery kit Drug,S9999126,AWD Periphery kit Drug S9903004 sub 3/4,,
710,,,S9903004,AWD Periphery kit Drug,S9999126,AWD Periphery kit Drug S9903004 sub 3/4,,
711,,,S9903004,AWD Periphery kit Drug,S9999126,AWD Periphery kit Drug S9903004 sub 3/4,,
712,,,S9903004,AWD Periphery kit Drug,S9999126,AWD Periphery kit Drug S9903004 sub 3/4,,
713,,,S9903004,AWD Periphery kit Drug,S9999126,AWD Periphery kit Drug S9903004 sub 3/4,,
714,,,S9903004,AWD Periphery kit Drug,S9999126,AWD Periphery kit Drug S9903004 sub 3/4,,
715,,,S9903004,AWD Periphery kit Drug,S9999126,AWD Periphery kit Drug S9903004 sub 3/4,,
716,,,S9903004,AWD Periphery kit Drug,S9999126,AWD Periphery kit Drug S9903004 sub 3/4,,
717,,,S9903004,AWD Periphery kit Drug,S9999126,AWD Periphery kit Drug S9903004 sub 3/4,,
718,,,S9903004,AWD Periphery kit Drug,S9999126,AWD Periphery kit Drug S9903004 sub 3/4,,
719,,,S9903004,AWD Periphery kit Drug,S9999126,AWD Periphery kit Drug S9903004 sub 3/4,,
720,,,S9903004,AWD Periphery kit Drug,S9999127,AWD Periphery kit Drug S9903004 sub 4/4,,
721,,,S9903004,AWD Periphery kit Drug,S9999127,AWD Periphery kit Drug S9903004 sub 4/4,,
722,,,S9903004,AWD Periphery kit Drug,S9999127,AWD Periphery kit Drug S9903004 sub 4/4,,
723,,,S9903005,AWD Community Kit Drug,,,,
724,,,S9903005,AWD Community Kit Drug,,,,
725,,,S9903005,AWD Community Kit Drug,,,,
726,,,S9906706,Ethiopia Midwifery kit 3-renew,S9999701,"Subkit 1/2 Ethiopia Midwifery,S9906706",,
727,,,S9906706,Ethiopia Midwifery kit 3-renew,S9999701,"Subkit 1/2 Ethiopia Midwifery,S9906706",,
728,,,S9906706,Ethiopia Midwifery kit 3-renew,S9999701,"Subkit 1/2 Ethiopia Midwifery,S9906706",,
729,,,S9906706,Ethiopia Midwifery kit 3-renew,S9999701,"Subkit 1/2 Ethiopia Midwifery,S9906706",,
730,,,S9906706,Ethiopia Midwifery kit 3-renew,S9999701,"Subkit 1/2 Ethiopia Midwifery,S9906706",,
731,,,S9906706,Ethiopia Midwifery kit 3-renew,S9999701,"Subkit 1/2 Ethiopia Midwifery,S9906706",,
732,,,S9906706,Ethiopia Midwifery kit 3-renew,S9999701,"Subkit 1/2 Ethiopia Midwifery,S9906706",,
733,,,S9906706,Ethiopia Midwifery kit 3-renew,S9999701,"Subkit 1/2 Ethiopia Midwifery,S9906706",,
734,,,S9906706,Ethiopia Midwifery kit 3-renew,S9999701,"Subkit 1/2 Ethiopia Midwifery,S9906706",,
735,,,S9906706,Ethiopia Midwifery kit 3-renew,S9999701,"Subkit 1/2 Ethiopia Midwifery,S9906706",,
736,,,S9906706,Ethiopia Midwifery kit 3-renew,S9999702,"Subkit 2/2 Ethiopia Midwifery,S9906706",,
737,,,S9906706,Ethiopia Midwifery kit 3-renew,S9999702,"Subkit 2/2 Ethiopia Midwifery,S9906706",,
738,,,S9906706,Ethiopia Midwifery kit 3-renew,S9999702,"Subkit 2/2 Ethiopia Midwifery,S9906706",,
739,,,S9906706,Ethiopia Midwifery kit 3-renew,S9999702,"Subkit 2/2 Ethiopia Midwifery,S9906706",,
740,,,S9906706,Ethiopia Midwifery kit 3-renew,S9999702,"Subkit 2/2 Ethiopia Midwifery,S9906706",,
741,,,S9906706,Ethiopia Midwifery kit 3-renew,S9999702,"Subkit 2/2 Ethiopia Midwifery,S9906706",,
742,,,S9906706,Ethiopia Midwifery kit 3-renew,S9999702,"Subkit 2/2 Ethiopia Midwifery,S9906706",,
743,,,S9906706,Ethiopia Midwifery kit 3-renew,S9999702,"Subkit 2/2 Ethiopia Midwifery,S9906706",,
744,,,S9906706,Ethiopia Midwifery kit 3-renew,S9999701,"Subkit 1/2 Ethiopia Midwifery,S9906706",S9999703,"Prepack 1/3 Ethiopia Midwifery,S9906706"
745,,,S9906706,Ethiopia Midwifery kit 3-renew,S9999701,"Subkit 1/2 Ethiopia Midwifery,S9906706",S9999703,"Prepack 1/3 Ethiopia Midwifery,S9906706"
746,,,S9906706,Ethiopia Midwifery kit 3-renew,S9999701,"Subkit 1/2 Ethiopia Midwifery,S9906706",S9999703,"Prepack 1/3 Ethiopia Midwifery,S9906706"
747,,,S9906706,Ethiopia Midwifery kit 3-renew,S9999701,"Subkit 1/2 Ethiopia Midwifery,S9906706",S9999703,"Prepack 1/3 Ethiopia Midwifery,S9906706"
748,,,S9906706,Ethiopia Midwifery kit 3-renew,S9999701,"Subkit 1/2 Ethiopia Midwifery,S9906706",S9999703,"Prepack 1/3 Ethiopia Midwifery,S9906706"
749,,,S9906706,Ethiopia Midwifery kit 3-renew,S9999701,"Subkit 1/2 Ethiopia Midwifery,S9906706",S9999703,"Prepack 1/3 Ethiopia Midwifery,S9906706"
750,,,S9906706,Ethiopia Midwifery kit 3-renew,S9999701,"Subkit 1/2 Ethiopia Midwifery,S9906706",S9999703,"Prepack 1/3 Ethiopia Midwifery,S9906706"
751,,,S9906706,Ethiopia Midwifery kit 3-renew,S9999701,"Subkit 1/2 Ethiopia Midwifery,S9906706",S9999703,"Prepack 1/3 Ethiopia Midwifery,S9906706"
752,,,S9906706,Ethiopia Midwifery kit 3-renew,S9999701,"Subkit 1/2 Ethiopia Midwifery,S9906706",S9999703,"Prepack 1/3 Ethiopia Midwifery,S9906706"
753,,,S9906706,Ethiopia Midwifery kit 3-renew,S9999701,"Subkit 1/2 Ethiopia Midwifery,S9906706",S9999704,"Prepack 2/3 Ethiopia Midwifery,S9906706"
754,,,S9906706,Ethiopia Midwifery kit 3-renew,S9999701,"Subkit 1/2 Ethiopia Midwifery,S9906706",S9999704,"Prepack 2/3 Ethiopia Midwifery,S9906706"
755,,,S9906706,Ethiopia Midwifery kit 3-renew,S9999701,"Subkit 1/2 Ethiopia Midwifery,S9906706",S9999704,"Prepack 2/3 Ethiopia Midwifery,S9906706"
756,,,S9906706,Ethiopia Midwifery kit 3-renew,S9999701,"Subkit 1/2 Ethiopia Midwifery,S9906706",S9999704,"Prepack 2/3 Ethiopia Midwifery,S9906706"
757,,,S9906706,Ethiopia Midwifery kit 3-renew,S9999701,"Subkit 1/2 Ethiopia Midwifery,S9906706",S9999704,"Prepack 2/3 Ethiopia Midwifery,S9906706"
758,,,S9906706,Ethiopia Midwifery kit 3-renew,S9999701,"Subkit 1/2 Ethiopia Midwifery,S9906706",S9999704,"Prepack 2/3 Ethiopia Midwifery,S9906706"
759,,,S9906706,Ethiopia Midwifery kit 3-renew,S9999701,"Subkit 1/2 Ethiopia Midwifery,S9906706",S9999704,"Prepack 2/3 Ethiopia Midwifery,S9906706"
760,,,S9906706,Ethiopia Midwifery kit 3-renew,S9999701,"Subkit 1/2 Ethiopia Midwifery,S9906706",S9999705,"Prepack 3/3 Ethiopia Midwifery,S9906706"
761,,,S9906706,Ethiopia Midwifery kit 3-renew,S9999701,"Subkit 1/2 Ethiopia Midwifery,S9906706",S9999705,"Prepack 3/3 Ethiopia Midwifery,S9906706"
762,,,S9906706,Ethiopia Midwifery kit 3-renew,S9999701,"Subkit 1/2 Ethiopia Midwifery,S9906706",S9999705,"Prepack 3/3 Ethiopia Midwifery,S9906706"
763,,,S9906706,Ethiopia Midwifery kit 3-renew,S9999701,"Subkit 1/2 Ethiopia Midwifery,S9906706",S9999705,"Prepack 3/3 Ethiopia Midwifery,S9906706"
764,,,S9906706,Ethiopia Midwifery kit 3-renew,S9999702,"Subkit 2/2 Ethiopia Midwifery,S9906706",S9999299,"BAG for 50 x S0322010 CH12,ster,disp"
765,,,S9906706,Ethiopia Midwifery kit 3-renew,S9999702,"Subkit 2/2 Ethiopia Midwifery,S9906706",S9999299,"BAG for 50 x S0322010 CH12,ster,disp"
766,,,S9906708,"Ethiopia IEHK2011,kit,suppl.3-renew",S9999721,Subkit 1/6 Ethiopia IEHK renew S9906708,,
767,,,S9906708,"Ethiopia IEHK2011,kit,suppl.3-renew",S9999721,Subkit 1/6 Ethiopia IEHK renew S9906708,,
768,,,S9906708,"Ethiopia IEHK2011,kit,suppl.3-renew",S9999721,Subkit 1/6 Ethiopia IEHK renew S9906708,,
769,,,S9906708,"Ethiopia IEHK2011,kit,suppl.3-renew",S9999721,Subkit 1/6 Ethiopia IEHK renew S9906708,,
770,,,S9906708,"Ethiopia IEHK2011,kit,suppl.3-renew",S9999721,Subkit 1/6 Ethiopia IEHK renew S9906708,,
771,,,S9906708,"Ethiopia IEHK2011,kit,suppl.3-renew",S9999721,Subkit 1/6 Ethiopia IEHK renew S9906708,,
772,,,S9906708,"Ethiopia IEHK2011,kit,suppl.3-renew",S9999721,Subkit 1/6 Ethiopia IEHK renew S9906708,,
773,,,S9906708,"Ethiopia IEHK2011,kit,suppl.3-renew",S9999721,Subkit 1/6 Ethiopia IEHK renew S9906708,,
774,,,S9906708,"Ethiopia IEHK2011,kit,suppl.3-renew",S9999721,Subkit 1/6 Ethiopia IEHK renew S9906708,,
775,,,S9906708,"Ethiopia IEHK2011,kit,suppl.3-renew",S9999721,Subkit 1/6 Ethiopia IEHK renew S9906708,,
776,,,S9906708,"Ethiopia IEHK2011,kit,suppl.3-renew",S9999722,Subkit 2/6 Ethiopia IEHK renew S9906708,,
777,,,S9906708,"Ethiopia IEHK2011,kit,suppl.3-renew",S9999722,Subkit 2/6 Ethiopia IEHK renew S9906708,,
778,,,S9906708,"Ethiopia IEHK2011,kit,suppl.3-renew",S9999722,Subkit 2/6 Ethiopia IEHK renew S9906708,,
779,,,S9906708,"Ethiopia IEHK2011,kit,suppl.3-renew",S9999722,Subkit 2/6 Ethiopia IEHK renew S9906708,,
780,,,S9906708,"Ethiopia IEHK2011,kit,suppl.3-renew",S9999722,Subkit 2/6 Ethiopia IEHK renew S9906708,,
781,,,S9906708,"Ethiopia IEHK2011,kit,suppl.3-renew",S9999722,Subkit 2/6 Ethiopia IEHK renew S9906708,,
782,,,S9906708,"Ethiopia IEHK2011,kit,suppl.3-renew",S9999722,Subkit 2/6 Ethiopia IEHK renew S9906708,,
783,,,S9906708,"Ethiopia IEHK2011,kit,suppl.3-renew",S9999722,Subkit 2/6 Ethiopia IEHK renew S9906708,,
784,,,S9906708,"Ethiopia IEHK2011,kit,suppl.3-renew",S9999723,Subkit 3/6 Ethiopia IEHK renew S9906708,,
785,,,S9906708,"Ethiopia IEHK2011,kit,suppl.3-renew",S9999723,Subkit 3/6 Ethiopia IEHK renew S9906708,,
786,,,S9906708,"Ethiopia IEHK2011,kit,suppl.3-renew",S9999723,Subkit 3/6 Ethiopia IEHK renew S9906708,,
787,,,S9906708,"Ethiopia IEHK2011,kit,suppl.3-renew",S9999723,Subkit 3/6 Ethiopia IEHK renew S9906708,,
788,,,S9906708,"Ethiopia IEHK2011,kit,suppl.3-renew",S9999723,Subkit 3/6 Ethiopia IEHK renew S9906708,,
789,,,S9906708,"Ethiopia IEHK2011,kit,suppl.3-renew",S9999724,Subkit 4/6 Ethiopia IEHK renew S9906708,,
790,,,S9906708,"Ethiopia IEHK2011,kit,suppl.3-renew",S9999724,Subkit 4/6 Ethiopia IEHK renew S9906708,,
791,,,S9906708,"Ethiopia IEHK2011,kit,suppl.3-renew",S9999724,Subkit 4/6 Ethiopia IEHK renew S9906708,,
792,,,S9906708,"Ethiopia IEHK2011,kit,suppl.3-renew",S9999724,Subkit 4/6 Ethiopia IEHK renew S9906708,,
793,,,S9906708,"Ethiopia IEHK2011,kit,suppl.3-renew",S9999724,Subkit 4/6 Ethiopia IEHK renew S9906708,,
794,,,S9906708,"Ethiopia IEHK2011,kit,suppl.3-renew",S9999724,Subkit 4/6 Ethiopia IEHK renew S9906708,,
795,,,S9906708,"Ethiopia IEHK2011,kit,suppl.3-renew",S9999724,Subkit 4/6 Ethiopia IEHK renew S9906708,,
796,,,S9906708,"Ethiopia IEHK2011,kit,suppl.3-renew",S9999725,Subkit 5/6 Ethiopia IEHK renew S9906708,,
797,,,S9906708,"Ethiopia IEHK2011,kit,suppl.3-renew",S9999725,Subkit 5/6 Ethiopia IEHK renew S9906708,,
798,,,S9906708,"Ethiopia IEHK2011,kit,suppl.3-renew",S9999726,Subkit 6/6 Ethiopia IEHK renew S9906708,,
799,,,S9906708,"Ethiopia IEHK2011,kit,suppl.3-renew",S9999726,Subkit 6/6 Ethiopia IEHK renew S9906708,,
800,,,S9906708,"Ethiopia IEHK2011,kit,suppl.3-renew",S9999726,Subkit 6/6 Ethiopia IEHK renew S9906708,,
801,,,S9906708,"Ethiopia IEHK2011,kit,suppl.3-renew",S9999726,Subkit 6/6 Ethiopia IEHK renew S9906708,,
802,,,S9906708,"Ethiopia IEHK2011,kit,suppl.3-renew",S9999726,Subkit 6/6 Ethiopia IEHK renew S9906708,,
803,,,S9906708,"Ethiopia IEHK2011,kit,suppl.3-renew",S9999726,Subkit 6/6 Ethiopia IEHK renew S9906708,,
804,,,S9906708,"Ethiopia IEHK2011,kit,suppl.3-renew",S9999726,Subkit 6/6 Ethiopia IEHK renew S9906708,,
805,,,S9906708,"Ethiopia IEHK2011,kit,suppl.3-renew",S9999726,Subkit 6/6 Ethiopia IEHK renew S9906708,,
806,,,S9906708,"Ethiopia IEHK2011,kit,suppl.3-renew",S9999726,Subkit 6/6 Ethiopia IEHK renew S9906708,,
807,,,S9906708,"Ethiopia IEHK2011,kit,suppl.3-renew",S9999726,Subkit 6/6 Ethiopia IEHK renew S9906708,,
808,,,S9906708,"Ethiopia IEHK2011,kit,suppl.3-renew",S9999721,Subkit 1/6 Ethiopia IEHK renew S9906708,S9999728,Prepa. 1/2 Ethiopia IEHK renew S9906708
809,,,S9906708,"Ethiopia IEHK2011,kit,suppl.3-renew",S9999721,Subkit 1/6 Ethiopia IEHK renew S9906708,S9999728,Prepa. 1/2 Ethiopia IEHK renew S9906708
810,,,S9906708,"Ethiopia IEHK2011,kit,suppl.3-renew",S9999721,Subkit 1/6 Ethiopia IEHK renew S9906708,S9999728,Prepa. 1/2 Ethiopia IEHK renew S9906708
811,,,S9906708,"Ethiopia IEHK2011,kit,suppl.3-renew",S9999721,Subkit 1/6 Ethiopia IEHK renew S9906708,S9999728,Prepa. 1/2 Ethiopia IEHK renew S9906708
812,,,S9906708,"Ethiopia IEHK2011,kit,suppl.3-renew",S9999721,Subkit 1/6 Ethiopia IEHK renew S9906708,S9999728,Prepa. 1/2 Ethiopia IEHK renew S9906708
813,,,S9906708,"Ethiopia IEHK2011,kit,suppl.3-renew",S9999721,Subkit 1/6 Ethiopia IEHK renew S9906708,S9999728,Prepa. 1/2 Ethiopia IEHK renew S9906708
814,,,S9906708,"Ethiopia IEHK2011,kit,suppl.3-renew",S9999721,Subkit 1/6 Ethiopia IEHK renew S9906708,S9999728,Prepa. 1/2 Ethiopia IEHK renew S9906708
815,,,S9906708,"Ethiopia IEHK2011,kit,suppl.3-renew",S9999726,Subkit 6/6 Ethiopia IEHK renew S9906708,S9999729,Prepa. 2/2 Ethiopia IEHK renew S9906708
816,,,S9906708,"Ethiopia IEHK2011,kit,suppl.3-renew",S9999726,Subkit 6/6 Ethiopia IEHK renew S9906708,S9999729,Prepa. 2/2 Ethiopia IEHK renew S9906708
817,,,S9906708,"Ethiopia IEHK2011,kit,suppl.3-renew",S9999726,Subkit 6/6 Ethiopia IEHK renew S9906708,S9999729,Prepa. 2/2 Ethiopia IEHK renew S9906708
818,,,S9906708,"Ethiopia IEHK2011,kit,suppl.3-renew",S9999726,Subkit 6/6 Ethiopia IEHK renew S9906708,S9999729,Prepa. 2/2 Ethiopia IEHK renew S9906708
819,,,S9906708,"Ethiopia IEHK2011,kit,suppl.3-renew",S9999726,Subkit 6/6 Ethiopia IEHK renew S9906708,S9999729,Prepa. 2/2 Ethiopia IEHK renew S9906708
820,,,S9906708,"Ethiopia IEHK2011,kit,suppl.3-renew",S9999726,Subkit 6/6 Ethiopia IEHK renew S9906708,S9999729,Prepa. 2/2 Ethiopia IEHK renew S9906708
821,,,S9906708,"Ethiopia IEHK2011,kit,suppl.3-renew",S9999726,Subkit 6/6 Ethiopia IEHK renew S9906708,S9999729,Prepa. 2/2 Ethiopia IEHK renew S9906708
822,,,S9906708,"Ethiopia IEHK2011,kit,suppl.3-renew",S9999726,Subkit 6/6 Ethiopia IEHK renew S9906708,S9999729,Prepa. 2/2 Ethiopia IEHK renew S9906708
823,,,S9906710,Ethiopia Emergency Drug kit 2019,S9996710,SUB 1/7 Ethiopia Emerg. kit2019 S9906710,,
824,,,S9906710,Ethiopia Emergency Drug kit 2019,S9996710,SUB 1/7 Ethiopia Emerg. kit2019 S9906710,,
825,,,S9906710,Ethiopia Emergency Drug kit 2019,S9996710,SUB 1/7 Ethiopia Emerg. kit2019 S9906710,,
826,,,S9906710,Ethiopia Emergency Drug kit 2019,S9996710,SUB 1/7 Ethiopia Emerg. kit2019 S9906710,,
827,,,S9906710,Ethiopia Emergency Drug kit 2019,S9996710,SUB 1/7 Ethiopia Emerg. kit2019 S9906710,,
828,,,S9906710,Ethiopia Emergency Drug kit 2019,S9996710,SUB 1/7 Ethiopia Emerg. kit2019 S9906710,,
829,,,S9906710,Ethiopia Emergency Drug kit 2019,S9996710,SUB 1/7 Ethiopia Emerg. kit2019 S9906710,,
830,,,S9906710,Ethiopia Emergency Drug kit 2019,S9996710,SUB 1/7 Ethiopia Emerg. kit2019 S9906710,,
831,,,S9906710,Ethiopia Emergency Drug kit 2019,S9996710,SUB 1/7 Ethiopia Emerg. kit2019 S9906710,,
832,,,S9906710,Ethiopia Emergency Drug kit 2019,S9996710,SUB 1/7 Ethiopia Emerg. kit2019 S9906710,,
833,,,S9906710,Ethiopia Emergency Drug kit 2019,S9996711,SUB 2/7 Ethiopia Emerg. kit2019 S9906710,,
834,,,S9906710,Ethiopia Emergency Drug kit 2019,S9996711,SUB 2/7 Ethiopia Emerg. kit2019 S9906710,,
835,,,S9906710,Ethiopia Emergency Drug kit 2019,S9996711,SUB 2/7 Ethiopia Emerg. kit2019 S9906710,,
836,,,S9906710,Ethiopia Emergency Drug kit 2019,S9996711,SUB 2/7 Ethiopia Emerg. kit2019 S9906710,,
837,,,S9906710,Ethiopia Emergency Drug kit 2019,S9996711,SUB 2/7 Ethiopia Emerg. kit2019 S9906710,,
838,,,S9906710,Ethiopia Emergency Drug kit 2019,S9996711,SUB 2/7 Ethiopia Emerg. kit2019 S9906710,,
839,,,S9906710,Ethiopia Emergency Drug kit 2019,S9996711,SUB 2/7 Ethiopia Emerg. kit2019 S9906710,,
840,,,S9906710,Ethiopia Emergency Drug kit 2019,S9996711,SUB 2/7 Ethiopia Emerg. kit2019 S9906710,,
841,,,S9906710,Ethiopia Emergency Drug kit 2019,S9996711,SUB 2/7 Ethiopia Emerg. kit2019 S9906710,,
842,,,S9906710,Ethiopia Emergency Drug kit 2019,S9996711,SUB 2/7 Ethiopia Emerg. kit2019 S9906710,,
843,,,S9906710,Ethiopia Emergency Drug kit 2019,S9996712,SUB 3/7 Ethiopia Emerg. kit2019 S9906710,,
844,,,S9906710,Ethiopia Emergency Drug kit 2019,S9996712,SUB 3/7 Ethiopia Emerg. kit2019 S9906710,,
845,,,S9906710,Ethiopia Emergency Drug kit 2019,S9996712,SUB 3/7 Ethiopia Emerg. kit2019 S9906710,,
846,,,S9906710,Ethiopia Emergency Drug kit 2019,S9996713,SUB 4/7 Ethiopia Emerg. kit2019 S9906710,,
847,,,S9906710,Ethiopia Emergency Drug kit 2019,S9996713,SUB 4/7 Ethiopia Emerg. kit2019 S9906710,,
848,,,S9906710,Ethiopia Emergency Drug kit 2019,S9996714,SUB 5/7 Ethiopia Emerg. kit2019 S9906710,,
849,,,S9906710,Ethiopia Emergency Drug kit 2019,S9996714,SUB 5/7 Ethiopia Emerg. kit2019 S9906710,,
850,,,S9906710,Ethiopia Emergency Drug kit 2019,S9996715,SUB 6/7 Ethiopia Emerg. kit2019 S9906710,,
851,,,S9906710,Ethiopia Emergency Drug kit 2019,S9996715,SUB 6/7 Ethiopia Emerg. kit2019 S9906710,,
852,,,S9906710,Ethiopia Emergency Drug kit 2019,S9996716,SUB 7/7 Ethiopia Emerg. kit2019 S9906710,,
853,,,S9906710,Ethiopia Emergency Drug kit 2019,S9996716,SUB 7/7 Ethiopia Emerg. kit2019 S9906710,,
854,,,S9906710,Ethiopia Emergency Drug kit 2019,S9996710,SUB 1/7 Ethiopia Emerg. kit2019 S9906710,S9986712,PP 2/5 F SUB 1/6 Ethiopia Emerg.S9906710
855,,,S9906710,Ethiopia Emergency Drug kit 2019,S9996710,SUB 1/7 Ethiopia Emerg. kit2019 S9906710,S9986712,PP 2/5 F SUB 1/6 Ethiopia Emerg.S9906710
856,,,S9906710,Ethiopia Emergency Drug kit 2019,S9996710,SUB 1/7 Ethiopia Emerg. kit2019 S9906710,S9986712,PP 2/5 F SUB 1/6 Ethiopia Emerg.S9906710
857,,,S9906710,Ethiopia Emergency Drug kit 2019,S9996710,SUB 1/7 Ethiopia Emerg. kit2019 S9906710,S9986712,PP 2/5 F SUB 1/6 Ethiopia Emerg.S9906710
858,,,S9906710,Ethiopia Emergency Drug kit 2019,S9996710,SUB 1/7 Ethiopia Emerg. kit2019 S9906710,S9986712,PP 2/5 F SUB 1/6 Ethiopia Emerg.S9906710
859,,,S9906710,Ethiopia Emergency Drug kit 2019,S9996710,SUB 1/7 Ethiopia Emerg. kit2019 S9906710,S9986711,PP 1/5 F SUB 1/6 Ethiopia Emerg.S9906710
860,,,S9906710,Ethiopia Emergency Drug kit 2019,S9996710,SUB 1/7 Ethiopia Emerg. kit2019 S9906710,S9986711,PP 1/5 F SUB 1/6 Ethiopia Emerg.S9906710
861,,,S9906710,Ethiopia Emergency Drug kit 2019,S9996710,SUB 1/7 Ethiopia Emerg. kit2019 S9906710,S9986711,PP 1/5 F SUB 1/6 Ethiopia Emerg.S9906710
862,,,S9906710,Ethiopia Emergency Drug kit 2019,S9996711,SUB 2/7 Ethiopia Emerg. kit2019 S9906710,S9986711,PP 1/5 F SUB 1/6 Ethiopia Emerg.S9906710
863,,,S9906710,Ethiopia Emergency Drug kit 2019,S9996711,SUB 2/7 Ethiopia Emerg. kit2019 S9906710,S9986713,PP 3/5 F SUB 2/6 Ethiopia Emerg.S9906710
864,,,S9906710,Ethiopia Emergency Drug kit 2019,S9996711,SUB 2/7 Ethiopia Emerg. kit2019 S9906710,S9986713,PP 3/5 F SUB 2/6 Ethiopia Emerg.S9906710
865,,,S9906710,Ethiopia Emergency Drug kit 2019,S9996711,SUB 2/7 Ethiopia Emerg. kit2019 S9906710,S9986713,PP 3/5 F SUB 2/6 Ethiopia Emerg.S9906710
866,,,S9906710,Ethiopia Emergency Drug kit 2019,S9996711,SUB 2/7 Ethiopia Emerg. kit2019 S9906710,S9986713,PP 3/5 F SUB 2/6 Ethiopia Emerg.S9906710
867,,,S9906710,Ethiopia Emergency Drug kit 2019,S9996711,SUB 2/7 Ethiopia Emerg. kit2019 S9906710,S9986714,PP 4/5 F SUB 2/6 Ethiopia Emerg.S9906710
868,,,S9906710,Ethiopia Emergency Drug kit 2019,S9996711,SUB 2/7 Ethiopia Emerg. kit2019 S9906710,S9986714,PP 4/5 F SUB 2/6 Ethiopia Emerg.S9906710
869,,,S9906710,Ethiopia Emergency Drug kit 2019,S9996711,SUB 2/7 Ethiopia Emerg. kit2019 S9906710,S9986714,PP 4/5 F SUB 2/6 Ethiopia Emerg.S9906710
870,,,S9906710,Ethiopia Emergency Drug kit 2019,S9996711,SUB 2/7 Ethiopia Emerg. kit2019 S9906710,S9986714,PP 4/5 F SUB 2/6 Ethiopia Emerg.S9906710
871,,,S9906710,Ethiopia Emergency Drug kit 2019,S9996711,SUB 2/7 Ethiopia Emerg. kit2019 S9906710,S9986714,PP 4/5 F SUB 2/6 Ethiopia Emerg.S9906710
872,,,S9906710,Ethiopia Emergency Drug kit 2019,S9996711,SUB 2/7 Ethiopia Emerg. kit2019 S9906710,S9986714,PP 4/5 F SUB 2/6 Ethiopia Emerg.S9906710
873,,,S9906710,Ethiopia Emergency Drug kit 2019,S9996711,SUB 2/7 Ethiopia Emerg. kit2019 S9906710,S9986715,PP 5/5 F SUB 2/6 Ethiopia Emerg.S9906710
874,,,S9906710,Ethiopia Emergency Drug kit 2019,S9996711,SUB 2/7 Ethiopia Emerg. kit2019 S9906710,S9986715,PP 5/5 F SUB 2/6 Ethiopia Emerg.S9906710
875,,,S9906710,Ethiopia Emergency Drug kit 2019,S9996711,SUB 2/7 Ethiopia Emerg. kit2019 S9906710,S9986715,PP 5/5 F SUB 2/6 Ethiopia Emerg.S9906710
876,,,S9906712,"Sudan, Primary Healthcare kit, 2016",S9999491,"Sub 1/4, SD SD,Primary Healthcare2016",,
877,,,S9906712,"Sudan, Primary Healthcare kit, 2016",S9999491,"Sub 1/4, SD SD,Primary Healthcare2016",,
878,,,S9906712,"Sudan, Primary Healthcare kit, 2016",S9999491,"Sub 1/4, SD SD,Primary Healthcare2016",,
879,,,S9906712,"Sudan, Primary Healthcare kit, 2016",S9999491,"Sub 1/4, SD SD,Primary Healthcare2016",,
880,,,S9906712,"Sudan, Primary Healthcare kit, 2016",S9999491,"Sub 1/4, SD SD,Primary Healthcare2016",,
881,,,S9906712,"Sudan, Primary Healthcare kit, 2016",S9999491,"Sub 1/4, SD SD,Primary Healthcare2016",,
882,,,S9906712,"Sudan, Primary Healthcare kit, 2016",S9999491,"Sub 1/4, SD SD,Primary Healthcare2016",,
883,,,S9906712,"Sudan, Primary Healthcare kit, 2016",S9999491,"Sub 1/4, SD SD,Primary Healthcare2016",,
884,,,S9906712,"Sudan, Primary Healthcare kit, 2016",S9999491,"Sub 1/4, SD SD,Primary Healthcare2016",,
885,,,S9906712,"Sudan, Primary Healthcare kit, 2016",S9999491,"Sub 1/4, SD SD,Primary Healthcare2016",,
886,,,S9906712,"Sudan, Primary Healthcare kit, 2016",S9999491,"Sub 1/4, SD SD,Primary Healthcare2016",,
887,,,S9906712,"Sudan, Primary Healthcare kit, 2016",S9999491,"Sub 1/4, SD SD,Primary Healthcare2016",,
888,,,S9906712,"Sudan, Primary Healthcare kit, 2016",S9999491,"Sub 1/4, SD SD,Primary Healthcare2016",,
889,,,S9906712,"Sudan, Primary Healthcare kit, 2016",S9999492,"Sub 2/4 , SD Primary Healthcare2016",,
890,,,S9906712,"Sudan, Primary Healthcare kit, 2016",S9999492,"Sub 2/4 , SD Primary Healthcare2016",,
891,,,S9906712,"Sudan, Primary Healthcare kit, 2016",S9999492,"Sub 2/4 , SD Primary Healthcare2016",,
892,,,S9906712,"Sudan, Primary Healthcare kit, 2016",S9999492,"Sub 2/4 , SD Primary Healthcare2016",,
893,,,S9906712,"Sudan, Primary Healthcare kit, 2016",S9999492,"Sub 2/4 , SD Primary Healthcare2016",,
894,,,S9906712,"Sudan, Primary Healthcare kit, 2016",S9999492,"Sub 2/4 , SD Primary Healthcare2016",,
895,,,S9906712,"Sudan, Primary Healthcare kit, 2016",S9999492,"Sub 2/4 , SD Primary Healthcare2016",,
896,,,S9906712,"Sudan, Primary Healthcare kit, 2016",S9999492,"Sub 2/4 , SD Primary Healthcare2016",,
897,,,S9906712,"Sudan, Primary Healthcare kit, 2016",S9999492,"Sub 2/4 , SD Primary Healthcare2016",,
898,,,S9906712,"Sudan, Primary Healthcare kit, 2016",S9999492,"Sub 2/4 , SD Primary Healthcare2016",,
899,,,S9906712,"Sudan, Primary Healthcare kit, 2016",S9999492,"Sub 2/4 , SD Primary Healthcare2016",,
900,,,S9906712,"Sudan, Primary Healthcare kit, 2016",S9999492,"Sub 2/4 , SD Primary Healthcare2016",,
901,,,S9906712,"Sudan, Primary Healthcare kit, 2016",S9999492,"Sub 2/4 , SD Primary Healthcare2016",,
902,,,S9906712,"Sudan, Primary Healthcare kit, 2016",S9999493,"Sub 3/4 , SD Primary Healthcare2016",,
903,,,S9906712,"Sudan, Primary Healthcare kit, 2016",S9999493,"Sub 3/4 , SD Primary Healthcare2016",,
904,,,S9906712,"Sudan, Primary Healthcare kit, 2016",S9999493,"Sub 3/4 , SD Primary Healthcare2016",,
905,,,S9906712,"Sudan, Primary Healthcare kit, 2016",S9999493,"Sub 3/4 , SD Primary Healthcare2016",,
906,,,S9906712,"Sudan, Primary Healthcare kit, 2016",S9999493,"Sub 3/4 , SD Primary Healthcare2016",,
907,,,S9906712,"Sudan, Primary Healthcare kit, 2016",S9999491,"Sub 1/4, SD SD,Primary Healthcare2016",S9999494,"Prepack 1/3 SD,Primary Healthcare2016"
908,,,S9906712,"Sudan, Primary Healthcare kit, 2016",S9999491,"Sub 1/4, SD SD,Primary Healthcare2016",S9999494,"Prepack 1/3 SD,Primary Healthcare2016"
909,,,S9906712,"Sudan, Primary Healthcare kit, 2016",S9999491,"Sub 1/4, SD SD,Primary Healthcare2016",S9999494,"Prepack 1/3 SD,Primary Healthcare2016"
910,,,S9906712,"Sudan, Primary Healthcare kit, 2016",S9999491,"Sub 1/4, SD SD,Primary Healthcare2016",S9999494,"Prepack 1/3 SD,Primary Healthcare2016"
911,,,S9906712,"Sudan, Primary Healthcare kit, 2016",S9999491,"Sub 1/4, SD SD,Primary Healthcare2016",S9999494,"Prepack 1/3 SD,Primary Healthcare2016"
912,,,S9906712,"Sudan, Primary Healthcare kit, 2016",S9999491,"Sub 1/4, SD SD,Primary Healthcare2016",S9999494,"Prepack 1/3 SD,Primary Healthcare2016"
913,,,S9906712,"Sudan, Primary Healthcare kit, 2016",S9999491,"Sub 1/4, SD SD,Primary Healthcare2016",S9999494,"Prepack 1/3 SD,Primary Healthcare2016"
914,,,S9906712,"Sudan, Primary Healthcare kit, 2016",S9999491,"Sub 1/4, SD SD,Primary Healthcare2016",S9999494,"Prepack 1/3 SD,Primary Healthcare2016"
915,,,S9906712,"Sudan, Primary Healthcare kit, 2016",S9999491,"Sub 1/4, SD SD,Primary Healthcare2016",S9999494,"Prepack 1/3 SD,Primary Healthcare2016"
916,,,S9906712,"Sudan, Primary Healthcare kit, 2016",S9999491,"Sub 1/4, SD SD,Primary Healthcare2016",S9999494,"Prepack 1/3 SD,Primary Healthcare2016"
917,,,S9906712,"Sudan, Primary Healthcare kit, 2016",S9999491,"Sub 1/4, SD SD,Primary Healthcare2016",S9999494,"Prepack 1/3 SD,Primary Healthcare2016"
918,,,S9906712,"Sudan, Primary Healthcare kit, 2016",S9999491,"Sub 1/4, SD SD,Primary Healthcare2016",S9999495,"Prepack 2/3 SD,Primary Healthcare2016"
919,,,S9906712,"Sudan, Primary Healthcare kit, 2016",S9999491,"Sub 1/4, SD SD,Primary Healthcare2016",S9999495,"Prepack 2/3 SD,Primary Healthcare2016"
920,,,S9906712,"Sudan, Primary Healthcare kit, 2016",S9999491,"Sub 1/4, SD SD,Primary Healthcare2016",S9999495,"Prepack 2/3 SD,Primary Healthcare2016"
921,,,S9906712,"Sudan, Primary Healthcare kit, 2016",S9999491,"Sub 1/4, SD SD,Primary Healthcare2016",S9999495,"Prepack 2/3 SD,Primary Healthcare2016"
922,,,S9906712,"Sudan, Primary Healthcare kit, 2016",S9999491,"Sub 1/4, SD SD,Primary Healthcare2016",S9999495,"Prepack 2/3 SD,Primary Healthcare2016"
923,,,S9906712,"Sudan, Primary Healthcare kit, 2016",S9999491,"Sub 1/4, SD SD,Primary Healthcare2016",S9999495,"Prepack 2/3 SD,Primary Healthcare2016"
924,,,S9906712,"Sudan, Primary Healthcare kit, 2016",S9999491,"Sub 1/4, SD SD,Primary Healthcare2016",S9999496,"Prepack 3/3 SD,Primary Healthcare2016"
925,,,S9906712,"Sudan, Primary Healthcare kit, 2016",S9999491,"Sub 1/4, SD SD,Primary Healthcare2016",S9999496,"Prepack 3/3 SD,Primary Healthcare2016"
926,,,S9906712,"Sudan, Primary Healthcare kit, 2016",S9999491,"Sub 1/4, SD SD,Primary Healthcare2016",S9999496,"Prepack 3/3 SD,Primary Healthcare2016"
927,,,S9906712,"Sudan, Primary Healthcare kit, 2016",S9999491,"Sub 1/4, SD SD,Primary Healthcare2016",S9999496,"Prepack 3/3 SD,Primary Healthcare2016"
928,,,S9906712,"Sudan, Primary Healthcare kit, 2016",S9999491,"Sub 1/4, SD SD,Primary Healthcare2016",S9999496,"Prepack 3/3 SD,Primary Healthcare2016"
929,,,S9906712,"Sudan, Primary Healthcare kit, 2016",S9999491,"Sub 1/4, SD SD,Primary Healthcare2016",S9999496,"Prepack 3/3 SD,Primary Healthcare2016"
930,,,S9906712,"Sudan, Primary Healthcare kit, 2016",S9999491,"Sub 1/4, SD SD,Primary Healthcare2016",S9999496,"Prepack 3/3 SD,Primary Healthcare2016"
931,,,S9906712,"Sudan, Primary Healthcare kit, 2016",S9999491,"Sub 1/4, SD SD,Primary Healthcare2016",S9999496,"Prepack 3/3 SD,Primary Healthcare2016"
932,,,S9906712,"Sudan, Primary Healthcare kit, 2016",S9999491,"Sub 1/4, SD SD,Primary Healthcare2016",S9999496,"Prepack 3/3 SD,Primary Healthcare2016"
933,,,S9906712,"Sudan, Primary Healthcare kit, 2016",S9999491,"Sub 1/4, SD SD,Primary Healthcare2016",S9999496,"Prepack 3/3 SD,Primary Healthcare2016"
934,,,S9906712,"Sudan, Primary Healthcare kit, 2016",S9999491,"Sub 1/4, SD SD,Primary Healthcare2016",S9999496,"Prepack 3/3 SD,Primary Healthcare2016"
935,,,S9906712,"Sudan, Primary Healthcare kit, 2016",S9999491,"Sub 1/4, SD SD,Primary Healthcare2016",S9999496,"Prepack 3/3 SD,Primary Healthcare2016"
936,,,S9906712,"Sudan, Primary Healthcare kit, 2016",S9999491,"Sub 1/4, SD SD,Primary Healthcare2016",S9999496,"Prepack 3/3 SD,Primary Healthcare2016"
937,,,S9906713,"Sudan, IMCI Medicine kit, 2016",S9999505,"Sub 1/7 SD IMCI Med. kit, 2016",,
938,,,S9906713,"Sudan, IMCI Medicine kit, 2016",S9999505,"Sub 1/7 SD IMCI Med. kit, 2016",,
939,,,S9906713,"Sudan, IMCI Medicine kit, 2016",S9999505,"Sub 1/7 SD IMCI Med. kit, 2016",,
940,,,S9906713,"Sudan, IMCI Medicine kit, 2016",S9999505,"Sub 1/7 SD IMCI Med. kit, 2016",,
941,,,S9906713,"Sudan, IMCI Medicine kit, 2016",S9999505,"Sub 1/7 SD IMCI Med. kit, 2016",,
942,,,S9906713,"Sudan, IMCI Medicine kit, 2016",S9999505,"Sub 1/7 SD IMCI Med. kit, 2016",,
943,,,S9906713,"Sudan, IMCI Medicine kit, 2016",S9999505,"Sub 1/7 SD IMCI Med. kit, 2016",,
944,,,S9906713,"Sudan, IMCI Medicine kit, 2016",S9999506,"Sub 2/7 SD IMCI Med. kit, 2016",,
945,,,S9906713,"Sudan, IMCI Medicine kit, 2016",S9999506,"Sub 2/7 SD IMCI Med. kit, 2016",,
946,,,S9906713,"Sudan, IMCI Medicine kit, 2016",S9999506,"Sub 2/7 SD IMCI Med. kit, 2016",,
947,,,S9906713,"Sudan, IMCI Medicine kit, 2016",S9999506,"Sub 2/7 SD IMCI Med. kit, 2016",,
948,,,S9906713,"Sudan, IMCI Medicine kit, 2016",S9999506,"Sub 2/7 SD IMCI Med. kit, 2016",,
949,,,S9906713,"Sudan, IMCI Medicine kit, 2016",S9999506,"Sub 2/7 SD IMCI Med. kit, 2016",,
950,,,S9906713,"Sudan, IMCI Medicine kit, 2016",S9999506,"Sub 2/7 SD IMCI Med. kit, 2016",,
951,,,S9906713,"Sudan, IMCI Medicine kit, 2016",S9999506,"Sub 2/7 SD IMCI Med. kit, 2016",,
952,,,S9906713,"Sudan, IMCI Medicine kit, 2016",S9999507,"Sub 3/7 SD IMCI Med. kit, 2016",,
953,,,S9906713,"Sudan, IMCI Medicine kit, 2016",S9999507,"Sub 3/7 SD IMCI Med. kit, 2016",,
954,,,S9906713,"Sudan, IMCI Medicine kit, 2016",S9999507,"Sub 3/7 SD IMCI Med. kit, 2016",,
955,,,S9906713,"Sudan, IMCI Medicine kit, 2016",S9999507,"Sub 3/7 SD IMCI Med. kit, 2016",,
956,,,S9906713,"Sudan, IMCI Medicine kit, 2016",S9999507,"Sub 3/7 SD IMCI Med. kit, 2016",,
957,,,S9906713,"Sudan, IMCI Medicine kit, 2016",S9999507,"Sub 3/7 SD IMCI Med. kit, 2016",,
958,,,S9906713,"Sudan, IMCI Medicine kit, 2016",S9999507,"Sub 3/7 SD IMCI Med. kit, 2016",,
959,,,S9906713,"Sudan, IMCI Medicine kit, 2016",S9999507,"Sub 3/7 SD IMCI Med. kit, 2016",,
960,,,S9906713,"Sudan, IMCI Medicine kit, 2016",S9998505,"Sub 4/7 SD IMCI Med. kit, 2016",,
961,,,S9906713,"Sudan, IMCI Medicine kit, 2016",S9998505,"Sub 4/7 SD IMCI Med. kit, 2016",,
962,,,S9906713,"Sudan, IMCI Medicine kit, 2016",S9998506,"Sub 5/7 SD IMCI Med. kit, 2016",,
963,,,S9906713,"Sudan, IMCI Medicine kit, 2016",S9998506,"Sub 5/7 SD IMCI Med. kit, 2016",,
964,,,S9906713,"Sudan, IMCI Medicine kit, 2016",S9998507,"Sub 6/7 SD IMCI Med. kit, 2016",,
965,,,S9906713,"Sudan, IMCI Medicine kit, 2016",S9998507,"Sub 6/7 SD IMCI Med. kit, 2016",,
966,,,S9906713,"Sudan, IMCI Medicine kit, 2016",S9998507,"Sub 6/7 SD IMCI Med. kit, 2016",,
967,,,S9906713,"Sudan, IMCI Medicine kit, 2016",S9998508,"Sub 7/7 SD IMCI Med. kit, 2016",,
968,,,S9906713,"Sudan, IMCI Medicine kit, 2016",S9998508,"Sub 7/7 SD IMCI Med. kit, 2016",,
969,,,S9906713,"Sudan, IMCI Medicine kit, 2016",S9999506,"Sub 2/7 SD IMCI Med. kit, 2016",S9999503,"Bag 1/1 Sudan, IMCI Med. kit, 2016"
970,,,S9906713,"Sudan, IMCI Medicine kit, 2016",S9999506,"Sub 2/7 SD IMCI Med. kit, 2016",S9999503,"Bag 1/1 Sudan, IMCI Med. kit, 2016"
971,,,S9906713,"Sudan, IMCI Medicine kit, 2016",S9999506,"Sub 2/7 SD IMCI Med. kit, 2016",S9999503,"Bag 1/1 Sudan, IMCI Med. kit, 2016"
972,,,S9906713,"Sudan, IMCI Medicine kit, 2016",S9999506,"Sub 2/7 SD IMCI Med. kit, 2016",S9999503,"Bag 1/1 Sudan, IMCI Med. kit, 2016"
973,,,S9906713,"Sudan, IMCI Medicine kit, 2016",S9999507,"Sub 3/7 SD IMCI Med. kit, 2016",S9999504,"Prepack 1/1 Sudan IMCI Med. kit, 2016"
974,,,S9906713,"Sudan, IMCI Medicine kit, 2016",S9999507,"Sub 3/7 SD IMCI Med. kit, 2016",S9999504,"Prepack 1/1 Sudan IMCI Med. kit, 2016"
975,,,S9906713,"Sudan, IMCI Medicine kit, 2016",S9999507,"Sub 3/7 SD IMCI Med. kit, 2016",S9999504,"Prepack 1/1 Sudan IMCI Med. kit, 2016"
976,,,S9906713,"Sudan, IMCI Medicine kit, 2016",S9999507,"Sub 3/7 SD IMCI Med. kit, 2016",S9999504,"Prepack 1/1 Sudan IMCI Med. kit, 2016"
977,,,S9906713,"Sudan, IMCI Medicine kit, 2016",S9999507,"Sub 3/7 SD IMCI Med. kit, 2016",S9999504,"Prepack 1/1 Sudan IMCI Med. kit, 2016"
978,,,S9906713,"Sudan, IMCI Medicine kit, 2016",S9999507,"Sub 3/7 SD IMCI Med. kit, 2016",S9999504,"Prepack 1/1 Sudan IMCI Med. kit, 2016"
979,,,S9906713,"Sudan, IMCI Medicine kit, 2016",S9999507,"Sub 3/7 SD IMCI Med. kit, 2016",S9999504,"Prepack 1/1 Sudan IMCI Med. kit, 2016"
980,,,S9906713,"Sudan, IMCI Medicine kit, 2016",S9999507,"Sub 3/7 SD IMCI Med. kit, 2016",S9999504,"Prepack 1/1 Sudan IMCI Med. kit, 2016"
981,,,S9906713,"Sudan, IMCI Medicine kit, 2016",S9999507,"Sub 3/7 SD IMCI Med. kit, 2016",S9999504,"Prepack 1/1 Sudan IMCI Med. kit, 2016"
982,,,S9906714,"Sudan Community Midwife kit, 2016",,,,
983,,,S9906714,"Sudan Community Midwife kit, 2016",,,,
984,,,S9906714,"Sudan Community Midwife kit, 2016",,,,
985,,,S9906714,"Sudan Community Midwife kit, 2016",,,,
986,,,S9906714,"Sudan Community Midwife kit, 2016",,,,
987,,,S9906714,"Sudan Community Midwife kit, 2016",,,,
988,,,S9906714,"Sudan Community Midwife kit, 2016",,,,
989,,,S9906714,"Sudan Community Midwife kit, 2016",,,,
990,,,S9906714,"Sudan Community Midwife kit, 2016",,,S9999501,"Prepack 1/2 Sudan Co. Midwife kit, 2016"
991,,,S9906714,"Sudan Community Midwife kit, 2016",,,S9999501,"Prepack 1/2 Sudan Co. Midwife kit, 2016"
992,,,S9906714,"Sudan Community Midwife kit, 2016",,,S9999501,"Prepack 1/2 Sudan Co. Midwife kit, 2016"
993,,,S9906714,"Sudan Community Midwife kit, 2016",,,S9999501,"Prepack 1/2 Sudan Co. Midwife kit, 2016"
994,,,S9906714,"Sudan Community Midwife kit, 2016",,,S9999501,"Prepack 1/2 Sudan Co. Midwife kit, 2016"
995,,,S9906714,"Sudan Community Midwife kit, 2016",,,S9999501,"Prepack 1/2 Sudan Co. Midwife kit, 2016"
996,,,S9906714,"Sudan Community Midwife kit, 2016",,,S9999501,"Prepack 1/2 Sudan Co. Midwife kit, 2016"
997,,,S9906714,"Sudan Community Midwife kit, 2016",,,S9999501,"Prepack 1/2 Sudan Co. Midwife kit, 2016"
998,,,S9906714,"Sudan Community Midwife kit, 2016",,,S9999501,"Prepack 1/2 Sudan Co. Midwife kit, 2016"
999,,,S9906714,"Sudan Community Midwife kit, 2016",,,S9999501,"Prepack 1/2 Sudan Co. Midwife kit, 2016"
1000,,,S9906714,"Sudan Community Midwife kit, 2016",,,S9999501,"Prepack 1/2 Sudan Co. Midwife kit, 2016"
1001,,,S9906714,"Sudan Community Midwife kit, 2016",,,S9999501,"Prepack 1/2 Sudan Co. Midwife kit, 2016"
1002,,,S9906714,"Sudan Community Midwife kit, 2016",,,S9999501,"Prepack 1/2 Sudan Co. Midwife kit, 2016"
1003,,,S9906714,"Sudan Community Midwife kit, 2016",,,S9999501,"Prepack 1/2 Sudan Co. Midwife kit, 2016"
1004,,,S9906714,"Sudan Community Midwife kit, 2016",,,S9999501,"Prepack 1/2 Sudan Co. Midwife kit, 2016"
1005,,,S9906714,"Sudan Community Midwife kit, 2016",,,S9999501,"Prepack 1/2 Sudan Co. Midwife kit, 2016"
1006,,,S9906714,"Sudan Community Midwife kit, 2016",,,S9999502,"Prepack 2/2 Sudan Co. Midwife kit, 2016"
1007,,,S9906714,"Sudan Community Midwife kit, 2016",,,S9999502,"Prepack 2/2 Sudan Co. Midwife kit, 2016"
1008,,,S9906714,"Sudan Community Midwife kit, 2016",,,S9999502,"Prepack 2/2 Sudan Co. Midwife kit, 2016"
1009,,,S9906714,"Sudan Community Midwife kit, 2016",,,S9999502,"Prepack 2/2 Sudan Co. Midwife kit, 2016"
1010,,,S9906714,"Sudan Community Midwife kit, 2016",,,S9999502,"Prepack 2/2 Sudan Co. Midwife kit, 2016"
1011,,,S9906714,"Sudan Community Midwife kit, 2016",,,S9999502,"Prepack 2/2 Sudan Co. Midwife kit, 2016"
1012,,,S9906714,"Sudan Community Midwife kit, 2016",,,S9999502,"Prepack 2/2 Sudan Co. Midwife kit, 2016"
1013,,,S9906714,"Sudan Community Midwife kit, 2016",,,S9999502,"Prepack 2/2 Sudan Co. Midwife kit, 2016"
1014,,,S9906714,"Sudan Community Midwife kit, 2016",,,S9999502,"Prepack 2/2 Sudan Co. Midwife kit, 2016"
1015,,,S9906714,"Sudan Community Midwife kit, 2016",,,S9999500,"Bag 1/1 Sudan Co. Midwife kit, 2016"
1016,,,S9906714,"Sudan Community Midwife kit, 2016",,,S9999500,"Bag 1/1 Sudan Co. Midwife kit, 2016"
1017,,,S9906714,"Sudan Community Midwife kit, 2016",,,S9999500,"Bag 1/1 Sudan Co. Midwife kit, 2016"
1018,,,S9906714,"Sudan Community Midwife kit, 2016",,,S9999500,"Bag 1/1 Sudan Co. Midwife kit, 2016"
1019,,,S9906719,DPRK EM Kit 2018,,,,
1020,,,S9906719,DPRK EM Kit 2018,,,,
1021,,,S9906719,DPRK EM Kit 2018,,,,
1022,,,S9906719,DPRK EM Kit 2018,,,,
1023,,,S9906719,DPRK EM Kit 2018,,,,
1024,,,S9906719,DPRK EM Kit 2018,,,,
1025,,,S9906719,DPRK EM Kit 2018,,,,
1026,,,S9906719,DPRK EM Kit 2018,,,,
1027,,,S9906719,DPRK EM Kit 2018,,,,
1028,,,S9906719,DPRK EM Kit 2018,,,,
1029,,,S9906719,DPRK EM Kit 2018,,,S9999819,Prepack 1/2 DPRK EM kit 2018
1030,,,S9906719,DPRK EM Kit 2018,,,S9999819,Prepack 1/2 DPRK EM kit 2018
1031,,,S9906719,DPRK EM Kit 2018,,,S9999819,Prepack 1/2 DPRK EM kit 2018
1032,,,S9906719,DPRK EM Kit 2018,,,S9999819,Prepack 1/2 DPRK EM kit 2018
1033,,,S9906719,DPRK EM Kit 2018,,,S9999819,Prepack 1/2 DPRK EM kit 2018
1034,,,S9906719,DPRK EM Kit 2018,,,S9999819,Prepack 1/2 DPRK EM kit 2018
1035,,,S9906719,DPRK EM Kit 2018,,,S9999819,Prepack 1/2 DPRK EM kit 2018
1036,,,S9906719,DPRK EM Kit 2018,,,S9999819,Prepack 1/2 DPRK EM kit 2018
1037,,,S9906719,DPRK EM Kit 2018,,,S9999819,Prepack 1/2 DPRK EM kit 2018
1038,,,S9906719,DPRK EM Kit 2018,,,S9999819,Prepack 1/2 DPRK EM kit 2018
1039,,,S9906719,DPRK EM Kit 2018,,,S9999820,Prepack 2/2 DPRK EM kit 2018
1040,,,S9906719,DPRK EM Kit 2018,,,S9999820,Prepack 2/2 DPRK EM kit 2018
1041,,,S9906719,DPRK EM Kit 2018,,,S9999820,Prepack 2/2 DPRK EM kit 2018
1042,,,S9906719,DPRK EM Kit 2018,,,S9999820,Prepack 2/2 DPRK EM kit 2018
1043,,,S9906719,DPRK EM Kit 2018,,,S9999820,Prepack 2/2 DPRK EM kit 2018
1044,,,S9906719,DPRK EM Kit 2018,,,S9999820,Prepack 2/2 DPRK EM kit 2018
1045,,,S9906719,DPRK EM Kit 2018,,,S9999820,Prepack 2/2 DPRK EM kit 2018
1046,,,S9906719,DPRK EM Kit 2018,,,S9999820,Prepack 2/2 DPRK EM kit 2018
1047,,,S9906719,DPRK EM Kit 2018,,,S9999820,Prepack 2/2 DPRK EM kit 2018
1048,,,S9906719,DPRK EM Kit 2018,,,S9999820,Prepack 2/2 DPRK EM kit 2018
1049,,,S9906719,DPRK EM Kit 2018,,,S9999820,Prepack 2/2 DPRK EM kit 2018
1050,,,S9906719,DPRK EM Kit 2018,,,S9999820,Prepack 2/2 DPRK EM kit 2018
1051,,,S9906728,DRC Health Centre kit 2016,,,S9999707,Subkit  1/4 DRC Health Centre kit 2016
1052,,,S9906728,DRC Health Centre kit 2016,,,S9999707,Subkit  1/4 DRC Health Centre kit 2016
1053,,,S9906728,DRC Health Centre kit 2016,,,S9999707,Subkit  1/4 DRC Health Centre kit 2016
1054,,,S9906728,DRC Health Centre kit 2016,,,S9999707,Subkit  1/4 DRC Health Centre kit 2016
1055,,,S9906728,DRC Health Centre kit 2016,,,S9999707,Subkit  1/4 DRC Health Centre kit 2016
1056,,,S9906728,DRC Health Centre kit 2016,,,S9999707,Subkit  1/4 DRC Health Centre kit 2016
1057,,,S9906728,DRC Health Centre kit 2016,,,S9999707,Subkit  1/4 DRC Health Centre kit 2016
1058,,,S9906728,DRC Health Centre kit 2016,,,S9999707,Subkit  1/4 DRC Health Centre kit 2016
1059,,,S9906728,DRC Health Centre kit 2016,,,S9999707,Subkit  1/4 DRC Health Centre kit 2016
1060,,,S9906728,DRC Health Centre kit 2016,,,S9999707,Subkit  1/4 DRC Health Centre kit 2016
1061,,,S9906728,DRC Health Centre kit 2016,,,S9999707,Subkit  1/4 DRC Health Centre kit 2016
1062,,,S9906728,DRC Health Centre kit 2016,,,S9999707,Subkit  1/4 DRC Health Centre kit 2016
1063,,,S9906728,DRC Health Centre kit 2016,,,S9999707,Subkit  1/4 DRC Health Centre kit 2016
1064,,,S9906728,DRC Health Centre kit 2016,,,S9999708,Subkit 2/4 DRC Health Centre kit 2016
1065,,,S9906728,DRC Health Centre kit 2016,,,S9999708,Subkit 2/4 DRC Health Centre kit 2016
1066,,,S9906728,DRC Health Centre kit 2016,,,S9999709,Subkit 3/4 DRC Health Centre kit 2016
1067,,,S9906728,DRC Health Centre kit 2016,,,S9999709,Subkit 3/4 DRC Health Centre kit 2016
1068,,,S9906728,DRC Health Centre kit 2016,,,S9999710,Subkit 4/4 DRC Health Centre kit 2016
1069,,,S9906728,DRC Health Centre kit 2016,,,S9999710,Subkit 4/4 DRC Health Centre kit 2016
1070,,,S9906728,DRC Health Centre kit 2016,,,S9999706,Prepack 1/1  DRC Health Centre kit 2016
1071,,,S9906728,DRC Health Centre kit 2016,,,S9999706,Prepack 1/1  DRC Health Centre kit 2016
1072,,,S9906728,DRC Health Centre kit 2016,,,S9999706,Prepack 1/1  DRC Health Centre kit 2016
1073,,,S9906728,DRC Health Centre kit 2016,,,S9999706,Prepack 1/1  DRC Health Centre kit 2016
1074,,,S9906728,DRC Health Centre kit 2016,,,S9999706,Prepack 1/1  DRC Health Centre kit 2016
1075,,,S9906728,DRC Health Centre kit 2016,,,S9999706,Prepack 1/1  DRC Health Centre kit 2016
1076,,,S9906728,DRC Health Centre kit 2016,,,S9999706,Prepack 1/1  DRC Health Centre kit 2016
1077,,,S9906728,DRC Health Centre kit 2016,,,S9999706,Prepack 1/1  DRC Health Centre kit 2016
1078,,,S9906728,DRC Health Centre kit 2016,,,S9999706,Prepack 1/1  DRC Health Centre kit 2016
1079,,,S9906728,DRC Health Centre kit 2016,,,S9999706,Prepack 1/1  DRC Health Centre kit 2016
1080,,,S9906728,DRC Health Centre kit 2016,,,S9999706,Prepack 1/1  DRC Health Centre kit 2016
1081,,,S9906728,DRC Health Centre kit 2016,,,S9999706,Prepack 1/1  DRC Health Centre kit 2016
1082,,,S9906728,DRC Health Centre kit 2016,,,S9999706,Prepack 1/1  DRC Health Centre kit 2016
1083,,,S9906728,DRC Health Centre kit 2016,,,S9999706,Prepack 1/1  DRC Health Centre kit 2016
1084,,,S9910001,"Surg.inst.,basic surgery /SET",,,,
1085,,,S9910001,"Surg.inst.,basic surgery /SET",,,,
1086,,,S9910001,"Surg.inst.,basic surgery /SET",,,,
1087,,,S9910001,"Surg.inst.,basic surgery /SET",,,,
1088,,,S9910001,"Surg.inst.,basic surgery /SET",,,,
1089,,,S9910001,"Surg.inst.,basic surgery /SET",,,,
1090,,,S9910001,"Surg.inst.,basic surgery /SET",,,,
1091,,,S9910001,"Surg.inst.,basic surgery /SET",,,,
1092,,,S9910001,"Surg.inst.,basic surgery /SET",,,,
1093,,,S9910001,"Surg.inst.,basic surgery /SET",,,,
1094,,,S9910001,"Surg.inst.,basic surgery /SET",,,,
1095,,,S9910001,"Surg.inst.,basic surgery /SET",,,,
1096,,,S9910001,"Surg.inst.,basic surgery /SET",,,,
1097,,,S9910001,"Surg.inst.,basic surgery /SET",,,,
1098,,,S9910001,"Surg.inst.,basic surgery /SET",,,,
1099,,,S9910001,"Surg.inst.,basic surgery /SET",,,,
1100,,,S9910001,"Surg.inst.,basic surgery /SET",,,,
1101,,,S9910003,"Surg.inst.,delivery /SET",,,,
1102,,,S9910003,"Surg.inst.,delivery /SET",,,,
1103,,,S9910003,"Surg.inst.,delivery /SET",,,,
1104,,,S9910003,"Surg.inst.,delivery /SET",,,,
1105,,,S9910005,"Surg.inst.,dressing /SET",,,,
1106,,,S9910005,"Surg.inst.,dressing /SET",,,,
1107,,,S9910005,"Surg.inst.,dressing /SET",,,,
1108,,,S9910005,"Surg.inst.,dressing /SET",,,,
1109,,,S9906729,DRC Measles Kit 2021,S9996721,DRC Measles Kit 2021 SUB 1/5,,
1110,,,S9906729,DRC Measles Kit 2021,S9996721,DRC Measles Kit 2021 SUB 1/5,,
1111,,,S9906729,DRC Measles Kit 2021,S9996721,DRC Measles Kit 2021 SUB 1/5,,
1112,,,S9906729,DRC Measles Kit 2021,S9996721,DRC Measles Kit 2021 SUB 1/5,,
1113,,,S9906729,DRC Measles Kit 2021,S9996721,DRC Measles Kit 2021 SUB 1/5,,
1114,,,S9906729,DRC Measles Kit 2021,S9996721,DRC Measles Kit 2021 SUB 1/5,,
1115,,,S9906729,DRC Measles Kit 2021,S9996721,DRC Measles Kit 2021 SUB 1/5,,
1116,,,S9906729,DRC Measles Kit 2021,S9996721,DRC Measles Kit 2021 SUB 1/5,,
1117,,,S9906729,DRC Measles Kit 2021,S9996721,DRC Measles Kit 2021 SUB 1/5,,
1118,,,S9906729,DRC Measles Kit 2021,S9996721,DRC Measles Kit 2021 SUB 1/5,,
1119,,,S9906729,DRC Measles Kit 2021,S9996721,DRC Measles Kit 2021 SUB 1/5,,
1120,,,S9906729,DRC Measles Kit 2021,S9996722,DRC Measles Kit 2021 SUB 2/5,,
1121,,,S9906729,DRC Measles Kit 2021,S9996722,DRC Measles Kit 2021 SUB 2/5,,
1122,,,S9906729,DRC Measles Kit 2021,S9996722,DRC Measles Kit 2021 SUB 2/5,,
1123,,,S9906729,DRC Measles Kit 2021,S9996722,DRC Measles Kit 2021 SUB 2/5,,
1124,,,S9906729,DRC Measles Kit 2021,S9996722,DRC Measles Kit 2021 SUB 2/5,,
1125,,,S9906729,DRC Measles Kit 2021,S9996722,DRC Measles Kit 2021 SUB 2/5,,
1126,,,S9906729,DRC Measles Kit 2021,S9996722,DRC Measles Kit 2021 SUB 2/5,,
1127,,,S9906729,DRC Measles Kit 2021,S9996722,DRC Measles Kit 2021 SUB 2/5,,
1128,,,S9906729,DRC Measles Kit 2021,S9996722,DRC Measles Kit 2021 SUB 2/5,,
1129,,,S9906729,DRC Measles Kit 2021,S9996722,DRC Measles Kit 2021 SUB 2/5,,
1130,,,S9906729,DRC Measles Kit 2021,S9996723,DRC Measles Kit 2021 SUB 3/5,,
1131,,,S9906729,DRC Measles Kit 2021,S9996723,DRC Measles Kit 2021 SUB 3/5,,
1132,,,S9906729,DRC Measles Kit 2021,S9996724,DRC Measles Kit 2021 SUB 4/5,,
1133,,,S9906729,DRC Measles Kit 2021,S9996724,DRC Measles Kit 2021 SUB 4/5,,
1134,,,S9906729,DRC Measles Kit 2021,S9996725,DRC Measles Kit 2021 SUB 5/5,,
1135,,,S9906729,DRC Measles Kit 2021,S9996725,DRC Measles Kit 2021 SUB 5/5,,
1136,,,S9906729,DRC Measles Kit 2021,S9996722,DRC Measles Kit 2021 SUB 2/5,S9996726,DRC Measles Kit 2021 PP 1/1
1137,,,S9906729,DRC Measles Kit 2021,S9996722,DRC Measles Kit 2021 SUB 2/5,S9996726,DRC Measles Kit 2021 PP 1/1
1138,,,S9906729,DRC Measles Kit 2021,S9996722,DRC Measles Kit 2021 SUB 2/5,S9996726,DRC Measles Kit 2021 PP 1/1
1139,,,S9906729,DRC Measles Kit 2021,S9996722,DRC Measles Kit 2021 SUB 2/5,S9996726,DRC Measles Kit 2021 PP 1/1
1140,,,S9906729,DRC Measles Kit 2021,S9996722,DRC Measles Kit 2021 SUB 2/5,S9996726,DRC Measles Kit 2021 PP 1/1
1141,,,S9906729,DRC Measles Kit 2021,S9996722,DRC Measles Kit 2021 SUB 2/5,S9996726,DRC Measles Kit 2021 PP 1/1
1142,,,S9906729,DRC Measles Kit 2021,S9996722,DRC Measles Kit 2021 SUB 2/5,S9996726,DRC Measles Kit 2021 PP 1/1
1143,,,S9906729,DRC Measles Kit 2021,S9996722,DRC Measles Kit 2021 SUB 2/5,S9996726,DRC Measles Kit 2021 PP 1/1
1144,,,S9906729,DRC Measles Kit 2021,S9996722,DRC Measles Kit 2021 SUB 2/5,S9996726,DRC Measles Kit 2021 PP 1/1
1145,,,S9906729,DRC Measles Kit 2021,S9996722,DRC Measles Kit 2021 SUB 2/5,S9996726,DRC Measles Kit 2021 PP 1/1
1146,,,S9906729,DRC Measles Kit 2021,S9996722,DRC Measles Kit 2021 SUB 2/5,S9996726,DRC Measles Kit 2021 PP 1/1
1147,,,S9906729,DRC Measles Kit 2021,S9996722,DRC Measles Kit 2021 SUB 2/5,S9996726,DRC Measles Kit 2021 PP 1/1
1148,,,S9906729,DRC Measles Kit 2021,S9996722,DRC Measles Kit 2021 SUB 2/5,S9996726,DRC Measles Kit 2021 PP 1/1
1149,,,S9906729,DRC Measles Kit 2021,S9996722,DRC Measles Kit 2021 SUB 2/5,S9996726,DRC Measles Kit 2021 PP 1/1
1150,,,S9906731,DPRK HHD Kit Refill 2018,,,,
1151,,,S9906731,DPRK HHD Kit Refill 2018,,,,
1152,,,S9906731,DPRK HHD Kit Refill 2018,,,,
1153,,,S9906731,DPRK HHD Kit Refill 2018,,,,
1154,,,S9906731,DPRK HHD Kit Refill 2018,,,,
1155,,,S9906731,DPRK HHD Kit Refill 2018,,,S9999921,Prepack 1/2 DPRK HHD 2018
1156,,,S9906731,DPRK HHD Kit Refill 2018,,,S9999921,Prepack 1/2 DPRK HHD 2018
1157,,,S9906731,DPRK HHD Kit Refill 2018,,,S9999921,Prepack 1/2 DPRK HHD 2018
1158,,,S9906731,DPRK HHD Kit Refill 2018,,,S9999921,Prepack 1/2 DPRK HHD 2018
1159,,,S9906731,DPRK HHD Kit Refill 2018,,,S9999921,Prepack 1/2 DPRK HHD 2018
1160,,,S9906731,DPRK HHD Kit Refill 2018,,,S9999921,Prepack 1/2 DPRK HHD 2018
1161,,,S9906731,DPRK HHD Kit Refill 2018,,,S9999921,Prepack 1/2 DPRK HHD 2018
1162,,,S9906731,DPRK HHD Kit Refill 2018,,,S9999921,Prepack 1/2 DPRK HHD 2018
1163,,,S9906731,DPRK HHD Kit Refill 2018,,,S9999921,Prepack 1/2 DPRK HHD 2018
1164,,,S9906731,DPRK HHD Kit Refill 2018,,,S9999922,Prepack 2/2 DPRK HHD 2018
1165,,,S9906731,DPRK HHD Kit Refill 2018,,,S9999922,Prepack 2/2 DPRK HHD 2018
1166,,,S9906731,DPRK HHD Kit Refill 2018,,,S9999922,Prepack 2/2 DPRK HHD 2018
1167,,,S9906731,DPRK HHD Kit Refill 2018,,,S9999922,Prepack 2/2 DPRK HHD 2018
1168,,,S9906731,DPRK HHD Kit Refill 2018,,,S9999922,Prepack 2/2 DPRK HHD 2018
1169,,,S9906731,DPRK HHD Kit Refill 2018,,,S9999922,Prepack 2/2 DPRK HHD 2018
1170,,,S9906731,DPRK HHD Kit Refill 2018,,,S9999922,Prepack 2/2 DPRK HHD 2018
1171,,,S9906731,DPRK HHD Kit Refill 2018,,,S9999922,Prepack 2/2 DPRK HHD 2018
1172,,,S9906731,DPRK HHD Kit Refill 2018,,,S9999922,Prepack 2/2 DPRK HHD 2018
1173,,,S9906731,DPRK HHD Kit Refill 2018,,,S9999922,Prepack 2/2 DPRK HHD 2018
1174,,,S9906731,DPRK HHD Kit Refill 2018,,,S9999922,Prepack 2/2 DPRK HHD 2018
1175,,,S9906732,DPRK Household Doctors Kit 2018,,,,
1176,,,S9906732,DPRK Household Doctors Kit 2018,,,,
1177,,,S9906732,DPRK Household Doctors Kit 2018,,,,
1178,,,S9906732,DPRK Household Doctors Kit 2018,,,,
1179,,,S9906732,DPRK Household Doctors Kit 2018,,,,
1180,,,S9906732,DPRK Household Doctors Kit 2018,,,,
1181,,,S9906732,DPRK Household Doctors Kit 2018,,,,
1182,,,S9906732,DPRK Household Doctors Kit 2018,,,,
1183,,,S9906732,DPRK Household Doctors Kit 2018,,,,
1184,,,S9906732,DPRK Household Doctors Kit 2018,,,,
1185,,,S9906732,DPRK Household Doctors Kit 2018,,,S9999921,Prepack 1/2 DPRK HHD 2018
1186,,,S9906732,DPRK Household Doctors Kit 2018,,,S9999921,Prepack 1/2 DPRK HHD 2018
1187,,,S9906732,DPRK Household Doctors Kit 2018,,,S9999921,Prepack 1/2 DPRK HHD 2018
1188,,,S9906732,DPRK Household Doctors Kit 2018,,,S9999921,Prepack 1/2 DPRK HHD 2018
1189,,,S9906732,DPRK Household Doctors Kit 2018,,,S9999921,Prepack 1/2 DPRK HHD 2018
1190,,,S9906732,DPRK Household Doctors Kit 2018,,,S9999921,Prepack 1/2 DPRK HHD 2018
1191,,,S9906732,DPRK Household Doctors Kit 2018,,,S9999921,Prepack 1/2 DPRK HHD 2018
1192,,,S9906732,DPRK Household Doctors Kit 2018,,,S9999921,Prepack 1/2 DPRK HHD 2018
1193,,,S9906732,DPRK Household Doctors Kit 2018,,,S9999921,Prepack 1/2 DPRK HHD 2018
1194,,,S9906732,DPRK Household Doctors Kit 2018,,,S9999922,Prepack 2/2 DPRK HHD 2018
1195,,,S9906732,DPRK Household Doctors Kit 2018,,,S9999922,Prepack 2/2 DPRK HHD 2018
1196,,,S9906732,DPRK Household Doctors Kit 2018,,,S9999922,Prepack 2/2 DPRK HHD 2018
1197,,,S9906732,DPRK Household Doctors Kit 2018,,,S9999922,Prepack 2/2 DPRK HHD 2018
1198,,,S9906732,DPRK Household Doctors Kit 2018,,,S9999922,Prepack 2/2 DPRK HHD 2018
1199,,,S9906732,DPRK Household Doctors Kit 2018,,,S9999922,Prepack 2/2 DPRK HHD 2018
1200,,,S9906732,DPRK Household Doctors Kit 2018,,,S9999922,Prepack 2/2 DPRK HHD 2018
1201,,,S9906732,DPRK Household Doctors Kit 2018,,,S9999922,Prepack 2/2 DPRK HHD 2018
1202,,,S9906732,DPRK Household Doctors Kit 2018,,,S9999922,Prepack 2/2 DPRK HHD 2018
1203,,,S9906732,DPRK Household Doctors Kit 2018,,,S9999922,Prepack 2/2 DPRK HHD 2018
1204,,,S9906732,DPRK Household Doctors Kit 2018,,,S9999922,Prepack 2/2 DPRK HHD 2018
1205,,,S9906732,DPRK Household Doctors Kit 2018,,,S9999920,Bag DPRK HHD 2018
1206,,,S9906732,DPRK Household Doctors Kit 2018,,,S9999920,Bag DPRK HHD 2018
1207,,,S9906732,DPRK Household Doctors Kit 2018,,,S9999920,Bag DPRK HHD 2018
1208,,,S9906732,DPRK Household Doctors Kit 2018,,,S9999920,Bag DPRK HHD 2018
1209,,,S9906733,South Sudan PHCC Kit 2018 Basic Medicin,S9993731,SUB 1/9 S.Sudan PHCC18  B.Med S9906733,,
1210,,,S9906733,South Sudan PHCC Kit 2018 Basic Medicin,S9993731,SUB 1/9 S.Sudan PHCC18  B.Med S9906733,,
1211,,,S9906733,South Sudan PHCC Kit 2018 Basic Medicin,S9993731,SUB 1/9 S.Sudan PHCC18  B.Med S9906733,,
1212,,,S9906733,South Sudan PHCC Kit 2018 Basic Medicin,S9993731,SUB 1/9 S.Sudan PHCC18  B.Med S9906733,,
1213,,,S9906733,South Sudan PHCC Kit 2018 Basic Medicin,S9993731,SUB 1/9 S.Sudan PHCC18  B.Med S9906733,,
1214,,,S9906733,South Sudan PHCC Kit 2018 Basic Medicin,S9993731,SUB 1/9 S.Sudan PHCC18  B.Med S9906733,,
1215,,,S9906733,South Sudan PHCC Kit 2018 Basic Medicin,S9993731,SUB 1/9 S.Sudan PHCC18  B.Med S9906733,,
1216,,,S9906733,South Sudan PHCC Kit 2018 Basic Medicin,S9993732,SUB 2/9 S.Sudan PHCC18  B.Med S9906733,,
1217,,,S9906733,South Sudan PHCC Kit 2018 Basic Medicin,S9993732,SUB 2/9 S.Sudan PHCC18  B.Med S9906733,,
1218,,,S9906733,South Sudan PHCC Kit 2018 Basic Medicin,S9993732,SUB 2/9 S.Sudan PHCC18  B.Med S9906733,,
1219,,,S9906733,South Sudan PHCC Kit 2018 Basic Medicin,S9993732,SUB 2/9 S.Sudan PHCC18  B.Med S9906733,,
1220,,,S9906733,South Sudan PHCC Kit 2018 Basic Medicin,S9993732,SUB 2/9 S.Sudan PHCC18  B.Med S9906733,,
1221,,,S9906733,South Sudan PHCC Kit 2018 Basic Medicin,S9993732,SUB 2/9 S.Sudan PHCC18  B.Med S9906733,,
1222,,,S9906733,South Sudan PHCC Kit 2018 Basic Medicin,S9993732,SUB 2/9 S.Sudan PHCC18  B.Med S9906733,,
1223,,,S9906733,South Sudan PHCC Kit 2018 Basic Medicin,S9993732,SUB 2/9 S.Sudan PHCC18  B.Med S9906733,,
1224,,,S9906733,South Sudan PHCC Kit 2018 Basic Medicin,S9993732,SUB 2/9 S.Sudan PHCC18  B.Med S9906733,,
1225,,,S9906733,South Sudan PHCC Kit 2018 Basic Medicin,S9993733,SUB 3/9 S.Sudan PHCC18  B.Med S9906733,,
1226,,,S9906733,South Sudan PHCC Kit 2018 Basic Medicin,S9993733,SUB 3/9 S.Sudan PHCC18  B.Med S9906733,,
1227,,,S9906733,South Sudan PHCC Kit 2018 Basic Medicin,S9993733,SUB 3/9 S.Sudan PHCC18  B.Med S9906733,,
1228,,,S9906733,South Sudan PHCC Kit 2018 Basic Medicin,S9993733,SUB 3/9 S.Sudan PHCC18  B.Med S9906733,,
1229,,,S9906733,South Sudan PHCC Kit 2018 Basic Medicin,S9993733,SUB 3/9 S.Sudan PHCC18  B.Med S9906733,,
1230,,,S9906733,South Sudan PHCC Kit 2018 Basic Medicin,S9993733,SUB 3/9 S.Sudan PHCC18  B.Med S9906733,,
1231,,,S9906733,South Sudan PHCC Kit 2018 Basic Medicin,S9993733,SUB 3/9 S.Sudan PHCC18  B.Med S9906733,,
1232,,,S9906733,South Sudan PHCC Kit 2018 Basic Medicin,S9993734,SUB 4/9 S.Sudan PHCC18  B.Med S9906733,,
1233,,,S9906733,South Sudan PHCC Kit 2018 Basic Medicin,S9993734,SUB 4/9 S.Sudan PHCC18  B.Med S9906733,,
1234,,,S9906733,South Sudan PHCC Kit 2018 Basic Medicin,S9993734,SUB 4/9 S.Sudan PHCC18  B.Med S9906733,,
1235,,,S9906733,South Sudan PHCC Kit 2018 Basic Medicin,S9993734,SUB 4/9 S.Sudan PHCC18  B.Med S9906733,,
1236,,,S9906733,South Sudan PHCC Kit 2018 Basic Medicin,S9993734,SUB 4/9 S.Sudan PHCC18  B.Med S9906733,,
1237,,,S9906733,South Sudan PHCC Kit 2018 Basic Medicin,S9993735,SUB 5/9 S.Sudan PHCC18  B.Med S9906733,,
1238,,,S9906733,South Sudan PHCC Kit 2018 Basic Medicin,S9993735,SUB 5/9 S.Sudan PHCC18  B.Med S9906733,,
1239,,,S9906733,South Sudan PHCC Kit 2018 Basic Medicin,S9993840,SUB 6/9 S.Sudan PHCC18  B.Med S9906733,,
1240,,,S9906733,South Sudan PHCC Kit 2018 Basic Medicin,S9993840,SUB 6/9 S.Sudan PHCC18  B.Med S9906733,,
1241,,,S9906733,South Sudan PHCC Kit 2018 Basic Medicin,S9993840,SUB 6/9 S.Sudan PHCC18  B.Med S9906733,,
1242,,,S9906733,South Sudan PHCC Kit 2018 Basic Medicin,S9993841,SUB 7/9 S.Sudan PHCC18  B.Med S9906733,,
1243,,,S9906733,South Sudan PHCC Kit 2018 Basic Medicin,S9993841,SUB 7/9 S.Sudan PHCC18  B.Med S9906733,,
1244,,,S9906733,South Sudan PHCC Kit 2018 Basic Medicin,S9993841,SUB 7/9 S.Sudan PHCC18  B.Med S9906733,,
1245,,,S9906733,South Sudan PHCC Kit 2018 Basic Medicin,S9993841,SUB 7/9 S.Sudan PHCC18  B.Med S9906733,,
1246,,,S9906733,South Sudan PHCC Kit 2018 Basic Medicin,S9993842,SUB 8/9 S.Sudan PHCC18  B.Med S9906733,,
1247,,,S9906733,South Sudan PHCC Kit 2018 Basic Medicin,S9993842,SUB 8/9 S.Sudan PHCC18  B.Med S9906733,,
1248,,,S9906733,South Sudan PHCC Kit 2018 Basic Medicin,S9993842,SUB 8/9 S.Sudan PHCC18  B.Med S9906733,,
1249,,,S9906733,South Sudan PHCC Kit 2018 Basic Medicin,S9993843,SUB 9/9 S.Sudan PHCC18  B.Med S9906733,,
1250,,,S9906733,South Sudan PHCC Kit 2018 Basic Medicin,S9993843,SUB 9/9 S.Sudan PHCC18  B.Med S9906733,,
1251,,,S9906733,South Sudan PHCC Kit 2018 Basic Medicin,S9993843,SUB 9/9 S.Sudan PHCC18  B.Med S9906733,,
1252,,,S9906733,South Sudan PHCC Kit 2018 Basic Medicin,S9993843,SUB 9/9 S.Sudan PHCC18  B.Med S9906733,,
1253,,,S9906733,South Sudan PHCC Kit 2018 Basic Medicin,S9993731,SUB 1/9 S.Sudan PHCC18  B.Med S9906733,S9993736,PP1/5 f SUB 1/5 S.Sudan18 B.Med S9906733
1254,,,S9906733,South Sudan PHCC Kit 2018 Basic Medicin,S9993731,SUB 1/9 S.Sudan PHCC18  B.Med S9906733,S9993736,PP1/5 f SUB 1/5 S.Sudan18 B.Med S9906733
1255,,,S9906733,South Sudan PHCC Kit 2018 Basic Medicin,S9993731,SUB 1/9 S.Sudan PHCC18  B.Med S9906733,S9993736,PP1/5 f SUB 1/5 S.Sudan18 B.Med S9906733
1256,,,S9906733,South Sudan PHCC Kit 2018 Basic Medicin,S9993731,SUB 1/9 S.Sudan PHCC18  B.Med S9906733,S9993736,PP1/5 f SUB 1/5 S.Sudan18 B.Med S9906733
1257,,,S9906733,South Sudan PHCC Kit 2018 Basic Medicin,S9993731,SUB 1/9 S.Sudan PHCC18  B.Med S9906733,S9993736,PP1/5 f SUB 1/5 S.Sudan18 B.Med S9906733
1258,,,S9906733,South Sudan PHCC Kit 2018 Basic Medicin,S9993731,SUB 1/9 S.Sudan PHCC18  B.Med S9906733,S9993736,PP1/5 f SUB 1/5 S.Sudan18 B.Med S9906733
1259,,,S9906733,South Sudan PHCC Kit 2018 Basic Medicin,S9993731,SUB 1/9 S.Sudan PHCC18  B.Med S9906733,S9993736,PP1/5 f SUB 1/5 S.Sudan18 B.Med S9906733
1260,,,S9906733,South Sudan PHCC Kit 2018 Basic Medicin,S9993731,SUB 1/9 S.Sudan PHCC18  B.Med S9906733,S9993737,PP2/5 f SUB 1/5 S.Sudan18 B.Med S9906733
1261,,,S9906733,South Sudan PHCC Kit 2018 Basic Medicin,S9993731,SUB 1/9 S.Sudan PHCC18  B.Med S9906733,S9993737,PP2/5 f SUB 1/5 S.Sudan18 B.Med S9906733
1262,,,S9906733,South Sudan PHCC Kit 2018 Basic Medicin,S9993731,SUB 1/9 S.Sudan PHCC18  B.Med S9906733,S9993737,PP2/5 f SUB 1/5 S.Sudan18 B.Med S9906733
1263,,,S9906733,South Sudan PHCC Kit 2018 Basic Medicin,S9993731,SUB 1/9 S.Sudan PHCC18  B.Med S9906733,S9993737,PP2/5 f SUB 1/5 S.Sudan18 B.Med S9906733
1264,,,S9906733,South Sudan PHCC Kit 2018 Basic Medicin,S9993731,SUB 1/9 S.Sudan PHCC18  B.Med S9906733,S9993737,PP2/5 f SUB 1/5 S.Sudan18 B.Med S9906733
1265,,,S9906733,South Sudan PHCC Kit 2018 Basic Medicin,S9993731,SUB 1/9 S.Sudan PHCC18  B.Med S9906733,S9993737,PP2/5 f SUB 1/5 S.Sudan18 B.Med S9906733
1266,,,S9906733,South Sudan PHCC Kit 2018 Basic Medicin,S9993731,SUB 1/9 S.Sudan PHCC18  B.Med S9906733,S9993737,PP2/5 f SUB 1/5 S.Sudan18 B.Med S9906733
1267,,,S9906733,South Sudan PHCC Kit 2018 Basic Medicin,S9993732,SUB 2/9 S.Sudan PHCC18  B.Med S9906733,S9993739,PP4/5 f SUB 3/5 S.Sudan18 B.Med S9906733
1268,,,S9906733,South Sudan PHCC Kit 2018 Basic Medicin,S9993732,SUB 2/9 S.Sudan PHCC18  B.Med S9906733,S9993739,PP4/5 f SUB 3/5 S.Sudan18 B.Med S9906733
1269,,,S9906733,South Sudan PHCC Kit 2018 Basic Medicin,S9993732,SUB 2/9 S.Sudan PHCC18  B.Med S9906733,S9993739,PP4/5 f SUB 3/5 S.Sudan18 B.Med S9906733
1270,,,S9906733,South Sudan PHCC Kit 2018 Basic Medicin,S9993733,SUB 3/9 S.Sudan PHCC18  B.Med S9906733,S9993738,PP3/5 f SUB 4/5 S.Sudan18 B.Med S9906733
1271,,,S9906733,South Sudan PHCC Kit 2018 Basic Medicin,S9993733,SUB 3/9 S.Sudan PHCC18  B.Med S9906733,S9993738,PP3/5 f SUB 4/5 S.Sudan18 B.Med S9906733
1272,,,S9906733,South Sudan PHCC Kit 2018 Basic Medicin,S9993733,SUB 3/9 S.Sudan PHCC18  B.Med S9906733,S9993738,PP3/5 f SUB 4/5 S.Sudan18 B.Med S9906733
1273,,,S9906733,South Sudan PHCC Kit 2018 Basic Medicin,S9993733,SUB 3/9 S.Sudan PHCC18  B.Med S9906733,S9993738,PP3/5 f SUB 4/5 S.Sudan18 B.Med S9906733
1274,,,S9906733,South Sudan PHCC Kit 2018 Basic Medicin,S9993733,SUB 3/9 S.Sudan PHCC18  B.Med S9906733,S9993738,PP3/5 f SUB 4/5 S.Sudan18 B.Med S9906733
1275,,,S9906733,South Sudan PHCC Kit 2018 Basic Medicin,S9993733,SUB 3/9 S.Sudan PHCC18  B.Med S9906733,S9993738,PP3/5 f SUB 4/5 S.Sudan18 B.Med S9906733
1276,,,S9906733,South Sudan PHCC Kit 2018 Basic Medicin,S9993733,SUB 3/9 S.Sudan PHCC18  B.Med S9906733,S9993738,PP3/5 f SUB 4/5 S.Sudan18 B.Med S9906733
1277,,,S9906733,South Sudan PHCC Kit 2018 Basic Medicin,S9993733,SUB 3/9 S.Sudan PHCC18  B.Med S9906733,S9993738,PP3/5 f SUB 4/5 S.Sudan18 B.Med S9906733
1278,,,S9906733,South Sudan PHCC Kit 2018 Basic Medicin,S9993733,SUB 3/9 S.Sudan PHCC18  B.Med S9906733,S9993738,PP3/5 f SUB 4/5 S.Sudan18 B.Med S9906733
1279,,,S9906733,South Sudan PHCC Kit 2018 Basic Medicin,S9993733,SUB 3/9 S.Sudan PHCC18  B.Med S9906733,S9993738,PP3/5 f SUB 4/5 S.Sudan18 B.Med S9906733
1280,,,S9906733,South Sudan PHCC Kit 2018 Basic Medicin,S9993734,SUB 4/9 S.Sudan PHCC18  B.Med S9906733,S9993730,PP5/5 f SUB 4/5 S.Sudan18 B.Med S9906733
1281,,,S9906733,South Sudan PHCC Kit 2018 Basic Medicin,S9993734,SUB 4/9 S.Sudan PHCC18  B.Med S9906733,S9993730,PP5/5 f SUB 4/5 S.Sudan18 B.Med S9906733
1282,,,S9906733,South Sudan PHCC Kit 2018 Basic Medicin,S9993734,SUB 4/9 S.Sudan PHCC18  B.Med S9906733,S9993730,PP5/5 f SUB 4/5 S.Sudan18 B.Med S9906733
1283,,,S9906734,"South Sudan, PHCU Kit 2018",S9994731,"Sub1/8 South Sudan,PHCU Kit2018 S9906734",,
1284,,,S9906734,"South Sudan, PHCU Kit 2018",S9994731,"Sub1/8 South Sudan,PHCU Kit2018 S9906734",,
1285,,,S9906734,"South Sudan, PHCU Kit 2018",S9994732,"Sub2/8 South Sudan,PHCU Kit2018 S9906734",,
1286,,,S9906734,"South Sudan, PHCU Kit 2018",S9994732,"Sub2/8 South Sudan,PHCU Kit2018 S9906734",,
1287,,,S9906734,"South Sudan, PHCU Kit 2018",S9994732,"Sub2/8 South Sudan,PHCU Kit2018 S9906734",,
1288,,,S9906734,"South Sudan, PHCU Kit 2018",S9994732,"Sub2/8 South Sudan,PHCU Kit2018 S9906734",,
1289,,,S9906734,"South Sudan, PHCU Kit 2018",S9994732,"Sub2/8 South Sudan,PHCU Kit2018 S9906734",,
1290,,,S9906734,"South Sudan, PHCU Kit 2018",S9994732,"Sub2/8 South Sudan,PHCU Kit2018 S9906734",,
1291,,,S9906734,"South Sudan, PHCU Kit 2018",S9994732,"Sub2/8 South Sudan,PHCU Kit2018 S9906734",,
1292,,,S9906734,"South Sudan, PHCU Kit 2018",S9994733,"Sub3/8 South Sudan,PHCU Kit2018 S9906734",,
1293,,,S9906734,"South Sudan, PHCU Kit 2018",S9994733,"Sub3/8 South Sudan,PHCU Kit2018 S9906734",,
1294,,,S9906734,"South Sudan, PHCU Kit 2018",S9994733,"Sub3/8 South Sudan,PHCU Kit2018 S9906734",,
1295,,,S9906734,"South Sudan, PHCU Kit 2018",S9994733,"Sub3/8 South Sudan,PHCU Kit2018 S9906734",,
1296,,,S9906734,"South Sudan, PHCU Kit 2018",S9994733,"Sub3/8 South Sudan,PHCU Kit2018 S9906734",,
1297,,,S9906734,"South Sudan, PHCU Kit 2018",S9994733,"Sub3/8 South Sudan,PHCU Kit2018 S9906734",,
1298,,,S9906734,"South Sudan, PHCU Kit 2018",S9994733,"Sub3/8 South Sudan,PHCU Kit2018 S9906734",,
1299,,,S9906734,"South Sudan, PHCU Kit 2018",S9994733,"Sub3/8 South Sudan,PHCU Kit2018 S9906734",,
1300,,,S9906734,"South Sudan, PHCU Kit 2018",S9994733,"Sub3/8 South Sudan,PHCU Kit2018 S9906734",,
1301,,,S9906734,"South Sudan, PHCU Kit 2018",S9994733,"Sub3/8 South Sudan,PHCU Kit2018 S9906734",,
1302,,,S9906734,"South Sudan, PHCU Kit 2018",S9994734,"Sub4/8 South Sudan,PHCU Kit2018 S9906734",,
1303,,,S9906734,"South Sudan, PHCU Kit 2018",S9994734,"Sub4/8 South Sudan,PHCU Kit2018 S9906734",,
1304,,,S9906734,"South Sudan, PHCU Kit 2018",S9994734,"Sub4/8 South Sudan,PHCU Kit2018 S9906734",,
1305,,,S9906734,"South Sudan, PHCU Kit 2018",S9994734,"Sub4/8 South Sudan,PHCU Kit2018 S9906734",,
1306,,,S9906734,"South Sudan, PHCU Kit 2018",S9994734,"Sub4/8 South Sudan,PHCU Kit2018 S9906734",,
1307,,,S9906734,"South Sudan, PHCU Kit 2018",S9994734,"Sub4/8 South Sudan,PHCU Kit2018 S9906734",,
1308,,,S9906734,"South Sudan, PHCU Kit 2018",S9994730,"Sub5/8 South Sudan,PHCU Kit2018 S9906734",,
1309,,,S9906734,"South Sudan, PHCU Kit 2018",S9994730,"Sub5/8 South Sudan,PHCU Kit2018 S9906734",,
1310,,,S9906734,"South Sudan, PHCU Kit 2018",S9994739,"Sub6/8 South Sudan,PHCU Kit2018 S9906734",,
1311,,,S9906734,"South Sudan, PHCU Kit 2018",S9994739,"Sub6/8 South Sudan,PHCU Kit2018 S9906734",,
1312,,,S9906734,"South Sudan, PHCU Kit 2018",S9994831,"Sub7/8 South Sudan,PHCU Kit2018 S9906734",,
1313,,,S9906734,"South Sudan, PHCU Kit 2018",S9994831,"Sub7/8 South Sudan,PHCU Kit2018 S9906734",,
1314,,,S9906734,"South Sudan, PHCU Kit 2018",S9994832,"Sub8/8 South Sudan,PHCU Kit2018 S9906734",,
1315,,,S9906734,"South Sudan, PHCU Kit 2018",S9994832,"Sub8/8 South Sudan,PHCU Kit2018 S9906734",,
1316,,,S9906734,"South Sudan, PHCU Kit 2018",S9994832,"Sub8/8 South Sudan,PHCU Kit2018 S9906734",,
1317,,,S9906734,"South Sudan, PHCU Kit 2018",S9994732,"Sub2/8 South Sudan,PHCU Kit2018 S9906734",S9994735,"PP1/4 f Sub2/4 S.Sudan,PHCU Kit S9906734"
1318,,,S9906734,"South Sudan, PHCU Kit 2018",S9994732,"Sub2/8 South Sudan,PHCU Kit2018 S9906734",S9994735,"PP1/4 f Sub2/4 S.Sudan,PHCU Kit S9906734"
1319,,,S9906734,"South Sudan, PHCU Kit 2018",S9994732,"Sub2/8 South Sudan,PHCU Kit2018 S9906734",S9994735,"PP1/4 f Sub2/4 S.Sudan,PHCU Kit S9906734"
1320,,,S9906734,"South Sudan, PHCU Kit 2018",S9994732,"Sub2/8 South Sudan,PHCU Kit2018 S9906734",S9994735,"PP1/4 f Sub2/4 S.Sudan,PHCU Kit S9906734"
1321,,,S9906734,"South Sudan, PHCU Kit 2018",S9994732,"Sub2/8 South Sudan,PHCU Kit2018 S9906734",S9994735,"PP1/4 f Sub2/4 S.Sudan,PHCU Kit S9906734"
1322,,,S9906734,"South Sudan, PHCU Kit 2018",S9994732,"Sub2/8 South Sudan,PHCU Kit2018 S9906734",S9994735,"PP1/4 f Sub2/4 S.Sudan,PHCU Kit S9906734"
1323,,,S9906734,"South Sudan, PHCU Kit 2018",S9994732,"Sub2/8 South Sudan,PHCU Kit2018 S9906734",S9994735,"PP1/4 f Sub2/4 S.Sudan,PHCU Kit S9906734"
1324,,,S9906734,"South Sudan, PHCU Kit 2018",S9994732,"Sub2/8 South Sudan,PHCU Kit2018 S9906734",S9994735,"PP1/4 f Sub2/4 S.Sudan,PHCU Kit S9906734"
1325,,,S9906734,"South Sudan, PHCU Kit 2018",S9994732,"Sub2/8 South Sudan,PHCU Kit2018 S9906734",S9994735,"PP1/4 f Sub2/4 S.Sudan,PHCU Kit S9906734"
1326,,,S9906734,"South Sudan, PHCU Kit 2018",S9994732,"Sub2/8 South Sudan,PHCU Kit2018 S9906734",S9994735,"PP1/4 f Sub2/4 S.Sudan,PHCU Kit S9906734"
1327,,,S9906734,"South Sudan, PHCU Kit 2018",S9994732,"Sub2/8 South Sudan,PHCU Kit2018 S9906734",S9994736,"PP2/4 f Sub2/4 S.Sudan,PHCU Kit S9906734"
1328,,,S9906734,"South Sudan, PHCU Kit 2018",S9994732,"Sub2/8 South Sudan,PHCU Kit2018 S9906734",S9994736,"PP2/4 f Sub2/4 S.Sudan,PHCU Kit S9906734"
1329,,,S9906734,"South Sudan, PHCU Kit 2018",S9994732,"Sub2/8 South Sudan,PHCU Kit2018 S9906734",S9994736,"PP2/4 f Sub2/4 S.Sudan,PHCU Kit S9906734"
1330,,,S9906734,"South Sudan, PHCU Kit 2018",S9994732,"Sub2/8 South Sudan,PHCU Kit2018 S9906734",S9994736,"PP2/4 f Sub2/4 S.Sudan,PHCU Kit S9906734"
1331,,,S9906734,"South Sudan, PHCU Kit 2018",S9994732,"Sub2/8 South Sudan,PHCU Kit2018 S9906734",S9994736,"PP2/4 f Sub2/4 S.Sudan,PHCU Kit S9906734"
1332,,,S9906734,"South Sudan, PHCU Kit 2018",S9994733,"Sub3/8 South Sudan,PHCU Kit2018 S9906734",S9994737,"PP3/4 f Sub3/4 S.Sudan,PHCU Kit S9906734"
1333,,,S9906734,"South Sudan, PHCU Kit 2018",S9994733,"Sub3/8 South Sudan,PHCU Kit2018 S9906734",S9994737,"PP3/4 f Sub3/4 S.Sudan,PHCU Kit S9906734"
1334,,,S9906734,"South Sudan, PHCU Kit 2018",S9994733,"Sub3/8 South Sudan,PHCU Kit2018 S9906734",S9994737,"PP3/4 f Sub3/4 S.Sudan,PHCU Kit S9906734"
1335,,,S9906734,"South Sudan, PHCU Kit 2018",S9994733,"Sub3/8 South Sudan,PHCU Kit2018 S9906734",S9994737,"PP3/4 f Sub3/4 S.Sudan,PHCU Kit S9906734"
1336,,,S9906734,"South Sudan, PHCU Kit 2018",S9994733,"Sub3/8 South Sudan,PHCU Kit2018 S9906734",S9994737,"PP3/4 f Sub3/4 S.Sudan,PHCU Kit S9906734"
1337,,,S9906734,"South Sudan, PHCU Kit 2018",S9994733,"Sub3/8 South Sudan,PHCU Kit2018 S9906734",S9994737,"PP3/4 f Sub3/4 S.Sudan,PHCU Kit S9906734"
1338,,,S9906734,"South Sudan, PHCU Kit 2018",S9994733,"Sub3/8 South Sudan,PHCU Kit2018 S9906734",S9994737,"PP3/4 f Sub3/4 S.Sudan,PHCU Kit S9906734"
1339,,,S9906734,"South Sudan, PHCU Kit 2018",S9994738,"PP4/4 f Sub4/4 S.Sudan,PHCU Kit S9906734",S9994738,"PP4/4 f Sub4/4 S.Sudan,PHCU Kit S9906734"
1340,,,S9906734,"South Sudan, PHCU Kit 2018",S9994738,"PP4/4 f Sub4/4 S.Sudan,PHCU Kit S9906734",S9994738,"PP4/4 f Sub4/4 S.Sudan,PHCU Kit S9906734"
1341,,,S9906734,"South Sudan, PHCU Kit 2018",S9994738,"PP4/4 f Sub4/4 S.Sudan,PHCU Kit S9906734",S9994738,"PP4/4 f Sub4/4 S.Sudan,PHCU Kit S9906734"
1342,,,S9906734,"South Sudan, PHCU Kit 2018",S9994738,"PP4/4 f Sub4/4 S.Sudan,PHCU Kit S9906734",S9994738,"PP4/4 f Sub4/4 S.Sudan,PHCU Kit S9906734"
1343,,,S9906734,"South Sudan, PHCU Kit 2018",S9994738,"PP4/4 f Sub4/4 S.Sudan,PHCU Kit S9906734",S9994738,"PP4/4 f Sub4/4 S.Sudan,PHCU Kit S9906734"
1344,,,S9906735,South Sudan PHCC Kit 2018-Injectables,S9995731,SUB 1/9 SSPHCC Kit 2018-Injecta S9906735,,
1345,,,S9906735,South Sudan PHCC Kit 2018-Injectables,S9995731,SUB 1/9 SSPHCC Kit 2018-Injecta S9906735,,
1346,,,S9906735,South Sudan PHCC Kit 2018-Injectables,S9995731,SUB 1/9 SSPHCC Kit 2018-Injecta S9906735,,
1347,,,S9906735,South Sudan PHCC Kit 2018-Injectables,S9995731,SUB 1/9 SSPHCC Kit 2018-Injecta S9906735,,
1348,,,S9906735,South Sudan PHCC Kit 2018-Injectables,S9995731,SUB 1/9 SSPHCC Kit 2018-Injecta S9906735,,
1349,,,S9906735,South Sudan PHCC Kit 2018-Injectables,S9995731,SUB 1/9 SSPHCC Kit 2018-Injecta S9906735,,
1350,,,S9906735,South Sudan PHCC Kit 2018-Injectables,S9995732,SUB 2/9 SSPHCC Kit 2018-Injecta S9906735,,
1351,,,S9906735,South Sudan PHCC Kit 2018-Injectables,S9995732,SUB 2/9 SSPHCC Kit 2018-Injecta S9906735,,
1352,,,S9906735,South Sudan PHCC Kit 2018-Injectables,S9995732,SUB 2/9 SSPHCC Kit 2018-Injecta S9906735,,
1353,,,S9906735,South Sudan PHCC Kit 2018-Injectables,S9995732,SUB 2/9 SSPHCC Kit 2018-Injecta S9906735,,
1354,,,S9906735,South Sudan PHCC Kit 2018-Injectables,S9995732,SUB 2/9 SSPHCC Kit 2018-Injecta S9906735,,
1355,,,S9906735,South Sudan PHCC Kit 2018-Injectables,S9995732,SUB 2/9 SSPHCC Kit 2018-Injecta S9906735,,
1356,,,S9906735,South Sudan PHCC Kit 2018-Injectables,S9995733,SUB 3/9 SSPHCC Kit 2018-Injecta S9906735,,
1357,,,S9906735,South Sudan PHCC Kit 2018-Injectables,S9995733,SUB 3/9 SSPHCC Kit 2018-Injecta S9906735,,
1358,,,S9906735,South Sudan PHCC Kit 2018-Injectables,S9995733,SUB 3/9 SSPHCC Kit 2018-Injecta S9906735,,
1359,,,S9906735,South Sudan PHCC Kit 2018-Injectables,S9995733,SUB 3/9 SSPHCC Kit 2018-Injecta S9906735,,
1360,,,S9906735,South Sudan PHCC Kit 2018-Injectables,S9995733,SUB 3/9 SSPHCC Kit 2018-Injecta S9906735,,
1361,,,S9906735,South Sudan PHCC Kit 2018-Injectables,S9995733,SUB 3/9 SSPHCC Kit 2018-Injecta S9906735,,
1362,,,S9906735,South Sudan PHCC Kit 2018-Injectables,S9995734,SUB 4/9 SSPHCC Kit 2018-Injecta S9906735,,
1363,,,S9906735,South Sudan PHCC Kit 2018-Injectables,S9995734,SUB 4/9 SSPHCC Kit 2018-Injecta S9906735,,
1364,,,S9906735,South Sudan PHCC Kit 2018-Injectables,S9995734,SUB 4/9 SSPHCC Kit 2018-Injecta S9906735,,
1365,,,S9906735,South Sudan PHCC Kit 2018-Injectables,S9995734,SUB 4/9 SSPHCC Kit 2018-Injecta S9906735,,
1366,,,S9906735,South Sudan PHCC Kit 2018-Injectables,S9995734,SUB 4/9 SSPHCC Kit 2018-Injecta S9906735,,
1367,,,S9906735,South Sudan PHCC Kit 2018-Injectables,S9995734,SUB 4/9 SSPHCC Kit 2018-Injecta S9906735,,
1368,,,S9906735,South Sudan PHCC Kit 2018-Injectables,S9995735,SUB 5/9 SSPHCC Kit 2018-Injecta S9906735,,
1369,,,S9906735,South Sudan PHCC Kit 2018-Injectables,S9995735,SUB 5/9 SSPHCC Kit 2018-Injecta S9906735,,
1370,,,S9906735,South Sudan PHCC Kit 2018-Injectables,S9995735,SUB 5/9 SSPHCC Kit 2018-Injecta S9906735,,
1371,,,S9906735,South Sudan PHCC Kit 2018-Injectables,S9995736,SUB 6/9 SSPHCC Kit 2018-Injecta S9906735,,
1372,,,S9906735,South Sudan PHCC Kit 2018-Injectables,S9995736,SUB 6/9 SSPHCC Kit 2018-Injecta S9906735,,
1373,,,S9906735,South Sudan PHCC Kit 2018-Injectables,S9995736,SUB 6/9 SSPHCC Kit 2018-Injecta S9906735,,
1374,,,S9906735,South Sudan PHCC Kit 2018-Injectables,S9995737,SUB 7/9 SSPHCC Kit 2018-Injecta S9906735,,
1375,,,S9906735,South Sudan PHCC Kit 2018-Injectables,S9995737,SUB 7/9 SSPHCC Kit 2018-Injecta S9906735,,
1376,,,S9906735,South Sudan PHCC Kit 2018-Injectables,S9995737,SUB 7/9 SSPHCC Kit 2018-Injecta S9906735,,
1377,,,S9906735,South Sudan PHCC Kit 2018-Injectables,S9995738,SUB 8/9 SSPHCC Kit 2018-Injecta S9906735,,
1378,,,S9906735,South Sudan PHCC Kit 2018-Injectables,S9995738,SUB 8/9 SSPHCC Kit 2018-Injecta S9906735,,
1379,,,S9906735,South Sudan PHCC Kit 2018-Injectables,S9995738,SUB 8/9 SSPHCC Kit 2018-Injecta S9906735,,
1380,,,S9906735,South Sudan PHCC Kit 2018-Injectables,S9995739,SUB 9/9 SSPHCC Kit 2018-Injecta S9906735,,
1381,,,S9906735,South Sudan PHCC Kit 2018-Injectables,S9995739,SUB 9/9 SSPHCC Kit 2018-Injecta S9906735,,
1382,,,S9906735,South Sudan PHCC Kit 2018-Injectables,S9995739,SUB 9/9 SSPHCC Kit 2018-Injecta S9906735,,
1383,,,S9906736,South Sudan PHCC Kit 2018- IV infusions,S9996731,S. Sudan PHCC 2018 I sub 1/8 f S9906736,,
1384,,,S9906736,South Sudan PHCC Kit 2018- IV infusions,S9996731,S. Sudan PHCC 2018 I sub 1/8 f S9906736,,
1385,,,S9906736,South Sudan PHCC Kit 2018- IV infusions,S9996732,S. Sudan PHCC 2018 I sub 2/8 f S9906736,,
1386,,,S9906736,South Sudan PHCC Kit 2018- IV infusions,S9996732,S. Sudan PHCC 2018 I sub 2/8 f S9906736,,
1387,,,S9906736,South Sudan PHCC Kit 2018- IV infusions,S9996733,S. Sudan PHCC 2018 I sub 3/8 f S9906736,,
1388,,,S9906736,South Sudan PHCC Kit 2018- IV infusions,S9996733,S. Sudan PHCC 2018 I sub 3/8 f S9906736,,
1389,,,S9906736,South Sudan PHCC Kit 2018- IV infusions,S9996734,S. Sudan PHCC 2018 I sub 4/8 f S9906736,,
1390,,,S9906736,South Sudan PHCC Kit 2018- IV infusions,S9996734,S. Sudan PHCC 2018 I sub 4/8 f S9906736,,
1391,,,S9906736,South Sudan PHCC Kit 2018- IV infusions,S9996735,S. Sudan PHCC 2018 I sub 5/8 f S9906736,,
1392,,,S9906736,South Sudan PHCC Kit 2018- IV infusions,S9996735,S. Sudan PHCC 2018 I sub 5/8 f S9906736,,
1393,,,S9906736,South Sudan PHCC Kit 2018- IV infusions,S9996736,S. Sudan PHCC 2018 I sub 6/8 f S9906736,,
1394,,,S9906736,South Sudan PHCC Kit 2018- IV infusions,S9996736,S. Sudan PHCC 2018 I sub 6/8 f S9906736,,
1395,,,S9906736,South Sudan PHCC Kit 2018- IV infusions,S9996737,S. Sudan PHCC 2018 I sub 7/8 f S9906736,,
1396,,,S9906736,South Sudan PHCC Kit 2018- IV infusions,S9996737,S. Sudan PHCC 2018 I sub 7/8 f S9906736,,
1397,,,S9906736,South Sudan PHCC Kit 2018- IV infusions,S9996738,S. Sudan PHCC 2018 I sub 8/8 f S9906736,,
1398,,,S9906736,South Sudan PHCC Kit 2018- IV infusions,S9996738,S. Sudan PHCC 2018 I sub 8/8 f S9906736,,
1399,,,S9906736,South Sudan PHCC Kit 2018- IV infusions,S9996738,S. Sudan PHCC 2018 I sub 8/8 f S9906736,,
1400,,,S9906737,South Sudan PHCC Kit 2018-Med Dev & Diag,S9997731,SUB 1/8 SSPHCC2018-Med Dev&Diag S9906737,,
1401,,,S9906737,South Sudan PHCC Kit 2018-Med Dev & Diag,S9997731,SUB 1/8 SSPHCC2018-Med Dev&Diag S9906737,,
1402,,,S9906737,South Sudan PHCC Kit 2018-Med Dev & Diag,S9997731,SUB 1/8 SSPHCC2018-Med Dev&Diag S9906737,,
1403,,,S9906737,South Sudan PHCC Kit 2018-Med Dev & Diag,S9997731,SUB 1/8 SSPHCC2018-Med Dev&Diag S9906737,,
1404,,,S9906737,South Sudan PHCC Kit 2018-Med Dev & Diag,S9997731,SUB 1/8 SSPHCC2018-Med Dev&Diag S9906737,,
1405,,,S9906737,South Sudan PHCC Kit 2018-Med Dev & Diag,S9997731,SUB 1/8 SSPHCC2018-Med Dev&Diag S9906737,,
1406,,,S9906737,South Sudan PHCC Kit 2018-Med Dev & Diag,S9997731,SUB 1/8 SSPHCC2018-Med Dev&Diag S9906737,,
1407,,,S9906737,South Sudan PHCC Kit 2018-Med Dev & Diag,S9997732,SUB 2/8 SSPHCC2018-Med Dev&Diag S9906737,,
1408,,,S9906737,South Sudan PHCC Kit 2018-Med Dev & Diag,S9997732,SUB 2/8 SSPHCC2018-Med Dev&Diag S9906737,,
1409,,,S9906737,South Sudan PHCC Kit 2018-Med Dev & Diag,S9997732,SUB 2/8 SSPHCC2018-Med Dev&Diag S9906737,,
1410,,,S9906737,South Sudan PHCC Kit 2018-Med Dev & Diag,S9997732,SUB 2/8 SSPHCC2018-Med Dev&Diag S9906737,,
1411,,,S9906737,South Sudan PHCC Kit 2018-Med Dev & Diag,S9997732,SUB 2/8 SSPHCC2018-Med Dev&Diag S9906737,,
1412,,,S9906737,South Sudan PHCC Kit 2018-Med Dev & Diag,S9997733,SUB 3/8 SSPHCC2018-Med Dev&Diag S9906737,,
1413,,,S9906737,South Sudan PHCC Kit 2018-Med Dev & Diag,S9997733,SUB 3/8 SSPHCC2018-Med Dev&Diag S9906737,,
1414,,,S9906737,South Sudan PHCC Kit 2018-Med Dev & Diag,S9997733,SUB 3/8 SSPHCC2018-Med Dev&Diag S9906737,,
1415,,,S9906737,South Sudan PHCC Kit 2018-Med Dev & Diag,S9997733,SUB 3/8 SSPHCC2018-Med Dev&Diag S9906737,,
1416,,,S9906737,South Sudan PHCC Kit 2018-Med Dev & Diag,S9997733,SUB 3/8 SSPHCC2018-Med Dev&Diag S9906737,,
1417,,,S9906737,South Sudan PHCC Kit 2018-Med Dev & Diag,S9997733,SUB 3/8 SSPHCC2018-Med Dev&Diag S9906737,,
1418,,,S9906737,South Sudan PHCC Kit 2018-Med Dev & Diag,S9997733,SUB 3/8 SSPHCC2018-Med Dev&Diag S9906737,,
1419,,,S9906737,South Sudan PHCC Kit 2018-Med Dev & Diag,S9997734,SUB 4/8 SSPHCC2018-Med Dev&Diag S9906737,,
1420,,,S9906737,South Sudan PHCC Kit 2018-Med Dev & Diag,S9997734,SUB 4/8 SSPHCC2018-Med Dev&Diag S9906737,,
1421,,,S9906737,South Sudan PHCC Kit 2018-Med Dev & Diag,S9997734,SUB 4/8 SSPHCC2018-Med Dev&Diag S9906737,,
1422,,,S9906737,South Sudan PHCC Kit 2018-Med Dev & Diag,S9997734,SUB 4/8 SSPHCC2018-Med Dev&Diag S9906737,,
1423,,,S9906737,South Sudan PHCC Kit 2018-Med Dev & Diag,S9997734,SUB 4/8 SSPHCC2018-Med Dev&Diag S9906737,,
1424,,,S9906737,South Sudan PHCC Kit 2018-Med Dev & Diag,S9997734,SUB 4/8 SSPHCC2018-Med Dev&Diag S9906737,,
1425,,,S9906737,South Sudan PHCC Kit 2018-Med Dev & Diag,S9997735,SUB 5/8 SSPHCC2018-Med Dev&Diag S9906737,,
1426,,,S9906737,South Sudan PHCC Kit 2018-Med Dev & Diag,S9997735,SUB 5/8 SSPHCC2018-Med Dev&Diag S9906737,,
1427,,,S9906737,South Sudan PHCC Kit 2018-Med Dev & Diag,S9997736,SUB 6/8 SSPHCC2018-Med Dev&Diag S9906737,,
1428,,,S9906737,South Sudan PHCC Kit 2018-Med Dev & Diag,S9997736,SUB 6/8 SSPHCC2018-Med Dev&Diag S9906737,,
1429,,,S9906737,South Sudan PHCC Kit 2018-Med Dev & Diag,S9997737,SUB 7/8 SSPHCC2018-Med Dev&Diag S9906737,,
1430,,,S9906737,South Sudan PHCC Kit 2018-Med Dev & Diag,S9997737,SUB 7/8 SSPHCC2018-Med Dev&Diag S9906737,,
1431,,,S9906737,South Sudan PHCC Kit 2018-Med Dev & Diag,S9997738,SUB 8/8 SSPHCC2018-Med Dev&Diag S9906737,,
1432,,,S9906737,South Sudan PHCC Kit 2018-Med Dev & Diag,S9997738,SUB 8/8 SSPHCC2018-Med Dev&Diag S9906737,,
1433,,,S9906737,South Sudan PHCC Kit 2018-Med Dev & Diag,S9997731,SUB 1/8 SSPHCC2018-Med Dev&Diag S9906737,S9997739,PP 1/2 F SUB 1/8 SSPHCC2018-Med S9906737
1434,,,S9906737,South Sudan PHCC Kit 2018-Med Dev & Diag,S9997731,SUB 1/8 SSPHCC2018-Med Dev&Diag S9906737,S9997739,PP 1/2 F SUB 1/8 SSPHCC2018-Med S9906737
1435,,,S9906737,South Sudan PHCC Kit 2018-Med Dev & Diag,S9997731,SUB 1/8 SSPHCC2018-Med Dev&Diag S9906737,S9997739,PP 1/2 F SUB 1/8 SSPHCC2018-Med S9906737
1436,,,S9906737,South Sudan PHCC Kit 2018-Med Dev & Diag,S9997731,SUB 1/8 SSPHCC2018-Med Dev&Diag S9906737,S9997730,PP 2/2 F SUB 1/8 SSPHCC2018-Med S9906737
1437,,,S9906737,South Sudan PHCC Kit 2018-Med Dev & Diag,S9997731,SUB 1/8 SSPHCC2018-Med Dev&Diag S9906737,S9997730,PP 2/2 F SUB 1/8 SSPHCC2018-Med S9906737
1438,,,S9906737,South Sudan PHCC Kit 2018-Med Dev & Diag,S9997731,SUB 1/8 SSPHCC2018-Med Dev&Diag S9906737,S9997730,PP 2/2 F SUB 1/8 SSPHCC2018-Med S9906737
1439,,,S9906742,Mozambique Community Health Worker Kit,,,,
1440,,,S9906742,Mozambique Community Health Worker Kit,,,,
1441,,,S9906742,Mozambique Community Health Worker Kit,,,,
1442,,,S9906742,Mozambique Community Health Worker Kit,,,,
1443,,,S9906742,Mozambique Community Health Worker Kit,,,,
1444,,,S9906742,Mozambique Community Health Worker Kit,,,,
1445,,,S9906742,Mozambique Community Health Worker Kit,,,,
1446,,,S9906742,Mozambique Community Health Worker Kit,,,,
1447,,,S9906742,Mozambique Community Health Worker Kit,,,,
1448,,,S9906742,Mozambique Community Health Worker Kit,,,S9999150,Prepack 1/1 Mozambique  Kit 2016
1449,,,S9906742,Mozambique Community Health Worker Kit,,,S9999150,Prepack 1/1 Mozambique  Kit 2016
1450,,,S9906742,Mozambique Community Health Worker Kit,,,S9999150,Prepack 1/1 Mozambique  Kit 2016
1451,,,S9906742,Mozambique Community Health Worker Kit,,,S9999150,Prepack 1/1 Mozambique  Kit 2016
1452,,,S9906742,Mozambique Community Health Worker Kit,,,S9999150,Prepack 1/1 Mozambique  Kit 2016
1453,,,S9906742,Mozambique Community Health Worker Kit,,,S9999150,Prepack 1/1 Mozambique  Kit 2016
1454,,,S9906742,Mozambique Community Health Worker Kit,,,S9999150,Prepack 1/1 Mozambique  Kit 2016
1455,,,S9906742,Mozambique Community Health Worker Kit,,,S9999150,Prepack 1/1 Mozambique  Kit 2016
1456,,,S9906742,Mozambique Community Health Worker Kit,,,S9999150,Prepack 1/1 Mozambique  Kit 2016
1457,,,S9906742,Mozambique Community Health Worker Kit,,,S9999150,Prepack 1/1 Mozambique  Kit 2016
1458,,,S9906742,Mozambique Community Health Worker Kit,,,S9999150,Prepack 1/1 Mozambique  Kit 2016
1459,,,S9906742,Mozambique Community Health Worker Kit,,,S9999150,Prepack 1/1 Mozambique  Kit 2016
1460,,,S9906753,"Nut kit,Inpatient, Ethiop.Mod. Med. Supp",S9996752,"SUB1/2 Nut kit,I Ethiop.Mod F S9906753",,
1461,,,S9906753,"Nut kit,Inpatient, Ethiop.Mod. Med. Supp",S9996752,"SUB1/2 Nut kit,I Ethiop.Mod F S9906753",,
1462,,,S9906753,"Nut kit,Inpatient, Ethiop.Mod. Med. Supp",S9996752,"SUB1/2 Nut kit,I Ethiop.Mod F S9906753",,
1463,,,S9906753,"Nut kit,Inpatient, Ethiop.Mod. Med. Supp",S9996752,"SUB1/2 Nut kit,I Ethiop.Mod F S9906753",,
1464,,,S9906753,"Nut kit,Inpatient, Ethiop.Mod. Med. Supp",S9996752,"SUB1/2 Nut kit,I Ethiop.Mod F S9906753",,
1465,,,S9906753,"Nut kit,Inpatient, Ethiop.Mod. Med. Supp",S9996752,"SUB1/2 Nut kit,I Ethiop.Mod F S9906753",,
1466,,,S9906753,"Nut kit,Inpatient, Ethiop.Mod. Med. Supp",S9996752,"SUB1/2 Nut kit,I Ethiop.Mod F S9906753",,
1467,,,S9906753,"Nut kit,Inpatient, Ethiop.Mod. Med. Supp",S9996752,"SUB1/2 Nut kit,I Ethiop.Mod F S9906753",,
1468,,,S9906753,"Nut kit,Inpatient, Ethiop.Mod. Med. Supp",S9996752,"SUB1/2 Nut kit,I Ethiop.Mod F S9906753",,
1469,,,S9906753,"Nut kit,Inpatient, Ethiop.Mod. Med. Supp",S9996752,"SUB1/2 Nut kit,I Ethiop.Mod F S9906753",,
1470,,,S9906753,"Nut kit,Inpatient, Ethiop.Mod. Med. Supp",S9996753,"SUB2/2 Nut kit,I Ethiop.Mod F S9906753",,
1471,,,S9906753,"Nut kit,Inpatient, Ethiop.Mod. Med. Supp",S9996753,"SUB2/2 Nut kit,I Ethiop.Mod F S9906753",,
1472,,,S9906753,"Nut kit,Inpatient, Ethiop.Mod. Med. Supp",S9996753,"SUB2/2 Nut kit,I Ethiop.Mod F S9906753",,
1473,,,S9906753,"Nut kit,Inpatient, Ethiop.Mod. Med. Supp",S9996753,"SUB2/2 Nut kit,I Ethiop.Mod F S9906753",,
1474,,,S9906753,"Nut kit,Inpatient, Ethiop.Mod. Med. Supp",S9996753,"SUB2/2 Nut kit,I Ethiop.Mod F S9906753",,
1475,,,S9906753,"Nut kit,Inpatient, Ethiop.Mod. Med. Supp",S9996753,"SUB2/2 Nut kit,I Ethiop.Mod F S9906753",,
1476,,,S9906753,"Nut kit,Inpatient, Ethiop.Mod. Med. Supp",S9996753,"SUB2/2 Nut kit,I Ethiop.Mod F S9906753",,
1477,,,S9906753,"Nut kit,Inpatient, Ethiop.Mod. Med. Supp",S9996753,"SUB2/2 Nut kit,I Ethiop.Mod F S9906753",,
1478,,,S9906753,"Nut kit,Inpatient, Ethiop.Mod. Med. Supp",S9996753,"SUB2/2 Nut kit,I Ethiop.Mod F S9906753",,
1479,,,S9906753,"Nut kit,Inpatient, Ethiop.Mod. Med. Supp",S9996753,"SUB2/2 Nut kit,I Ethiop.Mod F S9906753",,
1480,,,S9906753,"Nut kit,Inpatient, Ethiop.Mod. Med. Supp",S9996753,"SUB2/2 Nut kit,I Ethiop.Mod F S9906753",,
1481,,,S9906753,"Nut kit,Inpatient, Ethiop.Mod. Med. Supp",S9996753,"SUB2/2 Nut kit,I Ethiop.Mod F S9906753",,
1482,,,S9906753,"Nut kit,Inpatient, Ethiop.Mod. Med. Supp",S9996753,"SUB2/2 Nut kit,I Ethiop.Mod F S9906753",,
1483,,,S9906753,"Nut kit,Inpatient, Ethiop.Mod. Med. Supp",S9996753,"SUB2/2 Nut kit,I Ethiop.Mod F S9906753",,
1484,,,S9906753,"Nut kit,Inpatient, Ethiop.Mod. Med. Supp",S9996753,"SUB2/2 Nut kit,I Ethiop.Mod F S9906753",,
1485,,,S9906753,"Nut kit,Inpatient, Ethiop.Mod. Med. Supp",S9996753,"SUB2/2 Nut kit,I Ethiop.Mod F S9906753",,
1486,,,S9906753,"Nut kit,Inpatient, Ethiop.Mod. Med. Supp",S9996752,"SUB1/2 Nut kit,I Ethiop.Mod F S9906753",S9996751,"Prepack. Nut kit,I Ethiop.Mod F S9906753"
1487,,,S9906753,"Nut kit,Inpatient, Ethiop.Mod. Med. Supp",S9996752,"SUB1/2 Nut kit,I Ethiop.Mod F S9906753",S9996751,"Prepack. Nut kit,I Ethiop.Mod F S9906753"
1488,,,S9906753,"Nut kit,Inpatient, Ethiop.Mod. Med. Supp",S9996752,"SUB1/2 Nut kit,I Ethiop.Mod F S9906753",S9996751,"Prepack. Nut kit,I Ethiop.Mod F S9906753"
1489,,,S9906753,"Nut kit,Inpatient, Ethiop.Mod. Med. Supp",S9996752,"SUB1/2 Nut kit,I Ethiop.Mod F S9906753",S9996751,"Prepack. Nut kit,I Ethiop.Mod F S9906753"
1490,,,S9906753,"Nut kit,Inpatient, Ethiop.Mod. Med. Supp",S9996752,"SUB1/2 Nut kit,I Ethiop.Mod F S9906753",S9996751,"Prepack. Nut kit,I Ethiop.Mod F S9906753"
1491,,,S9906753,"Nut kit,Inpatient, Ethiop.Mod. Med. Supp",S9996752,"SUB1/2 Nut kit,I Ethiop.Mod F S9906753",S9996751,"Prepack. Nut kit,I Ethiop.Mod F S9906753"
1492,,,S9906753,"Nut kit,Inpatient, Ethiop.Mod. Med. Supp",S9996752,"SUB1/2 Nut kit,I Ethiop.Mod F S9906753",S9996751,"Prepack. Nut kit,I Ethiop.Mod F S9906753"
1493,,,S9906753,"Nut kit,Inpatient, Ethiop.Mod. Med. Supp",S9996752,"SUB1/2 Nut kit,I Ethiop.Mod F S9906753",S9996751,"Prepack. Nut kit,I Ethiop.Mod F S9906753"
1494,,,S9906754,"Nutrition Kit, Anthropometric. ETH",S9996755,"SUB 2/2 S9906754 Nut,Anthropometric. ETH",,
1495,,,S9906754,"Nutrition Kit, Anthropometric. ETH",S9996755,"SUB 2/2 S9906754 Nut,Anthropometric. ETH",,
1496,,,S9906754,"Nutrition Kit, Anthropometric. ETH",S9996754,"SUB 1/2 S9906754 Nut,Anthropometric. ETH",,
1497,,,S9906754,"Nutrition Kit, Anthropometric. ETH",S9996754,"SUB 1/2 S9906754 Nut,Anthropometric. ETH",,
1498,,,S9906754,"Nutrition Kit, Anthropometric. ETH",S9996754,"SUB 1/2 S9906754 Nut,Anthropometric. ETH",,
1499,,,S9906754,"Nutrition Kit, Anthropometric. ETH",S9996754,"SUB 1/2 S9906754 Nut,Anthropometric. ETH",,
1500,,,S9906754,"Nutrition Kit, Anthropometric. ETH",S9996754,"SUB 1/2 S9906754 Nut,Anthropometric. ETH",,
1501,,,S9906754,"Nutrition Kit, Anthropometric. ETH",S9996754,"SUB 1/2 S9906754 Nut,Anthropometric. ETH",,
1502,,,S9906754,"Nutrition Kit, Anthropometric. ETH",S9996754,"SUB 1/2 S9906754 Nut,Anthropometric. ETH",,
1503,,,S9906754,"Nutrition Kit, Anthropometric. ETH",S9996754,"SUB 1/2 S9906754 Nut,Anthropometric. ETH",,
1504,,,S9906754,"Nutrition Kit, Anthropometric. ETH",S9996754,"SUB 1/2 S9906754 Nut,Anthropometric. ETH",,
1505,,,S9906754,"Nutrition Kit, Anthropometric. ETH",S9996754,"SUB 1/2 S9906754 Nut,Anthropometric. ETH",,
1506,,,S9906754,"Nutrition Kit, Anthropometric. ETH",S9996754,"SUB 1/2 S9906754 Nut,Anthropometric. ETH",,
1507,,,S9906754,"Nutrition Kit, Anthropometric. ETH",S9996754,"SUB 1/2 S9906754 Nut,Anthropometric. ETH",,
1508,,,S9906754,"Nutrition Kit, Anthropometric. ETH",S9996754,"SUB 1/2 S9906754 Nut,Anthropometric. ETH",,
1509,,,S9906754,"Nutrition Kit, Anthropometric. ETH",S9996754,"SUB 1/2 S9906754 Nut,Anthropometric. ETH",,
1510,,,S9906754,"Nutrition Kit, Anthropometric. ETH",S9996754,"SUB 1/2 S9906754 Nut,Anthropometric. ETH",,
1511,,,S9906754,"Nutrition Kit, Anthropometric. ETH",S9996754,"SUB 1/2 S9906754 Nut,Anthropometric. ETH",,
1512,,,S9906754,"Nutrition Kit, Anthropometric. ETH",S9996754,"SUB 1/2 S9906754 Nut,Anthropometric. ETH",,
1513,,,S9906754,"Nutrition Kit, Anthropometric. ETH",S9996754,"SUB 1/2 S9906754 Nut,Anthropometric. ETH",,
1514,,,S9906754,"Nutrition Kit, Anthropometric. ETH",S9996754,"SUB 1/2 S9906754 Nut,Anthropometric. ETH",,
1515,,,S9906754,"Nutrition Kit, Anthropometric. ETH",S9996754,"SUB 1/2 S9906754 Nut,Anthropometric. ETH",,
1516,,,S9906754,"Nutrition Kit, Anthropometric. ETH",S9996754,"SUB 1/2 S9906754 Nut,Anthropometric. ETH",,
1517,,,S9906791,"Mali, in-patient CMAM kit, version 2014",S9999751,"Subkit 1/6 Mali, in-patient CMAM kit",,
1518,,,S9906791,"Mali, in-patient CMAM kit, version 2014",S9999751,"Subkit 1/6 Mali, in-patient CMAM kit",,
1519,,,S9906791,"Mali, in-patient CMAM kit, version 2014",S9999751,"Subkit 1/6 Mali, in-patient CMAM kit",,
1520,,,S9906791,"Mali, in-patient CMAM kit, version 2014",S9999751,"Subkit 1/6 Mali, in-patient CMAM kit",,
1521,,,S9906791,"Mali, in-patient CMAM kit, version 2014",S9999751,"Subkit 1/6 Mali, in-patient CMAM kit",,
1522,,,S9906791,"Mali, in-patient CMAM kit, version 2014",S9999751,"Subkit 1/6 Mali, in-patient CMAM kit",,
1523,,,S9906791,"Mali, in-patient CMAM kit, version 2014",S9999751,"Subkit 1/6 Mali, in-patient CMAM kit",,
1524,,,S9906791,"Mali, in-patient CMAM kit, version 2014",S9999751,"Subkit 1/6 Mali, in-patient CMAM kit",,
1525,,,S9906791,"Mali, in-patient CMAM kit, version 2014",S9999751,"Subkit 1/6 Mali, in-patient CMAM kit",,
1526,,,S9906791,"Mali, in-patient CMAM kit, version 2014",S9999752,"Subkit 2/6 Mali, in-patient CMAM kit",,
1527,,,S9906791,"Mali, in-patient CMAM kit, version 2014",S9999752,"Subkit 2/6 Mali, in-patient CMAM kit",,
1528,,,S9906791,"Mali, in-patient CMAM kit, version 2014",S9999752,"Subkit 2/6 Mali, in-patient CMAM kit",,
1529,,,S9906791,"Mali, in-patient CMAM kit, version 2014",S9999752,"Subkit 2/6 Mali, in-patient CMAM kit",,
1530,,,S9906791,"Mali, in-patient CMAM kit, version 2014",S9999752,"Subkit 2/6 Mali, in-patient CMAM kit",,
1531,,,S9906791,"Mali, in-patient CMAM kit, version 2014",S9999752,"Subkit 2/6 Mali, in-patient CMAM kit",,
1532,,,S9906791,"Mali, in-patient CMAM kit, version 2014",S9999752,"Subkit 2/6 Mali, in-patient CMAM kit",,
1533,,,S9906791,"Mali, in-patient CMAM kit, version 2014",S9999752,"Subkit 2/6 Mali, in-patient CMAM kit",,
1534,,,S9906791,"Mali, in-patient CMAM kit, version 2014",S9999752,"Subkit 2/6 Mali, in-patient CMAM kit",,
1535,,,S9906791,"Mali, in-patient CMAM kit, version 2014",S9999752,"Subkit 2/6 Mali, in-patient CMAM kit",,
1536,,,S9906791,"Mali, in-patient CMAM kit, version 2014",S9999753,"Subkit 3/6 Mali, in-patient CMAM kit",,
1537,,,S9906791,"Mali, in-patient CMAM kit, version 2014",S9999753,"Subkit 3/6 Mali, in-patient CMAM kit",,
1538,,,S9906791,"Mali, in-patient CMAM kit, version 2014",S9999753,"Subkit 3/6 Mali, in-patient CMAM kit",,
1539,,,S9906791,"Mali, in-patient CMAM kit, version 2014",S9999753,"Subkit 3/6 Mali, in-patient CMAM kit",,
1540,,,S9906791,"Mali, in-patient CMAM kit, version 2014",S9999753,"Subkit 3/6 Mali, in-patient CMAM kit",,
1541,,,S9906791,"Mali, in-patient CMAM kit, version 2014",S9999753,"Subkit 3/6 Mali, in-patient CMAM kit",,
1542,,,S9906791,"Mali, in-patient CMAM kit, version 2014",S9999753,"Subkit 3/6 Mali, in-patient CMAM kit",,
1543,,,S9906791,"Mali, in-patient CMAM kit, version 2014",S9999753,"Subkit 3/6 Mali, in-patient CMAM kit",,
1544,,,S9906791,"Mali, in-patient CMAM kit, version 2014",S9999753,"Subkit 3/6 Mali, in-patient CMAM kit",,
1545,,,S9906791,"Mali, in-patient CMAM kit, version 2014",S9999753,"Subkit 3/6 Mali, in-patient CMAM kit",,
1546,,,S9906791,"Mali, in-patient CMAM kit, version 2014",S9999753,"Subkit 3/6 Mali, in-patient CMAM kit",,
1547,,,S9906791,"Mali, in-patient CMAM kit, version 2014",S9999753,"Subkit 3/6 Mali, in-patient CMAM kit",,
1548,,,S9906791,"Mali, in-patient CMAM kit, version 2014",S9999753,"Subkit 3/6 Mali, in-patient CMAM kit",,
1549,,,S9906791,"Mali, in-patient CMAM kit, version 2014",S9999753,"Subkit 3/6 Mali, in-patient CMAM kit",,
1550,,,S9906791,"Mali, in-patient CMAM kit, version 2014",S9999753,"Subkit 3/6 Mali, in-patient CMAM kit",,
1551,,,S9906791,"Mali, in-patient CMAM kit, version 2014",S9999754,"Subkit 4/6 Mali, in-patient CMAM kit",,
1552,,,S9906791,"Mali, in-patient CMAM kit, version 2014",S9999754,"Subkit 4/6 Mali, in-patient CMAM kit",,
1553,,,S9906791,"Mali, in-patient CMAM kit, version 2014",S9999754,"Subkit 4/6 Mali, in-patient CMAM kit",,
1554,,,S9906791,"Mali, in-patient CMAM kit, version 2014",S9999755,"Subkit 5/6 Mali, in-patient CMAM kit",,
1555,,,S9906791,"Mali, in-patient CMAM kit, version 2014",S9999755,"Subkit 5/6 Mali, in-patient CMAM kit",,
1556,,,S9906791,"Mali, in-patient CMAM kit, version 2014",S9999756,"Subkit 6/6 Mali, in-patient CMAM kit",,
1557,,,S9906791,"Mali, in-patient CMAM kit, version 2014",S9999756,"Subkit 6/6 Mali, in-patient CMAM kit",,
1558,,,S9906791,"Mali, in-patient CMAM kit, version 2014",S9999751,"Subkit 1/6 Mali, in-patient CMAM kit",S9999691,"Prepack 1/4 Mali, in-patient CMAM kit"
1559,,,S9906791,"Mali, in-patient CMAM kit, version 2014",S9999751,"Subkit 1/6 Mali, in-patient CMAM kit",S9999691,"Prepack 1/4 Mali, in-patient CMAM kit"
1560,,,S9906791,"Mali, in-patient CMAM kit, version 2014",S9999751,"Subkit 1/6 Mali, in-patient CMAM kit",S9999691,"Prepack 1/4 Mali, in-patient CMAM kit"
1561,,,S9906791,"Mali, in-patient CMAM kit, version 2014",S9999751,"Subkit 1/6 Mali, in-patient CMAM kit",S9999691,"Prepack 1/4 Mali, in-patient CMAM kit"
1562,,,S9906791,"Mali, in-patient CMAM kit, version 2014",S9999751,"Subkit 1/6 Mali, in-patient CMAM kit",S9999691,"Prepack 1/4 Mali, in-patient CMAM kit"
1563,,,S9906791,"Mali, in-patient CMAM kit, version 2014",S9999751,"Subkit 1/6 Mali, in-patient CMAM kit",S9999691,"Prepack 1/4 Mali, in-patient CMAM kit"
1564,,,S9906791,"Mali, in-patient CMAM kit, version 2014",S9999751,"Subkit 1/6 Mali, in-patient CMAM kit",S9999691,"Prepack 1/4 Mali, in-patient CMAM kit"
1565,,,S9906791,"Mali, in-patient CMAM kit, version 2014",S9999751,"Subkit 1/6 Mali, in-patient CMAM kit",S9999691,"Prepack 1/4 Mali, in-patient CMAM kit"
1566,,,S9906791,"Mali, in-patient CMAM kit, version 2014",S9999751,"Subkit 1/6 Mali, in-patient CMAM kit",S9999691,"Prepack 1/4 Mali, in-patient CMAM kit"
1567,,,S9906791,"Mali, in-patient CMAM kit, version 2014",S9999751,"Subkit 1/6 Mali, in-patient CMAM kit",S9999691,"Prepack 1/4 Mali, in-patient CMAM kit"
1568,,,S9906791,"Mali, in-patient CMAM kit, version 2014",S9999751,"Subkit 1/6 Mali, in-patient CMAM kit",S9999691,"Prepack 1/4 Mali, in-patient CMAM kit"
1569,,,S9906791,"Mali, in-patient CMAM kit, version 2014",S9999751,"Subkit 1/6 Mali, in-patient CMAM kit",S9999691,"Prepack 1/4 Mali, in-patient CMAM kit"
1570,,,S9906791,"Mali, in-patient CMAM kit, version 2014",S9999751,"Subkit 1/6 Mali, in-patient CMAM kit",S9999691,"Prepack 1/4 Mali, in-patient CMAM kit"
1571,,,S9906791,"Mali, in-patient CMAM kit, version 2014",S9999751,"Subkit 1/6 Mali, in-patient CMAM kit",S9999692,"Prepack 2/4 Mali, in-patient CMAM kit"
1572,,,S9906791,"Mali, in-patient CMAM kit, version 2014",S9999751,"Subkit 1/6 Mali, in-patient CMAM kit",S9999692,"Prepack 2/4 Mali, in-patient CMAM kit"
1573,,,S9906791,"Mali, in-patient CMAM kit, version 2014",S9999751,"Subkit 1/6 Mali, in-patient CMAM kit",S9999692,"Prepack 2/4 Mali, in-patient CMAM kit"
1574,,,S9906791,"Mali, in-patient CMAM kit, version 2014",S9999751,"Subkit 1/6 Mali, in-patient CMAM kit",S9999692,"Prepack 2/4 Mali, in-patient CMAM kit"
1575,,,S9906791,"Mali, in-patient CMAM kit, version 2014",S9999751,"Subkit 1/6 Mali, in-patient CMAM kit",S9999692,"Prepack 2/4 Mali, in-patient CMAM kit"
1576,,,S9906791,"Mali, in-patient CMAM kit, version 2014",S9999751,"Subkit 1/6 Mali, in-patient CMAM kit",S9999692,"Prepack 2/4 Mali, in-patient CMAM kit"
1577,,,S9906791,"Mali, in-patient CMAM kit, version 2014",S9999751,"Subkit 1/6 Mali, in-patient CMAM kit",S9999692,"Prepack 2/4 Mali, in-patient CMAM kit"
1578,,,S9906791,"Mali, in-patient CMAM kit, version 2014",S9999751,"Subkit 1/6 Mali, in-patient CMAM kit",S9999692,"Prepack 2/4 Mali, in-patient CMAM kit"
1579,,,S9906791,"Mali, in-patient CMAM kit, version 2014",S9999751,"Subkit 1/6 Mali, in-patient CMAM kit",S9999692,"Prepack 2/4 Mali, in-patient CMAM kit"
1580,,,S9906791,"Mali, in-patient CMAM kit, version 2014",S9999751,"Subkit 1/6 Mali, in-patient CMAM kit",S9999692,"Prepack 2/4 Mali, in-patient CMAM kit"
1581,,,S9906791,"Mali, in-patient CMAM kit, version 2014",S9999751,"Subkit 1/6 Mali, in-patient CMAM kit",S9999692,"Prepack 2/4 Mali, in-patient CMAM kit"
1582,,,S9906791,"Mali, in-patient CMAM kit, version 2014",S9999752,"Subkit 2/6 Mali, in-patient CMAM kit",S9999693,"Prepack 3/4 Mali, in-patient CMAM kit"
1583,,,S9906791,"Mali, in-patient CMAM kit, version 2014",S9999752,"Subkit 2/6 Mali, in-patient CMAM kit",S9999693,"Prepack 3/4 Mali, in-patient CMAM kit"
1584,,,S9906791,"Mali, in-patient CMAM kit, version 2014",S9999752,"Subkit 2/6 Mali, in-patient CMAM kit",S9999693,"Prepack 3/4 Mali, in-patient CMAM kit"
1585,,,S9906791,"Mali, in-patient CMAM kit, version 2014",S9999753,"Subkit 3/6 Mali, in-patient CMAM kit",S9999694,"Prepack 4/4 Mali, in-patient CMAM kit"
1586,,,S9906791,"Mali, in-patient CMAM kit, version 2014",S9999753,"Subkit 3/6 Mali, in-patient CMAM kit",S9999694,"Prepack 4/4 Mali, in-patient CMAM kit"
1587,,,S9906791,"Mali, in-patient CMAM kit, version 2014",S9999753,"Subkit 3/6 Mali, in-patient CMAM kit",S9999694,"Prepack 4/4 Mali, in-patient CMAM kit"
1588,,,S9906791,"Mali, in-patient CMAM kit, version 2014",S9999753,"Subkit 3/6 Mali, in-patient CMAM kit",S9999694,"Prepack 4/4 Mali, in-patient CMAM kit"
1589,,,S9906791,"Mali, in-patient CMAM kit, version 2014",S9999753,"Subkit 3/6 Mali, in-patient CMAM kit",S9999694,"Prepack 4/4 Mali, in-patient CMAM kit"
1590,,,S9906797,"Ethiopia Midwifery kit,2-equipment V2",,,,
1591,,,S9906797,"Ethiopia Midwifery kit,2-equipment V2",,,,
1592,,,S9906797,"Ethiopia Midwifery kit,2-equipment V2",,,,
1593,,,S9906797,"Ethiopia Midwifery kit,2-equipment V2",,,,
1594,,,S9906797,"Ethiopia Midwifery kit,2-equipment V2",,,,
1595,,,S9906797,"Ethiopia Midwifery kit,2-equipment V2",,,,
1596,,,S9906797,"Ethiopia Midwifery kit,2-equipment V2",,,,
1597,,,S9906797,"Ethiopia Midwifery kit,2-equipment V2",,,,
1598,,,S9906797,"Ethiopia Midwifery kit,2-equipment V2",,,,
1599,,,S9906797,"Ethiopia Midwifery kit,2-equipment V2",,,S9999760,Prepack1/1 Ethiopia Mid.2-Equip.
1600,,,S9906797,"Ethiopia Midwifery kit,2-equipment V2",,,S9999760,Prepack1/1 Ethiopia Mid.2-Equip.
1601,,,S9906797,"Ethiopia Midwifery kit,2-equipment V2",,,S9999760,Prepack1/1 Ethiopia Mid.2-Equip.
1602,,,S9906797,"Ethiopia Midwifery kit,2-equipment V2",,,S9999760,Prepack1/1 Ethiopia Mid.2-Equip.
1603,,,S9906797,"Ethiopia Midwifery kit,2-equipment V2",,,S9999760,Prepack1/1 Ethiopia Mid.2-Equip.
1604,,,S9906797,"Ethiopia Midwifery kit,2-equipment V2",,,S9999760,Prepack1/1 Ethiopia Mid.2-Equip.
1605,,,S9906797,"Ethiopia Midwifery kit,2-equipment V2",,,S9999760,Prepack1/1 Ethiopia Mid.2-Equip.
1606,,,S9906797,"Ethiopia Midwifery kit,2-equipment V2",,,S9999760,Prepack1/1 Ethiopia Mid.2-Equip.
1607,,,S9906797,"Ethiopia Midwifery kit,2-equipment V2",,,S9999760,Prepack1/1 Ethiopia Mid.2-Equip.
1608,,,S9906797,"Ethiopia Midwifery kit,2-equipment V2",,,S9999760,Prepack1/1 Ethiopia Mid.2-Equip.
1609,,,S9906797,"Ethiopia Midwifery kit,2-equipment V2",,,S9999760,Prepack1/1 Ethiopia Mid.2-Equip.
1610,,,S9906797,"Ethiopia Midwifery kit,2-equipment V2",,,S9999760,Prepack1/1 Ethiopia Mid.2-Equip.
1611,,,S9906797,"Ethiopia Midwifery kit,2-equipment V2",,,S9999760,Prepack1/1 Ethiopia Mid.2-Equip.
1612,,,S9906797,"Ethiopia Midwifery kit,2-equipment V2",,,S9999760,Prepack1/1 Ethiopia Mid.2-Equip.
1613,,,S9906797,"Ethiopia Midwifery kit,2-equipment V2",,,S9999760,Prepack1/1 Ethiopia Mid.2-Equip.
1614,,,S9906797,"Ethiopia Midwifery kit,2-equipment V2",,,S9999760,Prepack1/1 Ethiopia Mid.2-Equip.
1615,,,S9906797,"Ethiopia Midwifery kit,2-equipment V2",,,S9999760,Prepack1/1 Ethiopia Mid.2-Equip.
1616,,,S9906797,"Ethiopia Midwifery kit,2-equipment V2",,,S9999760,Prepack1/1 Ethiopia Mid.2-Equip.
1617,,,S9906797,"Ethiopia Midwifery kit,2-equipment V2",,,S9999760,Prepack1/1 Ethiopia Mid.2-Equip.
1618,,,S9906797,"Ethiopia Midwifery kit,2-equipment V2",,,S9999603,"Ethiopia Surg.inst.,delivery /SET"
1619,,,S9906797,"Ethiopia Midwifery kit,2-equipment V2",,,S9999603,"Ethiopia Surg.inst.,delivery /SET"
1620,,,S9906797,"Ethiopia Midwifery kit,2-equipment V2",,,S9999603,"Ethiopia Surg.inst.,delivery /SET"
1621,,,S9906797,"Ethiopia Midwifery kit,2-equipment V2",,,S9999603,"Ethiopia Surg.inst.,delivery /SET"
1622,,,S9906797,"Ethiopia Midwifery kit,2-equipment V2",,,S9999604,"Ethiopia Surg.inst.,suture /SET"
1623,,,S9906797,"Ethiopia Midwifery kit,2-equipment V2",,,S9999604,"Ethiopia Surg.inst.,suture /SET"
1624,,,S9906797,"Ethiopia Midwifery kit,2-equipment V2",,,S9999604,"Ethiopia Surg.inst.,suture /SET"
1625,,,S9906797,"Ethiopia Midwifery kit,2-equipment V2",,,S9999604,"Ethiopia Surg.inst.,suture /SET"
1626,,,S9906797,"Ethiopia Midwifery kit,2-equipment V2",,,S9999604,"Ethiopia Surg.inst.,suture /SET"
1627,,,S9906797,"Ethiopia Midwifery kit,2-equipment V2",,,S9999604,"Ethiopia Surg.inst.,suture /SET"
1628,,,S9906797,"Ethiopia Midwifery kit,2-equipment V2",,,S9999604,"Ethiopia Surg.inst.,suture /SET"
1629,,,S9999604,"Ethiopia Surg.inst.,suture /SET",,,,
1630,,,S9999604,"Ethiopia Surg.inst.,suture /SET",,,,
1631,,,S9999604,"Ethiopia Surg.inst.,suture /SET",,,,
1632,,,S9999604,"Ethiopia Surg.inst.,suture /SET",,,,
1633,,,S9999604,"Ethiopia Surg.inst.,suture /SET",,,,
1634,,,S9999604,"Ethiopia Surg.inst.,suture /SET",,,,
1635,,,S9999603,"Ethiopia Surg.inst.,delivery /SET",,,,
1636,,,S9999603,"Ethiopia Surg.inst.,delivery /SET",,,,
1637,,,S9999603,"Ethiopia Surg.inst.,delivery /SET",,,,
1638,,,S9906800,Yemen Primary Health Kit 2021-Basic meds,S9986721,SUB 1/3  Yemen PHK 2021-Basic S9906800,,
1639,,,S9906800,Yemen Primary Health Kit 2021-Basic meds,S9986721,SUB 1/3  Yemen PHK 2021-Basic S9906800,,
1640,,,S9906800,Yemen Primary Health Kit 2021-Basic meds,S9986721,SUB 1/3  Yemen PHK 2021-Basic S9906800,,
1641,,,S9906800,Yemen Primary Health Kit 2021-Basic meds,S9986721,SUB 1/3  Yemen PHK 2021-Basic S9906800,,
1642,,,S9906800,Yemen Primary Health Kit 2021-Basic meds,S9986721,SUB 1/3  Yemen PHK 2021-Basic S9906800,,
1643,,,S9906800,Yemen Primary Health Kit 2021-Basic meds,S9986722,SUB 2/3  Yemen PHK 2021-Basic S9906800,,
1644,,,S9906800,Yemen Primary Health Kit 2021-Basic meds,S9986722,SUB 2/3  Yemen PHK 2021-Basic S9906800,,
1645,,,S9906800,Yemen Primary Health Kit 2021-Basic meds,S9986722,SUB 2/3  Yemen PHK 2021-Basic S9906800,,
1646,,,S9906800,Yemen Primary Health Kit 2021-Basic meds,S9986722,SUB 2/3  Yemen PHK 2021-Basic S9906800,,
1647,,,S9906800,Yemen Primary Health Kit 2021-Basic meds,S9986722,SUB 2/3  Yemen PHK 2021-Basic S9906800,,
1648,,,S9906800,Yemen Primary Health Kit 2021-Basic meds,S9986722,SUB 2/3  Yemen PHK 2021-Basic S9906800,,
1649,,,S9906800,Yemen Primary Health Kit 2021-Basic meds,S9986722,SUB 2/3  Yemen PHK 2021-Basic S9906800,,
1650,,,S9906800,Yemen Primary Health Kit 2021-Basic meds,S9986723,SUB 3/3  Yemen PHK 2021-Basic S9906800,,
1651,,,S9906800,Yemen Primary Health Kit 2021-Basic meds,S9986723,SUB 3/3  Yemen PHK 2021-Basic S9906800,,
1652,,,S9906800,Yemen Primary Health Kit 2021-Basic meds,S9986723,SUB 3/3  Yemen PHK 2021-Basic S9906800,,
1653,,,S9906800,Yemen Primary Health Kit 2021-Basic meds,S9986721,SUB 1/3  Yemen PHK 2021-Basic S9906800,S9986716,PP 1/3 F Sub 1/3 Yemen PHK S9906800
1654,,,S9906800,Yemen Primary Health Kit 2021-Basic meds,S9986721,SUB 1/3  Yemen PHK 2021-Basic S9906800,S9986716,PP 1/3 F Sub 1/3 Yemen PHK S9906800
1655,,,S9906800,Yemen Primary Health Kit 2021-Basic meds,S9986721,SUB 1/3  Yemen PHK 2021-Basic S9906800,S9986716,PP 1/3 F Sub 1/3 Yemen PHK S9906800
1656,,,S9906800,Yemen Primary Health Kit 2021-Basic meds,S9986721,SUB 1/3  Yemen PHK 2021-Basic S9906800,S9986716,PP 1/3 F Sub 1/3 Yemen PHK S9906800
1657,,,S9906800,Yemen Primary Health Kit 2021-Basic meds,S9986721,SUB 1/3  Yemen PHK 2021-Basic S9906800,S9986716,PP 1/3 F Sub 1/3 Yemen PHK S9906800
1658,,,S9906800,Yemen Primary Health Kit 2021-Basic meds,S9986722,SUB 2/3  Yemen PHK 2021-Basic S9906800,S9986716,PP 1/3 F Sub 1/3 Yemen PHK S9906800
1659,,,S9906800,Yemen Primary Health Kit 2021-Basic meds,S9986722,SUB 2/3  Yemen PHK 2021-Basic S9906800,S9986717,PP 2/3 F Sub 2/3 Yemen PHK S9906800
1660,,,S9906800,Yemen Primary Health Kit 2021-Basic meds,S9986722,SUB 2/3  Yemen PHK 2021-Basic S9906800,S9986717,PP 2/3 F Sub 2/3 Yemen PHK S9906800
1661,,,S9906800,Yemen Primary Health Kit 2021-Basic meds,S9986722,SUB 2/3  Yemen PHK 2021-Basic S9906800,S9986717,PP 2/3 F Sub 2/3 Yemen PHK S9906800
1662,,,S9906800,Yemen Primary Health Kit 2021-Basic meds,S9986722,SUB 2/3  Yemen PHK 2021-Basic S9906800,S9986717,PP 2/3 F Sub 2/3 Yemen PHK S9906800
1663,,,S9906800,Yemen Primary Health Kit 2021-Basic meds,S9986722,SUB 2/3  Yemen PHK 2021-Basic S9906800,S9986717,PP 2/3 F Sub 2/3 Yemen PHK S9906800
1664,,,S9906800,Yemen Primary Health Kit 2021-Basic meds,S9986722,SUB 2/3  Yemen PHK 2021-Basic S9906800,S9986717,PP 2/3 F Sub 2/3 Yemen PHK S9906800
1665,,,S9906800,Yemen Primary Health Kit 2021-Basic meds,S9986722,SUB 2/3  Yemen PHK 2021-Basic S9906800,S9986717,PP 2/3 F Sub 2/3 Yemen PHK S9906800
1666,,,S9906800,Yemen Primary Health Kit 2021-Basic meds,S9986722,SUB 2/3  Yemen PHK 2021-Basic S9906800,S9986717,PP 2/3 F Sub 2/3 Yemen PHK S9906800
1667,,,S9906800,Yemen Primary Health Kit 2021-Basic meds,S9986722,SUB 2/3  Yemen PHK 2021-Basic S9906800,S9986710,PP 3/3 F Sub 2/3 Yemen PHK S9906800
1668,,,S9906800,Yemen Primary Health Kit 2021-Basic meds,S9986722,SUB 2/3  Yemen PHK 2021-Basic S9906800,S9986710,PP 3/3 F Sub 2/3 Yemen PHK S9906800
1669,,,S9906800,Yemen Primary Health Kit 2021-Basic meds,S9986722,SUB 2/3  Yemen PHK 2021-Basic S9906800,S9986710,PP 3/3 F Sub 2/3 Yemen PHK S9906800
1670,,,S9906800,Yemen Primary Health Kit 2021-Basic meds,S9986722,SUB 2/3  Yemen PHK 2021-Basic S9906800,S9986710,PP 3/3 F Sub 2/3 Yemen PHK S9906800
1671,,,S9906800,Yemen Primary Health Kit 2021-Basic meds,S9986722,SUB 2/3  Yemen PHK 2021-Basic S9906800,S9986710,PP 3/3 F Sub 2/3 Yemen PHK S9906800
1672,,,S9906800,Yemen Primary Health Kit 2021-Basic meds,S9986722,SUB 2/3  Yemen PHK 2021-Basic S9906800,S9986710,PP 3/3 F Sub 2/3 Yemen PHK S9906800
1673,,,S9906800,Yemen Primary Health Kit 2021-Basic meds,S9986722,SUB 2/3  Yemen PHK 2021-Basic S9906800,S9986710,PP 3/3 F Sub 2/3 Yemen PHK S9906800
1674,,,S9906801,Yemen Primary Health Kit2021-consumables,,,,
1675,,,S9906801,Yemen Primary Health Kit2021-consumables,,,,
1676,,,S9906801,Yemen Primary Health Kit2021-consumables,,,,
1677,,,S9906801,Yemen Primary Health Kit2021-consumables,,,,
1678,,,S9906801,Yemen Primary Health Kit2021-consumables,,,,
1679,,,S9906801,Yemen Primary Health Kit2021-consumables,,,,
1680,,,S9906801,Yemen Primary Health Kit2021-consumables,,,,
1681,,,S9906801,Yemen Primary Health Kit2021-consumables,,,,
1682,,,S9906801,Yemen Primary Health Kit2021-consumables,,,,
1683,,,S9906801,Yemen Primary Health Kit2021-consumables,,,,
1684,,,S9906801,Yemen Primary Health Kit2021-consumables,,,,
1685,,,S9906802,Yemen Primary Health Kit 2021-Suppl meds,,,,
1686,,,S9906802,Yemen Primary Health Kit 2021-Suppl meds,,,,
1687,,,S9906802,Yemen Primary Health Kit 2021-Suppl meds,,,,
1688,,,S9906802,Yemen Primary Health Kit 2021-Suppl meds,,,,
1689,,,S9906802,Yemen Primary Health Kit 2021-Suppl meds,,,,
1690,,,S9906802,Yemen Primary Health Kit 2021-Suppl meds,,,,
1691,,,S9906802,Yemen Primary Health Kit 2021-Suppl meds,,,,
1692,,,S9906802,Yemen Primary Health Kit 2021-Suppl meds,,,,
1693,,,S9906802,Yemen Primary Health Kit 2021-Suppl meds,,,,
1694,,,S9906802,Yemen Primary Health Kit 2021-Suppl meds,,,,
1695,,,S9906802,Yemen Primary Health Kit 2021-Suppl meds,,,,
1696,,,S9906802,Yemen Primary Health Kit 2021-Suppl meds,,,,
1697,,,S9906802,Yemen Primary Health Kit 2021-Suppl meds,,,,
1698,,,S9906802,Yemen Primary Health Kit 2021-Suppl meds,,,,
1699,,,S9906802,Yemen Primary Health Kit 2021-Suppl meds,,,,
1700,,,S9906802,Yemen Primary Health Kit 2021-Suppl meds,,,S9986718,PP 1/2 F Yemen PHK-Suppl meds S9906802
1701,,,S9906802,Yemen Primary Health Kit 2021-Suppl meds,,,S9986718,PP 1/2 F Yemen PHK-Suppl meds S9906802
1702,,,S9906802,Yemen Primary Health Kit 2021-Suppl meds,,,S9986718,PP 1/2 F Yemen PHK-Suppl meds S9906802
1703,,,S9906802,Yemen Primary Health Kit 2021-Suppl meds,,,S9986718,PP 1/2 F Yemen PHK-Suppl meds S9906802
1704,,,S9906802,Yemen Primary Health Kit 2021-Suppl meds,,,S9986718,PP 1/2 F Yemen PHK-Suppl meds S9906802
1705,,,S9906802,Yemen Primary Health Kit 2021-Suppl meds,,,S9986718,PP 1/2 F Yemen PHK-Suppl meds S9906802
1706,,,S9906802,Yemen Primary Health Kit 2021-Suppl meds,,,S9986718,PP 1/2 F Yemen PHK-Suppl meds S9906802
1707,,,S9906802,Yemen Primary Health Kit 2021-Suppl meds,,,S9986719,P 2/2 F Yemen PHK-Suppl meds S9906802
1708,,,S9906802,Yemen Primary Health Kit 2021-Suppl meds,,,S9986719,P 2/2 F Yemen PHK-Suppl meds S9906802
1709,,,S9906802,Yemen Primary Health Kit 2021-Suppl meds,,,S9986719,P 2/2 F Yemen PHK-Suppl meds S9906802
1710,,,S9906802,Yemen Primary Health Kit 2021-Suppl meds,,,S9986719,P 2/2 F Yemen PHK-Suppl meds S9906802
1711,,,S9906802,Yemen Primary Health Kit 2021-Suppl meds,,,S9986719,P 2/2 F Yemen PHK-Suppl meds S9906802
1712,,,S9906802,Yemen Primary Health Kit 2021-Suppl meds,,,S9986719,P 2/2 F Yemen PHK-Suppl meds S9906802
1713,,,S9906802,Yemen Primary Health Kit 2021-Suppl meds,,,S9986719,P 2/2 F Yemen PHK-Suppl meds S9906802
1714,,,S9906802,Yemen Primary Health Kit 2021-Suppl meds,,,S9986719,P 2/2 F Yemen PHK-Suppl meds S9906802
1715,,,S9908200,"Sterilization, kit C",S9999923,"Subkit 1/2 Sterilization, kit C S9908200",,
1716,,,S9908200,"Sterilization, kit C",S9999923,"Subkit 1/2 Sterilization, kit C S9908200",,
1717,,,S9908200,"Sterilization, kit C",S9999923,"Subkit 1/2 Sterilization, kit C S9908200",,
1718,,,S9908200,"Sterilization, kit C",S9999923,"Subkit 1/2 Sterilization, kit C S9908200",,
1719,,,S9908200,"Sterilization, kit C",S9999923,"Subkit 1/2 Sterilization, kit C S9908200",,
1720,,,S9908200,"Sterilization, kit C",S9999923,"Subkit 1/2 Sterilization, kit C S9908200",,
1721,,,S9908200,"Sterilization, kit C",S9999923,"Subkit 1/2 Sterilization, kit C S9908200",,
1722,,,S9908200,"Sterilization, kit C",S9999923,"Subkit 1/2 Sterilization, kit C S9908200",,
1723,,,S9908200,"Sterilization, kit C",S9999923,"Subkit 1/2 Sterilization, kit C S9908200",,
1724,,,S9908200,"Sterilization, kit C",S9999924,"Subkit 2/2 Sterilization, kit C S9908200",,
1725,,,S9908200,"Sterilization, kit C",S9999924,"Subkit 2/2 Sterilization, kit C S9908200",,
1726,,,S9908300,"Obstetric,surgical kit,suppl.1-drugs",S9999995,Sub 1/10 Obstetric S9908300(i) part 1,,
1727,,,S9908300,"Obstetric,surgical kit,suppl.1-drugs",S9999995,Sub 1/10 Obstetric S9908300(i) part 1,,
1728,,,S9908300,"Obstetric,surgical kit,suppl.1-drugs",S9999995,Sub 1/10 Obstetric S9908300(i) part 1,,
1729,,,S9908300,"Obstetric,surgical kit,suppl.1-drugs",S9999995,Sub 1/10 Obstetric S9908300(i) part 1,,
1730,,,S9908300,"Obstetric,surgical kit,suppl.1-drugs",S9999995,Sub 1/10 Obstetric S9908300(i) part 1,,
1731,,,S9908300,"Obstetric,surgical kit,suppl.1-drugs",S9999995,Sub 1/10 Obstetric S9908300(i) part 1,,
1732,,,S9908300,"Obstetric,surgical kit,suppl.1-drugs",S9999995,Sub 1/10 Obstetric S9908300(i) part 1,,
1733,,,S9908300,"Obstetric,surgical kit,suppl.1-drugs",S9999995,Sub 1/10 Obstetric S9908300(i) part 1,,
1734,,,S9908300,"Obstetric,surgical kit,suppl.1-drugs",S9999995,Sub 1/10 Obstetric S9908300(i) part 1,,
1735,,,S9908300,"Obstetric,surgical kit,suppl.1-drugs",S9999994,Sub 2/10 Obstetric S9908300(i) part 2,,
1736,,,S9908300,"Obstetric,surgical kit,suppl.1-drugs",S9999994,Sub 2/10 Obstetric S9908300(i) part 2,,
1737,,,S9908300,"Obstetric,surgical kit,suppl.1-drugs",S9999994,Sub 2/10 Obstetric S9908300(i) part 2,,
1738,,,S9908300,"Obstetric,surgical kit,suppl.1-drugs",S9999994,Sub 2/10 Obstetric S9908300(i) part 2,,
1739,,,S9908300,"Obstetric,surgical kit,suppl.1-drugs",S9999994,Sub 2/10 Obstetric S9908300(i) part 2,,
1740,,,S9908300,"Obstetric,surgical kit,suppl.1-drugs",S9999993,Sub 3/10 Obstetric S9908300(i) part 3,,
1741,,,S9908300,"Obstetric,surgical kit,suppl.1-drugs",S9999993,Sub 3/10 Obstetric S9908300(i) part 3,,
1742,,,S9908300,"Obstetric,surgical kit,suppl.1-drugs",S9999993,Sub 3/10 Obstetric S9908300(i) part 3,,
1743,,,S9908300,"Obstetric,surgical kit,suppl.1-drugs",S9999975,Sub 4/10 Obstetric S9908300(i) part 4,,
1744,,,S9908300,"Obstetric,surgical kit,suppl.1-drugs",S9999975,Sub 4/10 Obstetric S9908300(i) part 4,,
1745,,,S9908300,"Obstetric,surgical kit,suppl.1-drugs",S9999973,Sub 5/10 Obstetric S9908300(i) part 5,,
1746,,,S9908300,"Obstetric,surgical kit,suppl.1-drugs",S9999973,Sub 5/10 Obstetric S9908300(i) part 5,,
1747,,,S9908300,"Obstetric,surgical kit,suppl.1-drugs",S9999972,Sub 6/10 Obstetric S9908300(i) part 6,,
1748,,,S9908300,"Obstetric,surgical kit,suppl.1-drugs",S9999972,Sub 6/10 Obstetric S9908300(i) part 6,,
1749,,,S9908300,"Obstetric,surgical kit,suppl.1-drugs",S9999972,Sub 6/10 Obstetric S9908300(i) part 6,,
1750,,,S9908300,"Obstetric,surgical kit,suppl.1-drugs",S9999976,Sub 7/10 Obstetric S9908300(i) part 7,,
1751,,,S9908300,"Obstetric,surgical kit,suppl.1-drugs",S9999976,Sub 7/10 Obstetric S9908300(i) part 7,,
1752,,,S9908300,"Obstetric,surgical kit,suppl.1-drugs",S9999976,Sub 7/10 Obstetric S9908300(i) part 7,,
1753,,,S9908300,"Obstetric,surgical kit,suppl.1-drugs",S9999976,Sub 7/10 Obstetric S9908300(i) part 7,,
1754,,,S9908300,"Obstetric,surgical kit,suppl.1-drugs",S9999977,Sub 8/10 Obstetric S9908300(i) part 8,,
1755,,,S9908300,"Obstetric,surgical kit,suppl.1-drugs",S9999977,Sub 8/10 Obstetric S9908300(i) part 8,,
1756,,,S9908300,"Obstetric,surgical kit,suppl.1-drugs",S9999977,Sub 8/10 Obstetric S9908300(i) part 8,,
1757,,,S9908300,"Obstetric,surgical kit,suppl.1-drugs",S9999977,Sub 8/10 Obstetric S9908300(i) part 8,,
1758,,,S9908300,"Obstetric,surgical kit,suppl.1-drugs",S9999971,Sub 9/10 Obstetric S9908300(i) part 9,,
1759,,,S9908300,"Obstetric,surgical kit,suppl.1-drugs",S9999971,Sub 9/10 Obstetric S9908300(i) part 9,,
1760,,,S9908300,"Obstetric,surgical kit,suppl.1-drugs",S9999971,Sub 9/10 Obstetric S9908300(i) part 9,,
1761,,,S9908300,"Obstetric,surgical kit,suppl.1-drugs",S9999971,Sub 9/10 Obstetric S9908300(i) part 9,,
1762,,,S9908300,"Obstetric,surgical kit,suppl.1-drugs",S9999971,Sub 9/10 Obstetric S9908300(i) part 9,,
1763,,,S9908300,"Obstetric,surgical kit,suppl.1-drugs",S9999971,Sub 9/10 Obstetric S9908300(i) part 9,,
1764,,,S9908300,"Obstetric,surgical kit,suppl.1-drugs",S9999974,Sub 10/10 Obstetric S9908300 part 10-42,,
1765,,,S9908300,"Obstetric,surgical kit,suppl.1-drugs",S9999974,Sub 10/10 Obstetric S9908300 part 10-42,,
1766,,,S9908300,"Obstetric,surgical kit,suppl.1-drugs",S9999974,Sub 10/10 Obstetric S9908300 part 10-42,,
1767,,,S9908300,"Obstetric,surgical kit,suppl.1-drugs",S9999974,Sub 10/10 Obstetric S9908300 part 10-42,,
1768,,,S9908300,"Obstetric,surgical kit,suppl.1-drugs",S9999995,Sub 1/10 Obstetric S9908300(i) part 1,S9999944,"Prepack 1/2 Obstetric,surgical kit,suppl"
1769,,,S9908300,"Obstetric,surgical kit,suppl.1-drugs",S9999995,Sub 1/10 Obstetric S9908300(i) part 1,S9999944,"Prepack 1/2 Obstetric,surgical kit,suppl"
1770,,,S9908300,"Obstetric,surgical kit,suppl.1-drugs",S9999995,Sub 1/10 Obstetric S9908300(i) part 1,S9999944,"Prepack 1/2 Obstetric,surgical kit,suppl"
1771,,,S9908300,"Obstetric,surgical kit,suppl.1-drugs",S9999995,Sub 1/10 Obstetric S9908300(i) part 1,S9999944,"Prepack 1/2 Obstetric,surgical kit,suppl"
1772,,,S9908300,"Obstetric,surgical kit,suppl.1-drugs",S9999995,Sub 1/10 Obstetric S9908300(i) part 1,S9999944,"Prepack 1/2 Obstetric,surgical kit,suppl"
1773,,,S9908300,"Obstetric,surgical kit,suppl.1-drugs",S9999995,Sub 1/10 Obstetric S9908300(i) part 1,S9999944,"Prepack 1/2 Obstetric,surgical kit,suppl"
1774,,,S9908300,"Obstetric,surgical kit,suppl.1-drugs",S9999995,Sub 1/10 Obstetric S9908300(i) part 1,S9999945,"Prepack 2/2 Obstetric,surgical kit,suppl"
1775,,,S9908300,"Obstetric,surgical kit,suppl.1-drugs",S9999995,Sub 1/10 Obstetric S9908300(i) part 1,S9999945,"Prepack 2/2 Obstetric,surgical kit,suppl"
1776,,,S9908300,"Obstetric,surgical kit,suppl.1-drugs",S9999995,Sub 1/10 Obstetric S9908300(i) part 1,S9999945,"Prepack 2/2 Obstetric,surgical kit,suppl"
1777,,,S9908300,"Obstetric,surgical kit,suppl.1-drugs",S9999995,Sub 1/10 Obstetric S9908300(i) part 1,S9999945,"Prepack 2/2 Obstetric,surgical kit,suppl"
1778,,,S9908300,"Obstetric,surgical kit,suppl.1-drugs",S9999995,Sub 1/10 Obstetric S9908300(i) part 1,S9999945,"Prepack 2/2 Obstetric,surgical kit,suppl"
1779,,,S9908302,"Obstetric,surgical kit,suppl.3-renewable",S9999881,Subkit 1/6 Obstetric 3-renew.S9908302,,
1780,,,S9908302,"Obstetric,surgical kit,suppl.3-renewable",S9999881,Subkit 1/6 Obstetric 3-renew.S9908302,,
1781,,,S9908302,"Obstetric,surgical kit,suppl.3-renewable",S9999881,Subkit 1/6 Obstetric 3-renew.S9908302,,
1782,,,S9908302,"Obstetric,surgical kit,suppl.3-renewable",S9999881,Subkit 1/6 Obstetric 3-renew.S9908302,,
1783,,,S9908302,"Obstetric,surgical kit,suppl.3-renewable",S9999881,Subkit 1/6 Obstetric 3-renew.S9908302,,
1784,,,S9908302,"Obstetric,surgical kit,suppl.3-renewable",S9999881,Subkit 1/6 Obstetric 3-renew.S9908302,,
1785,,,S9908302,"Obstetric,surgical kit,suppl.3-renewable",S9999881,Subkit 1/6 Obstetric 3-renew.S9908302,,
1786,,,S9908302,"Obstetric,surgical kit,suppl.3-renewable",S9999881,Subkit 1/6 Obstetric 3-renew.S9908302,,
1787,,,S9908302,"Obstetric,surgical kit,suppl.3-renewable",S9999882,Subkit 2/6 Obstetric 3-renew.S9908302,,
1788,,,S9908302,"Obstetric,surgical kit,suppl.3-renewable",S9999882,Subkit 2/6 Obstetric 3-renew.S9908302,,
1789,,,S9908302,"Obstetric,surgical kit,suppl.3-renewable",S9999882,Subkit 2/6 Obstetric 3-renew.S9908302,,
1790,,,S9908302,"Obstetric,surgical kit,suppl.3-renewable",S9999882,Subkit 2/6 Obstetric 3-renew.S9908302,,
1791,,,S9908302,"Obstetric,surgical kit,suppl.3-renewable",S9999882,Subkit 2/6 Obstetric 3-renew.S9908302,,
1792,,,S9908302,"Obstetric,surgical kit,suppl.3-renewable",S9999882,Subkit 2/6 Obstetric 3-renew.S9908302,,
1793,,,S9908302,"Obstetric,surgical kit,suppl.3-renewable",S9999882,Subkit 2/6 Obstetric 3-renew.S9908302,,
1794,,,S9908302,"Obstetric,surgical kit,suppl.3-renewable",S9999882,Subkit 2/6 Obstetric 3-renew.S9908302,,
1795,,,S9908302,"Obstetric,surgical kit,suppl.3-renewable",S9999882,Subkit 2/6 Obstetric 3-renew.S9908302,,
1796,,,S9908302,"Obstetric,surgical kit,suppl.3-renewable",S9999883,Subkit 3/6 Obstetric 3-renew.S9908302,,
1797,,,S9908302,"Obstetric,surgical kit,suppl.3-renewable",S9999883,Subkit 3/6 Obstetric 3-renew.S9908302,,
1798,,,S9908302,"Obstetric,surgical kit,suppl.3-renewable",S9999883,Subkit 3/6 Obstetric 3-renew.S9908302,,
1799,,,S9908302,"Obstetric,surgical kit,suppl.3-renewable",S9999883,Subkit 3/6 Obstetric 3-renew.S9908302,,
1800,,,S9908302,"Obstetric,surgical kit,suppl.3-renewable",S9999883,Subkit 3/6 Obstetric 3-renew.S9908302,,
1801,,,S9908302,"Obstetric,surgical kit,suppl.3-renewable",S9999883,Subkit 3/6 Obstetric 3-renew.S9908302,,
1802,,,S9908302,"Obstetric,surgical kit,suppl.3-renewable",S9999883,Subkit 3/6 Obstetric 3-renew.S9908302,,
1803,,,S9908302,"Obstetric,surgical kit,suppl.3-renewable",S9999883,Subkit 3/6 Obstetric 3-renew.S9908302,,
1804,,,S9908302,"Obstetric,surgical kit,suppl.3-renewable",S9999883,Subkit 3/6 Obstetric 3-renew.S9908302,,
1805,,,S9908302,"Obstetric,surgical kit,suppl.3-renewable",S9999884,Subkit 4/6 Obstetric 3-renew.S9908302,,
1806,,,S9908302,"Obstetric,surgical kit,suppl.3-renewable",S9999884,Subkit 4/6 Obstetric 3-renew.S9908302,,
1807,,,S9908302,"Obstetric,surgical kit,suppl.3-renewable",S9999884,Subkit 4/6 Obstetric 3-renew.S9908302,,
1808,,,S9908302,"Obstetric,surgical kit,suppl.3-renewable",S9999884,Subkit 4/6 Obstetric 3-renew.S9908302,,
1809,,,S9908302,"Obstetric,surgical kit,suppl.3-renewable",S9999884,Subkit 4/6 Obstetric 3-renew.S9908302,,
1810,,,S9908302,"Obstetric,surgical kit,suppl.3-renewable",S9999884,Subkit 4/6 Obstetric 3-renew.S9908302,,
1811,,,S9908302,"Obstetric,surgical kit,suppl.3-renewable",S9999884,Subkit 4/6 Obstetric 3-renew.S9908302,,
1812,,,S9908302,"Obstetric,surgical kit,suppl.3-renewable",S9999884,Subkit 4/6 Obstetric 3-renew.S9908302,,
1813,,,S9908302,"Obstetric,surgical kit,suppl.3-renewable",S9999884,Subkit 4/6 Obstetric 3-renew.S9908302,,
1814,,,S9908302,"Obstetric,surgical kit,suppl.3-renewable",S9999884,Subkit 4/6 Obstetric 3-renew.S9908302,,
1815,,,S9908302,"Obstetric,surgical kit,suppl.3-renewable",S9999884,Subkit 4/6 Obstetric 3-renew.S9908302,,
1816,,,S9908302,"Obstetric,surgical kit,suppl.3-renewable",S9999884,Subkit 4/6 Obstetric 3-renew.S9908302,,
1817,,,S9908302,"Obstetric,surgical kit,suppl.3-renewable",S9999885,Subkit 5/6 Obstetric 3-renew.S9908302,,
1818,,,S9908302,"Obstetric,surgical kit,suppl.3-renewable",S9999885,Subkit 5/6 Obstetric 3-renew.S9908302,,
1819,,,S9908302,"Obstetric,surgical kit,suppl.3-renewable",S9999885,Subkit 5/6 Obstetric 3-renew.S9908302,,
1820,,,S9908302,"Obstetric,surgical kit,suppl.3-renewable",S9999885,Subkit 5/6 Obstetric 3-renew.S9908302,,
1821,,,S9908302,"Obstetric,surgical kit,suppl.3-renewable",S9999885,Subkit 5/6 Obstetric 3-renew.S9908302,,
1822,,,S9908302,"Obstetric,surgical kit,suppl.3-renewable",S9999885,Subkit 5/6 Obstetric 3-renew.S9908302,,
1823,,,S9908302,"Obstetric,surgical kit,suppl.3-renewable",S9999885,Subkit 5/6 Obstetric 3-renew.S9908302,,
1824,,,S9908302,"Obstetric,surgical kit,suppl.3-renewable",S9999885,Subkit 5/6 Obstetric 3-renew.S9908302,,
1825,,,S9908302,"Obstetric,surgical kit,suppl.3-renewable",S9999886,Subkit 6/6 Obstetric 3-renew.S9908302,,
1826,,,S9908302,"Obstetric,surgical kit,suppl.3-renewable",S9999886,Subkit 6/6 Obstetric 3-renew.S9908302,,
1827,,,S9908302,"Obstetric,surgical kit,suppl.3-renewable",S9999886,Subkit 6/6 Obstetric 3-renew.S9908302,,
1828,,,S9908302,"Obstetric,surgical kit,suppl.3-renewable",S9999886,Subkit 6/6 Obstetric 3-renew.S9908302,,
1829,,,S9908302,"Obstetric,surgical kit,suppl.3-renewable",S9999886,Subkit 6/6 Obstetric 3-renew.S9908302,,
1830,,,S9908302,"Obstetric,surgical kit,suppl.3-renewable",S9999886,Subkit 6/6 Obstetric 3-renew.S9908302,,
1831,,,S9908302,"Obstetric,surgical kit,suppl.3-renewable",S9999886,Subkit 6/6 Obstetric 3-renew.S9908302,,
1832,,,S9908302,"Obstetric,surgical kit,suppl.3-renewable",S9999886,Subkit 6/6 Obstetric 3-renew.S9908302,,
1833,,,S9908302,"Obstetric,surgical kit,suppl.3-renewable",S9999886,Subkit 6/6 Obstetric 3-renew.S9908302,,
1834,,,S9908302,"Obstetric,surgical kit,suppl.3-renewable",S9999886,Subkit 6/6 Obstetric 3-renew.S9908302,,
1835,,,S9908302,"Obstetric,surgical kit,suppl.3-renewable",S9999883,Subkit 3/6 Obstetric 3-renew.S9908302,S9999938,Prepack 1/2 Obstetric 3-renew. S9908302
1836,,,S9908302,"Obstetric,surgical kit,suppl.3-renewable",S9999883,Subkit 3/6 Obstetric 3-renew.S9908302,S9999938,Prepack 1/2 Obstetric 3-renew. S9908302
1837,,,S9908302,"Obstetric,surgical kit,suppl.3-renewable",S9999883,Subkit 3/6 Obstetric 3-renew.S9908302,S9999938,Prepack 1/2 Obstetric 3-renew. S9908302
1838,,,S9908302,"Obstetric,surgical kit,suppl.3-renewable",S9999883,Subkit 3/6 Obstetric 3-renew.S9908302,S9999938,Prepack 1/2 Obstetric 3-renew. S9908302
1839,,,S9908302,"Obstetric,surgical kit,suppl.3-renewable",S9999884,Subkit 4/6 Obstetric 3-renew.S9908302,S9999939,Prepack 2/2 Obstetric 3-renew. S9908302
1840,,,S9908302,"Obstetric,surgical kit,suppl.3-renewable",S9999884,Subkit 4/6 Obstetric 3-renew.S9908302,S9999939,Prepack 2/2 Obstetric 3-renew. S9908302
1841,,,S9908302,"Obstetric,surgical kit,suppl.3-renewable",S9999884,Subkit 4/6 Obstetric 3-renew.S9908302,S9999939,Prepack 2/2 Obstetric 3-renew. S9908302
1842,,,S9908302,"Obstetric,surgical kit,suppl.3-renewable",S9999884,Subkit 4/6 Obstetric 3-renew.S9908302,S9999939,Prepack 2/2 Obstetric 3-renew. S9908302
1843,,,S9908302,"Obstetric,surgical kit,suppl.3-renewable",S9999884,Subkit 4/6 Obstetric 3-renew.S9908302,S9999939,Prepack 2/2 Obstetric 3-renew. S9908302
1844,,,S9908302,"Obstetric,surgical kit,suppl.3-renewable",S9999884,Subkit 4/6 Obstetric 3-renew.S9908302,S9999939,Prepack 2/2 Obstetric 3-renew. S9908302
1845,,,S9908302,"Obstetric,surgical kit,suppl.3-renewable",S9999884,Subkit 4/6 Obstetric 3-renew.S9908302,S9999939,Prepack 2/2 Obstetric 3-renew. S9908302
1846,,,S9908302,"Obstetric,surgical kit,suppl.3-renewable",S9999884,Subkit 4/6 Obstetric 3-renew.S9908302,S9999939,Prepack 2/2 Obstetric 3-renew. S9908302
1847,,,S9908302,"Obstetric,surgical kit,suppl.3-renewable",S9999884,Subkit 4/6 Obstetric 3-renew.S9908302,S9999939,Prepack 2/2 Obstetric 3-renew. S9908302
1848,,,S9908302,"Obstetric,surgical kit,suppl.3-renewable",S9999884,Subkit 4/6 Obstetric 3-renew.S9908302,S9999299,"BAG for 50 x S0322010 CH12,ster,disp"
1849,,,S9908302,"Obstetric,surgical kit,suppl.3-renewable",S9999884,Subkit 4/6 Obstetric 3-renew.S9908302,S9999299,"BAG for 50 x S0322010 CH12,ster,disp"
1850,,,S9908303,"Obstetric,surgical kit,suppl.1a-drugs",,,,
1851,,,S9908303,"Obstetric,surgical kit,suppl.1a-drugs",,,,
1852,,,S9908303,"Obstetric,surgical kit,suppl.1a-drugs",,,,
1853,,,S9908303,"Obstetric,surgical kit,suppl.1a-drugs",,,,
1854,,,S9908303,"Obstetric,surgical kit,suppl.1a-drugs",,,,
1855,,,S9908303,"Obstetric,surgical kit,suppl.1a-drugs",,,,
1856,,,S9908303,"Obstetric,surgical kit,suppl.1a-drugs",,,,
1857,,,S9908303,"Obstetric,surgical kit,suppl.1a-drugs",,,,
1858,,,S9908305,"Obstetric,surgical kit,suppl.2-equipment",,,,
1859,,,S9908305,"Obstetric,surgical kit,suppl.2-equipment",,,,
1860,,,S9908305,"Obstetric,surgical kit,suppl.2-equipment",,,,
1861,,,S9908305,"Obstetric,surgical kit,suppl.2-equipment",,,,
1862,,,S9908305,"Obstetric,surgical kit,suppl.2-equipment",,,,
1863,,,S9908305,"Obstetric,surgical kit,suppl.2-equipment",,,,
1864,,,S9908305,"Obstetric,surgical kit,suppl.2-equipment",,,S9910000,"Surg.inst.,abdominal /SET"
1865,,,S9908305,"Obstetric,surgical kit,suppl.2-equipment",,,S9910000,"Surg.inst.,abdominal /SET"
1866,,,S9908305,"Obstetric,surgical kit,suppl.2-equipment",,,S9910000,"Surg.inst.,abdominal /SET"
1867,,,S9908305,"Obstetric,surgical kit,suppl.2-equipment",,,S9910000,"Surg.inst.,abdominal /SET"
1868,,,S9908305,"Obstetric,surgical kit,suppl.2-equipment",,,S9910000,"Surg.inst.,abdominal /SET"
1869,,,S9908305,"Obstetric,surgical kit,suppl.2-equipment",,,S9910000,"Surg.inst.,abdominal /SET"
1870,,,S9908305,"Obstetric,surgical kit,suppl.2-equipment",,,S9910000,"Surg.inst.,abdominal /SET"
1871,,,S9908305,"Obstetric,surgical kit,suppl.2-equipment",,,S9910000,"Surg.inst.,abdominal /SET"
1872,,,S9908305,"Obstetric,surgical kit,suppl.2-equipment",,,S9910000,"Surg.inst.,abdominal /SET"
1873,,,S9908305,"Obstetric,surgical kit,suppl.2-equipment",,,S9910000,"Surg.inst.,abdominal /SET"
1874,,,S9908305,"Obstetric,surgical kit,suppl.2-equipment",,,S9910000,"Surg.inst.,abdominal /SET"
1875,,,S9908305,"Obstetric,surgical kit,suppl.2-equipment",,,S9910000,"Surg.inst.,abdominal /SET"
1876,,,S9908305,"Obstetric,surgical kit,suppl.2-equipment",,,S9910000,"Surg.inst.,abdominal /SET"
1877,,,S9908305,"Obstetric,surgical kit,suppl.2-equipment",,,S9910000,"Surg.inst.,abdominal /SET"
1878,,,S9908305,"Obstetric,surgical kit,suppl.2-equipment",,,S9910000,"Surg.inst.,abdominal /SET"
1879,,,S9908305,"Obstetric,surgical kit,suppl.2-equipment",,,S9910000,"Surg.inst.,abdominal /SET"
1880,,,S9908305,"Obstetric,surgical kit,suppl.2-equipment",,,S9910006,"Surg.inst.,exam/sut,vaginal/cervical/SET"
1881,,,S9908305,"Obstetric,surgical kit,suppl.2-equipment",,,S9910006,"Surg.inst.,exam/sut,vaginal/cervical/SET"
1882,,,S9908305,"Obstetric,surgical kit,suppl.2-equipment",,,S9910006,"Surg.inst.,exam/sut,vaginal/cervical/SET"
1883,,,S9908305,"Obstetric,surgical kit,suppl.2-equipment",,,S9910006,"Surg.inst.,exam/sut,vaginal/cervical/SET"
1884,,,S9908305,"Obstetric,surgical kit,suppl.2-equipment",,,S9910006,"Surg.inst.,exam/sut,vaginal/cervical/SET"
1885,,,S9908305,"Obstetric,surgical kit,suppl.2-equipment",,,S9910006,"Surg.inst.,exam/sut,vaginal/cervical/SET"
1886,,,S9908305,"Obstetric,surgical kit,suppl.2-equipment",,,S9910006,"Surg.inst.,exam/sut,vaginal/cervical/SET"
1887,,,S9908305,"Obstetric,surgical kit,suppl.2-equipment",,,S9910006,"Surg.inst.,exam/sut,vaginal/cervical/SET"
1888,,,S9908305,"Obstetric,surgical kit,suppl.2-equipment",,,S9910006,"Surg.inst.,exam/sut,vaginal/cervical/SET"
1889,,,S9908305,"Obstetric,surgical kit,suppl.2-equipment",,,S9910002,"Surg.inst.,curettage /SET"
1890,,,S9908305,"Obstetric,surgical kit,suppl.2-equipment",,,S9910002,"Surg.inst.,curettage /SET"
1891,,,S9908305,"Obstetric,surgical kit,suppl.2-equipment",,,S9910002,"Surg.inst.,curettage /SET"
1892,,,S9908305,"Obstetric,surgical kit,suppl.2-equipment",,,S9910002,"Surg.inst.,curettage /SET"
1893,,,S9908305,"Obstetric,surgical kit,suppl.2-equipment",,,S9910002,"Surg.inst.,curettage /SET"
1894,,,S9908305,"Obstetric,surgical kit,suppl.2-equipment",,,S9910002,"Surg.inst.,curettage /SET"
1895,,,S9908305,"Obstetric,surgical kit,suppl.2-equipment",,,S9910002,"Surg.inst.,curettage /SET"
1896,,,S9908305,"Obstetric,surgical kit,suppl.2-equipment",,,S9910002,"Surg.inst.,curettage /SET"
1897,,,S9908305,"Obstetric,surgical kit,suppl.2-equipment",,,S9910002,"Surg.inst.,curettage /SET"
1898,,,S9908305,"Obstetric,surgical kit,suppl.2-equipment",,,S9910002,"Surg.inst.,curettage /SET"
1899,,,S9908305,"Obstetric,surgical kit,suppl.2-equipment",,,S9910002,"Surg.inst.,curettage /SET"
1900,,,S9908305,"Obstetric,surgical kit,suppl.2-equipment",,,S9910002,"Surg.inst.,curettage /SET"
1901,,,S9908305,"Obstetric,surgical kit,suppl.2-equipment",,,S9910002,"Surg.inst.,curettage /SET"
1902,,,S9908305,"Obstetric,surgical kit,suppl.2-equipment",,,S9910002,"Surg.inst.,curettage /SET"
1903,,,S9908305,"Obstetric,surgical kit,suppl.2-equipment",,,S9910002,"Surg.inst.,curettage /SET"
1904,,,S9908305,"Obstetric,surgical kit,suppl.2-equipment",,,S9999857,"Bag 1/3 Surg.inst.,abdominal S9910000"
1905,,,S9908305,"Obstetric,surgical kit,suppl.2-equipment",,,S9999857,"Bag 1/3 Surg.inst.,abdominal S9910000"
1906,,,S9908305,"Obstetric,surgical kit,suppl.2-equipment",,,S9999857,"Bag 1/3 Surg.inst.,abdominal S9910000"
1907,,,S9908305,"Obstetric,surgical kit,suppl.2-equipment",,,S9999857,"Bag 1/3 Surg.inst.,abdominal S9910000"
1908,,,S9908305,"Obstetric,surgical kit,suppl.2-equipment",,,S9999857,"Bag 1/3 Surg.inst.,abdominal S9910000"
1909,,,S9908305,"Obstetric,surgical kit,suppl.2-equipment",,,S9999857,"Bag 1/3 Surg.inst.,abdominal S9910000"
1910,,,S9908305,"Obstetric,surgical kit,suppl.2-equipment",,,S9999857,"Bag 1/3 Surg.inst.,abdominal S9910000"
1911,,,S9908305,"Obstetric,surgical kit,suppl.2-equipment",,,S9999858,"Bag 2/3 Surg.inst.,abdominal S9910000"
1912,,,S9908305,"Obstetric,surgical kit,suppl.2-equipment",,,S9999858,"Bag 2/3 Surg.inst.,abdominal S9910000"
1913,,,S9908305,"Obstetric,surgical kit,suppl.2-equipment",,,S9999858,"Bag 2/3 Surg.inst.,abdominal S9910000"
1914,,,S9908305,"Obstetric,surgical kit,suppl.2-equipment",,,S9999858,"Bag 2/3 Surg.inst.,abdominal S9910000"
1915,,,S9908305,"Obstetric,surgical kit,suppl.2-equipment",,,S9999858,"Bag 2/3 Surg.inst.,abdominal S9910000"
1916,,,S9908305,"Obstetric,surgical kit,suppl.2-equipment",,,S9999858,"Bag 2/3 Surg.inst.,abdominal S9910000"
1917,,,S9908305,"Obstetric,surgical kit,suppl.2-equipment",,,S9999858,"Bag 2/3 Surg.inst.,abdominal S9910000"
1918,,,S9908305,"Obstetric,surgical kit,suppl.2-equipment",,,S9999859,"Bag 3/3 Surg.inst.,abdominal S9910000"
1919,,,S9908305,"Obstetric,surgical kit,suppl.2-equipment",,,S9999859,"Bag 3/3 Surg.inst.,abdominal S9910000"
1920,,,S9908305,"Obstetric,surgical kit,suppl.2-equipment",,,S9999859,"Bag 3/3 Surg.inst.,abdominal S9910000"
1921,,,S9908305,"Obstetric,surgical kit,suppl.2-equipment",,,S9999859,"Bag 3/3 Surg.inst.,abdominal S9910000"
1922,,,S9908305,"Obstetric,surgical kit,suppl.2-equipment",,,S9999859,"Bag 3/3 Surg.inst.,abdominal S9910000"
1923,,,S9908305,"Obstetric,surgical kit,suppl.2-equipment",,,S9999859,"Bag 3/3 Surg.inst.,abdominal S9910000"
1924,,,S9908305,"Obstetric,surgical kit,suppl.2-equipment",,,S9999859,"Bag 3/3 Surg.inst.,abdominal S9910000"
1925,,,S9908305,"Obstetric,surgical kit,suppl.2-equipment",,,S9999859,"Bag 3/3 Surg.inst.,abdominal S9910000"
1926,,,S9908402,"Resuscitation kit,basic",,,,
1927,,,S9908402,"Resuscitation kit,basic",,,,
1928,,,S9908402,"Resuscitation kit,basic",,,,
1929,,,S9908402,"Resuscitation kit,basic",,,,
1930,,,S9908402,"Resuscitation kit,basic",,,,
1931,,,S9908402,"Resuscitation kit,basic",,,,
1932,,,S9908402,"Resuscitation kit,basic",,,,
1933,,,S9908402,"Resuscitation kit,basic",,,,
1934,,,S9908402,"Resuscitation kit,basic",,,S9999861,"Bag 1/2 for S9908400 Resuscit.kit,basic"
1935,,,S9908402,"Resuscitation kit,basic",,,S9999861,"Bag 1/2 for S9908400 Resuscit.kit,basic"
1936,,,S9908402,"Resuscitation kit,basic",,,S9999861,"Bag 1/2 for S9908400 Resuscit.kit,basic"
1937,,,S9908402,"Resuscitation kit,basic",,,S9999862,"Bag 2/2 for S9908400 Resuscit.kit,basic"
1938,,,S9908402,"Resuscitation kit,basic",,,S9999862,"Bag 2/2 for S9908400 Resuscit.kit,basic"
1939,,,S9908402,"Resuscitation kit,basic",,,S9999862,"Bag 2/2 for S9908400 Resuscit.kit,basic"
1940,,,S9908402,"Resuscitation kit,basic",,,,
1941,,,S9910000,"Surg.inst.,abdominal /SET",,,,
1942,,,S9910000,"Surg.inst.,abdominal /SET",,,,
1943,,,S9910000,"Surg.inst.,abdominal /SET",,,,
1944,,,S9910000,"Surg.inst.,abdominal /SET",,,,
1945,,,S9910000,"Surg.inst.,abdominal /SET",,,,
1946,,,S9910000,"Surg.inst.,abdominal /SET",,,,
1947,,,S9910000,"Surg.inst.,abdominal /SET",,,,
1948,,,S9910000,"Surg.inst.,abdominal /SET",,,,
1949,,,S9910000,"Surg.inst.,abdominal /SET",,,,
1950,,,S9910000,"Surg.inst.,abdominal /SET",,,,
1951,,,S9910000,"Surg.inst.,abdominal /SET",,,,
1952,,,S9910000,"Surg.inst.,abdominal /SET",,,,
1953,,,S9910000,"Surg.inst.,abdominal /SET",,,,
1954,,,S9910000,"Surg.inst.,abdominal /SET",,,,
1955,,,S9910000,"Surg.inst.,abdominal /SET",,,,
1956,,,S9910002,"Surg.inst.,curettage /SET",,,,
1957,,,S9910002,"Surg.inst.,curettage /SET",,,,
1958,,,S9910002,"Surg.inst.,curettage /SET",,,,
1959,,,S9910002,"Surg.inst.,curettage /SET",,,,
1960,,,S9910002,"Surg.inst.,curettage /SET",,,,
1961,,,S9910002,"Surg.inst.,curettage /SET",,,,
1962,,,S9910002,"Surg.inst.,curettage /SET",,,,
1963,,,S9910002,"Surg.inst.,curettage /SET",,,,
1964,,,S9910002,"Surg.inst.,curettage /SET",,,,
1965,,,S9910002,"Surg.inst.,curettage /SET",,,,
1966,,,S9910002,"Surg.inst.,curettage /SET",,,,
1967,,,S9910002,"Surg.inst.,curettage /SET",,,,
1968,,,S9910002,"Surg.inst.,curettage /SET",,,,
1969,,,S9910002,"Surg.inst.,curettage /SET",,,,
1970,,,S9910004,"Surg.inst.,suture /SET",,,,
1971,,,S9910004,"Surg.inst.,suture /SET",,,,
1972,,,S9910004,"Surg.inst.,suture /SET",,,,
1973,,,S9910004,"Surg.inst.,suture /SET",,,,
1974,,,S9910004,"Surg.inst.,suture /SET",,,,
1975,,,S9910004,"Surg.inst.,suture /SET",,,,
1976,,,S9910005,"Surg.inst.,dressing /SET",,,,
1977,,,S9910005,"Surg.inst.,dressing /SET",,,,
1978,,,S9910005,"Surg.inst.,dressing /SET",,,,
1979,,,S9910006,"Surg.inst.,exam/sut,vaginal/cervical/SET",,,,
1980,,,S9910006,"Surg.inst.,exam/sut,vaginal/cervical/SET",,,,
1981,,,S9910006,"Surg.inst.,exam/sut,vaginal/cervical/SET",,,,
1982,,,S9910006,"Surg.inst.,exam/sut,vaginal/cervical/SET",,,,
1983,,,S9910006,"Surg.inst.,exam/sut,vaginal/cervical/SET",,,,
1984,,,S9910006,"Surg.inst.,exam/sut,vaginal/cervical/SET",,,,
1985,,,S9910006,"Surg.inst.,exam/sut,vaginal/cervical/SET",,,,
1986,,,S9910006,"Surg.inst.,exam/sut,vaginal/cervical/SET",,,,
1987,,,S9935011,"School-in-a-carton,40 students, 2016",,,,
1988,,,S9935011,"School-in-a-carton,40 students, 2016",,,,
1989,,,S9935011,"School-in-a-carton,40 students, 2016",,,,
1990,,,S9935011,"School-in-a-carton,40 students, 2016",,,,
1991,,,S9935011,"School-in-a-carton,40 students, 2016",,,,
1992,,,S9935011,"School-in-a-carton,40 students, 2016",,,,
1993,,,S9935011,"School-in-a-carton,40 students, 2016",,,,
1994,,,S9935011,"School-in-a-carton,40 students, 2016",,,,
1995,,,S9935011,"School-in-a-carton,40 students, 2016",,,,
1996,,,S9935011,"School-in-a-carton,40 students, 2016",,,,
1997,,,S9935011,"School-in-a-carton,40 students, 2016",,,,
1998,,,S9935011,"School-in-a-carton,40 students, 2016",,,,
1999,,,S9935011,"School-in-a-carton,40 students, 2016",,,,
2000,,,S9935011,"School-in-a-carton,40 students, 2016",,,,
2001,,,S9935011,"School-in-a-carton,40 students, 2016",,,,
2002,,,S9935011,"School-in-a-carton,40 students, 2016",,,,
2003,,,S9935011,"School-in-a-carton,40 students, 2016",,,,
2004,,,S9935011,"School-in-a-carton,40 students, 2016",,,,
2005,,,S9935011,"School-in-a-carton,40 students, 2016",,,,
2006,,,S9935011,"School-in-a-carton,40 students, 2016",,,,
2007,,,S9935011,"School-in-a-carton,40 students, 2016",,,S9999990,Education prepack 1 for new SIB  (I)
2008,,,S9935011,"School-in-a-carton,40 students, 2016",,,S9999990,Education prepack 1 for new SIB  (I)
2009,,,S9935011,"School-in-a-carton,40 students, 2016",,,S9999990,Education prepack 1 for new SIB  (I)
2010,,,S9935011,"School-in-a-carton,40 students, 2016",,,S9999990,Education prepack 1 for new SIB  (I)
2011,,,S9935011,"School-in-a-carton,40 students, 2016",,,S9999990,Education prepack 1 for new SIB  (I)
2012,,,S9935011,"School-in-a-carton,40 students, 2016",,,S9999990,Education prepack 1 for new SIB  (I)
2013,,,S9935011,"School-in-a-carton,40 students, 2016",,,S9999990,Education prepack 1 for new SIB  (I)
2014,,,S9935011,"School-in-a-carton,40 students, 2016",,,S9999990,Education prepack 1 for new SIB  (I)
2015,,,S9935011,"School-in-a-carton,40 students, 2016",,,S9999990,Education prepack 1 for new SIB  (I)
2016,,,S9935011,"School-in-a-carton,40 students, 2016",,,S9999990,Education prepack 1 for new SIB  (I)
2017,,,S9935011,"School-in-a-carton,40 students, 2016",,,S9999990,Education prepack 1 for new SIB  (I)
2018,,,S9935011,"School-in-a-carton,40 students, 2016",,,S9999990,Education prepack 1 for new SIB  (I)
2019,,,S9935011,"School-in-a-carton,40 students, 2016",,,S9999991,Education prepack 2 for new SIB  (I)
2020,,,S9935011,"School-in-a-carton,40 students, 2016",,,S9999991,Education prepack 2 for new SIB  (I)
2021,,,S9935011,"School-in-a-carton,40 students, 2016",,,S9999991,Education prepack 2 for new SIB  (I)
2022,,,S9935011,"School-in-a-carton,40 students, 2016",,,S9999991,Education prepack 2 for new SIB  (I)
2023,,,S9935011,"School-in-a-carton,40 students, 2016",,,S9999991,Education prepack 2 for new SIB  (I)
2024,,,S9935011,"School-in-a-carton,40 students, 2016",,,S9999991,Education prepack 2 for new SIB  (I)
2025,,,S9935011,"School-in-a-carton,40 students, 2016",,,S9999991,Education prepack 2 for new SIB  (I)
2026,,,S9935011,"School-in-a-carton,40 students, 2016",,,S9999991,Education prepack 2 for new SIB  (I)
2027,,,S9935011,"School-in-a-carton,40 students, 2016",,,S9999991,Education prepack 2 for new SIB  (I)
2028,,,S9935011,"School-in-a-carton,40 students, 2016",,,S9999991,Education prepack 2 for new SIB  (I)
2029,,,S9935011,"School-in-a-carton,40 students, 2016",,,S9999991,Education prepack 2 for new SIB  (I)
2030,,,S9935011,"School-in-a-carton,40 students, 2016",,,S9999991,Education prepack 2 for new SIB  (I)
2031,,,S9935011,"School-in-a-carton,40 students, 2016",,,S9999991,Education prepack 2 for new SIB  (I)
2032,,,S9935011,"School-in-a-carton,40 students, 2016",,,S9999989,prepack 3 system-wise (not physical)
2033,,,S9935011,"School-in-a-carton,40 students, 2016",,,S9999989,prepack 3 system-wise (not physical)
2034,,,S9935011,"School-in-a-carton,40 students, 2016",,,S9999989,prepack 3 system-wise (not physical)
2035,,,S9935011,"School-in-a-carton,40 students, 2016",,,S9999989,prepack 3 system-wise (not physical)
2036,,,S9935011,"School-in-a-carton,40 students, 2016",,,S9999989,prepack 3 system-wise (not physical)
2037,,,S9935011,"School-in-a-carton,40 students, 2016",,,S9999989,prepack 3 system-wise (not physical)
2038,,,S9935019,"School-in-a-bag kit,40 student,1 teacher",,,,
2039,,,S9935019,"School-in-a-bag kit,40 student,1 teacher",,,,
2040,,,S9935019,"School-in-a-bag kit,40 student,1 teacher",,,,
2041,,,S9935019,"School-in-a-bag kit,40 student,1 teacher",,,,
2042,,,S9935019,"School-in-a-bag kit,40 student,1 teacher",,,,
2043,,,S9935019,"School-in-a-bag kit,40 student,1 teacher",,,,
2044,,,S9935019,"School-in-a-bag kit,40 student,1 teacher",,,,
2045,,,S9935019,"School-in-a-bag kit,40 student,1 teacher",,,,
2046,,,S9935019,"School-in-a-bag kit,40 student,1 teacher",,,,
2047,,,S9935019,"School-in-a-bag kit,40 student,1 teacher",,,,
2048,,,S9935019,"School-in-a-bag kit,40 student,1 teacher",,,,
2049,,,S9935019,"School-in-a-bag kit,40 student,1 teacher",,,,
2050,,,S9935019,"School-in-a-bag kit,40 student,1 teacher",,,S9999933,Prepack 1/1 School in a Bag
2051,,,S9935019,"School-in-a-bag kit,40 student,1 teacher",,,S9999933,Prepack 1/1 School in a Bag
2052,,,S9935019,"School-in-a-bag kit,40 student,1 teacher",,,S9999933,Prepack 1/1 School in a Bag
2053,,,S9935019,"School-in-a-bag kit,40 student,1 teacher",,,S9999933,Prepack 1/1 School in a Bag
2054,,,S9935019,"School-in-a-bag kit,40 student,1 teacher",,,S9999933,Prepack 1/1 School in a Bag
2055,,,S9935019,"School-in-a-bag kit,40 student,1 teacher",,,S9999933,Prepack 1/1 School in a Bag
2056,,,S9935019,"School-in-a-bag kit,40 student,1 teacher",,,S9999933,Prepack 1/1 School in a Bag
2057,,,S9935019,"School-in-a-bag kit,40 student,1 teacher",,,S9999933,Prepack 1/1 School in a Bag
2058,,,S9935019,"School-in-a-bag kit,40 student,1 teacher",,,S9999933,Prepack 1/1 School in a Bag
2059,,,S9935024,"Recreation kit, 2016",,,,
2060,,,S9935024,"Recreation kit, 2016",,,,
2061,,,S9935024,"Recreation kit, 2016",,,,
2062,,,S9935024,"Recreation kit, 2016",,,,
2063,,,S9935024,"Recreation kit, 2016",,,,
2064,,,S9935024,"Recreation kit, 2016",,,,
2065,,,S9935024,"Recreation kit, 2016",,,,
2066,,,S9935024,"Recreation kit, 2016",,,,
2067,,,S9935024,"Recreation kit, 2016",,,,
2068,,,S9935024,"Recreation kit, 2016",,,,
2069,,,S9935024,"Recreation kit, 2016",,,,
2070,,,S9935024,"Recreation kit, 2016",,,,
2071,,,S9935024,"Recreation kit, 2016",,,,
2072,,,S9935024,"Recreation kit, 2016",,,,
2073,,,S9935024,"Recreation kit, 2016",,,S9999986,Prepack for Recreation kits 2016
2074,,,S9935024,"Recreation kit, 2016",,,S9999986,Prepack for Recreation kits 2016
2075,,,S9935024,"Recreation kit, 2016",,,S9999986,Prepack for Recreation kits 2016
2076,,,S9935024,"Recreation kit, 2016",,,S9999986,Prepack for Recreation kits 2016
2077,,,S9935024,"Recreation kit, 2016",,,S9999986,Prepack for Recreation kits 2016
2078,,,S9935024,"Recreation kit, 2016",,,S9999986,Prepack for Recreation kits 2016
2079,,,S9935024,"Recreation kit, 2016",,,S9999986,Prepack for Recreation kits 2016
2080,,,S9935024,"Recreation kit, 2016",,,S9999986,Prepack for Recreation kits 2016
2081,,,S9935024,"Recreation kit, 2016",,,S9999986,Prepack for Recreation kits 2016
2082,,,S9935024,"Recreation kit, 2016",,,S9999986,Prepack for Recreation kits 2016
2083,,,S9935024,"Recreation kit, 2016",,,S9999986,Prepack for Recreation kits 2016
2084,,,S9935024,"Recreation kit, 2016",,,S9999986,Prepack for Recreation kits 2016
2085,,,S9935024,"Recreation kit, 2016",,,S9999986,Prepack for Recreation kits 2016
2086,,,S9935024,"Recreation kit, 2016",,,S9999986,Prepack for Recreation kits 2016
2087,,,S9935024,"Recreation kit, 2016",,,S9999986,Prepack for Recreation kits 2016
2088,,,S9935030,Recreation kit mini version,,,,
2089,,,S9935030,Recreation kit mini version,,,,
2090,,,S9935030,Recreation kit mini version,,,,
2091,,,S9935030,Recreation kit mini version,,,,
2092,,,S9935030,Recreation kit mini version,,,,
2093,,,S9935030,Recreation kit mini version,,,,
2094,,,S9935030,Recreation kit mini version,,,,
2095,,,S9935030,Recreation kit mini version,,,,
2096,,,S9935030,Recreation kit mini version,,,,
2097,,,S9935034,"Recreation kit-in-a-carton, 2016",,,,
2098,,,S9935034,"Recreation kit-in-a-carton, 2016",,,,
2099,,,S9935034,"Recreation kit-in-a-carton, 2016",,,,
2100,,,S9935034,"Recreation kit-in-a-carton, 2016",,,,
2101,,,S9935034,"Recreation kit-in-a-carton, 2016",,,,
2102,,,S9935034,"Recreation kit-in-a-carton, 2016",,,,
2103,,,S9935034,"Recreation kit-in-a-carton, 2016",,,,
2104,,,S9935034,"Recreation kit-in-a-carton, 2016",,,,
2105,,,S9935034,"Recreation kit-in-a-carton, 2016",,,,
2106,,,S9935034,"Recreation kit-in-a-carton, 2016",,,,
2107,,,S9935034,"Recreation kit-in-a-carton, 2016",,,,
2108,,,S9935034,"Recreation kit-in-a-carton, 2016",,,,
2109,,,S9935034,"Recreation kit-in-a-carton, 2016",,,,
2110,,,S9935034,"Recreation kit-in-a-carton, 2016",,,,
2111,,,S9935034,"Recreation kit-in-a-carton, 2016",,,S9999986,Prepack for Recreation kits 2016
2112,,,S9935034,"Recreation kit-in-a-carton, 2016",,,S9999986,Prepack for Recreation kits 2016
2113,,,S9935034,"Recreation kit-in-a-carton, 2016",,,S9999986,Prepack for Recreation kits 2016
2114,,,S9935034,"Recreation kit-in-a-carton, 2016",,,S9999986,Prepack for Recreation kits 2016
2115,,,S9935034,"Recreation kit-in-a-carton, 2016",,,S9999986,Prepack for Recreation kits 2016
2116,,,S9935034,"Recreation kit-in-a-carton, 2016",,,S9999986,Prepack for Recreation kits 2016
2117,,,S9935034,"Recreation kit-in-a-carton, 2016",,,S9999986,Prepack for Recreation kits 2016
2118,,,S9935034,"Recreation kit-in-a-carton, 2016",,,S9999986,Prepack for Recreation kits 2016
2119,,,S9935034,"Recreation kit-in-a-carton, 2016",,,S9999986,Prepack for Recreation kits 2016
2120,,,S9935034,"Recreation kit-in-a-carton, 2016",,,S9999986,Prepack for Recreation kits 2016
2121,,,S9935034,"Recreation kit-in-a-carton, 2016",,,S9999986,Prepack for Recreation kits 2016
2122,,,S9935034,"Recreation kit-in-a-carton, 2016",,,S9999986,Prepack for Recreation kits 2016
2123,,,S9935034,"Recreation kit-in-a-carton, 2016",,,S9999986,Prepack for Recreation kits 2016
2124,,,S9935034,"Recreation kit-in-a-carton, 2016",,,S9999986,Prepack for Recreation kits 2016
2125,,,S9935034,"Recreation kit-in-a-carton, 2016",,,S9999986,Prepack for Recreation kits 2016
2126,,,S9935051,"School-in-a-carton, Yemen",,,,
2127,,,S9935051,"School-in-a-carton, Yemen",,,,
2128,,,S9935051,"School-in-a-carton, Yemen",,,,
2129,,,S9935051,"School-in-a-carton, Yemen",,,,
2130,,,S9935051,"School-in-a-carton, Yemen",,,,
2131,,,S9935051,"School-in-a-carton, Yemen",,,,
2132,,,S9935051,"School-in-a-carton, Yemen",,,,
2133,,,S9935051,"School-in-a-carton, Yemen",,,,
2134,,,S9935051,"School-in-a-carton, Yemen",,,,
2135,,,S9935051,"School-in-a-carton, Yemen",,,,
2136,,,S9935051,"School-in-a-carton, Yemen",,,,
2137,,,S9935051,"School-in-a-carton, Yemen",,,,
2138,,,S9935051,"School-in-a-carton, Yemen",,,,
2139,,,S9935051,"School-in-a-carton, Yemen",,,,
2140,,,S9935051,"School-in-a-carton, Yemen",,,,
2141,,,S9935051,"School-in-a-carton, Yemen",,,,
2142,,,S9935051,"School-in-a-carton, Yemen",,,,
2143,,,S9935051,"School-in-a-carton, Yemen",,,,
2144,,,S9935051,"School-in-a-carton, Yemen",,,,
2145,,,S9935051,"School-in-a-carton, Yemen",,,,
2146,,,S9935051,"School-in-a-carton, Yemen",,,S9999990,Education prepack 1 for new SIB  (I)
2147,,,S9935051,"School-in-a-carton, Yemen",,,S9999990,Education prepack 1 for new SIB  (I)
2148,,,S9935051,"School-in-a-carton, Yemen",,,S9999990,Education prepack 1 for new SIB  (I)
2149,,,S9935051,"School-in-a-carton, Yemen",,,S9999990,Education prepack 1 for new SIB  (I)
2150,,,S9935051,"School-in-a-carton, Yemen",,,S9999990,Education prepack 1 for new SIB  (I)
2151,,,S9935051,"School-in-a-carton, Yemen",,,S9999990,Education prepack 1 for new SIB  (I)
2152,,,S9935051,"School-in-a-carton, Yemen",,,S9999990,Education prepack 1 for new SIB  (I)
2153,,,S9935051,"School-in-a-carton, Yemen",,,S9999990,Education prepack 1 for new SIB  (I)
2154,,,S9935051,"School-in-a-carton, Yemen",,,S9999990,Education prepack 1 for new SIB  (I)
2155,,,S9935051,"School-in-a-carton, Yemen",,,S9999990,Education prepack 1 for new SIB  (I)
2156,,,S9935051,"School-in-a-carton, Yemen",,,S9999990,Education prepack 1 for new SIB  (I)
2157,,,S9935051,"School-in-a-carton, Yemen",,,S9999990,Education prepack 1 for new SIB  (I)
2158,,,S9935051,"School-in-a-carton, Yemen",,,S9999199,Education PP 2 for SIC/SIB no globe
2159,,,S9935051,"School-in-a-carton, Yemen",,,S9999199,Education PP 2 for SIC/SIB no globe
2160,,,S9935051,"School-in-a-carton, Yemen",,,S9999199,Education PP 2 for SIC/SIB no globe
2161,,,S9935051,"School-in-a-carton, Yemen",,,S9999199,Education PP 2 for SIC/SIB no globe
2162,,,S9935051,"School-in-a-carton, Yemen",,,S9999199,Education PP 2 for SIC/SIB no globe
2163,,,S9935051,"School-in-a-carton, Yemen",,,S9999199,Education PP 2 for SIC/SIB no globe
2164,,,S9935051,"School-in-a-carton, Yemen",,,S9999199,Education PP 2 for SIC/SIB no globe
2165,,,S9935051,"School-in-a-carton, Yemen",,,S9999199,Education PP 2 for SIC/SIB no globe
2166,,,S9935051,"School-in-a-carton, Yemen",,,S9999199,Education PP 2 for SIC/SIB no globe
2167,,,S9935051,"School-in-a-carton, Yemen",,,S9999199,Education PP 2 for SIC/SIB no globe
2168,,,S9935051,"School-in-a-carton, Yemen",,,S9999199,Education PP 2 for SIC/SIB no globe
2169,,,S9935051,"School-in-a-carton, Yemen",,,S9999199,Education PP 2 for SIC/SIB no globe
2170,,,S9935051,"School-in-a-carton, Yemen",,,S9999989,prepack 3 system-wise (not physical)
2171,,,S9935051,"School-in-a-carton, Yemen",,,S9999989,prepack 3 system-wise (not physical)
2172,,,S9935051,"School-in-a-carton, Yemen",,,S9999989,prepack 3 system-wise (not physical)
2173,,,S9935051,"School-in-a-carton, Yemen",,,S9999989,prepack 3 system-wise (not physical)
2174,,,S9935051,"School-in-a-carton, Yemen",,,S9999989,prepack 3 system-wise (not physical)
2175,,,S9935051,"School-in-a-carton, Yemen",,,S9999989,prepack 3 system-wise (not physical)
2176,,,S9935064,"Early Childhood Dvt (ECD) kit, 2016",,,,
2177,,,S9935064,"Early Childhood Dvt (ECD) kit, 2016",,,,
2178,,,S9935064,"Early Childhood Dvt (ECD) kit, 2016",,,,
2179,,,S9935064,"Early Childhood Dvt (ECD) kit, 2016",,,,
2180,,,S9935064,"Early Childhood Dvt (ECD) kit, 2016",,,,
2181,,,S9935064,"Early Childhood Dvt (ECD) kit, 2016",,,,
2182,,,S9935064,"Early Childhood Dvt (ECD) kit, 2016",,,,
2183,,,S9935064,"Early Childhood Dvt (ECD) kit, 2016",,,,
2184,,,S9935064,"Early Childhood Dvt (ECD) kit, 2016",,,,
2185,,,S9935064,"Early Childhood Dvt (ECD) kit, 2016",,,,
2186,,,S9935064,"Early Childhood Dvt (ECD) kit, 2016",,,,
2187,,,S9935064,"Early Childhood Dvt (ECD) kit, 2016",,,,
2188,,,S9935064,"Early Childhood Dvt (ECD) kit, 2016",,,,
2189,,,S9935064,"Early Childhood Dvt (ECD) kit, 2016",,,,
2190,,,S9935064,"Early Childhood Dvt (ECD) kit, 2016",,,,
2191,,,S9935064,"Early Childhood Dvt (ECD) kit, 2016",,,,
2192,,,S9935064,"Early Childhood Dvt (ECD) kit, 2016",,,,
2193,,,S9935064,"Early Childhood Dvt (ECD) kit, 2016",,,,
2194,,,S9935064,"Early Childhood Dvt (ECD) kit, 2016",,,,
2195,,,S9935064,"Early Childhood Dvt (ECD) kit, 2016",,,,
2196,,,S9935064,"Early Childhood Dvt (ECD) kit, 2016",,,S9999987,Prepack for ECD Kits  2016
2197,,,S9935064,"Early Childhood Dvt (ECD) kit, 2016",,,S9999987,Prepack for ECD Kits  2016
2198,,,S9935064,"Early Childhood Dvt (ECD) kit, 2016",,,S9999987,Prepack for ECD Kits  2016
2199,,,S9935064,"Early Childhood Dvt (ECD) kit, 2016",,,S9999987,Prepack for ECD Kits  2016
2200,,,S9935064,"Early Childhood Dvt (ECD) kit, 2016",,,S9999987,Prepack for ECD Kits  2016
2201,,,S9935064,"Early Childhood Dvt (ECD) kit, 2016",,,S9999987,Prepack for ECD Kits  2016
2202,,,S9935064,"Early Childhood Dvt (ECD) kit, 2016",,,S9999987,Prepack for ECD Kits  2016
2203,,,S9935064,"Early Childhood Dvt (ECD) kit, 2016",,,S9999987,Prepack for ECD Kits  2016
2204,,,S9935064,"Early Childhood Dvt (ECD) kit, 2016",,,S9999987,Prepack for ECD Kits  2016
2205,,,S9935064,"Early Childhood Dvt (ECD) kit, 2016",,,S9999987,Prepack for ECD Kits  2016
2206,,,S9935064,"Early Childhood Dvt (ECD) kit, 2016",,,S9999987,Prepack for ECD Kits  2016
2207,,,S9935064,"Early Childhood Dvt (ECD) kit, 2016",,,S9999987,Prepack for ECD Kits  2016
2208,,,S9935064,"Early Childhood Dvt (ECD) kit, 2016",,,S9999987,Prepack for ECD Kits  2016
2209,,,S9935064,"Early Childhood Dvt (ECD) kit, 2016",,,S9999987,Prepack for ECD Kits  2016
2210,,,S9935064,"Early Childhood Dvt (ECD) kit, 2016",,,S9999987,Prepack for ECD Kits  2016
2211,,,S9935064,"Early Childhood Dvt (ECD) kit, 2016",,,S9999987,Prepack for ECD Kits  2016
2212,,,S9935064,"Early Childhood Dvt (ECD) kit, 2016",,,S9999987,Prepack for ECD Kits  2016
2213,,,S9935064,"Early Childhood Dvt (ECD) kit, 2016",,,S9999987,Prepack for ECD Kits  2016
2214,,,S9935064,"Early Childhood Dvt (ECD) kit, 2016",,,S9999987,Prepack for ECD Kits  2016
2215,,,S9935064,"Early Childhood Dvt (ECD) kit, 2016",,,S9999987,Prepack for ECD Kits  2016
2216,,,S9935064,"Early Childhood Dvt (ECD) kit, 2016",,,S9999987,Prepack for ECD Kits  2016
2217,,,S9935064,"Early Childhood Dvt (ECD) kit, 2016",,,S9999987,Prepack for ECD Kits  2016
2218,,,S9935064,"Early Childhood Dvt (ECD) kit, 2016",,,S9999987,Prepack for ECD Kits  2016
2219,,,S9935064,"Early Childhood Dvt (ECD) kit, 2016",,,S9999987,Prepack for ECD Kits  2016
2220,,,S9935064,"Early Childhood Dvt (ECD) kit, 2016",,,S9999987,Prepack for ECD Kits  2016
2221,,,S9935064,"Early Childhood Dvt (ECD) kit, 2016",,,S9999987,Prepack for ECD Kits  2016
2222,,,S9935065,"ECD kit-in-a-carton, 2016",,,,
2223,,,S9935065,"ECD kit-in-a-carton, 2016",,,,
2224,,,S9935065,"ECD kit-in-a-carton, 2016",,,,
2225,,,S9935065,"ECD kit-in-a-carton, 2016",,,,
2226,,,S9935065,"ECD kit-in-a-carton, 2016",,,,
2227,,,S9935065,"ECD kit-in-a-carton, 2016",,,,
2228,,,S9935065,"ECD kit-in-a-carton, 2016",,,,
2229,,,S9935065,"ECD kit-in-a-carton, 2016",,,,
2230,,,S9935065,"ECD kit-in-a-carton, 2016",,,,
2231,,,S9935065,"ECD kit-in-a-carton, 2016",,,,
2232,,,S9935065,"ECD kit-in-a-carton, 2016",,,,
2233,,,S9935065,"ECD kit-in-a-carton, 2016",,,,
2234,,,S9935065,"ECD kit-in-a-carton, 2016",,,,
2235,,,S9935065,"ECD kit-in-a-carton, 2016",,,,
2236,,,S9935065,"ECD kit-in-a-carton, 2016",,,,
2237,,,S9935065,"ECD kit-in-a-carton, 2016",,,,
2238,,,S9935065,"ECD kit-in-a-carton, 2016",,,,
2239,,,S9935065,"ECD kit-in-a-carton, 2016",,,,
2240,,,S9935065,"ECD kit-in-a-carton, 2016",,,,
2241,,,S9935065,"ECD kit-in-a-carton, 2016",,,,
2242,,,S9935065,"ECD kit-in-a-carton, 2016",,,,
2243,,,S9935065,"ECD kit-in-a-carton, 2016",,,S9999987,Prepack for ECD Kits  2016
2244,,,S9935065,"ECD kit-in-a-carton, 2016",,,S9999987,Prepack for ECD Kits  2016
2245,,,S9935065,"ECD kit-in-a-carton, 2016",,,S9999987,Prepack for ECD Kits  2016
2246,,,S9935065,"ECD kit-in-a-carton, 2016",,,S9999987,Prepack for ECD Kits  2016
2247,,,S9935065,"ECD kit-in-a-carton, 2016",,,S9999987,Prepack for ECD Kits  2016
2248,,,S9935065,"ECD kit-in-a-carton, 2016",,,S9999987,Prepack for ECD Kits  2016
2249,,,S9935065,"ECD kit-in-a-carton, 2016",,,S9999987,Prepack for ECD Kits  2016
2250,,,S9935065,"ECD kit-in-a-carton, 2016",,,S9999987,Prepack for ECD Kits  2016
2251,,,S9935065,"ECD kit-in-a-carton, 2016",,,S9999987,Prepack for ECD Kits  2016
2252,,,S9935065,"ECD kit-in-a-carton, 2016",,,S9999987,Prepack for ECD Kits  2016
2253,,,S9935065,"ECD kit-in-a-carton, 2016",,,S9999987,Prepack for ECD Kits  2016
2254,,,S9935065,"ECD kit-in-a-carton, 2016",,,S9999987,Prepack for ECD Kits  2016
2255,,,S9935065,"ECD kit-in-a-carton, 2016",,,S9999987,Prepack for ECD Kits  2016
2256,,,S9935065,"ECD kit-in-a-carton, 2016",,,S9999987,Prepack for ECD Kits  2016
2257,,,S9935065,"ECD kit-in-a-carton, 2016",,,S9999987,Prepack for ECD Kits  2016
2258,,,S9935065,"ECD kit-in-a-carton, 2016",,,S9999987,Prepack for ECD Kits  2016
2259,,,S9935065,"ECD kit-in-a-carton, 2016",,,S9999987,Prepack for ECD Kits  2016
2260,,,S9935065,"ECD kit-in-a-carton, 2016",,,S9999987,Prepack for ECD Kits  2016
2261,,,S9935065,"ECD kit-in-a-carton, 2016",,,S9999987,Prepack for ECD Kits  2016
2262,,,S9935065,"ECD kit-in-a-carton, 2016",,,S9999987,Prepack for ECD Kits  2016
2263,,,S9935065,"ECD kit-in-a-carton, 2016",,,S9999987,Prepack for ECD Kits  2016
2264,,,S9935065,"ECD kit-in-a-carton, 2016",,,S9999987,Prepack for ECD Kits  2016
2265,,,S9935065,"ECD kit-in-a-carton, 2016",,,S9999987,Prepack for ECD Kits  2016
2266,,,S9935065,"ECD kit-in-a-carton, 2016",,,S9999987,Prepack for ECD Kits  2016
2267,,,S9935065,"ECD kit-in-a-carton, 2016",,,S9999987,Prepack for ECD Kits  2016
2268,,,S9935065,"ECD kit-in-a-carton, 2016",,,S9999987,Prepack for ECD Kits  2016
2269,,,S9935080,Arabic Student Kit Grade 1-4,,,,
2270,,,S9935080,Arabic Student Kit Grade 1-4,,,,
2271,,,S9935080,Arabic Student Kit Grade 1-4,,,,
2272,,,S9935080,Arabic Student Kit Grade 1-4,,,,
2273,,,S9935080,Arabic Student Kit Grade 1-4,,,,
2274,,,S9935080,Arabic Student Kit Grade 1-4,,,,
2275,,,S9935080,Arabic Student Kit Grade 1-4,,,,
2276,,,S9935080,Arabic Student Kit Grade 1-4,,,,
2277,,,S9935080,Arabic Student Kit Grade 1-4,,,,
2278,,,S9935080,Arabic Student Kit Grade 1-4,,,,
2279,,,S9935081,Arabic Student Kit Grade 5-8,,,,
2280,,,S9935081,Arabic Student Kit Grade 5-8,,,,
2281,,,S9935081,Arabic Student Kit Grade 5-8,,,,
2282,,,S9935081,Arabic Student Kit Grade 5-8,,,,
2283,,,S9935081,Arabic Student Kit Grade 5-8,,,,
2284,,,S9935081,Arabic Student Kit Grade 5-8,,,,
2285,,,S9935081,Arabic Student Kit Grade 5-8,,,,
2286,,,S9935081,Arabic Student Kit Grade 5-8,,,,
2287,,,S9935081,Arabic Student Kit Grade 5-8,,,,
2288,,,S9935081,Arabic Student Kit Grade 5-8,,,,
2289,,,S9935081,Arabic Student Kit Grade 5-8,,,,
2290,,,S9935082,Arabic Teacher's Kit,,,,
2291,,,S9935082,Arabic Teacher's Kit,,,,
2292,,,S9935082,Arabic Teacher's Kit,,,,
2293,,,S9935082,Arabic Teacher's Kit,,,,
2294,,,S9935082,Arabic Teacher's Kit,,,,
2295,,,S9935082,Arabic Teacher's Kit,,,,
2296,,,S9935082,Arabic Teacher's Kit,,,,
2297,,,S9935082,Arabic Teacher's Kit,,,,
2298,,,S9935082,Arabic Teacher's Kit,,,,
2299,,,S9935082,Arabic Teacher's Kit,,,,
2300,,,S9935082,Arabic Teacher's Kit,,,,
2301,,,S9935082,Arabic Teacher's Kit,,,,
2302,,,S9935082,Arabic Teacher's Kit,,,,
2303,,,S9935082,Arabic Teacher's Kit,,,,
2304,,,S9935082,Arabic Teacher's Kit,,,,
2305,,,S9935082,Arabic Teacher's Kit,,,,
2306,,,S9935082,Arabic Teacher's Kit,,,,
2307,,,S9935082,Arabic Teacher's Kit,,,,
2308,,,S9935084,Syria Emergency School in a Carton Kit,,,,
2309,,,S9935084,Syria Emergency School in a Carton Kit,,,,
2310,,,S9935084,Syria Emergency School in a Carton Kit,,,,
2311,,,S9935084,Syria Emergency School in a Carton Kit,,,,
2312,,,S9935084,Syria Emergency School in a Carton Kit,,,,
2313,,,S9935084,Syria Emergency School in a Carton Kit,,,,
2314,,,S9935084,Syria Emergency School in a Carton Kit,,,,
2315,,,S9935084,Syria Emergency School in a Carton Kit,,,,
2316,,,S9935084,Syria Emergency School in a Carton Kit,,,,
2317,,,S9935084,Syria Emergency School in a Carton Kit,,,,
2318,,,S9935084,Syria Emergency School in a Carton Kit,,,,
2319,,,S9935084,Syria Emergency School in a Carton Kit,,,,
2320,,,S9935084,Syria Emergency School in a Carton Kit,,,,
2321,,,S9935084,Syria Emergency School in a Carton Kit,,,,
2322,,,S9935084,Syria Emergency School in a Carton Kit,,,,
2323,,,S9935084,Syria Emergency School in a Carton Kit,,,,
2324,,,S9935084,Syria Emergency School in a Carton Kit,,,,
2325,,,S9935084,Syria Emergency School in a Carton Kit,,,,
2326,,,S9935084,Syria Emergency School in a Carton Kit,,,S9999990,Education prepack 1 for new SIB  (I)
2327,,,S9935084,Syria Emergency School in a Carton Kit,,,S9999990,Education prepack 1 for new SIB  (I)
2328,,,S9935084,Syria Emergency School in a Carton Kit,,,S9999990,Education prepack 1 for new SIB  (I)
2329,,,S9935084,Syria Emergency School in a Carton Kit,,,S9999990,Education prepack 1 for new SIB  (I)
2330,,,S9935084,Syria Emergency School in a Carton Kit,,,S9999990,Education prepack 1 for new SIB  (I)
2331,,,S9935084,Syria Emergency School in a Carton Kit,,,S9999990,Education prepack 1 for new SIB  (I)
2332,,,S9935084,Syria Emergency School in a Carton Kit,,,S9999990,Education prepack 1 for new SIB  (I)
2333,,,S9935084,Syria Emergency School in a Carton Kit,,,S9999990,Education prepack 1 for new SIB  (I)
2334,,,S9935084,Syria Emergency School in a Carton Kit,,,S9999990,Education prepack 1 for new SIB  (I)
2335,,,S9935084,Syria Emergency School in a Carton Kit,,,S9999990,Education prepack 1 for new SIB  (I)
2336,,,S9935084,Syria Emergency School in a Carton Kit,,,S9999990,Education prepack 1 for new SIB  (I)
2337,,,S9935084,Syria Emergency School in a Carton Kit,,,S9999990,Education prepack 1 for new SIB  (I)
2338,,,S9935084,Syria Emergency School in a Carton Kit,,,S9999979,"E-p for S9935095, 84, 12, 98"
2339,,,S9935084,Syria Emergency School in a Carton Kit,,,S9999979,"E-p for S9935095, 84, 12, 98"
2340,,,S9935084,Syria Emergency School in a Carton Kit,,,S9999979,"E-p for S9935095, 84, 12, 98"
2341,,,S9935084,Syria Emergency School in a Carton Kit,,,S9999979,"E-p for S9935095, 84, 12, 98"
2342,,,S9935084,Syria Emergency School in a Carton Kit,,,S9999979,"E-p for S9935095, 84, 12, 98"
2343,,,S9935084,Syria Emergency School in a Carton Kit,,,S9999979,"E-p for S9935095, 84, 12, 98"
2344,,,S9935084,Syria Emergency School in a Carton Kit,,,S9999979,"E-p for S9935095, 84, 12, 98"
2345,,,S9935084,Syria Emergency School in a Carton Kit,,,S9999979,"E-p for S9935095, 84, 12, 98"
2346,,,S9935084,Syria Emergency School in a Carton Kit,,,S9999979,"E-p for S9935095, 84, 12, 98"
2347,,,S9935084,Syria Emergency School in a Carton Kit,,,S9999979,"E-p for S9935095, 84, 12, 98"
2348,,,S9935090,"Syria Paediatric Kit, 2019",,,,
2349,,,S9935090,"Syria Paediatric Kit, 2019",,,,
2350,,,S9935090,"Syria Paediatric Kit, 2019",,,,
2351,,,S9935090,"Syria Paediatric Kit, 2019",,,,
2352,,,S9935090,"Syria Paediatric Kit, 2019",,,,
2353,,,S9935090,"Syria Paediatric Kit, 2019",,,,
2354,,,S9935090,"Syria Paediatric Kit, 2019",,,,
2355,,,S9935090,"Syria Paediatric Kit, 2019",,,,
2356,,,S9935090,"Syria Paediatric Kit, 2019",,,,
2357,,,S9935090,"Syria Paediatric Kit, 2019",,,,
2358,,,S9935090,"Syria Paediatric Kit, 2019",,,S9999591,"1/3PP Syria Paediatric Kit,2019 S9935090"
2359,,,S9935090,"Syria Paediatric Kit, 2019",,,S9999591,"1/3PP Syria Paediatric Kit,2019 S9935090"
2360,,,S9935090,"Syria Paediatric Kit, 2019",,,S9999591,"1/3PP Syria Paediatric Kit,2019 S9935090"
2361,,,S9935090,"Syria Paediatric Kit, 2019",,,S9999591,"1/3PP Syria Paediatric Kit,2019 S9935090"
2362,,,S9935090,"Syria Paediatric Kit, 2019",,,S9999591,"1/3PP Syria Paediatric Kit,2019 S9935090"
2363,,,S9935090,"Syria Paediatric Kit, 2019",,,S9999591,"1/3PP Syria Paediatric Kit,2019 S9935090"
2364,,,S9935090,"Syria Paediatric Kit, 2019",,,S9999591,"1/3PP Syria Paediatric Kit,2019 S9935090"
2365,,,S9935090,"Syria Paediatric Kit, 2019",,,S9999591,"1/3PP Syria Paediatric Kit,2019 S9935090"
2366,,,S9935090,"Syria Paediatric Kit, 2019",,,S9999591,"1/3PP Syria Paediatric Kit,2019 S9935090"
2367,,,S9935090,"Syria Paediatric Kit, 2019",,,S9999591,"1/3PP Syria Paediatric Kit,2019 S9935090"
2368,,,S9935090,"Syria Paediatric Kit, 2019",,,S9999591,"1/3PP Syria Paediatric Kit,2019 S9935090"
2369,,,S9935090,"Syria Paediatric Kit, 2019",,,S9999591,"1/3PP Syria Paediatric Kit,2019 S9935090"
2370,,,S9935090,"Syria Paediatric Kit, 2019",,,S9999591,"1/3PP Syria Paediatric Kit,2019 S9935090"
2371,,,S9935090,"Syria Paediatric Kit, 2019",,,S9999592,"2/3PP Syria Paediatric Kit,2019 S9935090"
2372,,,S9935090,"Syria Paediatric Kit, 2019",,,S9999592,"2/3PP Syria Paediatric Kit,2019 S9935090"
2373,,,S9935090,"Syria Paediatric Kit, 2019",,,S9999592,"2/3PP Syria Paediatric Kit,2019 S9935090"
2374,,,S9935090,"Syria Paediatric Kit, 2019",,,S9999592,"2/3PP Syria Paediatric Kit,2019 S9935090"
2375,,,S9935090,"Syria Paediatric Kit, 2019",,,S9999592,"2/3PP Syria Paediatric Kit,2019 S9935090"
2376,,,S9935090,"Syria Paediatric Kit, 2019",,,S9999592,"2/3PP Syria Paediatric Kit,2019 S9935090"
2377,,,S9935090,"Syria Paediatric Kit, 2019",,,S9999592,"2/3PP Syria Paediatric Kit,2019 S9935090"
2378,,,S9935090,"Syria Paediatric Kit, 2019",,,S9999592,"2/3PP Syria Paediatric Kit,2019 S9935090"
2379,,,S9935090,"Syria Paediatric Kit, 2019",,,S9999593,"3/3PP Syria Paediatric Kit,2019 S9935090"
2380,,,S9935090,"Syria Paediatric Kit, 2019",,,S9999593,"3/3PP Syria Paediatric Kit,2019 S9935090"
2381,,,S9935090,"Syria Paediatric Kit, 2019",,,S9999593,"3/3PP Syria Paediatric Kit,2019 S9935090"
2382,,,S9935090,"Syria Paediatric Kit, 2019",,,S9999593,"3/3PP Syria Paediatric Kit,2019 S9935090"
2383,,,S9935090,"Syria Paediatric Kit, 2019",,,S9999593,"3/3PP Syria Paediatric Kit,2019 S9935090"
2384,,,S9935090,"Syria Paediatric Kit, 2019",,,S9999593,"3/3PP Syria Paediatric Kit,2019 S9935090"
2385,,,S9935095,Replenishment kit for School-in-a-box,,,,
2386,,,S9935095,Replenishment kit for School-in-a-box,,,,
2387,,,S9935095,Replenishment kit for School-in-a-box,,,,
2388,,,S9935095,Replenishment kit for School-in-a-box,,,,
2389,,,S9935095,Replenishment kit for School-in-a-box,,,,
2390,,,S9935095,Replenishment kit for School-in-a-box,,,S9999990,Education prepack 1 for new SIB  (I)
2391,,,S9935095,Replenishment kit for School-in-a-box,,,S9999990,Education prepack 1 for new SIB  (I)
2392,,,S9935095,Replenishment kit for School-in-a-box,,,S9999990,Education prepack 1 for new SIB  (I)
2393,,,S9935095,Replenishment kit for School-in-a-box,,,S9999990,Education prepack 1 for new SIB  (I)
2394,,,S9935095,Replenishment kit for School-in-a-box,,,S9999990,Education prepack 1 for new SIB  (I)
2395,,,S9935095,Replenishment kit for School-in-a-box,,,S9999990,Education prepack 1 for new SIB  (I)
2396,,,S9935095,Replenishment kit for School-in-a-box,,,S9999990,Education prepack 1 for new SIB  (I)
2397,,,S9935095,Replenishment kit for School-in-a-box,,,S9999990,Education prepack 1 for new SIB  (I)
2398,,,S9935095,Replenishment kit for School-in-a-box,,,S9999990,Education prepack 1 for new SIB  (I)
2399,,,S9935095,Replenishment kit for School-in-a-box,,,S9999990,Education prepack 1 for new SIB  (I)
2400,,,S9935095,Replenishment kit for School-in-a-box,,,S9999990,Education prepack 1 for new SIB  (I)
2401,,,S9935095,Replenishment kit for School-in-a-box,,,S9999990,Education prepack 1 for new SIB  (I)
2402,,,S9935095,Replenishment kit for School-in-a-box,,,S9999979,"E-p for S9935095, 84, 12, 98"
2403,,,S9935095,Replenishment kit for School-in-a-box,,,S9999979,"E-p for S9935095, 84, 12, 98"
2404,,,S9935095,Replenishment kit for School-in-a-box,,,S9999979,"E-p for S9935095, 84, 12, 98"
2405,,,S9935095,Replenishment kit for School-in-a-box,,,S9999979,"E-p for S9935095, 84, 12, 98"
2406,,,S9935095,Replenishment kit for School-in-a-box,,,S9999979,"E-p for S9935095, 84, 12, 98"
2407,,,S9935095,Replenishment kit for School-in-a-box,,,S9999979,"E-p for S9935095, 84, 12, 98"
2408,,,S9935095,Replenishment kit for School-in-a-box,,,S9999979,"E-p for S9935095, 84, 12, 98"
2409,,,S9935095,Replenishment kit for School-in-a-box,,,S9999979,"E-p for S9935095, 84, 12, 98"
2410,,,S9935095,Replenishment kit for School-in-a-box,,,S9999979,"E-p for S9935095, 84, 12, 98"
2411,,,S9935095,Replenishment kit for School-in-a-box,,,S9999979,"E-p for S9935095, 84, 12, 98"
2412,,,S9935097,"School-in-a-box,40 students, 2016",,,,
2413,,,S9935097,"School-in-a-box,40 students, 2016",,,,
2414,,,S9935097,"School-in-a-box,40 students, 2016",,,,
2415,,,S9935097,"School-in-a-box,40 students, 2016",,,,
2416,,,S9935097,"School-in-a-box,40 students, 2016",,,,
2417,,,S9935097,"School-in-a-box,40 students, 2016",,,,
2418,,,S9935097,"School-in-a-box,40 students, 2016",,,,
2419,,,S9935097,"School-in-a-box,40 students, 2016",,,,
2420,,,S9935097,"School-in-a-box,40 students, 2016",,,,
2421,,,S9935097,"School-in-a-box,40 students, 2016",,,,
2422,,,S9935097,"School-in-a-box,40 students, 2016",,,,
2423,,,S9935097,"School-in-a-box,40 students, 2016",,,,
2424,,,S9935097,"School-in-a-box,40 students, 2016",,,,
2425,,,S9935097,"School-in-a-box,40 students, 2016",,,,
2426,,,S9935097,"School-in-a-box,40 students, 2016",,,,
2427,,,S9935097,"School-in-a-box,40 students, 2016",,,,
2428,,,S9935097,"School-in-a-box,40 students, 2016",,,,
2429,,,S9935097,"School-in-a-box,40 students, 2016",,,,
2430,,,S9935097,"School-in-a-box,40 students, 2016",,,,
2431,,,S9935097,"School-in-a-box,40 students, 2016",,,S9999990,Education prepack 1 for new SIB  (I)
2432,,,S9935097,"School-in-a-box,40 students, 2016",,,S9999990,Education prepack 1 for new SIB  (I)
2433,,,S9935097,"School-in-a-box,40 students, 2016",,,S9999990,Education prepack 1 for new SIB  (I)
2434,,,S9935097,"School-in-a-box,40 students, 2016",,,S9999990,Education prepack 1 for new SIB  (I)
2435,,,S9935097,"School-in-a-box,40 students, 2016",,,S9999990,Education prepack 1 for new SIB  (I)
2436,,,S9935097,"School-in-a-box,40 students, 2016",,,S9999990,Education prepack 1 for new SIB  (I)
2437,,,S9935097,"School-in-a-box,40 students, 2016",,,S9999990,Education prepack 1 for new SIB  (I)
2438,,,S9935097,"School-in-a-box,40 students, 2016",,,S9999990,Education prepack 1 for new SIB  (I)
2439,,,S9935097,"School-in-a-box,40 students, 2016",,,S9999990,Education prepack 1 for new SIB  (I)
2440,,,S9935097,"School-in-a-box,40 students, 2016",,,S9999990,Education prepack 1 for new SIB  (I)
2441,,,S9935097,"School-in-a-box,40 students, 2016",,,S9999990,Education prepack 1 for new SIB  (I)
2442,,,S9935097,"School-in-a-box,40 students, 2016",,,S9999990,Education prepack 1 for new SIB  (I)
2443,,,S9935097,"School-in-a-box,40 students, 2016",,,S9999991,Education prepack 2 for new SIB  (I)
2444,,,S9935097,"School-in-a-box,40 students, 2016",,,S9999991,Education prepack 2 for new SIB  (I)
2445,,,S9935097,"School-in-a-box,40 students, 2016",,,S9999991,Education prepack 2 for new SIB  (I)
2446,,,S9935097,"School-in-a-box,40 students, 2016",,,S9999991,Education prepack 2 for new SIB  (I)
2447,,,S9935097,"School-in-a-box,40 students, 2016",,,S9999991,Education prepack 2 for new SIB  (I)
2448,,,S9935097,"School-in-a-box,40 students, 2016",,,S9999991,Education prepack 2 for new SIB  (I)
2449,,,S9935097,"School-in-a-box,40 students, 2016",,,S9999991,Education prepack 2 for new SIB  (I)
2450,,,S9935097,"School-in-a-box,40 students, 2016",,,S9999991,Education prepack 2 for new SIB  (I)
2451,,,S9935097,"School-in-a-box,40 students, 2016",,,S9999991,Education prepack 2 for new SIB  (I)
2452,,,S9935097,"School-in-a-box,40 students, 2016",,,S9999991,Education prepack 2 for new SIB  (I)
2453,,,S9935097,"School-in-a-box,40 students, 2016",,,S9999991,Education prepack 2 for new SIB  (I)
2454,,,S9935097,"School-in-a-box,40 students, 2016",,,S9999991,Education prepack 2 for new SIB  (I)
2455,,,S9935097,"School-in-a-box,40 students, 2016",,,S9999991,Education prepack 2 for new SIB  (I)
2456,,,S9935097,"School-in-a-box,40 students, 2016",,,S9999989,prepack 3 system-wise (not physical)
2457,,,S9935097,"School-in-a-box,40 students, 2016",,,S9999989,prepack 3 system-wise (not physical)
2458,,,S9935097,"School-in-a-box,40 students, 2016",,,S9999989,prepack 3 system-wise (not physical)
2459,,,S9935097,"School-in-a-box,40 students, 2016",,,S9999989,prepack 3 system-wise (not physical)
2460,,,S9935097,"School-in-a-box,40 students, 2016",,,S9999989,prepack 3 system-wise (not physical)
2461,,,S9935097,"School-in-a-box,40 students, 2016",,,S9999989,prepack 3 system-wise (not physical)
2462,,,S9935099,Extra materials for School-in-a-box,,,,
2463,,,S9935099,Extra materials for School-in-a-box,,,,
2464,,,S9935099,Extra materials for School-in-a-box,,,,
2465,,,S9935099,Extra materials for School-in-a-box,,,,
2466,,,S9935099,Extra materials for School-in-a-box,,,,
2467,,,S9935099,Extra materials for School-in-a-box,,,,
2468,,,S9935099,Extra materials for School-in-a-box,,,,
2469,,,S9935099,Extra materials for School-in-a-box,,,,
2470,,,S9935099,Extra materials for School-in-a-box,,,S9999990,Education prepack 1 for new SIB  (I)
2471,,,S9935099,Extra materials for School-in-a-box,,,S9999990,Education prepack 1 for new SIB  (I)
2472,,,S9935099,Extra materials for School-in-a-box,,,S9999990,Education prepack 1 for new SIB  (I)
2473,,,S9935099,Extra materials for School-in-a-box,,,S9999990,Education prepack 1 for new SIB  (I)
2474,,,S9935099,Extra materials for School-in-a-box,,,S9999990,Education prepack 1 for new SIB  (I)
2475,,,S9935099,Extra materials for School-in-a-box,,,S9999990,Education prepack 1 for new SIB  (I)
2476,,,S9935099,Extra materials for School-in-a-box,,,S9999990,Education prepack 1 for new SIB  (I)
2477,,,S9935099,Extra materials for School-in-a-box,,,S9999990,Education prepack 1 for new SIB  (I)
2478,,,S9935099,Extra materials for School-in-a-box,,,S9999990,Education prepack 1 for new SIB  (I)
2479,,,S9935099,Extra materials for School-in-a-box,,,S9999990,Education prepack 1 for new SIB  (I)
2480,,,S9935099,Extra materials for School-in-a-box,,,S9999990,Education prepack 1 for new SIB  (I)
2481,,,S9935099,Extra materials for School-in-a-box,,,S9999990,Education prepack 1 for new SIB  (I)
2482,,,S9935100,"School-in-a-carton, Ukraine",,,,
2483,,,S9935100,"School-in-a-carton, Ukraine",,,,
2484,,,S9935100,"School-in-a-carton, Ukraine",,,,
2485,,,S9935100,"School-in-a-carton, Ukraine",,,,
2486,,,S9935100,"School-in-a-carton, Ukraine",,,,
2487,,,S9935100,"School-in-a-carton, Ukraine",,,,
2488,,,S9935100,"School-in-a-carton, Ukraine",,,,
2489,,,S9935100,"School-in-a-carton, Ukraine",,,,
2490,,,S9935100,"School-in-a-carton, Ukraine",,,,
2491,,,S9935100,"School-in-a-carton, Ukraine",,,,
2492,,,S9935100,"School-in-a-carton, Ukraine",,,,
2493,,,S9935100,"School-in-a-carton, Ukraine",,,,
2494,,,S9935100,"School-in-a-carton, Ukraine",,,,
2495,,,S9935100,"School-in-a-carton, Ukraine",,,,
2496,,,S9935100,"School-in-a-carton, Ukraine",,,,
2497,,,S9935100,"School-in-a-carton, Ukraine",,,,
2498,,,S9935100,"School-in-a-carton, Ukraine",,,,
2499,,,S9935100,"School-in-a-carton, Ukraine",,,,
2500,,,S9935100,"School-in-a-carton, Ukraine",,,,
2501,,,S9935100,"School-in-a-carton, Ukraine",,,,
2502,,,S9935100,"School-in-a-carton, Ukraine",,,,
2503,,,S9935100,"School-in-a-carton, Ukraine",,,S9999990,Education prepack 1 for new SIB  (I)
2504,,,S9935100,"School-in-a-carton, Ukraine",,,S9999990,Education prepack 1 for new SIB  (I)
2505,,,S9935100,"School-in-a-carton, Ukraine",,,S9999990,Education prepack 1 for new SIB  (I)
2506,,,S9935100,"School-in-a-carton, Ukraine",,,S9999990,Education prepack 1 for new SIB  (I)
2507,,,S9935100,"School-in-a-carton, Ukraine",,,S9999990,Education prepack 1 for new SIB  (I)
2508,,,S9935100,"School-in-a-carton, Ukraine",,,S9999990,Education prepack 1 for new SIB  (I)
2509,,,S9935100,"School-in-a-carton, Ukraine",,,S9999990,Education prepack 1 for new SIB  (I)
2510,,,S9935100,"School-in-a-carton, Ukraine",,,S9999990,Education prepack 1 for new SIB  (I)
2511,,,S9935100,"School-in-a-carton, Ukraine",,,S9999990,Education prepack 1 for new SIB  (I)
2512,,,S9935100,"School-in-a-carton, Ukraine",,,S9999990,Education prepack 1 for new SIB  (I)
2513,,,S9935100,"School-in-a-carton, Ukraine",,,S9999990,Education prepack 1 for new SIB  (I)
2514,,,S9935100,"School-in-a-carton, Ukraine",,,S9999990,Education prepack 1 for new SIB  (I)
2515,,,S9935100,"School-in-a-carton, Ukraine",,,S9999199,Education PP 2 for SIC/SIB no globe
2516,,,S9935100,"School-in-a-carton, Ukraine",,,S9999199,Education PP 2 for SIC/SIB no globe
2517,,,S9935100,"School-in-a-carton, Ukraine",,,S9999199,Education PP 2 for SIC/SIB no globe
2518,,,S9935100,"School-in-a-carton, Ukraine",,,S9999199,Education PP 2 for SIC/SIB no globe
2519,,,S9935100,"School-in-a-carton, Ukraine",,,S9999199,Education PP 2 for SIC/SIB no globe
2520,,,S9935100,"School-in-a-carton, Ukraine",,,S9999199,Education PP 2 for SIC/SIB no globe
2521,,,S9935100,"School-in-a-carton, Ukraine",,,S9999199,Education PP 2 for SIC/SIB no globe
2522,,,S9935100,"School-in-a-carton, Ukraine",,,S9999199,Education PP 2 for SIC/SIB no globe
2523,,,S9935100,"School-in-a-carton, Ukraine",,,S9999199,Education PP 2 for SIC/SIB no globe
2524,,,S9935100,"School-in-a-carton, Ukraine",,,S9999199,Education PP 2 for SIC/SIB no globe
2525,,,S9935100,"School-in-a-carton, Ukraine",,,S9999199,Education PP 2 for SIC/SIB no globe
2526,,,S9935100,"School-in-a-carton, Ukraine",,,S9999199,Education PP 2 for SIC/SIB no globe
2527,,,S9935100,"School-in-a-carton, Ukraine",,,S9999989,prepack 3 system-wise (not physical)
2528,,,S9935100,"School-in-a-carton, Ukraine",,,S9999989,prepack 3 system-wise (not physical)
2529,,,S9935100,"School-in-a-carton, Ukraine",,,S9999989,prepack 3 system-wise (not physical)
2530,,,S9935100,"School-in-a-carton, Ukraine",,,S9999989,prepack 3 system-wise (not physical)
2531,,,S9935100,"School-in-a-carton, Ukraine",,,S9999989,prepack 3 system-wise (not physical)
2532,,,S9935100,"School-in-a-carton, Ukraine",,,S9999989,prepack 3 system-wise (not physical)
2533,,,S9935101,"School-in-a-box, Ukraine",,,,
2534,,,S9935101,"School-in-a-box, Ukraine",,,,
2535,,,S9935101,"School-in-a-box, Ukraine",,,,
2536,,,S9935101,"School-in-a-box, Ukraine",,,,
2537,,,S9935101,"School-in-a-box, Ukraine",,,,
2538,,,S9935101,"School-in-a-box, Ukraine",,,,
2539,,,S9935101,"School-in-a-box, Ukraine",,,,
2540,,,S9935101,"School-in-a-box, Ukraine",,,,
2541,,,S9935101,"School-in-a-box, Ukraine",,,,
2542,,,S9935101,"School-in-a-box, Ukraine",,,,
2543,,,S9935101,"School-in-a-box, Ukraine",,,,
2544,,,S9935101,"School-in-a-box, Ukraine",,,,
2545,,,S9935101,"School-in-a-box, Ukraine",,,,
2546,,,S9935101,"School-in-a-box, Ukraine",,,,
2547,,,S9935101,"School-in-a-box, Ukraine",,,,
2548,,,S9935101,"School-in-a-box, Ukraine",,,,
2549,,,S9935101,"School-in-a-box, Ukraine",,,,
2550,,,S9935101,"School-in-a-box, Ukraine",,,,
2551,,,S9935101,"School-in-a-box, Ukraine",,,,
2552,,,S9935101,"School-in-a-box, Ukraine",,,,
2553,,,S9935101,"School-in-a-box, Ukraine",,,S9999990,Education prepack 1 for new SIB  (I)
2554,,,S9935101,"School-in-a-box, Ukraine",,,S9999990,Education prepack 1 for new SIB  (I)
2555,,,S9935101,"School-in-a-box, Ukraine",,,S9999990,Education prepack 1 for new SIB  (I)
2556,,,S9935101,"School-in-a-box, Ukraine",,,S9999990,Education prepack 1 for new SIB  (I)
2557,,,S9935101,"School-in-a-box, Ukraine",,,S9999990,Education prepack 1 for new SIB  (I)
2558,,,S9935101,"School-in-a-box, Ukraine",,,S9999990,Education prepack 1 for new SIB  (I)
2559,,,S9935101,"School-in-a-box, Ukraine",,,S9999990,Education prepack 1 for new SIB  (I)
2560,,,S9935101,"School-in-a-box, Ukraine",,,S9999990,Education prepack 1 for new SIB  (I)
2561,,,S9935101,"School-in-a-box, Ukraine",,,S9999990,Education prepack 1 for new SIB  (I)
2562,,,S9935101,"School-in-a-box, Ukraine",,,S9999990,Education prepack 1 for new SIB  (I)
2563,,,S9935101,"School-in-a-box, Ukraine",,,S9999990,Education prepack 1 for new SIB  (I)
2564,,,S9935101,"School-in-a-box, Ukraine",,,S9999990,Education prepack 1 for new SIB  (I)
2565,,,S9935101,"School-in-a-box, Ukraine",,,S9999199,Education PP 2 for SIC/SIB no globe
2566,,,S9935101,"School-in-a-box, Ukraine",,,S9999199,Education PP 2 for SIC/SIB no globe
2567,,,S9935101,"School-in-a-box, Ukraine",,,S9999199,Education PP 2 for SIC/SIB no globe
2568,,,S9935101,"School-in-a-box, Ukraine",,,S9999199,Education PP 2 for SIC/SIB no globe
2569,,,S9935101,"School-in-a-box, Ukraine",,,S9999199,Education PP 2 for SIC/SIB no globe
2570,,,S9935101,"School-in-a-box, Ukraine",,,S9999199,Education PP 2 for SIC/SIB no globe
2571,,,S9935101,"School-in-a-box, Ukraine",,,S9999199,Education PP 2 for SIC/SIB no globe
2572,,,S9935101,"School-in-a-box, Ukraine",,,S9999199,Education PP 2 for SIC/SIB no globe
2573,,,S9935101,"School-in-a-box, Ukraine",,,S9999199,Education PP 2 for SIC/SIB no globe
2574,,,S9935101,"School-in-a-box, Ukraine",,,S9999199,Education PP 2 for SIC/SIB no globe
2575,,,S9935101,"School-in-a-box, Ukraine",,,S9999199,Education PP 2 for SIC/SIB no globe
2576,,,S9935101,"School-in-a-box, Ukraine",,,S9999199,Education PP 2 for SIC/SIB no globe
2577,,,S9935101,"School-in-a-box, Ukraine",,,S9999989,prepack 3 system-wise (not physical)
2578,,,S9935101,"School-in-a-box, Ukraine",,,S9999989,prepack 3 system-wise (not physical)
2579,,,S9935101,"School-in-a-box, Ukraine",,,S9999989,prepack 3 system-wise (not physical)
2580,,,S9935101,"School-in-a-box, Ukraine",,,S9999989,prepack 3 system-wise (not physical)
2581,,,S9935101,"School-in-a-box, Ukraine",,,S9999989,prepack 3 system-wise (not physical)
2582,,,S9935101,"School-in-a-box, Ukraine",,,S9999989,prepack 3 system-wise (not physical)
2583,,,S9975020,First aid kit class A,,,,
2584,,,S9975020,First aid kit class A,,,,
2585,,,S9975020,First aid kit class A,,,,
2586,,,S9975020,First aid kit class A,,,,
2587,,,S9975020,First aid kit class A,,,,
2588,,,S9975020,First aid kit class A,,,,
2589,,,S9975020,First aid kit class A,,,,
2590,,,S9975020,First aid kit class A,,,,
2591,,,S9975020,First aid kit class A,,,,
2592,,,S9975020,First aid kit class A,,,,
2593,,,S9975020,First aid kit class A,,,,
2594,,,S9975020,First aid kit class A,,,,
2595,,,S9975020,First aid kit class A,,,,
2596,,,S9975020,First aid kit class A,,,,
2597,,,S9975020,First aid kit class A,,,,
2598,,,S9975020,First aid kit class A,,,,
2599,,,S9975020,First aid kit class A,,,S9999992,First Aid kit-prepack for S9975020   (I)
2600,,,S9975020,First aid kit class A,,,S9999992,First Aid kit-prepack for S9975020   (I)
2601,,,S9975020,First aid kit class A,,,S9999992,First Aid kit-prepack for S9975020   (I)
2602,,,S9975020,First aid kit class A,,,S9999992,First Aid kit-prepack for S9975020   (I)
2603,,,S9975020,First aid kit class A,,,S9999992,First Aid kit-prepack for S9975020   (I)
2604,,,S9975020,First aid kit class A,,,S9999992,First Aid kit-prepack for S9975020   (I)
