#,Master Kit,Master Kit  Description,Sub kit,Sub kit description,Prepack,Prepack Description,Item Number,Component number,Object description,Comp. Qty (CUn),Component unit,Batch management
1,S9901040,"IEHK 2024,Basic Medicine&Renewable UNIT",S9991041,"IEHK 2024,Basic Medicine&Renewabl SUB1/3",,,,S9991041,"IEHK 2024,Basic Medicine&Renewabl SUB1/3",0.000,,
2,S9901040,"IEHK 2024,Basic Medicine&Renewable UNIT",S9991041,"IEHK 2024,Basic Medicine&Renewabl SUB1/3",,,0010,S9010633,"Double-wall ctn.80x40x33 cm, 0.106 m3",1,EA,
3,S9901040,"IEHK 2024,Basic Medicine&Renewable UNIT",S9991041,"IEHK 2024,Basic Medicine&Renewabl SUB1/3",,,0020,S0512015,"Bandage,elastic,7.5cmx5m,roll",150,EA,X
4,S9901040,"IEHK 2024,Basic Medicine&Renewable UNIT",S9991041,"IEHK 2024,Basic Medicine&Renewabl SUB1/3",,,0030,S0523015,"Compress,gauze,10x10cm,n/ster/PAC-100",5,EA,X
5,S9901040,"IEHK 2024,Basic Medicine&Renewable UNIT",S9991041,"IEHK 2024,Basic Medicine&Renewabl SUB1/3",,,0040,S1555964,Paracetamol 500mg tabs/PAC-10x10,30,PAC,X
6,S9901040,"IEHK 2024,Basic Medicine&Renewable UNIT",S9991041,"IEHK 2024,Basic Medicine&Renewabl SUB1/3",,,0050,S1561120,ORS low osm. 20.5g/1L CAR/10x10,2,BOX,X
7,S9901040,"IEHK 2024,Basic Medicine&Renewable UNIT",S9991041,"IEHK 2024,Basic Medicine&Renewabl SUB1/3",,,0060,S1568201,Permethrin 5% cream/TBE 30g,20,EA,X
8,S9901040,"IEHK 2024,Basic Medicine&Renewable UNIT",S9991041,"IEHK 2024,Basic Medicine&Renewabl SUB1/3",,,0070,S1580020,Zinc 20mg tablets/PAC-10x10,10,PAC,X
9,S9901040,"IEHK 2024,Basic Medicine&Renewable UNIT",S9991041,"IEHK 2024,Basic Medicine&Renewabl SUB1/3",,,0080,S9991044,"PP 1/2 IEHK 2024,Basic Medicine&Renewabl",1,EA,X
10,S9901040,"IEHK 2024,Basic Medicine&Renewable UNIT",S9991041,"IEHK 2024,Basic Medicine&Renewabl SUB1/3",,,0090,S1523091,USB flash drive -IEHK 2024 documentation,1,BOX,
11,S9901040,"IEHK 2024,Basic Medicine&Renewable UNIT",S9991042,"IEHK 2024,Basic Medicine&Renewabl SUB2/3",,,,S9991042,"IEHK 2024,Basic Medicine&Renewabl SUB2/3",0.000,,
12,S9901040,"IEHK 2024,Basic Medicine&Renewable UNIT",S9991042,"IEHK 2024,Basic Medicine&Renewabl SUB2/3",,,0010,S9008034,"Double-wall ctn.60x40x33.3 cm, 0.08 m3",1,EA,
13,S9901040,"IEHK 2024,Basic Medicine&Renewable UNIT",S9991042,"IEHK 2024,Basic Medicine&Renewabl SUB2/3",,,0020,S0145575,"Health card,white/BOX-500",1,BOX,
14,S9901040,"IEHK 2024,Basic Medicine&Renewable UNIT",S9991042,"IEHK 2024,Basic Medicine&Renewabl SUB2/3",,,0030,S0519000,"Cotton wool,500g,roll,non-ster",2,EA,X
15,S9901040,"IEHK 2024,Basic Medicine&Renewable UNIT",S9991042,"IEHK 2024,Basic Medicine&Renewabl SUB2/3",,,0040,S1531505,Chlorhexidine conc. sol. 5%/BOT-1000ml,1,BOT,X
16,S9901040,"IEHK 2024,Basic Medicine&Renewable UNIT",S9991042,"IEHK 2024,Basic Medicine&Renewabl SUB2/3",,,0050,S0969025,"Gloves,exam,nitrile,pwdfree,M,BOX-100",2,EA,X
17,S9901040,"IEHK 2024,Basic Medicine&Renewable UNIT",S9991042,"IEHK 2024,Basic Medicine&Renewabl SUB2/3",,,0060,S1533010,Ibuprofen 200mg tabs/PAC 10x10,60,EA,X
18,S9901040,"IEHK 2024,Basic Medicine&Renewable UNIT",S9991042,"IEHK 2024,Basic Medicine&Renewabl SUB2/3",,,0070,S1553110,Povidone iodine sol 10%/BOT-200ml,12,BOT,X
19,S9901040,"IEHK 2024,Basic Medicine&Renewable UNIT",S9991042,"IEHK 2024,Basic Medicine&Renewabl SUB2/3",,,0080,S9991045,"PP 2/2 IEHK 2024,Basic Medicine&Renewabl",1,EA,X
20,S9901040,"IEHK 2024,Basic Medicine&Renewable UNIT",S9991043,"IEHK 2024,Basic Medicine&Renewabl SUB3/3",,,,S9991043,"IEHK 2024,Basic Medicine&Renewabl SUB3/3",0.000,,
21,S9901040,"IEHK 2024,Basic Medicine&Renewable UNIT",S9991043,"IEHK 2024,Basic Medicine&Renewabl SUB3/3",,,0010,S9010633,"Double-wall ctn.80x40x33 cm, 0.106 m3",1,EA,
22,S9901040,"IEHK 2024,Basic Medicine&Renewable UNIT",S9991043,"IEHK 2024,Basic Medicine&Renewabl SUB3/3",,,0020,S1550030,Iron 60mg + Folic ac. 400mcg tab/PAC-100,40,PAC,X
23,S9901040,"IEHK 2024,Basic Medicine&Renewable UNIT",S9991043,"IEHK 2024,Basic Medicine&Renewabl SUB3/3",,,0030,S0969026,"Gloves,exam,nitrile,pwdfree,L,BOX-100",2,EA,X
24,S9901040,"IEHK 2024,Basic Medicine&Renewable UNIT",S9991043,"IEHK 2024,Basic Medicine&Renewabl SUB3/3",,,0040,S0145576,"Sachet,health card,160x220mm/BOX-500",1,BOX,
25,S9901040,"IEHK 2024,Basic Medicine&Renewable UNIT",S9991043,"IEHK 2024,Basic Medicine&Renewabl SUB3/3",,,0050,S1505043,Amoxicillin 250mg disp.tab/PAC-(10x10),30,PAC,X
26,S9901040,"IEHK 2024,Basic Medicine&Renewable UNIT",S9991043,"IEHK 2024,Basic Medicine&Renewabl SUB3/3",,,0060,S1505075,Amoxicillin 500mg disp.tab/PAC-100,10,PAC,X
27,S9901040,"IEHK 2024,Basic Medicine&Renewable UNIT",S9991043,"IEHK 2024,Basic Medicine&Renewabl SUB3/3",,,0070,S1521012,Erythromycin 0.5% eye ointment/TBE-3.5g,50,TBE,X
28,S9901040,"IEHK 2024,Basic Medicine&Renewable UNIT",S9991043,"IEHK 2024,Basic Medicine&Renewabl SUB3/3",,,0080,S0552003,Soap box,1,EA,
29,S9901040,"IEHK 2024,Basic Medicine&Renewable UNIT",S9991041,"IEHK 2024,Basic Medicine&Renewabl SUB1/3",S9991044,"PP 1/2 IEHK 2024,Basic Medicine&Renewabl",,S9991044,"PP 1/2 IEHK 2024,Basic Medicine&Renewabl",0.000,,
30,S9901040,"IEHK 2024,Basic Medicine&Renewable UNIT",S9991041,"IEHK 2024,Basic Medicine&Renewabl SUB1/3",S9991044,"PP 1/2 IEHK 2024,Basic Medicine&Renewabl",0010,S8941505,"Pre-pack Carton, 32x24x20 cm, 0.015 m3",1,EA,
31,S9901040,"IEHK 2024,Basic Medicine&Renewable UNIT",S9991041,"IEHK 2024,Basic Medicine&Renewabl SUB1/3",S9991044,"PP 1/2 IEHK 2024,Basic Medicine&Renewabl",0020,S0512025,"Bandage,gauze,8cmx4m,roll",50,EA,X
32,S9901040,"IEHK 2024,Basic Medicine&Renewable UNIT",S9991041,"IEHK 2024,Basic Medicine&Renewabl SUB1/3",S9991044,"PP 1/2 IEHK 2024,Basic Medicine&Renewabl",0030,S0552000,"Soap,toilet,bar,approx.100-110g,wrapped",10,EA,
33,S9901040,"IEHK 2024,Basic Medicine&Renewable UNIT",S9991041,"IEHK 2024,Basic Medicine&Renewabl SUB1/3",S9991044,"PP 1/2 IEHK 2024,Basic Medicine&Renewabl",0040,S1504008,Omeprazole 20mg capsules (e/c) PAC/10x10,5,PAC,X
34,S9901040,"IEHK 2024,Basic Medicine&Renewable UNIT",S9991041,"IEHK 2024,Basic Medicine&Renewabl SUB1/3",S9991044,"PP 1/2 IEHK 2024,Basic Medicine&Renewabl",0050,S1555370,Albendazole 400mg chewable tabs/PAC-100,2,PAC,X
35,S9901040,"IEHK 2024,Basic Medicine&Renewable UNIT",S9991042,"IEHK 2024,Basic Medicine&Renewabl SUB2/3",S9991045,"PP 2/2 IEHK 2024,Basic Medicine&Renewabl",,S9991045,"PP 2/2 IEHK 2024,Basic Medicine&Renewabl",0.000,,
36,S9901040,"IEHK 2024,Basic Medicine&Renewable UNIT",S9991042,"IEHK 2024,Basic Medicine&Renewabl SUB2/3",S9991045,"PP 2/2 IEHK 2024,Basic Medicine&Renewabl",0010,S8941505,"Pre-pack Carton, 32x24x20 cm, 0.015 m3",1,EA,
37,S9901040,"IEHK 2024,Basic Medicine&Renewable UNIT",S9991042,"IEHK 2024,Basic Medicine&Renewabl SUB2/3",S9991045,"PP 2/2 IEHK 2024,Basic Medicine&Renewabl",0020,S0503015,"Medical tape,2.5cmx5m,roll",30,EA,X
38,S9901040,"IEHK 2024,Basic Medicine&Renewable UNIT",S9991042,"IEHK 2024,Basic Medicine&Renewabl SUB2/3",S9991045,"PP 2/2 IEHK 2024,Basic Medicine&Renewabl",0030,S1515060,Miconazole nitrate cream 2%/TBE-30g,20,TBE,X
39,S9901040,"IEHK 2024,Basic Medicine&Renewable UNIT",S9991042,"IEHK 2024,Basic Medicine&Renewabl SUB2/3",S9991045,"PP 2/2 IEHK 2024,Basic Medicine&Renewabl",0040,S0846022,"Bag,drugs,plastic,6x8,pictogram/PAC-1000",2,PAC,
40,S9901040,"IEHK 2024,Basic Medicine&Renewable UNIT",S9991042,"IEHK 2024,Basic Medicine&Renewabl SUB2/3",S9991045,"PP 2/2 IEHK 2024,Basic Medicine&Renewabl",0050,S1555979,Paracetamol 100mg disp. tabs/PAC-100,10,PAC,X
41,S9901041,"IEHK 2024,Basic Malaria UNIT",,,,,0010,S1300074,Artem 20mg+Lumef120mg disp tabs/6/PAC-30,5,PAC,X
42,S9901041,"IEHK 2024,Basic Malaria UNIT",,,,,0020,S1300075,Artem20mg+Lumef120mg disp tabs/12/PAC-30,1,PAC,X
43,S9901041,"IEHK 2024,Basic Malaria UNIT",,,,,0030,S1300062,Artemeth20mg+Lumefan120mg tabs/18/PAC-30,1,PAC,X
44,S9901041,"IEHK 2024,Basic Malaria UNIT",,,,,0040,S1300063,Artemeth20mg+Lumefan120mg tabs/24/PAC-30,6,PAC,X
45,S9901041,"IEHK 2024,Basic Malaria UNIT",,,,,0050,S0584613,"BiolineMalAgPf/PanNonSafetyLancet,kit/25",76,EA,X
46,S9901041,"IEHK 2024,Basic Malaria UNIT",,,,,0060,S0782379,"Safety box f.used syrg/ndl5L,Smur/BOX-25",1,BOX,X
47,S9901041,"IEHK 2024,Basic Malaria UNIT",,,,,0070,S0845220,"Bag,biohazard,yellow,20L,BOX-100",1,BOX,X
48,S9901041,"IEHK 2024,Basic Malaria UNIT",,,,,0080,S9019200,"Double-wall ctn.100x40x48cm, 0.192 m3",1,EA,
49,S9901041,"IEHK 2024,Basic Malaria UNIT",,,,,0090,S1523091,USB flash drive -IEHK 2024 documentation,1,BOX,
50,S9901042,"IEHK 2024,Basic Equipment UNIT",,,,,0010,S9005301,"Double-wall ctn.50x30x35 cm, 0.053 m3",1,EA,
51,S9901042,"IEHK 2024,Basic Equipment UNIT",,,,,0200,S0921600,"Bottle,plastic,1L,w/screw cap",3,EA,
52,S9901042,"IEHK 2024,Basic Equipment UNIT",,,,,0210,S5007315,"Bucket,HDPE,with lid,14 l",2,EA,
53,S9901042,"IEHK 2024,Basic Equipment UNIT",,,,,0220,S5007312,"Water-cont,LDPE,10l,collapsibl.,w tap",1,EA,
54,S9901042,"IEHK 2024,Basic Equipment UNIT",,,,,0230,S4410021,"Book,exercise,A4,ruled-8mm,96 pgs/PAC-10",1,PAC,
55,S9901042,"IEHK 2024,Basic Equipment UNIT",,,,,0240,S0538101,"Notepad,plain,100 sheets,A6 size/PAC-10",1,PAC,
56,S9901042,"IEHK 2024,Basic Equipment UNIT",,,,,0250,S9991046,"PP1 IEHK 2024,Basic Equipment UNIT",1,EA,X
57,S9901042,"IEHK 2024,Basic Equipment UNIT",,,S9991046,"PP1 IEHK 2024,Basic Equipment UNIT",,S9991046,"PP1 IEHK 2024,Basic Equipment UNIT",0.000,,
58,S9901042,"IEHK 2024,Basic Equipment UNIT",,,S9991046,"PP1 IEHK 2024,Basic Equipment UNIT",0010,S8941501,"Pre-pack Carton, 32x24x10 cm, 0.007 m3",1,EA,
59,S9901042,"IEHK 2024,Basic Equipment UNIT",,,S9991046,"PP1 IEHK 2024,Basic Equipment UNIT",0020,S0237000,"Bowl,stainless steel,180ml",1,EA,
60,S9901042,"IEHK 2024,Basic Equipment UNIT",,,S9991046,"PP1 IEHK 2024,Basic Equipment UNIT",0030,S0514000,"Brush,hand,scrubbing,plastic",2,EA,
61,S9901042,"IEHK 2024,Basic Equipment UNIT",,,S9991046,"PP1 IEHK 2024,Basic Equipment UNIT",0040,S0773500,"Scissors,Deaver,140mm,str,s/b",2,EA,
62,S9901042,"IEHK 2024,Basic Equipment UNIT",,,S9991046,"PP1 IEHK 2024,Basic Equipment UNIT",0050,S9910005,"Surg.inst.,dressing /SET",2,SET,
63,S9901042,"IEHK 2024,Basic Equipment UNIT",,,S9991046,"PP1 IEHK 2024,Basic Equipment UNIT",0060,S0481056,"Thermometer, clinical, digital, no Li",5,EA,X
64,S9901042,"IEHK 2024,Basic Equipment UNIT",,,S9991046,"PP1 IEHK 2024,Basic Equipment UNIT",0070,S0279000,"Tray,dressing,ss,300x200x30mm",1,EA,
65,S9901042,"IEHK 2024,Basic Equipment UNIT",,,S9991046,"PP1 IEHK 2024,Basic Equipment UNIT",0080,S4460005,"Pen,ball-point,blue/BOX-10",1,BOX,
66,S9901042,"IEHK 2024,Basic Equipment UNIT",,,S9991046,"PP1 IEHK 2024,Basic Equipment UNIT",0090,S0145620,"MUAC,Child 11.5 Red,PAC-50,English",1,PAC,
67,S9901042,"IEHK 2024,Basic Equipment UNIT",,,S9991046,"PP1 IEHK 2024,Basic Equipment UNIT",0100,S0572510,"Blanket,survival,220x140cm",2,EA,
68,S9901042,"IEHK 2024,Basic Equipment UNIT",,,S9991046,"PP1 IEHK 2024,Basic Equipment UNIT",0110,S0921602,"Counting tray, triangular, round tablets",1,EA,
69,S9901042,"IEHK 2024,Basic Equipment UNIT",,,S9991046,"PP1 IEHK 2024,Basic Equipment UNIT",0120,S0211000,"Basin,kidney,stainless steel,825ml",1,EA,
70,S9901042,"IEHK 2024,Basic Equipment UNIT",,,S9991046,"PP1 IEHK 2024,Basic Equipment UNIT",0130,S0145590,"User feedback sheet, IEHK",1,EA,
71,S9901042,"IEHK 2024,Basic Equipment UNIT",,,S9991046,"PP1 IEHK 2024,Basic Equipment UNIT",0140,S0919305,"Bottle,plastic,250ml,wash bottle",1,EA,
72,S9901043,"IEHK 2024,Suppl. Medicine Oral UNIT",S9991141,"SUB 1/4 IEHK 2024,Suppl.Medicine Oral",,,,S9991141,"SUB 1/4 IEHK 2024,Suppl.Medicine Oral",0.000,,
73,S9901043,"IEHK 2024,Suppl. Medicine Oral UNIT",S9991141,"SUB 1/4 IEHK 2024,Suppl.Medicine Oral",,,0010,S9012024,"Double-wall ctn.60x40x50 cm, 0.120 m3",1,EA,
74,S9901043,"IEHK 2024,Suppl. Medicine Oral UNIT",S9991141,"SUB 1/4 IEHK 2024,Suppl.Medicine Oral",,,0020,S1543752,Bisoprolol fumarate 5mg tabs/PAC-2x14,72,EA,X
75,S9901043,"IEHK 2024,Suppl. Medicine Oral UNIT",S9991141,"SUB 1/4 IEHK 2024,Suppl.Medicine Oral",,,0030,S1537321,Cefalexin 250mg caps/PAC-10x10,20,EA,X
76,S9901043,"IEHK 2024,Suppl. Medicine Oral UNIT",S9991141,"SUB 1/4 IEHK 2024,Suppl.Medicine Oral",,,0040,S1515060,Miconazole nitrate cream 2%/TBE-30g,200,TBE,X
77,S9901043,"IEHK 2024,Suppl. Medicine Oral UNIT",S9991141,"SUB 1/4 IEHK 2024,Suppl.Medicine Oral",,,0050,S1511500,Beclometa.oral inh. 0.05mg/ds 200ds,150,EA,X
78,S9901043,"IEHK 2024,Suppl. Medicine Oral UNIT",S9991141,"SUB 1/4 IEHK 2024,Suppl.Medicine Oral",,,0060,S1523091,USB flash drive -IEHK 2024 documentation,1,BOX,
79,S9901043,"IEHK 2024,Suppl. Medicine Oral UNIT",S9991142,"SUB 2/4 IEHK 2024,Suppl.Medicine Oral",,,,S9991142,"SUB 2/4 IEHK 2024,Suppl.Medicine Oral",0.000,,
80,S9901043,"IEHK 2024,Suppl. Medicine Oral UNIT",S9991142,"SUB 2/4 IEHK 2024,Suppl.Medicine Oral",,,0010,S9012024,"Double-wall ctn.60x40x50 cm, 0.120 m3",1,EA,
81,S9901043,"IEHK 2024,Suppl. Medicine Oral UNIT",S9991142,"SUB 2/4 IEHK 2024,Suppl.Medicine Oral",,,0020,S1533001,Co-Amoxiclav 500mg+125mg tabs/PAC3x5,134,EA,X
82,S9901043,"IEHK 2024,Suppl. Medicine Oral UNIT",S9991142,"SUB 2/4 IEHK 2024,Suppl.Medicine Oral",,,0030,S1555945,Clotrimazole 500mg vag.tabs/applicator,100,EA,X
83,S9901043,"IEHK 2024,Suppl. Medicine Oral UNIT",S9991142,"SUB 2/4 IEHK 2024,Suppl.Medicine Oral",,,0040,S1543755,Enalapril maleate 5mg tabs/PAC-10x10,50,EA,X
84,S9901043,"IEHK 2024,Suppl. Medicine Oral UNIT",S9991142,"SUB 2/4 IEHK 2024,Suppl.Medicine Oral",,,0050,S1505122,Silver Sulfadiaz. 1% cream 50g unsterile,30,EA,X
85,S9901043,"IEHK 2024,Suppl. Medicine Oral UNIT",S9991143,"SUB 3/4 IEHK 2024,Suppl.Medicine Oral",,,,S9991143,"SUB 3/4 IEHK 2024,Suppl.Medicine Oral",0.000,,
86,S9901043,"IEHK 2024,Suppl. Medicine Oral UNIT",S9991143,"SUB 3/4 IEHK 2024,Suppl.Medicine Oral",,,0010,S9012024,"Double-wall ctn.60x40x50 cm, 0.120 m3",1,EA,
87,S9901043,"IEHK 2024,Suppl. Medicine Oral UNIT",S9991143,"SUB 3/4 IEHK 2024,Suppl.Medicine Oral",,,0020,S1552421,Acetylsalicylic acid 75mg tabs/PAC-1x28,54,EA,X
88,S9901043,"IEHK 2024,Suppl. Medicine Oral UNIT",S9991143,"SUB 3/4 IEHK 2024,Suppl.Medicine Oral",,,0030,S1543751,Amlodipine 5mg tabs/PAC-10x10,5,EA,X
89,S9901043,"IEHK 2024,Suppl. Medicine Oral UNIT",S9991143,"SUB 3/4 IEHK 2024,Suppl.Medicine Oral",,,0040,S1580006,Ascorbic acid 250mg tabs/100x10BLIS,4,EA,X
90,S9901043,"IEHK 2024,Suppl. Medicine Oral UNIT",S9991143,"SUB 3/4 IEHK 2024,Suppl.Medicine Oral",,,0050,S1544402,Doxycycline 100mg tabs PAC/10x10,30,EA,X
91,S9901043,"IEHK 2024,Suppl. Medicine Oral UNIT",S9991143,"SUB 3/4 IEHK 2024,Suppl.Medicine Oral",,,0060,S1551005,Folic acid 5mg tabs/PAC-1000,1,PAC,X
92,S9901043,"IEHK 2024,Suppl. Medicine Oral UNIT",S9991143,"SUB 3/4 IEHK 2024,Suppl.Medicine Oral",,,0070,S1550501,Furosemide 40mg tabs/PAC-10x10,5,PAC,X
93,S9901043,"IEHK 2024,Suppl. Medicine Oral UNIT",S9991143,"SUB 3/4 IEHK 2024,Suppl.Medicine Oral",,,0080,S1552301,Hydrochlorothiazide 25mg tabs/PAC-10 x10,10,PAC,X
94,S9901043,"IEHK 2024,Suppl. Medicine Oral UNIT",S9991143,"SUB 3/4 IEHK 2024,Suppl.Medicine Oral",,,0090,S1543711,Methyldopa 250mg tabs/PAC-10x10,1,EA,X
95,S9901043,"IEHK 2024,Suppl. Medicine Oral UNIT",S9991143,"SUB 3/4 IEHK 2024,Suppl.Medicine Oral",,,0100,S1555652,Metronidazole 500mg tabs PAC/10x10,50,EA,X
96,S9901043,"IEHK 2024,Suppl. Medicine Oral UNIT",S9991143,"SUB 3/4 IEHK 2024,Suppl.Medicine Oral",,,0110,S1514148,Prednisolone 5mg tabs/PAC-10x10,10,PAC,X
97,S9901043,"IEHK 2024,Suppl. Medicine Oral UNIT",S9991144,"SUB 4/4 IEHK 2024,Suppl.Medicine Oral",,,,S9991144,"SUB 4/4 IEHK 2024,Suppl.Medicine Oral",0.000,,
98,S9901043,"IEHK 2024,Suppl. Medicine Oral UNIT",S9991144,"SUB 4/4 IEHK 2024,Suppl.Medicine Oral",,,0010,S9008034,"Double-wall ctn.60x40x33.3 cm, 0.08 m3",1,EA,
99,S9901043,"IEHK 2024,Suppl. Medicine Oral UNIT",S9991144,"SUB 4/4 IEHK 2024,Suppl.Medicine Oral",,,0020,S1552426,Glyceryl trinitrate 500mcg tabs/PAC-100,1,EA,X
100,S9901043,"IEHK 2024,Suppl. Medicine Oral UNIT",S9991144,"SUB 4/4 IEHK 2024,Suppl.Medicine Oral",,,0030,S1570501,Misoprostol 200mcg tabs/PAC-1x4,15,PAC,X
101,S9901043,"IEHK 2024,Suppl. Medicine Oral UNIT",S9991144,"SUB 4/4 IEHK 2024,Suppl.Medicine Oral",,,0040,S1555930,"Nystatin oral sus 100,000IU/ml/BOT-30ml",50,BOT,X
102,S9901043,"IEHK 2024,Suppl. Medicine Oral UNIT",S9991144,"SUB 4/4 IEHK 2024,Suppl.Medicine Oral",,,0050,S1583000,"Retinol 200,000IU soft gel.caps/PAC-500",8,PAC,X
103,S9901043,"IEHK 2024,Suppl. Medicine Oral UNIT",S9991144,"SUB 4/4 IEHK 2024,Suppl.Medicine Oral",,,0060,S1562020,Salbutamol oral inh. 0.1mg/ds 200ds,75,EA,X
104,S9901043,"IEHK 2024,Suppl. Medicine Oral UNIT",S9991144,"SUB 4/4 IEHK 2024,Suppl.Medicine Oral",,,0070,S1588360,Water purif.(NaDCC) 1.67g tabs/PAC-200,6,PAC,X
105,S9901043,"IEHK 2024,Suppl. Medicine Oral UNIT",S9991144,"SUB 4/4 IEHK 2024,Suppl.Medicine Oral",,,0080,S1514151,Metformin HCl 500mg/PAC-10x10,30,PAC,X
106,S9901045,"IEHK 2024,Suppl. Med Mental Health UNIT",,,,,0010,S1511503,Biperiden 2mg tabs/PAC-5x20,4,PAC,X
107,S9901045,"IEHK 2024,Suppl. Med Mental Health UNIT",,,,,0020,S1559370,Carbamazepine 200mg tabs/PAC-10x10,22,EA,X
108,S9901045,"IEHK 2024,Suppl. Med Mental Health UNIT",,,,,0030,S1511502,Fluoxetine 20mg caps/PAC-10x10,20,EA,X
109,S9901045,"IEHK 2024,Suppl. Med Mental Health UNIT",,,,,0040,S1543660,Haloperidol 5mg tabs/PAC-10x10,13,PAC,X
110,S9901045,"IEHK 2024,Suppl. Med Mental Health UNIT",,,,,0050,S1543670,Haloperidol inj.5mg/ml 1ml amp/BOX-10,2,BOX,X
111,S9901045,"IEHK 2024,Suppl. Med Mental Health UNIT",,,,,0070,S8940100,"Pre-pack Carton, 45x35x15 cm, 0.024 m3",1,EA,
112,S9901045,"IEHK 2024,Suppl. Med Mental Health UNIT",,,,,0080,S1523091,USB flash drive -IEHK 2024 documentation,1,BOX,
113,S9901047,"IEHK 2024,Suppl Medicine Cold Chain UNIT",,,,,0010,S1545300,Oxytocin inj 10 IU 1ml amp/BOX-10,20,BOX,X
114,S9901047,"IEHK 2024,Suppl Medicine Cold Chain UNIT",,,,,0020,S1560500,IntermediateInsulin100IU/ml 10mlVl/BOX-1,20,EA,X
115,S9901047,"IEHK 2024,Suppl Medicine Cold Chain UNIT",,,,,0030,S1560501,SolubleInsulin100IU/ml inj 10ml vl/BOX-1,20,EA,X
116,S9901047,"IEHK 2024,Suppl Medicine Cold Chain UNIT",,,,,0040,S0782440,"Syringe,insulin,1ml,U-100,30-31G/BOX-100",4,BOX,X
117,S9901047,"IEHK 2024,Suppl Medicine Cold Chain UNIT",,,,,0050,S9215004,Note. Glucometer and cuvettes for IEHK,1,EA,
118,S9901047,"IEHK 2024,Suppl Medicine Cold Chain UNIT",,,,,0060,S8942500,CRYO-BOX 43-60 PU packaging,1,EA,X
119,S9901047,"IEHK 2024,Suppl Medicine Cold Chain UNIT",,,,,0070,S8942501,Ice pack bottles 600g,4,EA,X
120,S9901047,"IEHK 2024,Suppl Medicine Cold Chain UNIT",,,,,0080,S8942502,Nylon Gel Pack Blanket,4,EA,X
121,S9901047,"IEHK 2024,Suppl Medicine Cold Chain UNIT",,,,,0090,S1523091,USB flash drive -IEHK 2024 documentation,1,BOX,
122,S9901048,"IEHK 2024,Suppl. Malaria UNIT",,,,,0150,S9991048,"IEHK 2024,Suppl. Malaria UNIT SUB 1/4",1,EA,X
123,S9901048,"IEHK 2024,Suppl. Malaria UNIT",,,,,0160,S9991049,"IEHK 2024,Suppl. Malaria UNIT SUB 2/4",1,EA,X
124,S9901048,"IEHK 2024,Suppl. Malaria UNIT",,,,,0170,S9991050,"IEHK 2024,Suppl. Malaria UNIT SUB 3/4",1,EA,X
125,S9901048,"IEHK 2024,Suppl. Malaria UNIT",,,,,0180,S9991051,"IEHK 2024,Suppl. Malaria UNIT SUB 4/4",1,EA,X
126,S9901048,"IEHK 2024,Suppl. Malaria UNIT",S9991048,"IEHK 2024,Suppl. Malaria UNIT SUB 1/4",,,,S9991048,"IEHK 2024,Suppl. Malaria UNIT SUB 1/4",0.000,,
127,S9901048,"IEHK 2024,Suppl. Malaria UNIT",S9991048,"IEHK 2024,Suppl. Malaria UNIT SUB 1/4",,,0010,S9010633,"Double-wall ctn.80x40x33 cm, 0.106 m3",1,EA,
128,S9901048,"IEHK 2024,Suppl. Malaria UNIT",S9991048,"IEHK 2024,Suppl. Malaria UNIT SUB 1/4",,,0100,S0782205,"Syringe,disp,2ml,ster/BOX-100",5,BOX,X
129,S9901048,"IEHK 2024,Suppl. Malaria UNIT",S9991048,"IEHK 2024,Suppl. Malaria UNIT SUB 1/4",,,0120,S0747432,"Needle,disp,21G,ster/BOX-100",12,BOX,X
130,S9901048,"IEHK 2024,Suppl. Malaria UNIT",S9991048,"IEHK 2024,Suppl. Malaria UNIT SUB 1/4",,,0130,S0782399,"Needle,disp,25G,SIP,ster/BOX-100",4,BOX,X
131,S9901048,"IEHK 2024,Suppl. Malaria UNIT",S9991048,"IEHK 2024,Suppl. Malaria UNIT SUB 1/4",,,0140,S0782400,"Cannula,IV short,24G,SIP,ster,disp,BOX50",4,BOX,X
132,S9901048,"IEHK 2024,Suppl. Malaria UNIT",S9991048,"IEHK 2024,Suppl. Malaria UNIT SUB 1/4",,,0150,S0782379,"Safety box f.used syrg/ndl5L,Smur/BOX-25",1,BOX,X
133,S9901048,"IEHK 2024,Suppl. Malaria UNIT",S9991048,"IEHK 2024,Suppl. Malaria UNIT SUB 1/4",,,0160,S1993900,Poster-Reconstitutn -artesunate inj -Eng,1,EA,
134,S9901048,"IEHK 2024,Suppl. Malaria UNIT",S9991048,"IEHK 2024,Suppl. Malaria UNIT SUB 1/4",,,0170,S1993901,Poster-Reconstitutn -artesunate inj -Fr,1,EA,
135,S9901048,"IEHK 2024,Suppl. Malaria UNIT",S9991048,"IEHK 2024,Suppl. Malaria UNIT SUB 1/4",,,0180,S1993902,Poster-Reconstitutn -artesunate inj -Por,1,EA,
136,S9901048,"IEHK 2024,Suppl. Malaria UNIT",S9991048,"IEHK 2024,Suppl. Malaria UNIT SUB 1/4",,,0190,S1523091,USB flash drive -IEHK 2024 documentation,1,BOX,
137,S9901048,"IEHK 2024,Suppl. Malaria UNIT",S9991049,"IEHK 2024,Suppl. Malaria UNIT SUB 2/4",,,,S9991049,"IEHK 2024,Suppl. Malaria UNIT SUB 2/4",0.000,,
138,S9901048,"IEHK 2024,Suppl. Malaria UNIT",S9991049,"IEHK 2024,Suppl. Malaria UNIT SUB 2/4",,,0010,S9016023,"Double-wall ctn.80x40x50 cm, 0.160 m3",1,EA,
139,S9901048,"IEHK 2024,Suppl. Malaria UNIT",S9991049,"IEHK 2024,Suppl. Malaria UNIT SUB 2/4",,,0270,S1300008,Artesunate pdr./inj 60mg vial/BOX-1,200,BOX,X
140,S9901048,"IEHK 2024,Suppl. Malaria UNIT",S9991049,"IEHK 2024,Suppl. Malaria UNIT SUB 2/4",,,0280,S0747420,"Needle,disp,19G,ster/BOX-100",12,BOX,X
141,S9901048,"IEHK 2024,Suppl. Malaria UNIT",S9991049,"IEHK 2024,Suppl. Malaria UNIT SUB 2/4",,,0290,S0782398,"Needle,disp,23G,SIP,ster/BOX-100",4,BOX,X
142,S9901048,"IEHK 2024,Suppl. Malaria UNIT",S9991049,"IEHK 2024,Suppl. Malaria UNIT SUB 2/4",,,0300,S0782402,"Cannula,IV short,20G,SIP,ster,disp,BOX50",4,BOX,X
143,S9901048,"IEHK 2024,Suppl. Malaria UNIT",S9991049,"IEHK 2024,Suppl. Malaria UNIT SUB 2/4",,,0310,S0782413,"Syringe,disp,10ml,ster/BOX-100",5,BOX,X
144,S9901048,"IEHK 2024,Suppl. Malaria UNIT",S9991050,"IEHK 2024,Suppl. Malaria UNIT SUB 3/4",,,,S9991050,"IEHK 2024,Suppl. Malaria UNIT SUB 3/4",0.000,,
145,S9901048,"IEHK 2024,Suppl. Malaria UNIT",S9991050,"IEHK 2024,Suppl. Malaria UNIT SUB 3/4",,,0120,S9012024,"Double-wall ctn.60x40x50 cm, 0.120 m3",1,EA,
146,S9901048,"IEHK 2024,Suppl. Malaria UNIT",S9991050,"IEHK 2024,Suppl. Malaria UNIT SUB 3/4",,,0130,S1300008,Artesunate pdr./inj 60mg vial/BOX-1,300,BOX,X
147,S9901048,"IEHK 2024,Suppl. Malaria UNIT",S9991050,"IEHK 2024,Suppl. Malaria UNIT SUB 3/4",,,0140,S0747432,"Needle,disp,21G,ster/BOX-100",12,BOX,X
148,S9901048,"IEHK 2024,Suppl. Malaria UNIT",S9991051,"IEHK 2024,Suppl. Malaria UNIT SUB 4/4",,,,S9991051,"IEHK 2024,Suppl. Malaria UNIT SUB 4/4",0.000,,
149,S9901048,"IEHK 2024,Suppl. Malaria UNIT",S9991051,"IEHK 2024,Suppl. Malaria UNIT SUB 4/4",,,0010,S0782405,"Syringe,disp,5ml,ster/BOX-100",20,BOX,X
150,S9901049,"IEHK 2024,Suppl. PEP Unit",,,,,0170,S9010633,"Double-wall ctn.80x40x33 cm, 0.106 m3",1,EA,
151,S9901049,"IEHK 2024,Suppl. PEP Unit",,,,,0180,S1523091,USB flash drive -IEHK 2024 documentation,1,BOX,
152,S9901049,"IEHK 2024,Suppl. PEP Unit",,,S9994921,"IEHK 2024,Suppl. PEP Unit sub1/3 Child",,S9994921,"IEHK 2024,Suppl. PEP Unit sub1/3 Child",0.000,,
153,S9901049,"IEHK 2024,Suppl. PEP Unit",,,S9994921,"IEHK 2024,Suppl. PEP Unit sub1/3 Child",0010,S1400643,ABC120mg+3TC60mg disp. tabs/PAC-60 gb,10,EA,X
154,S9901049,"IEHK 2024,Suppl. PEP Unit",,,S9994921,"IEHK 2024,Suppl. PEP Unit sub1/3 Child",0020,S1531011,Azithromycin pdr/or s 200mg/5ml/BOT-15ml,10,BOT,X
155,S9901049,"IEHK 2024,Suppl. PEP Unit",,,S9994921,"IEHK 2024,Suppl. PEP Unit sub1/3 Child",0030,S1504003,Cefixime pwd.for sus.100mg/5ml/BOT50ml,10,BOT,X
156,S9901049,"IEHK 2024,Suppl. PEP Unit",,,S9994921,"IEHK 2024,Suppl. PEP Unit sub1/3 Child",0040,S1400653,Dolutegravir 50mg tabs/PAC-30 gb,10,EA,X
157,S9901049,"IEHK 2024,Suppl. PEP Unit",,,S9994921,"IEHK 2024,Suppl. PEP Unit sub1/3 Child",0050,S1400651,Dolutegravir 10mg disp tab/PAC-90 No CTN,1,PAC,X
158,S9901049,"IEHK 2024,Suppl. PEP Unit",,,S9994922,"IEHK 2024,Suppl. PEP Unit sub2/3 Adult",0060,S9003018,"Double-wall ctn.40x30x25 cm, 0.030 m3",1,EA,
159,S9901049,"IEHK 2024,Suppl. PEP Unit",,,S9994922,"IEHK 2024,Suppl. PEP Unit sub2/3 Adult",,S9994922,"IEHK 2024,Suppl. PEP Unit sub2/3 Adult",0.000,,
160,S9901049,"IEHK 2024,Suppl. PEP Unit",,,S9994922,"IEHK 2024,Suppl. PEP Unit sub2/3 Adult",0010,S1400652,DTG50mg+3TC300mg+TDF300mg tabs/PAC-30 gb,25,EA,X
161,S9901049,"IEHK 2024,Suppl. PEP Unit",,,S9994922,"IEHK 2024,Suppl. PEP Unit sub2/3 Adult",0020,S1531009,Azithromycin 250mg tablets/PAC-6,17,PAC,X
162,S9901049,"IEHK 2024,Suppl. PEP Unit",,,S9994922,"IEHK 2024,Suppl. PEP Unit sub2/3 Adult",0030,S1531003,Cefixime 200mg tabs/PAC-10x10,1,PAC,X
163,S9901049,"IEHK 2024,Suppl. PEP Unit",,,S9994922,"IEHK 2024,Suppl. PEP Unit sub2/3 Adult",0040,S1514130,Levonorgestrel 750mcg tabs/PAC-2  (I),25,PAC,X
164,S9901049,"IEHK 2024,Suppl. PEP Unit",,,S9994922,"IEHK 2024,Suppl. PEP Unit sub2/3 Adult",0050,S0584506,"Pregnancy,Urine,HCG,MidStream,1T/kit",25,EA,X
165,S9901049,"IEHK 2024,Suppl. PEP Unit",,,S9994922,"IEHK 2024,Suppl. PEP Unit sub2/3 Adult",0060,S8940100,"Pre-pack Carton, 45x35x15 cm, 0.024 m3",1,EA,
166,S9901049,"IEHK 2024,Suppl. PEP Unit",,,S9994923,"IEHK 2024,Suppl. PEP Unit sub3/3 Adult",,S9994923,"IEHK 2024,Suppl. PEP Unit sub3/3 Adult",0.000,,
167,S9901049,"IEHK 2024,Suppl. PEP Unit",,,S9994923,"IEHK 2024,Suppl. PEP Unit sub3/3 Adult",0010,S1400652,DTG50mg+3TC300mg+TDF300mg tabs/PAC-30 gb,25,EA,X
168,S9901049,"IEHK 2024,Suppl. PEP Unit",,,S9994923,"IEHK 2024,Suppl. PEP Unit sub3/3 Adult",0020,S1531009,Azithromycin 250mg tablets/PAC-6,17,PAC,X
169,S9901049,"IEHK 2024,Suppl. PEP Unit",,,S9994923,"IEHK 2024,Suppl. PEP Unit sub3/3 Adult",0030,S1531003,Cefixime 200mg tabs/PAC-10x10,1,PAC,X
170,S9901049,"IEHK 2024,Suppl. PEP Unit",,,S9994923,"IEHK 2024,Suppl. PEP Unit sub3/3 Adult",0040,S1514130,Levonorgestrel 750mcg tabs/PAC-2  (I),25,PAC,X
171,S9901049,"IEHK 2024,Suppl. PEP Unit",,,S9994923,"IEHK 2024,Suppl. PEP Unit sub3/3 Adult",0050,S0584506,"Pregnancy,Urine,HCG,MidStream,1T/kit",25,EA,X
172,S9901049,"IEHK 2024,Suppl. PEP Unit",,,S9994923,"IEHK 2024,Suppl. PEP Unit sub3/3 Adult",0060,S8940100,"Pre-pack Carton, 45x35x15 cm, 0.024 m3",1,EA,
173,S9902217,"Midwifery kit,1-drugs",S9999841,"Subkit 1/4 S9902217 Midwifery kit,1-drug",,,,S9999841,"Subkit 1/4 S9902217 Midwifery kit,1-drug",0.000,,
174,S9902217,"Midwifery kit,1-drugs",S9999841,"Subkit 1/4 S9902217 Midwifery kit,1-drug",,,0010,S9010633,"Double-wall ctn.80x40x33 cm, 0.106 m3",1,EA,
175,S9902217,"Midwifery kit,1-drugs",S9999841,"Subkit 1/4 S9902217 Midwifery kit,1-drug",,,0020,S1555206,Lidocaine inj 1% 20ml ampl/BOX-20,5,BOX,X
176,S9902217,"Midwifery kit,1-drugs",S9999841,"Subkit 1/4 S9902217 Midwifery kit,1-drug",,,0030,S1559355,Magn.sulph.inj 500mg/ml 10ml amp/BOX-10,10,BOX,X
177,S9902217,"Midwifery kit,1-drugs",S9999841,"Subkit 1/4 S9902217 Midwifery kit,1-drug",,,0040,S1531505,Chlorhexidine conc. sol. 5%/BOT-1000ml,2,BOT,X
178,S9902217,"Midwifery kit,1-drugs",S9999841,"Subkit 1/4 S9902217 Midwifery kit,1-drug",,,0050,S1560832,Water for injection 10ml amp/BOX-50,1,EA,X
179,S9902217,"Midwifery kit,1-drugs",S9999841,"Subkit 1/4 S9902217 Midwifery kit,1-drug",,,0060,S1550030,Iron 60mg + Folic ac. 400mcg tab/PAC-100,50,PAC,X
180,S9902217,"Midwifery kit,1-drugs",S9999841,"Subkit 1/4 S9902217 Midwifery kit,1-drug",,,0070,S1553105,Povidone iodine sol 10%/BOT-500ml,5,BOT,X
181,S9902217,"Midwifery kit,1-drugs",S9999841,"Subkit 1/4 S9902217 Midwifery kit,1-drug",,,0080,S1521012,Erythromycin 0.5% eye ointment/TBE-3.5g,20,TBE,X
182,S9902217,"Midwifery kit,1-drugs",S9999841,"Subkit 1/4 S9902217 Midwifery kit,1-drug",,,0100,S0584005,"Test strip,urine,gluc/prot,box-100",1,PAC,X
183,S9902217,"Midwifery kit,1-drugs",S9999841,"Subkit 1/4 S9902217 Midwifery kit,1-drug",,,0110,S1505043,Amoxicillin 250mg disp.tab/PAC-(10x10),50,PAC,X
184,S9902217,"Midwifery kit,1-drugs",S9999841,"Subkit 1/4 S9902217 Midwifery kit,1-drug",,,0120,S1555653,Metronidazole 250mg tabs PAC/10x10,20,EA,X
185,S9902217,"Midwifery kit,1-drugs",S9999841,"Subkit 1/4 S9902217 Midwifery kit,1-drug",,,0140,S0531991,"Infusion giving set,sterile,s.u.",50,EA,X
186,S9902217,"Midwifery kit,1-drugs",S9999842,"Subkit 2/4 S9902217 Midwifery kit,1-drug",,,,S9999842,"Subkit 2/4 S9902217 Midwifery kit,1-drug",0.000,,
187,S9902217,"Midwifery kit,1-drugs",S9999842,"Subkit 2/4 S9902217 Midwifery kit,1-drug",,,0010,S1552117,Glucose 5% 500ml bot/BOX-20,1,BOX,X
188,S9902217,"Midwifery kit,1-drugs",S9999843,"Subkit 3/4 S9902217 Midwifery kit,1-drug",,,,S9999843,"Subkit 3/4 S9902217 Midwifery kit,1-drug",0.000,,
189,S9902217,"Midwifery kit,1-drugs",S9999843,"Subkit 3/4 S9902217 Midwifery kit,1-drug",,,0010,S1560826,Compound Sodium Lactate 500ml bot/BOX-20,1,EA,X
190,S9902217,"Midwifery kit,1-drugs",S9999844,"Subkit 4/4 S9902217 Midwifery kit,1-drug",,,,S9999844,"Subkit 4/4 S9902217 Midwifery kit,1-drug",0.000,,
191,S9902217,"Midwifery kit,1-drugs",S9999844,"Subkit 4/4 S9902217 Midwifery kit,1-drug",,,0010,S1552119,Sodium Chloride 0.9% 500ml bot/BOX-20,1,BOX,X
194,S9902219,"Midwifery kit,3-renewable",S9999898,"Subkit 1/2 Midwifery ,3-renew S9902219",,,,S9999898,"Subkit 1/2 Midwifery ,3-renew S9902219",0.000,,
195,S9902219,"Midwifery kit,3-renewable",S9999898,"Subkit 1/2 Midwifery ,3-renew S9902219",,,0010,S9016023,"Double-wall ctn.80x40x50 cm, 0.160 m3",1,EA,
196,S9902219,"Midwifery kit,3-renewable",S9999898,"Subkit 1/2 Midwifery ,3-renew S9902219",,,0020,S0523055,"Compress,gauze,10x10cm,ster/PAC-5",160,PAC,X
197,S9902219,"Midwifery kit,3-renewable",S9999898,"Subkit 1/2 Midwifery ,3-renew S9902219",,,0030,S9999941,Prepack 1/3Midwifery-renewable S9902219,1,EA,X
198,S9902219,"Midwifery kit,3-renewable",S9999898,"Subkit 1/2 Midwifery ,3-renew S9902219",,,0040,S9999942,Prepack 2/3Midwifery-renewable S9902219,1,EA,X
199,S9902219,"Midwifery kit,3-renewable",S9999898,"Subkit 1/2 Midwifery ,3-renew S9902219",,,0050,S0782413,"Syringe,disp,10ml,ster/BOX-100",1,BOX,X
200,S9902219,"Midwifery kit,3-renewable",S9999898,"Subkit 1/2 Midwifery ,3-renew S9902219",,,0060,S0969025,"Gloves,exam,nitrile,pwdfree,M,BOX-100",2,EA,X
201,S9902219,"Midwifery kit,3-renewable",S9999898,"Subkit 1/2 Midwifery ,3-renew S9902219",,,0070,S0523015,"Compress,gauze,10x10cm,n/ster/PAC-100",5,EA,X
202,S9902219,"Midwifery kit,3-renewable",S9999898,"Subkit 1/2 Midwifery ,3-renew S9902219",,,0080,S0361020,"Drawsheet,plastic,90x180cm",5,EA,
203,S9902219,"Midwifery kit,3-renewable",S9999898,"Subkit 1/2 Midwifery ,3-renew S9902219",,,0090,S9999940,Prepack 3/3Midwifery-renewable S9902219,1,EA,X
204,S9902219,"Midwifery kit,3-renewable",S9999898,"Subkit 1/2 Midwifery ,3-renew S9902219",,,0100,S0521425,"Sachet,tablet,plastic,10x16cm/PAC-100",5,EA,
205,S9902219,"Midwifery kit,3-renewable",S9999899,"Subkit 2/2 Midwifery ,3-renew S9902219",,,,S9999899,"Subkit 2/2 Midwifery ,3-renew S9902219",0.000,,
206,S9902219,"Midwifery kit,3-renewable",S9999899,"Subkit 2/2 Midwifery ,3-renew S9902219",,,0010,S9008034,"Double-wall ctn.60x40x33.3 cm, 0.08 m3",1,EA,
207,S9902219,"Midwifery kit,3-renewable",S9999899,"Subkit 2/2 Midwifery ,3-renew S9902219",,,0020,S0552000,"Soap,toilet,bar,approx.100-110g,wrapped",60,EA,
208,S9902219,"Midwifery kit,3-renewable",S9999899,"Subkit 2/2 Midwifery ,3-renew S9902219",,,0030,S0782213,Safety box f.used syrgs/ndls 5lt,5,EA,
209,S9902219,"Midwifery kit,3-renewable",S9999899,"Subkit 2/2 Midwifery ,3-renew S9902219",,,0040,S0519000,"Cotton wool,500g,roll,non-ster",5,EA,X
210,S9902219,"Midwifery kit,3-renewable",S9999899,"Subkit 2/2 Midwifery ,3-renew S9902219",,,0050,S9999299,"BAG for 50 x S0322010 CH12,ster,disp",1,EA,X
211,S9902219,"Midwifery kit,3-renewable",S9999899,"Subkit 2/2 Midwifery ,3-renew S9902219",,,0060,S0782205,"Syringe,disp,2ml,ster/BOX-100",1,BOX,X
212,S9902219,"Midwifery kit,3-renewable",S9999899,"Subkit 2/2 Midwifery ,3-renew S9902219",,,0070,S0564004,"Sut,abs,DEC2,need 3/8 26mm,tri/BOX-36",2,BOX,X
213,S9902219,"Midwifery kit,3-renewable",S9999899,"Subkit 2/2 Midwifery ,3-renew S9902219",,,0080,S0709236,"Needle scalp vein 21G, ster, disp,BOX-50",1,EA,X
214,S9902219,"Midwifery kit,3-renewable",S9999899,"Subkit 2/2 Midwifery ,3-renew S9902219",,,0090,S0564040,"Sut,abs,DEC4,need 3/8 50mm,round/BOX-36",2,BOX,X
215,S9902219,"Midwifery kit,3-renewable",S9999899,"Subkit 2/2 Midwifery ,3-renew S9902219",,,0100,S0565800,"Bracelet,identification,newborn/BOX-50",1,BOX,
216,S9902219,"Midwifery kit,3-renewable",S9999899,"Subkit 2/2 Midwifery ,3-renew S9902219",,,0110,S0845006,"Bulb, suction, neonatal, reusable",1,EA,
217,S9902219,"Midwifery kit,3-renewable",S9999898,"Subkit 1/2 Midwifery ,3-renew S9902219",S9999941,Prepack 1/3Midwifery-renewable S9902219,,S9999941,Prepack 1/3Midwifery-renewable S9902219,0.000,,
218,S9902219,"Midwifery kit,3-renewable",S9999898,"Subkit 1/2 Midwifery ,3-renew S9902219",S9999941,Prepack 1/3Midwifery-renewable S9902219,0010,S8942200,"Pre-pack Ctn,  37.5x29x19.5 cm, 0.021 m3",1,EA,
219,S9902219,"Midwifery kit,3-renewable",S9999898,"Subkit 1/2 Midwifery ,3-renew S9902219",S9999941,Prepack 1/3Midwifery-renewable S9902219,0020,S0327510,"Gloves,surg,pwdfree,7,ster,s.u.,pair",25,EA,X
220,S9902219,"Midwifery kit,3-renewable",S9999898,"Subkit 1/2 Midwifery ,3-renew S9902219",S9999941,Prepack 1/3Midwifery-renewable S9902219,0030,S0327530,"Gloves,surg,pwdfree,8,ster,s.u.,pair",25,EA,X
221,S9902219,"Midwifery kit,3-renewable",S9999898,"Subkit 1/2 Midwifery ,3-renew S9902219",S9999941,Prepack 1/3Midwifery-renewable S9902219,0040,S0330115,"Gloves,gyn,pwdfree,medium,ster,s.u.,pair",25,EA,X
222,S9902219,"Midwifery kit,3-renewable",S9999898,"Subkit 1/2 Midwifery ,3-renew S9902219",S9999941,Prepack 1/3Midwifery-renewable S9902219,0050,S0523020,"Tape umbilical,3mmx50m,non-ster",2,EA,X
223,S9902219,"Midwifery kit,3-renewable",S9999898,"Subkit 1/2 Midwifery ,3-renew S9902219",S9999941,Prepack 1/3Midwifery-renewable S9902219,0060,S0503015,"Medical tape,2.5cmx5m,roll",12,EA,X
224,S9902219,"Midwifery kit,3-renewable",S9999898,"Subkit 1/2 Midwifery ,3-renew S9902219",S9999941,Prepack 1/3Midwifery-renewable S9902219,0070,S0572510,"Blanket,survival,220x140cm",5,EA,
225,S9902219,"Midwifery kit,3-renewable",S9999898,"Subkit 1/2 Midwifery ,3-renew S9902219",S9999941,Prepack 1/3Midwifery-renewable S9902219,0080,S0746510,"Scalpel blade,ster,disp,no.22",100,EA,X
226,S9902219,"Midwifery kit,3-renewable",S9999898,"Subkit 1/2 Midwifery ,3-renew S9902219",S9999942,Prepack 2/3Midwifery-renewable S9902219,,S9999942,Prepack 2/3Midwifery-renewable S9902219,0.000,,
227,S9902219,"Midwifery kit,3-renewable",S9999898,"Subkit 1/2 Midwifery ,3-renew S9902219",S9999942,Prepack 2/3Midwifery-renewable S9902219,0010,S8941505,"Pre-pack Carton, 32x24x20 cm, 0.015 m3",1,EA,
228,S9902219,"Midwifery kit,3-renewable",S9999898,"Subkit 1/2 Midwifery ,3-renew S9902219",S9999942,Prepack 2/3Midwifery-renewable S9902219,0030,S0747420,"Needle,disp,19G,ster/BOX-100",1,BOX,X
229,S9902219,"Midwifery kit,3-renewable",S9999898,"Subkit 1/2 Midwifery ,3-renew S9902219",S9999942,Prepack 2/3Midwifery-renewable S9902219,0040,S0709232,"Cannula IV short 20G, ster, disp, BOX-50",1,EA,X
230,S9902219,"Midwifery kit,3-renewable",S9999898,"Subkit 1/2 Midwifery ,3-renew S9902219",S9999942,Prepack 2/3Midwifery-renewable S9902219,0060,S0747432,"Needle,disp,21G,ster/BOX-100",1,BOX,X
231,S9902219,"Midwifery kit,3-renewable",S9999898,"Subkit 1/2 Midwifery ,3-renew S9902219",S9999942,Prepack 2/3Midwifery-renewable S9902219,0070,S0366010,"Syringe,feeding,50ml,catheter tip,ster",10,EA,X
232,S9902219,"Midwifery kit,3-renewable",S9999898,"Subkit 1/2 Midwifery ,3-renew S9902219",S9999942,Prepack 2/3Midwifery-renewable S9902219,0080,S0327500,"Gloves,surg,pwdfree,6.5,ster,s.u.,pair",25,EA,X
233,S9902219,"Midwifery kit,3-renewable",S9999898,"Subkit 1/2 Midwifery ,3-renew S9902219",S9999940,Prepack 3/3Midwifery-renewable S9902219,,S9999940,Prepack 3/3Midwifery-renewable S9902219,0.000,,
234,S9902219,"Midwifery kit,3-renewable",S9999898,"Subkit 1/2 Midwifery ,3-renew S9902219",S9999940,Prepack 3/3Midwifery-renewable S9902219,0010,S8941500,"Pre-pack Carton, 70x19x10 cm, 0.014 m3",1,EA,
235,S9902219,"Midwifery kit,3-renewable",S9999898,"Subkit 1/2 Midwifery ,3-renew S9902219",S9999940,Prepack 3/3Midwifery-renewable S9902219,0020,S0374015,"Tube,suction,CH10,L50cm,ster,disp",50,EA,X
236,S9902219,"Midwifery kit,3-renewable",S9999898,"Subkit 1/2 Midwifery ,3-renew S9902219",S9999940,Prepack 3/3Midwifery-renewable S9902219,0030,S0374025,"Tube,suction,CH14,L50cm,ster,disp",25,EA,X
237,S9902220,"Midwifery kit,suppl.1a-drugs",,,,,0010,S8914100,Carton f/dividers 260 x 150 x 185 mm,1,EA,
238,S9902220,"Midwifery kit,suppl.1a-drugs",,,,,0030,S1545300,Oxytocin inj 10 IU 1ml amp/BOX-10,5,BOX,X
239,S9902220,"Midwifery kit,suppl.1a-drugs",,,,,0040,S1543625,Diazepam inj 5mg/ml 2ml amp/BOX-10    pt,1,BOX,X
240,S9902221,"Midwifery kit – equipment, 2",,,,,0010,S9008013,"Double-wall ctn.80x40x25 cm, 0.080 m3",1,EA,
241,S9902221,"Midwifery kit – equipment, 2",,,,,0020,S9999957,Prepack 1/1 Midwifery 2-Equip S9902221,1,EA,X
242,S9902221,"Midwifery kit – equipment, 2",,,,,0030,S0214020,"Bowl,round,polypropylene,6 - 8L",2,EA,
243,S9902221,"Midwifery kit – equipment, 2",,,,,0040,S0216000,"Bowl,round,stainless steel,4L",2,EA,
244,S9902221,"Midwifery kit – equipment, 2",,,,,0050,S0279000,"Tray,dressing,ss,300x200x30mm",2,EA,
245,S9902221,"Midwifery kit – equipment, 2",,,,,0060,S0270000,"Tray,instr,ss,225x125x50mm,w/cover",4,EA,
246,S9902221,"Midwifery kit – equipment, 2",,,,,0070,S0683200,"Sphygmomanometer,(adult),aneroid",1,EA,
247,S9902221,"Midwifery kit – equipment, 2",,,,,0080,S4410010,"Book,exercise,A5,ruled-8mm,48 pgs/PAC-20",1,PAC,
248,S9902221,"Midwifery kit – equipment, 2",,,,,0090,S0305150,"Apron,protection,heavy-duty,reusable",5,EA,X
249,S9902221,"Midwifery kit – equipment, 2",,,S9999957,Prepack 1/1 Midwifery 2-Equip S9902221,,S9999957,Prepack 1/1 Midwifery 2-Equip S9902221,0.000,,
250,S9902221,"Midwifery kit – equipment, 2",,,S9999957,Prepack 1/1 Midwifery 2-Equip S9902221,0010,S8942200,"Pre-pack Ctn,  37.5x29x19.5 cm, 0.021 m3",1,EA,
251,S9902221,"Midwifery kit – equipment, 2",,,S9999957,Prepack 1/1 Midwifery 2-Equip S9902221,0020,S0686000,"Stethoscope,binaural,complete",3,EA,
252,S9902221,"Midwifery kit – equipment, 2",,,S9999957,Prepack 1/1 Midwifery 2-Equip S9902221,0030,S0722500,"Forceps,dressing,Cheron,250mm",2,EA,
253,S9902221,"Midwifery kit – equipment, 2",,,S9999957,Prepack 1/1 Midwifery 2-Equip S9902221,0040,S0333500,"Jar,forceps,pp,180mm,w/o cover",2,EA,
254,S9902221,"Midwifery kit – equipment, 2",,,S9999957,Prepack 1/1 Midwifery 2-Equip S9902221,0050,S0557000,"Scale,spring type,infant,5kgx25g",1,EA,
255,S9902221,"Midwifery kit – equipment, 2",,,S9999957,Prepack 1/1 Midwifery 2-Equip S9902221,0060,S0334200,"Jar,thermometer,pp,11cm,w/o cover",2,EA,
256,S9902221,"Midwifery kit – equipment, 2",,,S9999957,Prepack 1/1 Midwifery 2-Equip S9902221,0070,S0686500,"Stethoscope,foetal,Pinard",2,EA,
257,S9902221,"Midwifery kit – equipment, 2",,,S9999957,Prepack 1/1 Midwifery 2-Equip S9902221,0080,S0514000,"Brush,hand,scrubbing,plastic",2,EA,
258,S9902221,"Midwifery kit – equipment, 2",,,S9999957,Prepack 1/1 Midwifery 2-Equip S9902221,0090,S0385010,"Tourniquet,latex-free,50cm",2,EA,
259,S9902221,"Midwifery kit – equipment, 2",,,S9999957,Prepack 1/1 Midwifery 2-Equip S9902221,0100,S0567000,"Tape measure,tailor's,fibreglass,1.5m",2,EA,
260,S9902221,"Midwifery kit – equipment, 2",,,S9999957,Prepack 1/1 Midwifery 2-Equip S9902221,0110,S4460005,"Pen,ball-point,blue/BOX-10",1,BOX,
261,S9902221,"Midwifery kit – equipment, 2",,,S9999957,Prepack 1/1 Midwifery 2-Equip S9902221,0120,S0481056,"Thermometer, clinical, digital, no Li",5,EA,X
262,S9902221,"Midwifery kit – equipment, 2",,,S9999957,Prepack 1/1 Midwifery 2-Equip S9902221,0130,S0225000,"Bowl,stainless steel,600ml",2,EA,
263,S9902221,"Midwifery kit – equipment, 2",,,S9999957,Prepack 1/1 Midwifery 2-Equip S9902221,0140,S0557200,"Weighing sling,infant,5kg",5,EA,
264,S9902221,"Midwifery kit – equipment, 2",,,S9999957,Prepack 1/1 Midwifery 2-Equip S9902221,0150,S9910003,"Surg.inst.,delivery /SET",2,SET,
265,S9902221,"Midwifery kit – equipment, 2",,,S9999957,Prepack 1/1 Midwifery 2-Equip S9902221,0160,S0211000,"Basin,kidney,stainless steel,825ml",2,EA,
266,S9902221,"Midwifery kit – equipment, 2",,,S9999957,Prepack 1/1 Midwifery 2-Equip S9902221,0170,S9910004,"Surg.inst.,suture /SET",2,SET,
267,S9902221,"Midwifery kit – equipment, 2",,,S9999957,Prepack 1/1 Midwifery 2-Equip S9902221,0180,S0361020,"Drawsheet,plastic,90x180cm",2,EA,
268,S9902302,Nigeria Kit 2017,,,,,0010,S9016023,"Double-wall ctn.80x40x50 cm, 0.160 m3",1,EA,
269,S9902302,Nigeria Kit 2017,,,,,0020,S5001000,"Bag,UNICEF,blue polyester,360x230x610mm",1,EA,
270,S9902302,Nigeria Kit 2017,,,,,0030,S9999151,Prepack 1/3 Nigeria Kit 2017,1,EA,X
271,S9902302,Nigeria Kit 2017,,,,,0040,S0969025,"Gloves,exam,nitrile,pwdfree,M,BOX-100",2,EA,X
272,S9902302,Nigeria Kit 2017,,,,,0060,S1519500,Benzyl benzoate 25% lotion /BOT-1000ml,5,BOT,X
273,S9902302,Nigeria Kit 2017,,,,,0070,S9999153,Prepack 2/3 Nigeria Kit 2017,1,EA,X
274,S9902302,Nigeria Kit 2017,,,,,0080,S1300075,Artem20mg+Lumef120mg disp tabs/12/PAC-30,2,PAC,X
275,S9902302,Nigeria Kit 2017,,,,,0090,S9999154,Prepack 3/3 Nigeria Kit 2017,1,EA,X
276,S9902302,Nigeria Kit 2017,,,,,0100,S0845009,"Resuscitator,hand-oper.,neonate,set",1,EA,X
277,S9902302,Nigeria Kit 2017,,,,,0110,S1300074,Artem 20mg+Lumef120mg disp tabs/6/PAC-30,5,PAC,X
278,S9902302,Nigeria Kit 2017,,,,,0120,S1555910,"Nystatin 100,000IU pess. with app/PAC-15",20,PAC,X
279,S9902302,Nigeria Kit 2017,,,,,0130,S1550030,Iron 60mg + Folic ac. 400mcg tab/PAC-100,30,PAC,X
280,S9902302,Nigeria Kit 2017,,,,,0140,S0519000,"Cotton wool,500g,roll,non-ster",1,EA,X
281,S9902302,Nigeria Kit 2017,,,,,0150,S1510000,Tetracycline eye ointment 1%/TBE-5g,50,TBE,X
282,S9902302,Nigeria Kit 2017,,,,,0160,S1505060,Amoxicillin 250mg tabs/PAC-1000,2,PAC,X
283,S9902302,Nigeria Kit 2017,,,,,0170,S1515060,Miconazole nitrate cream 2%/TBE-30g,20,TBE,X
284,S9902302,Nigeria Kit 2017,,,S9999151,Prepack 1/3 Nigeria Kit 2017,,S9999151,Prepack 1/3 Nigeria Kit 2017,0.000,,
285,S9902302,Nigeria Kit 2017,,,S9999151,Prepack 1/3 Nigeria Kit 2017,0010,S8942200,"Pre-pack Ctn,  37.5x29x19.5 cm, 0.021 m3",1,EA,
286,S9902302,Nigeria Kit 2017,,,S9999151,Prepack 1/3 Nigeria Kit 2017,0020,S1505043,Amoxicillin 250mg disp.tab/PAC-(10x10),20,PAC,X
287,S9902302,Nigeria Kit 2017,,,S9999151,Prepack 1/3 Nigeria Kit 2017,0040,S1544402,Doxycycline 100mg tabs PAC/10x10,20,EA,X
288,S9902302,Nigeria Kit 2017,,,S9999153,Prepack 2/3 Nigeria Kit 2017,,S9999153,Prepack 2/3 Nigeria Kit 2017,0.000,,
289,S9902302,Nigeria Kit 2017,,,S9999153,Prepack 2/3 Nigeria Kit 2017,0010,S8942200,"Pre-pack Ctn,  37.5x29x19.5 cm, 0.021 m3",1,EA,
290,S9902302,Nigeria Kit 2017,,,S9999153,Prepack 2/3 Nigeria Kit 2017,0020,S1505060,Amoxicillin 250mg tabs/PAC-1000,2,PAC,X
291,S9902302,Nigeria Kit 2017,,,S9999153,Prepack 2/3 Nigeria Kit 2017,0030,S1580100,"Micronutrient tabs, pregnancy/PAC-1000",4,PAC,X
292,S9902302,Nigeria Kit 2017,,,S9999153,Prepack 2/3 Nigeria Kit 2017,0040,S1553105,Povidone iodine sol 10%/BOT-500ml,4,BOT,X
293,S9902302,Nigeria Kit 2017,,,S9999153,Prepack 2/3 Nigeria Kit 2017,0050,S1300062,Artemeth20mg+Lumefan120mg tabs/18/PAC-30,2,PAC,X
294,S9902302,Nigeria Kit 2017,,,S9999153,Prepack 2/3 Nigeria Kit 2017,0060,S1583015,"Retinol 100,000IU soft gel.caps/PAC-500",1,PAC,X
295,S9902302,Nigeria Kit 2017,,,S9999153,Prepack 2/3 Nigeria Kit 2017,0070,S1583000,"Retinol 200,000IU soft gel.caps/PAC-500",1,PAC,X
296,S9902302,Nigeria Kit 2017,,,S9999153,Prepack 2/3 Nigeria Kit 2017,0080,S1531700,Chlorphenamine 4mg tabs/PAC-1000,1,PAC,X
297,S9902302,Nigeria Kit 2017,,,S9999153,Prepack 2/3 Nigeria Kit 2017,0090,S0503020,"Medical tape,perforated,10cmx5m,roll",1,EA,X
298,S9902302,Nigeria Kit 2017,,,S9999153,Prepack 2/3 Nigeria Kit 2017,0100,S1555370,Albendazole 400mg chewable tabs/PAC-100,1,PAC,X
299,S9902302,Nigeria Kit 2017,,,S9999153,Prepack 2/3 Nigeria Kit 2017,0120,S0630010,"Flashlight,pre-focused",1,EA,
300,S9902302,Nigeria Kit 2017,,,S9999153,Prepack 2/3 Nigeria Kit 2017,0130,S0845065,"Timer,for respiration,ARI (mark 2)",1,EA,X
301,S9902302,Nigeria Kit 2017,,,S9999153,Prepack 2/3 Nigeria Kit 2017,0140,S0512020,"Bandage,gauze,5cmx5m,roll",5,EA,X
302,S9902302,Nigeria Kit 2017,,,S9999154,Prepack 3/3 Nigeria Kit 2017,,S9999154,Prepack 3/3 Nigeria Kit 2017,0.000,,
303,S9902302,Nigeria Kit 2017,,,S9999154,Prepack 3/3 Nigeria Kit 2017,0010,S8942200,"Pre-pack Ctn,  37.5x29x19.5 cm, 0.021 m3",1,EA,
304,S9902302,Nigeria Kit 2017,,,S9999154,Prepack 3/3 Nigeria Kit 2017,0020,S1300063,Artemeth20mg+Lumefan120mg tabs/24/PAC-30,2,PAC,X
305,S9902302,Nigeria Kit 2017,,,S9999154,Prepack 3/3 Nigeria Kit 2017,0030,S1504007,Omeprazole 20mg capsules (e/c) PAC/100,5,PAC,X
306,S9902302,Nigeria Kit 2017,,,S9999154,Prepack 3/3 Nigeria Kit 2017,0040,S0521425,"Sachet,tablet,plastic,10x16cm/PAC-100",20,EA,
307,S9902410,"NBK,Community,Part B, Module 1,Medicines",,,,,0060,S9992416,"SUB 1/3 NBK,Community,Part B,Module1,Med",1,EA,X
308,S9902410,"NBK,Community,Part B, Module 1,Medicines",,,,,0070,S9992412,"SUB 2/3 NBK,Community,Part B,Module1,Med",1,EA,X
309,S9902410,"NBK,Community,Part B, Module 1,Medicines",,,,,0080,S9992413,"SUB 3/3 NBK,Community,Part B,Module1,Med",1,EA,X
310,S9902410,"NBK,Community,Part B, Module 1,Medicines",S9992416,"SUB 1/3 NBK,Community,Part B,Module1,Med",,,,S9992416,"SUB 1/3 NBK,Community,Part B,Module1,Med",0.000,,
311,S9902410,"NBK,Community,Part B, Module 1,Medicines",S9992416,"SUB 1/3 NBK,Community,Part B,Module1,Med",,,0070,S1521012,Erythromycin 0.5% eye ointment/TBE-3.5g,300,TBE,X
312,S9902410,"NBK,Community,Part B, Module 1,Medicines",S9992416,"SUB 1/3 NBK,Community,Part B,Module1,Med",,,0090,S1531042,Chlorhex.diglu.7.1% gel cord.c.TBE/20g,100,EA,X
313,S9902410,"NBK,Community,Part B, Module 1,Medicines",S9992416,"SUB 1/3 NBK,Community,Part B,Module1,Med",,,0100,S1552510,Zinc oxide ointment 10%/TBE-100g,100,TBE,X
314,S9902410,"NBK,Community,Part B, Module 1,Medicines",S9992416,"SUB 1/3 NBK,Community,Part B,Module1,Med",,,0110,S0330025,"Gloves,exam,latex,pwdfree,M,BOX-100",10,EA,X
315,S9902410,"NBK,Community,Part B, Module 1,Medicines",S9992416,"SUB 1/3 NBK,Community,Part B,Module1,Med",,,0120,S9016023,"Double-wall ctn.80x40x50 cm, 0.160 m3",1,EA,
316,S9902410,"NBK,Community,Part B, Module 1,Medicines",S9992416,"SUB 1/3 NBK,Community,Part B,Module1,Med",,,0130,S0145577,Info Note on Job Aids for New Born Kit,1,EA,
317,S9902410,"NBK,Community,Part B, Module 1,Medicines",S9992412,"SUB 2/3 NBK,Community,Part B,Module1,Med",,,,S9992412,"SUB 2/3 NBK,Community,Part B,Module1,Med",0.000,,
318,S9902410,"NBK,Community,Part B, Module 1,Medicines",S9992412,"SUB 2/3 NBK,Community,Part B,Module1,Med",,,0010,S9902600,Clean Delivery Kit,50,EA,X
319,S9902410,"NBK,Community,Part B, Module 1,Medicines",S9992413,"SUB 3/3 NBK,Community,Part B,Module1,Med",,,,S9992413,"SUB 3/3 NBK,Community,Part B,Module1,Med",0.000,,
320,S9902410,"NBK,Community,Part B, Module 1,Medicines",S9992413,"SUB 3/3 NBK,Community,Part B,Module1,Med",,,0010,S9902600,Clean Delivery Kit,50,EA,X
321,S9902600,Clean Delivery Kit,,,,,0010,S0327520,"Gloves,surg,pwdfree,7.5,ster,s.u.,pair",50,,
322,S9902600,Clean Delivery Kit,,,,,0020,S0361020,"Drawsheet,plastic,90x180cm",50,,
323,S9902600,Clean Delivery Kit,,,,,0030,S0552000,"Soap,toilet,bar,approx.100-110g,wrapped",50,,
324,S9902600,Clean Delivery Kit,,,,,0040,S0566010,"Clamp,umbilical cord,ster,s.u.",150,,
325,S9902600,Clean Delivery Kit,,,,,0050,S0774750,"Scissors,umbilical cord,b/b,sterile",50,,
326,S9902600,Clean Delivery Kit,,,,,0060,S0305025,"Towel,cotton,tetra,100x100cm",50,,
327,S9902600,Clean Delivery Kit,,,,,0070,S0145580,"Instruction sheet, Clean delivery kit",50,,
328,S9902420,"NBK,Community,Part B, Module 2,Equipment",,,,,0010,S5001000,"Bag,UNICEF,blue polyester,360x230x610mm",20,EA,
329,S9902420,"NBK,Community,Part B, Module 2,Equipment",,,,,0020,S0557000,"Scale,spring type,infant,5kgx25g",10,EA,
330,S9902420,"NBK,Community,Part B, Module 2,Equipment",,,,,0030,S0557200,"Weighing sling,infant,5kg",30,EA,
331,S9902420,"NBK,Community,Part B, Module 2,Equipment",,,,,0040,S0481056,"Thermometer, clinical, digital, no Li",10,EA,X
332,S9902420,"NBK,Community,Part B, Module 2,Equipment",,,,,0050,S0845065,"Timer,for respiration,ARI (mark 2)",10,EA,X
333,S9902420,"NBK,Community,Part B, Module 2,Equipment",,,,,0060,S9016023,"Double-wall ctn.80x40x50 cm, 0.160 m3",1,EA,
334,S9902420,"NBK,Community,Part B, Module 2,Equipment",,,,,0070,S8903007,UN Labels for batteries UN3481 EA,2,EA,
335,S9902420,"NBK,Community,Part B, Module 2,Equipment",,,,,0080,S8903010,Overpack,2,EA,
336,S9902430,"NBK, Clinic, Module 1, Medicines",,,,,0160,S9992431,"SUB 1/8 NBK, Clinic, Module 1, Medicines",1,EA,X
337,S9902430,"NBK, Clinic, Module 1, Medicines",,,,,0170,S9992432,"SUB 2/8 NBK, Clinic, Module 1, Medicines",1,EA,X
338,S9902430,"NBK, Clinic, Module 1, Medicines",,,,,0180,S9992433,"SUB 3/8 NBK, Clinic, Module 1, Medicines",1,EA,X
339,S9902430,"NBK, Clinic, Module 1, Medicines",,,,,0190,S9992434,"SUB 4/8 NBK, Clinic, Module 1, Medicines",1,EA,X
340,S9902430,"NBK, Clinic, Module 1, Medicines",,,,,0200,S9992435,"SUB 5/8 NBK, Clinic, Module 1, Medicines",1,EA,X
341,S9902430,"NBK, Clinic, Module 1, Medicines",,,,,0210,S9992436,"SUB 6/8 NBK, Clinic, Module 1, Medicines",1,EA,X
342,S9902430,"NBK, Clinic, Module 1, Medicines",,,,,0220,S9992437,"SUB 7/8 NBK, Clinic, Module 1, Medicines",1,EA,X
343,S9902430,"NBK, Clinic, Module 1, Medicines",,,,,0230,S9992438,"S9902430  8/8 NBK,Clinic,Mod part 8-40",1,EA,X
344,S9902430,"NBK, Clinic, Module 1, Medicines",S9992431,"SUB 1/8 NBK, Clinic, Module 1, Medicines",,,,S9992431,"SUB 1/8 NBK, Clinic, Module 1, Medicines",0.000,,
345,S9902430,"NBK, Clinic, Module 1, Medicines",S9992431,"SUB 1/8 NBK, Clinic, Module 1, Medicines",,,0010,S1505043,Amoxicillin 250mg disp.tab/PAC-(10x10),30,PAC,X
346,S9902430,"NBK, Clinic, Module 1, Medicines",S9992431,"SUB 1/8 NBK, Clinic, Module 1, Medicines",,,0020,S1521012,Erythromycin 0.5% eye ointment/TBE-3.5g,300,TBE,X
347,S9902430,"NBK, Clinic, Module 1, Medicines",S9992431,"SUB 1/8 NBK, Clinic, Module 1, Medicines",,,0030,S1560832,Water for injection 10ml amp/BOX-50,30,EA,X
348,S9902430,"NBK, Clinic, Module 1, Medicines",S9992431,"SUB 1/8 NBK, Clinic, Module 1, Medicines",,,0040,S9012024,"Double-wall ctn.60x40x50 cm, 0.120 m3",1,EA,
349,S9902430,"NBK, Clinic, Module 1, Medicines",S9992432,"SUB 2/8 NBK, Clinic, Module 1, Medicines",,,,S9992432,"SUB 2/8 NBK, Clinic, Module 1, Medicines",0.000,,
350,S9902430,"NBK, Clinic, Module 1, Medicines",S9992432,"SUB 2/8 NBK, Clinic, Module 1, Medicines",,,0010,S9012024,"Double-wall ctn.60x40x50 cm, 0.120 m3",1,EA,
351,S9902430,"NBK, Clinic, Module 1, Medicines",S9992432,"SUB 2/8 NBK, Clinic, Module 1, Medicines",,,0020,S1505099,Ampicillin pdr/inj 500mg vial/BOX-50,8,BOX,X
352,S9902430,"NBK, Clinic, Module 1, Medicines",S9992432,"SUB 2/8 NBK, Clinic, Module 1, Medicines",,,0050,S1531042,Chlorhex.diglu.7.1% gel cord.c.TBE/20g,300,EA,X
353,S9902430,"NBK, Clinic, Module 1, Medicines",S9992432,"SUB 2/8 NBK, Clinic, Module 1, Medicines",,,0060,S1551961,Gentamicin inj 10mg/ml 2ml amp/BOX-50,24,BOX,X
354,S9902430,"NBK, Clinic, Module 1, Medicines",S9992432,"SUB 2/8 NBK, Clinic, Module 1, Medicines",,,0070,S1514135,Benzabenzylpen pdr.inj 1.2MIUv/sol/PAC-1,150,PAC,X
355,S9902430,"NBK, Clinic, Module 1, Medicines",S9992432,"SUB 2/8 NBK, Clinic, Module 1, Medicines",,,0080,S1531019,Benzylpenicillin pdr/inj 1MIU vl/BOX-100,1,EA,X
356,S9902430,"NBK, Clinic, Module 1, Medicines",S9992433,"SUB 3/8 NBK, Clinic, Module 1, Medicines",,,,S9992433,"SUB 3/8 NBK, Clinic, Module 1, Medicines",0.000,,
357,S9902430,"NBK, Clinic, Module 1, Medicines",S9992433,"SUB 3/8 NBK, Clinic, Module 1, Medicines",,,0010,S9012024,"Double-wall ctn.60x40x50 cm, 0.120 m3",1,EA,
358,S9902430,"NBK, Clinic, Module 1, Medicines",S9992433,"SUB 3/8 NBK, Clinic, Module 1, Medicines",,,0040,S1564320,Sod.chloride inj.0.9% 10ml/BOX-5,180,BOX,X
359,S9902430,"NBK, Clinic, Module 1, Medicines",S9992433,"SUB 3/8 NBK, Clinic, Module 1, Medicines",,,0050,S1560202,Phytomenadione 2mg/0.2ml inj. amp/BOX-5,60,BOX,X
360,S9902430,"NBK, Clinic, Module 1, Medicines",S9992434,"SUB 4/8 NBK, Clinic, Module 1, Medicines",,,,S9992434,"SUB 4/8 NBK, Clinic, Module 1, Medicines",0.000,,
361,S9902430,"NBK, Clinic, Module 1, Medicines",S9992434,"SUB 4/8 NBK, Clinic, Module 1, Medicines",,,0010,S9012024,"Double-wall ctn.60x40x50 cm, 0.120 m3",1,EA,
362,S9902430,"NBK, Clinic, Module 1, Medicines",S9992434,"SUB 4/8 NBK, Clinic, Module 1, Medicines",,,0020,S1585009,Paracetamol 120mg/5ml or.liq/BOT-60ml,225,BOT,X
363,S9902430,"NBK, Clinic, Module 1, Medicines",S9992435,"SUB 5/8 NBK, Clinic, Module 1, Medicines",,,,S9992435,"SUB 5/8 NBK, Clinic, Module 1, Medicines",0.000,,
364,S9902430,"NBK, Clinic, Module 1, Medicines",S9992435,"SUB 5/8 NBK, Clinic, Module 1, Medicines",,,0010,S9012024,"Double-wall ctn.60x40x50 cm, 0.120 m3",1,EA,
365,S9902430,"NBK, Clinic, Module 1, Medicines",S9992435,"SUB 5/8 NBK, Clinic, Module 1, Medicines",,,0020,S1585009,Paracetamol 120mg/5ml or.liq/BOT-60ml,225,BOT,X
366,S9902430,"NBK, Clinic, Module 1, Medicines",S9992436,"SUB 6/8 NBK, Clinic, Module 1, Medicines",,,,S9992436,"SUB 6/8 NBK, Clinic, Module 1, Medicines",0.000,,
367,S9902430,"NBK, Clinic, Module 1, Medicines",S9992436,"SUB 6/8 NBK, Clinic, Module 1, Medicines",,,0010,S9016023,"Double-wall ctn.80x40x50 cm, 0.160 m3",1,EA,
368,S9902430,"NBK, Clinic, Module 1, Medicines",S9992436,"SUB 6/8 NBK, Clinic, Module 1, Medicines",,,0020,S1552510,Zinc oxide ointment 10%/TBE-100g,150,TBE,X
369,S9902430,"NBK, Clinic, Module 1, Medicines",S9992437,"SUB 7/8 NBK, Clinic, Module 1, Medicines",,,,S9992437,"SUB 7/8 NBK, Clinic, Module 1, Medicines",0.000,,
370,S9902430,"NBK, Clinic, Module 1, Medicines",S9992437,"SUB 7/8 NBK, Clinic, Module 1, Medicines",,,0010,S9016023,"Double-wall ctn.80x40x50 cm, 0.160 m3",1,EA,
371,S9902430,"NBK, Clinic, Module 1, Medicines",S9992437,"SUB 7/8 NBK, Clinic, Module 1, Medicines",,,0020,S1552510,Zinc oxide ointment 10%/TBE-100g,150,TBE,X
372,S9902430,"NBK, Clinic, Module 1, Medicines",S9992438,"S9902430  8/8 NBK,Clinic,Mod part 8-40",,,,S9992438,"S9902430  8/8 NBK,Clinic,Mod part 8-40",0.000,,
373,S9902430,"NBK, Clinic, Module 1, Medicines",S9992438,"S9902430  8/8 NBK,Clinic,Mod part 8-40",,,0010,S1552118,Glucose 10% 500ml bot/BOX-20,30,BOX,X
374,S9902430,"NBK, Clinic, Module 1, Medicines",S9992438,"S9902430  8/8 NBK,Clinic,Mod part 8-40",,,0020,S1552119,Sodium Chloride 0.9% 500ml bot/BOX-20,3,BOX,X
375,S9902440,"NBK, Clinic, Module 2, Consumables",S9992441,"SUB 1/3 NBK, Clinic,Module 2,Consumables",,,,S9992441,"SUB 1/3 NBK, Clinic,Module 2,Consumables",0.000,,
376,S9902440,"NBK, Clinic, Module 2, Consumables",S9992441,"SUB 1/3 NBK, Clinic,Module 2,Consumables",,,0010,S0330025,"Gloves,exam,latex,pwdfree,M,BOX-100",9,EA,X
377,S9902440,"NBK, Clinic, Module 2, Consumables",S9992441,"SUB 1/3 NBK, Clinic,Module 2,Consumables",,,0020,S0531996,"Lancet,blood,ster,disp/PAC-200",5,EA,X
378,S9902440,"NBK, Clinic, Module 2, Consumables",S9992441,"SUB 1/3 NBK, Clinic,Module 2,Consumables",,,0030,S0747432,"Needle,disp,21G,ster/BOX-100",7,BOX,X
379,S9902440,"NBK, Clinic, Module 2, Consumables",S9992441,"SUB 1/3 NBK, Clinic,Module 2,Consumables",,,0040,S0744301,"Needle,scalp vein,23G,ster,disp/BOX-50",3,BOX,X
380,S9902440,"NBK, Clinic, Module 2, Consumables",S9992441,"SUB 1/3 NBK, Clinic,Module 2,Consumables",,,0050,S0782205,"Syringe,disp,2ml,ster/BOX-100",18,BOX,X
381,S9902440,"NBK, Clinic, Module 2, Consumables",S9992441,"SUB 1/3 NBK, Clinic,Module 2,Consumables",,,0060,S0584636,"FirstResponseSyph Anti-TPCardTest,kit/25",12,EA,X
382,S9902440,"NBK, Clinic, Module 2, Consumables",S9992441,"SUB 1/3 NBK, Clinic,Module 2,Consumables",,,0070,S0372000,"Tube,asp/feed,CH06,L125cm,ster,disp",150,EA,X
383,S9902440,"NBK, Clinic, Module 2, Consumables",S9992441,"SUB 1/3 NBK, Clinic,Module 2,Consumables",,,0080,S9019200,"Double-wall ctn.100x40x48cm, 0.192 m3",1,EA,
384,S9902440,"NBK, Clinic, Module 2, Consumables",S9992442,"SUB 2/3 NBK, Clinic,Module 2,Consumables",,,,S9992442,"SUB 2/3 NBK, Clinic,Module 2,Consumables",0.000,,
385,S9902440,"NBK, Clinic, Module 2, Consumables",S9992442,"SUB 2/3 NBK, Clinic,Module 2,Consumables",,,0010,S0709234,"Cannula IV short 24G, ster, disp, BOX-50",6,EA,X
386,S9902440,"NBK, Clinic, Module 2, Consumables",S9992442,"SUB 2/3 NBK, Clinic,Module 2,Consumables",,,0020,S0845182,"Gel, ultrasound, bottle, min. 250ml",30,EA,X
387,S9902440,"NBK, Clinic, Module 2, Consumables",S9992442,"SUB 2/3 NBK, Clinic,Module 2,Consumables",,,0030,S0747445,"Needle,disp,25G,ster/BOX-100",22,BOX,X
388,S9902440,"NBK, Clinic, Module 2, Consumables",S9992442,"SUB 2/3 NBK, Clinic,Module 2,Consumables",,,0040,S0782405,"Syringe,disp,5ml,ster/BOX-100",8,BOX,X
389,S9902440,"NBK, Clinic, Module 2, Consumables",S9992442,"SUB 2/3 NBK, Clinic,Module 2,Consumables",,,0050,S0782203,"Syringe,disp,1ml,ster/BOX-100",3,BOX,X
390,S9902440,"NBK, Clinic, Module 2, Consumables",S9992442,"SUB 2/3 NBK, Clinic,Module 2,Consumables",,,0060,S0503015,"Medical tape,2.5cmx5m,roll",90,EA,X
391,S9902440,"NBK, Clinic, Module 2, Consumables",S9992442,"SUB 2/3 NBK, Clinic,Module 2,Consumables",,,0070,S0373000,"Tube,feeding,CH08,L40cm,ster,disp",200,EA,X
392,S9902440,"NBK, Clinic, Module 2, Consumables",S9992442,"SUB 2/3 NBK, Clinic,Module 2,Consumables",,,0080,S9016023,"Double-wall ctn.80x40x50 cm, 0.160 m3",1,EA,
393,S9902440,"NBK, Clinic, Module 2, Consumables",S9992443,"SUB 3/3 NBK, Clinic,Module 2,Consumables",,,,S9992443,"SUB 3/3 NBK, Clinic,Module 2,Consumables",0.000,,
394,S9902440,"NBK, Clinic, Module 2, Consumables",S9992443,"SUB 3/3 NBK, Clinic,Module 2,Consumables",,,0010,S9016023,"Double-wall ctn.80x40x50 cm, 0.160 m3",1,EA,
395,S9902440,"NBK, Clinic, Module 2, Consumables",S9992443,"SUB 3/3 NBK, Clinic,Module 2,Consumables",,,0020,S0845079,"Cup feeding, newborn",30,EA,X
396,S9902440,"NBK, Clinic, Module 2, Consumables",S9992443,"SUB 3/3 NBK, Clinic,Module 2,Consumables",,,0030,S0531990,"Infusion giving set,w/burette,ster,s.u.",150,EA,X
397,S9902440,"NBK, Clinic, Module 2, Consumables",S9992443,"SUB 3/3 NBK, Clinic,Module 2,Consumables",,,0040,S0523058,"Swab,alcohol,6x3cm,BOX-100",10,EA,X
398,S9902440,"NBK, Clinic, Module 2, Consumables",S9992443,"SUB 3/3 NBK, Clinic,Module 2,Consumables",,,0050,S0904991,"Test strip, urine, 10 parameter, box/100",12,EA,X
399,S9902440,"NBK, Clinic, Module 2, Consumables",S9992443,"SUB 3/3 NBK, Clinic,Module 2,Consumables",,,0060,S0373500,"Tube,feeding,CH05,L40cm,ster,disp",150,EA,X
400,S9902450,"NBK, Clinic, Module 3, Equipment",S9992451,"SUB 1/6 NBK, Clinic, Module 3, Equipment",,,,S9992451,"SUB 1/6 NBK, Clinic, Module 3, Equipment",0.000,,
401,S9902450,"NBK, Clinic, Module 3, Equipment",S9992451,"SUB 1/6 NBK, Clinic, Module 3, Equipment",,,0010,S9012024,"Double-wall ctn.60x40x50 cm, 0.120 m3",1,EA,
402,S9902450,"NBK, Clinic, Module 3, Equipment",S9992451,"SUB 1/6 NBK, Clinic, Module 3, Equipment",,,0020,S0481056,"Thermometer, clinical, digital, no Li",20,EA,X
403,S9902450,"NBK, Clinic, Module 3, Equipment",S9992451,"SUB 1/6 NBK, Clinic, Module 3, Equipment",,,0030,S0845009,"Resuscitator,hand-oper.,neonate,set",9,EA,X
404,S9902450,"NBK, Clinic, Module 3, Equipment",S9992451,"SUB 1/6 NBK, Clinic, Module 3, Equipment",,,0040,S9992450,"PP 1/1 NBK, Clinic, Module 3, Equipment",1,EA,X
405,S9902450,"NBK, Clinic, Module 3, Equipment",S9992451,"SUB 1/6 NBK, Clinic, Module 3, Equipment",,,0050,S0845185,"Doppler,FHR detector,w/access",3,EA,X
406,S9902450,"NBK, Clinic, Module 3, Equipment",S9992452,"SUB 2/6 NBK, Clinic, Module 3, Equipment",,,,S9992452,"SUB 2/6 NBK, Clinic, Module 3, Equipment",0.000,,
407,S9902450,"NBK, Clinic, Module 3, Equipment",S9992452,"SUB 2/6 NBK, Clinic, Module 3, Equipment",,,0010,S0145558,"Scale,infant,tray,20kgx5g,batteries",1,EA,X
408,S9902450,"NBK, Clinic, Module 3, Equipment",S9992453,"SUB 3/6 NBK, Clinic, Module 3, Equipment",,,,S9992453,"SUB 3/6 NBK, Clinic, Module 3, Equipment",0.000,,
409,S9902450,"NBK, Clinic, Module 3, Equipment",S9992453,"SUB 3/6 NBK, Clinic, Module 3, Equipment",,,0010,S0145558,"Scale,infant,tray,20kgx5g,batteries",1,EA,X
410,S9902450,"NBK, Clinic, Module 3, Equipment",S9992454,"SUB 4/6 NBK, Clinic, Module 3, Equipment",,,,S9992454,"SUB 4/6 NBK, Clinic, Module 3, Equipment",0.000,,
411,S9902450,"NBK, Clinic, Module 3, Equipment",S9992454,"SUB 4/6 NBK, Clinic, Module 3, Equipment",,,0010,S0145558,"Scale,infant,tray,20kgx5g,batteries",1,EA,X
412,S9902450,"NBK, Clinic, Module 3, Equipment",S9992454,"SUB 4/6 NBK, Clinic, Module 3, Equipment",,,0020,S9008013,"Double-wall ctn.80x40x25 cm, 0.080 m3",1,EA,
413,S9902450,"NBK, Clinic, Module 3, Equipment",S9992458,"SUB 5/6 NBK, Clinic, Module 3, Equipment",,,,S9992458,"SUB 5/6 NBK, Clinic, Module 3, Equipment",0.000,,
414,S9902450,"NBK, Clinic, Module 3, Equipment",S9992458,"SUB 5/6 NBK, Clinic, Module 3, Equipment",,,0010,S0845186,"Stand,infusion,double hook,on castors",3,EA,
415,S9902450,"NBK, Clinic, Module 3, Equipment",S9992457,"SUB 6/6 NBK, Clinic, Module 3, Equipment",,,,S9992457,"SUB 6/6 NBK, Clinic, Module 3, Equipment",0.000,,
416,S9902450,"NBK, Clinic, Module 3, Equipment",S9992457,"SUB 6/6 NBK, Clinic, Module 3, Equipment",,,0010,S0845186,"Stand,infusion,double hook,on castors",3,EA,
417,S9902450,"NBK, Clinic, Module 3, Equipment",S9992451,"SUB 1/6 NBK, Clinic, Module 3, Equipment",S9992450,"PP 1/1 NBK, Clinic, Module 3, Equipment",,S9992450,"PP 1/1 NBK, Clinic, Module 3, Equipment",0.000,,
418,S9902450,"NBK, Clinic, Module 3, Equipment",S9992451,"SUB 1/6 NBK, Clinic, Module 3, Equipment",S9992450,"PP 1/1 NBK, Clinic, Module 3, Equipment",0010,S8941100,"Pre-pack Carton, 29x19x20 cm, 0.011 m3",1,EA,
419,S9902450,"NBK, Clinic, Module 3, Equipment",S9992451,"SUB 1/6 NBK, Clinic, Module 3, Equipment",S9992450,"PP 1/1 NBK, Clinic, Module 3, Equipment",0020,S0567000,"Tape measure,tailor's,fibreglass,1.5m",30,EA,
420,S9902450,"NBK, Clinic, Module 3, Equipment",S9992451,"SUB 1/6 NBK, Clinic, Module 3, Equipment",S9992450,"PP 1/1 NBK, Clinic, Module 3, Equipment",0030,S0845006,"Bulb, suction, neonatal, reusable",9,EA,
421,S9902450,"NBK, Clinic, Module 3, Equipment",S9992451,"SUB 1/6 NBK, Clinic, Module 3, Equipment",S9992450,"PP 1/1 NBK, Clinic, Module 3, Equipment",0040,S0845065,"Timer,for respiration,ARI (mark 2)",6,EA,X
468,S9902470,"NBK, Hospital, Module 2, Consumables",S9992470,"SUB 1/10 NBK, Hospital,Module 2,Consum",,,,S9992470,"SUB 1/10 NBK, Hospital,Module 2,Consum",0.000,,
469,S9902470,"NBK, Hospital, Module 2, Consumables",S9992470,"SUB 1/10 NBK, Hospital,Module 2,Consum",,,0010,S9019200,"Double-wall ctn.100x40x48cm, 0.192 m3",1,EA,
470,S9902470,"NBK, Hospital, Module 2, Consumables",S9992470,"SUB 1/10 NBK, Hospital,Module 2,Consum",,,0020,S0709234,"Cannula IV short 24G, ster, disp, BOX-50",18,EA,X
471,S9902470,"NBK, Hospital, Module 2, Consumables",S9992470,"SUB 1/10 NBK, Hospital,Module 2,Consum",,,0030,S0330025,"Gloves,exam,latex,pwdfree,M,BOX-100",15,EA,X
472,S9902470,"NBK, Hospital, Module 2, Consumables",S9992470,"SUB 1/10 NBK, Hospital,Module 2,Consum",,,0040,S0747445,"Needle,disp,25G,ster/BOX-100",17,BOX,X
473,S9902470,"NBK, Hospital, Module 2, Consumables",S9992470,"SUB 1/10 NBK, Hospital,Module 2,Consum",,,0050,S0782203,"Syringe,disp,1ml,ster/BOX-100",7,BOX,X
474,S9902470,"NBK, Hospital, Module 2, Consumables",S9992470,"SUB 1/10 NBK, Hospital,Module 2,Consum",,,0060,S9992414,"PP 1/2 NBK, Hospital,Module 2,Consum",1,EA,X
475,S9902470,"NBK, Hospital, Module 2, Consumables",S9992470,"SUB 1/10 NBK, Hospital,Module 2,Consum",,,0070,S9992415,"PP 2/2 NBK, Hospital,Module 2,Consum",1,EA,X
476,S9902470,"NBK, Hospital, Module 2, Consumables",S9992471,"SUB 2/10 NBK, Hospital,Module 2,Consum",,,,S9992471,"SUB 2/10 NBK, Hospital,Module 2,Consum",0.000,,
477,S9902470,"NBK, Hospital, Module 2, Consumables",S9992471,"SUB 2/10 NBK, Hospital,Module 2,Consum",,,0010,S9019200,"Double-wall ctn.100x40x48cm, 0.192 m3",1,EA,
478,S9902470,"NBK, Hospital, Module 2, Consumables",S9992471,"SUB 2/10 NBK, Hospital,Module 2,Consum",,,0020,S0744301,"Needle,scalp vein,23G,ster,disp/BOX-50",12,BOX,X
479,S9902470,"NBK, Hospital, Module 2, Consumables",S9992471,"SUB 2/10 NBK, Hospital,Module 2,Consum",,,0030,S0747420,"Needle,disp,19G,ster/BOX-100",26,BOX,X
480,S9902470,"NBK, Hospital, Module 2, Consumables",S9992471,"SUB 2/10 NBK, Hospital,Module 2,Consum",,,0040,S0523058,"Swab,alcohol,6x3cm,BOX-100",20,EA,X
481,S9902470,"NBK, Hospital, Module 2, Consumables",S9992471,"SUB 2/10 NBK, Hospital,Module 2,Consum",,,0050,S0782405,"Syringe,disp,5ml,ster/BOX-100",6,BOX,X
482,S9902470,"NBK, Hospital, Module 2, Consumables",S9992471,"SUB 2/10 NBK, Hospital,Module 2,Consum",,,0060,S0503015,"Medical tape,2.5cmx5m,roll",204,EA,X
483,S9902470,"NBK, Hospital, Module 2, Consumables",S9992471,"SUB 2/10 NBK, Hospital,Module 2,Consum",,,0070,S0584636,"FirstResponseSyph Anti-TPCardTest,kit/25",12,EA,X
484,S9902470,"NBK, Hospital, Module 2, Consumables",S9992471,"SUB 2/10 NBK, Hospital,Module 2,Consum",,,0080,S0373500,"Tube,feeding,CH05,L40cm,ster,disp",50,EA,X
485,S9902470,"NBK, Hospital, Module 2, Consumables",S9992471,"SUB 2/10 NBK, Hospital,Module 2,Consum",,,0090,S0372000,"Tube,asp/feed,CH06,L125cm,ster,disp",100,EA,X
486,S9902470,"NBK, Hospital, Module 2, Consumables",S9992471,"SUB 2/10 NBK, Hospital,Module 2,Consum",,,0100,S0373000,"Tube,feeding,CH08,L40cm,ster,disp",100,EA,X
487,S9902470,"NBK, Hospital, Module 2, Consumables",S9992472,"SUB 3/10 NBK, Hospital,Module 2,Consum",,,,S9992472,"SUB 3/10 NBK, Hospital,Module 2,Consum",0.000,,
488,S9902470,"NBK, Hospital, Module 2, Consumables",S9992472,"SUB 3/10 NBK, Hospital,Module 2,Consum",,,0010,S0531990,"Infusion giving set,w/burette,ster,s.u.",100,EA,X
489,S9902470,"NBK, Hospital, Module 2, Consumables",S9992472,"SUB 3/10 NBK, Hospital,Module 2,Consum",,,0020,S9016023,"Double-wall ctn.80x40x50 cm, 0.160 m3",1,EA,
490,S9902470,"NBK, Hospital, Module 2, Consumables",S9992473,"SUB 4/10 NBK, Hospital,Module 2,Consum",,,,S9992473,"SUB 4/10 NBK, Hospital,Module 2,Consum",0.000,,
491,S9902470,"NBK, Hospital, Module 2, Consumables",S9992473,"SUB 4/10 NBK, Hospital,Module 2,Consum",,,0010,S0531990,"Infusion giving set,w/burette,ster,s.u.",100,EA,X
492,S9902470,"NBK, Hospital, Module 2, Consumables",S9992473,"SUB 4/10 NBK, Hospital,Module 2,Consum",,,0020,S9016023,"Double-wall ctn.80x40x50 cm, 0.160 m3",1,EA,
493,S9902470,"NBK, Hospital, Module 2, Consumables",S9992474,"SUB 5/10 NBK, Hospital,Module 2,Consum",,,,S9992474,"SUB 5/10 NBK, Hospital,Module 2,Consum",0.000,,
494,S9902470,"NBK, Hospital, Module 2, Consumables",S9992474,"SUB 5/10 NBK, Hospital,Module 2,Consum",,,0010,S0531990,"Infusion giving set,w/burette,ster,s.u.",100,EA,X
495,S9902470,"NBK, Hospital, Module 2, Consumables",S9992474,"SUB 5/10 NBK, Hospital,Module 2,Consum",,,0020,S9016023,"Double-wall ctn.80x40x50 cm, 0.160 m3",1,EA,
496,S9902470,"NBK, Hospital, Module 2, Consumables",S9992475,"SUB 6/10 NBK, Hospital,Module 2,Consum",,,,S9992475,"SUB 6/10 NBK, Hospital,Module 2,Consum",0.000,,
497,S9902470,"NBK, Hospital, Module 2, Consumables",S9992475,"SUB 6/10 NBK, Hospital,Module 2,Consum",,,0010,S0531990,"Infusion giving set,w/burette,ster,s.u.",100,EA,X
498,S9902470,"NBK, Hospital, Module 2, Consumables",S9992475,"SUB 6/10 NBK, Hospital,Module 2,Consum",,,0020,S9016023,"Double-wall ctn.80x40x50 cm, 0.160 m3",1,EA,
499,S9902470,"NBK, Hospital, Module 2, Consumables",S9992476,"SUB 7/10 NBK, Hospital,Module 2,Consum",,,,S9992476,"SUB 7/10 NBK, Hospital,Module 2,Consum",0.000,,
500,S9902470,"NBK, Hospital, Module 2, Consumables",S9992476,"SUB 7/10 NBK, Hospital,Module 2,Consum",,,0010,S0531990,"Infusion giving set,w/burette,ster,s.u.",100,EA,X
501,S9902470,"NBK, Hospital, Module 2, Consumables",S9992476,"SUB 7/10 NBK, Hospital,Module 2,Consum",,,0020,S9016023,"Double-wall ctn.80x40x50 cm, 0.160 m3",1,EA,
502,S9902470,"NBK, Hospital, Module 2, Consumables",S9992477,"SUB 8/10 NBK, Hospital,Module 2,Consum",,,,S9992477,"SUB 8/10 NBK, Hospital,Module 2,Consum",0.000,,
503,S9902470,"NBK, Hospital, Module 2, Consumables",S9992477,"SUB 8/10 NBK, Hospital,Module 2,Consum",,,0010,S0531990,"Infusion giving set,w/burette,ster,s.u.",100,EA,X
504,S9902470,"NBK, Hospital, Module 2, Consumables",S9992477,"SUB 8/10 NBK, Hospital,Module 2,Consum",,,0020,S9016023,"Double-wall ctn.80x40x50 cm, 0.160 m3",1,EA,
505,S9902470,"NBK, Hospital, Module 2, Consumables",S9992478,"SUB 9/10 NBK, Hospital,Module 2,Consum",,,,S9992478,"SUB 9/10 NBK, Hospital,Module 2,Consum",0.000,,
506,S9902470,"NBK, Hospital, Module 2, Consumables",S9992478,"SUB 9/10 NBK, Hospital,Module 2,Consum",,,0010,S0845182,"Gel, ultrasound, bottle, min. 250ml",35,EA,X
507,S9902470,"NBK, Hospital, Module 2, Consumables",S9992479,"SUB 10/10 NBK, Hospital,Module 2,Consum",,,,S9992479,"SUB 10/10 NBK, Hospital,Module 2,Consum",0.000,,
508,S9902470,"NBK, Hospital, Module 2, Consumables",S9992479,"SUB 10/10 NBK, Hospital,Module 2,Consum",,,0010,S0782405,"Syringe,disp,5ml,ster/BOX-100",20,BOX,X
509,S9902470,"NBK, Hospital, Module 2, Consumables",S9992470,"SUB 1/10 NBK, Hospital,Module 2,Consum",S9992414,"PP 1/2 NBK, Hospital,Module 2,Consum",,S9992414,"PP 1/2 NBK, Hospital,Module 2,Consum",0.000,,
510,S9902470,"NBK, Hospital, Module 2, Consumables",S9992470,"SUB 1/10 NBK, Hospital,Module 2,Consum",S9992414,"PP 1/2 NBK, Hospital,Module 2,Consum",0010,S8941505,"Pre-pack Carton, 32x24x20 cm, 0.015 m3",1,EA,
511,S9902470,"NBK, Hospital, Module 2, Consumables",S9992470,"SUB 1/10 NBK, Hospital,Module 2,Consum",S9992414,"PP 1/2 NBK, Hospital,Module 2,Consum",0020,S0531996,"Lancet,blood,ster,disp/PAC-200",5,EA,X
512,S9902470,"NBK, Hospital, Module 2, Consumables",S9992470,"SUB 1/10 NBK, Hospital,Module 2,Consum",S9992414,"PP 1/2 NBK, Hospital,Module 2,Consum",0030,S0747440,"Needle,disp,22G,ster/BOX-100",3,BOX,X
513,S9902470,"NBK, Hospital, Module 2, Consumables",S9992470,"SUB 1/10 NBK, Hospital,Module 2,Consum",S9992414,"PP 1/2 NBK, Hospital,Module 2,Consum",0040,S0904991,"Test strip, urine, 10 parameter, box/100",7,EA,X
514,S9902470,"NBK, Hospital, Module 2, Consumables",S9992470,"SUB 1/10 NBK, Hospital,Module 2,Consum",S9992414,"PP 1/2 NBK, Hospital,Module 2,Consum",0050,S0845208,"Tubing, oxygen supply, 7.6 mtr",6,EA,X
515,S9902470,"NBK, Hospital, Module 2, Consumables",S9992470,"SUB 1/10 NBK, Hospital,Module 2,Consum",S9992415,"PP 2/2 NBK, Hospital,Module 2,Consum",,S9992415,"PP 2/2 NBK, Hospital,Module 2,Consum",0.000,,
516,S9902470,"NBK, Hospital, Module 2, Consumables",S9992470,"SUB 1/10 NBK, Hospital,Module 2,Consum",S9992415,"PP 2/2 NBK, Hospital,Module 2,Consum",0010,S8942200,"Pre-pack Ctn,  37.5x29x19.5 cm, 0.021 m3",1,EA,
517,S9902470,"NBK, Hospital, Module 2, Consumables",S9992470,"SUB 1/10 NBK, Hospital,Module 2,Consum",S9992415,"PP 2/2 NBK, Hospital,Module 2,Consum",0020,S0845079,"Cup feeding, newborn",30,EA,X
518,S9902470,"NBK, Hospital, Module 2, Consumables",S9992470,"SUB 1/10 NBK, Hospital,Module 2,Consum",S9992415,"PP 2/2 NBK, Hospital,Module 2,Consum",0030,S0370125,"Prongs,nasal,Oxygen,neonate,s.u.",20,EA,X
519,S9902470,"NBK, Hospital, Module 2, Consumables",S9992470,"SUB 1/10 NBK, Hospital,Module 2,Consum",S9992415,"PP 2/2 NBK, Hospital,Module 2,Consum",0040,S0709240,"Three-way valve, Luer, w/caps/BOX-50",2,EA,X
520,S9902470,"NBK, Hospital, Module 2, Consumables",S9992470,"SUB 1/10 NBK, Hospital,Module 2,Consum",S9992415,"PP 2/2 NBK, Hospital,Module 2,Consum",0050,S0782205,"Syringe,disp,2ml,ster/BOX-100",1,BOX,X
521,S9902480,"NBK, Hospital, Module 3, Equipment",S9992481,"SUB 1/17 NBK, Hospital, Module 3, Equ",,,,S9992481,"SUB 1/17 NBK, Hospital, Module 3, Equ",0.000,,
522,S9902480,"NBK, Hospital, Module 3, Equipment",S9992481,"SUB 1/17 NBK, Hospital, Module 3, Equ",,,0010,S0845180,"Protector,eye,phototherapy,s.u./SET-3x20",1,EA,
523,S9902480,"NBK, Hospital, Module 3, Equipment",S9992481,"SUB 1/17 NBK, Hospital, Module 3, Equ",,,0020,S0845009,"Resuscitator,hand-oper.,neonate,set",27,EA,X
524,S9902480,"NBK, Hospital, Module 3, Equipment",S9992481,"SUB 1/17 NBK, Hospital, Module 3, Equ",,,0030,S0760640,"Pump,suction,foot-operated",2,EA,
525,S9902480,"NBK, Hospital, Module 3, Equipment",S9992481,"SUB 1/17 NBK, Hospital, Module 3, Equ",,,0040,S9016023,"Double-wall ctn.80x40x50 cm, 0.160 m3",1,EA,
526,S9902480,"NBK, Hospital, Module 3, Equipment",S9992586,"SUB 2/17 NBK, Hospital, Module 3, Equ",,,,S9992586,"SUB 2/17 NBK, Hospital, Module 3, Equ",0.000,,
527,S9902480,"NBK, Hospital, Module 3, Equipment",S9992586,"SUB 2/17 NBK, Hospital, Module 3, Equ",,,0010,S0845233,"Flow splitter,for oxygen concentrator",5,EA,
528,S9902480,"NBK, Hospital, Module 3, Equipment",S9992586,"SUB 2/17 NBK, Hospital, Module 3, Equ",,,0020,S0845184,"Stethoscope, neonatal, binaural,complete",10,EA,
529,S9902480,"NBK, Hospital, Module 3, Equipment",S9992586,"SUB 2/17 NBK, Hospital, Module 3, Equ",,,0030,S0845006,"Bulb, suction, neonatal, reusable",50,EA,
530,S9902480,"NBK, Hospital, Module 3, Equipment",S9992586,"SUB 2/17 NBK, Hospital, Module 3, Equ",,,0040,S0567000,"Tape measure,tailor's,fibreglass,1.5m",100,EA,
531,S9902480,"NBK, Hospital, Module 3, Equipment",S9992586,"SUB 2/17 NBK, Hospital, Module 3, Equ",,,0050,S0845209,"Foam wraps, for YI sensor, Rad-G/PAC-12",5,PAC,
532,S9902480,"NBK, Hospital, Module 3, Equipment",S9992586,"SUB 2/17 NBK, Hospital, Module 3, Equ",,,0060,S9012024,"Double-wall ctn.60x40x50 cm, 0.120 m3",1,EA,
533,S9902480,"NBK, Hospital, Module 3, Equipment",S9992483,"SUB 3/17 NBK, Hospital, Module 3, Equ",,,,S9992483,"SUB 3/17 NBK, Hospital, Module 3, Equ",0.000,,
534,S9902480,"NBK, Hospital, Module 3, Equipment",S9992483,"SUB 3/17 NBK, Hospital, Module 3, Equ",,,0010,S9016023,"Double-wall ctn.80x40x50 cm, 0.160 m3",1,EA,
535,S9902480,"NBK, Hospital, Module 3, Equipment",S9992483,"SUB 3/17 NBK, Hospital, Module 3, Equ",,,0020,S0845151,"Resuscitator,hand-oper.,child,set",2,EA,X
536,S9902480,"NBK, Hospital, Module 3, Equipment",S9992483,"SUB 3/17 NBK, Hospital, Module 3, Equ",,,0030,S0481056,"Thermometer, clinical, digital, no Li",50,EA,X
537,S9902480,"NBK, Hospital, Module 3, Equipment",S9992483,"SUB 3/17 NBK, Hospital, Module 3, Equ",,,0040,S0845065,"Timer,for respiration,ARI (mark 2)",50,EA,X
538,S9902480,"NBK, Hospital, Module 3, Equipment",S9992483,"SUB 3/17 NBK, Hospital, Module 3, Equ",,,0050,S0845211,"Sensor, reusable, Rad-G, neonate, YI set",10,EA,
539,S9902480,"NBK, Hospital, Module 3, Equipment",S9992483,"SUB 3/17 NBK, Hospital, Module 3, Equ",,,0060,S0845212,"Pulse oximeter,handheld,cont,w/resp rate",5,EA,X
540,S9902480,"NBK, Hospital, Module 3, Equipment",S9992483,"SUB 3/17 NBK, Hospital, Module 3, Equ",,,0070,S9992480,"Bag NBK, Hospital, Module 3, Equ",1,EA,X
541,S9902480,"NBK, Hospital, Module 3, Equipment",S9992483,"SUB 3/17 NBK, Hospital, Module 3, Equ",,,0080,S0845185,"Doppler,FHR detector,w/access",5,EA,X
542,S9902480,"NBK, Hospital, Module 3, Equipment",S9992483,"SUB 3/17 NBK, Hospital, Module 3, Equ",,,0090,S8903010,Overpack,2,EA,
543,S9902480,"NBK, Hospital, Module 3, Equipment",S9992483,"SUB 3/17 NBK, Hospital, Module 3, Equ",,,0100,S8903007,UN Labels for batteries UN3481 EA,2,EA,
544,S9902480,"NBK, Hospital, Module 3, Equipment",S9992483,"SUB 3/17 NBK, Hospital, Module 3, Equ",,,0110,S8903011,UN Labels for batteries UN 3091 EA,2,EA,
545,S9902480,"NBK, Hospital, Module 3, Equipment",S9992484,"SUB 4/17 NBK, Hospital, Module 3, Equ",,,,S9992484,"SUB 4/17 NBK, Hospital, Module 3, Equ",0.000,,
546,S9902480,"NBK, Hospital, Module 3, Equipment",S9992484,"SUB 4/17 NBK, Hospital, Module 3, Equ",,,0010,S9019200,"Double-wall ctn.100x40x48cm, 0.192 m3",1,EA,
547,S9902480,"NBK, Hospital, Module 3, Equipment",S9992484,"SUB 4/17 NBK, Hospital, Module 3, Equ",,,0020,S0845185,"Doppler,FHR detector,w/access",12,EA,X
548,S9902480,"NBK, Hospital, Module 3, Equipment",S9992589,"SUB 5/17 NBK, Hospital, Module 3, Equ",,,,S9992589,"SUB 5/17 NBK, Hospital, Module 3, Equ",0.000,,
549,S9902480,"NBK, Hospital, Module 3, Equipment",S9992589,"SUB 5/17 NBK, Hospital, Module 3, Equ",,,0010,S0845186,"Stand,infusion,double hook,on castors",16,EA,
550,S9902480,"NBK, Hospital, Module 3, Equipment",S9992583,"SUB 6/17 NBK, Hospital, Module 3, Equ",,,,S9992583,"SUB 6/17 NBK, Hospital, Module 3, Equ",0.000,,
551,S9902480,"NBK, Hospital, Module 3, Equipment",S9992583,"SUB 6/17 NBK, Hospital, Module 3, Equ",,,0010,S0845186,"Stand,infusion,double hook,on castors",16,EA,
552,S9902480,"NBK, Hospital, Module 3, Equipment",S9992588,"SUB 7/17 NBK, Hospital, Module 3, Equ",,,,S9992588,"SUB 7/17 NBK, Hospital, Module 3, Equ",0.000,,
553,S9902480,"NBK, Hospital, Module 3, Equipment",S9992588,"SUB 7/17 NBK, Hospital, Module 3, Equ",,,0010,S0845186,"Stand,infusion,double hook,on castors",16,EA,
554,S9902480,"NBK, Hospital, Module 3, Equipment",S9992488,"SUB 8/17 NBK, Hospital, Module 3, Equ",,,,S9992488,"SUB 8/17 NBK, Hospital, Module 3, Equ",0.000,,
555,S9902480,"NBK, Hospital, Module 3, Equipment",S9992488,"SUB 8/17 NBK, Hospital, Module 3, Equ",,,0010,S0845009,"Resuscitator,hand-oper.,neonate,set",20,EA,X
556,S9902480,"NBK, Hospital, Module 3, Equipment",S9992488,"SUB 8/17 NBK, Hospital, Module 3, Equ",,,0020,S9008034,"Double-wall ctn.60x40x33.3 cm, 0.08 m3",1,EA,
557,S9902480,"NBK, Hospital, Module 3, Equipment",S9992489,"SUB 9/17 NBK, Hospital, Module 3, Equ",,,,S9992489,"SUB 9/17 NBK, Hospital, Module 3, Equ",0.000,,
558,S9902480,"NBK, Hospital, Module 3, Equipment",S9992489,"SUB 9/17 NBK, Hospital, Module 3, Equ",,,0010,S0145558,"Scale,infant,tray,20kgx5g,batteries",10,EA,X
559,S9902480,"NBK, Hospital, Module 3, Equipment",S9992459,"SUB 11/17 NBK, Hospital, Module 3, Equ",,,,S9992459,"SUB 11/17 NBK, Hospital, Module 3, Equ",0.000,,
560,S9902480,"NBK, Hospital, Module 3, Equipment",S9992459,"SUB 11/17 NBK, Hospital, Module 3, Equ",,,0010,S0845186,"Stand,infusion,double hook,on castors",1,EA,
561,S9902480,"NBK, Hospital, Module 3, Equipment",S9992587,"SUB 12/17 NBK, Hospital, Module 3, Equ",,,,S9992587,"SUB 12/17 NBK, Hospital, Module 3, Equ",0.000,,
562,S9902480,"NBK, Hospital, Module 3, Equipment",S9992587,"SUB 12/17 NBK, Hospital, Module 3, Equ",,,0010,S0845186,"Stand,infusion,double hook,on castors",1,EA,
563,S9902480,"NBK, Hospital, Module 3, Equipment",S9992493,"SUB 13/17 NBK, Hospital, Module 3, Equ",,,,S9992493,"SUB 13/17 NBK, Hospital, Module 3, Equ",0.000,,
564,S9902480,"NBK, Hospital, Module 3, Equipment",S9992493,"SUB 13/17 NBK, Hospital, Module 3, Equ",,,0010,S0145558,"Scale,infant,tray,20kgx5g,batteries",1,EA,X
565,S9902480,"NBK, Hospital, Module 3, Equipment",S9992494,"SUB 14/17 NBK, Hospital, Module 3, Equ",,,,S9992494,"SUB 14/17 NBK, Hospital, Module 3, Equ",0.000,,
566,S9902480,"NBK, Hospital, Module 3, Equipment",S9992494,"SUB 14/17 NBK, Hospital, Module 3, Equ",,,0010,S0145558,"Scale,infant,tray,20kgx5g,batteries",1,EA,X
567,S9902480,"NBK, Hospital, Module 3, Equipment",S9992495,"SUB 15/17 NBK, Hospital, Module 3, Equ",,,,S9992495,"SUB 15/17 NBK, Hospital, Module 3, Equ",0.000,,
568,S9902480,"NBK, Hospital, Module 3, Equipment",S9992495,"SUB 15/17 NBK, Hospital, Module 3, Equ",,,0010,S0145558,"Scale,infant,tray,20kgx5g,batteries",1,EA,X
569,S9902480,"NBK, Hospital, Module 3, Equipment",S9992496,"SUB 16/17 NBK, Hospital, Module 3, Equ",,,,S9992496,"SUB 16/17 NBK, Hospital, Module 3, Equ",0.000,,
570,S9902480,"NBK, Hospital, Module 3, Equipment",S9992496,"SUB 16/17 NBK, Hospital, Module 3, Equ",,,0010,S0145558,"Scale,infant,tray,20kgx5g,batteries",1,EA,X
571,S9902480,"NBK, Hospital, Module 3, Equipment",S9992497,"SUB 17/17 NBK, Hospital, Module 3, Equ",,,,S9992497,"SUB 17/17 NBK, Hospital, Module 3, Equ",0.000,,
572,S9902480,"NBK, Hospital, Module 3, Equipment",S9992497,"SUB 17/17 NBK, Hospital, Module 3, Equ",,,0010,S0145558,"Scale,infant,tray,20kgx5g,batteries",1,EA,X
573,S9902480,"NBK, Hospital, Module 3, Equipment",S9992490,"SUB 10/17 NBK, Hospital, Module 3, Equ",,,,S9992490,"SUB 10/17 NBK, Hospital, Module 3, Equ",0.000,,
574,S9902480,"NBK, Hospital, Module 3, Equipment",S9992490,"SUB 10/17 NBK, Hospital, Module 3, Equ",,,0010,S9019200,"Double-wall ctn.100x40x48cm, 0.192 m3",1,EA,
575,S9902480,"NBK, Hospital, Module 3, Equipment",S9992490,"SUB 10/17 NBK, Hospital, Module 3, Equ",,,0020,S0845185,"Doppler,FHR detector,w/access",12,EA,X
576,S9902480,"NBK, Hospital, Module 3, Equipment",S9992483,"SUB 3/17 NBK, Hospital, Module 3, Equ",S9992480,"Bag NBK, Hospital, Module 3, Equ",,S9992480,"Bag NBK, Hospital, Module 3, Equ",0.000,,
577,S9902480,"NBK, Hospital, Module 3, Equipment",S9992483,"SUB 3/17 NBK, Hospital, Module 3, Equ",S9992480,"Bag NBK, Hospital, Module 3, Equ",0010,S0390011,"Airway,Guedel,size00,ster,single use",2,EA,X
578,S9902480,"NBK, Hospital, Module 3, Equipment",S9992483,"SUB 3/17 NBK, Hospital, Module 3, Equ",S9992480,"Bag NBK, Hospital, Module 3, Equ",0020,S0390022,"Airway,Guedel,size0,ster,single use",2,EA,X
579,S9902480,"NBK, Hospital, Module 3, Equipment",S9992483,"SUB 3/17 NBK, Hospital, Module 3, Equ",S9992480,"Bag NBK, Hospital, Module 3, Equ",0030,S0390021,"Airway,Guedel,size1,ster,single use",2,EA,X
580,S9902480,"NBK, Hospital, Module 3, Equipment",S9992483,"SUB 3/17 NBK, Hospital, Module 3, Equ",S9992480,"Bag NBK, Hospital, Module 3, Equ",0040,S0390041,"Airway,Guedel,size2,ster,single use",2,EA,X
581,S9902480,"NBK, Hospital, Module 3, Equipment",S9992483,"SUB 3/17 NBK, Hospital, Module 3, Equ",S9992480,"Bag NBK, Hospital, Module 3, Equ",0050,S0390051,"Airway,Guedel,size3,ster,single use",2,EA,X
582,S9902480,"NBK, Hospital, Module 3, Equipment",S9992483,"SUB 3/17 NBK, Hospital, Module 3, Equ",S9992480,"Bag NBK, Hospital, Module 3, Equ",0060,S0390061,"Airway,Guedel,size4,ster,single use",2,EA,X
583,S9903000,"AWD, Community kit, Community Care",,,,,0010,S9019200,"Double-wall ctn.100x40x48cm, 0.192 m3",1,EA,
584,S9903000,"AWD, Community kit, Community Care",,,,,0020,S0552000,"Soap,toilet,bar,approx.100-110g,wrapped",120,EA,
585,S9903000,"AWD, Community kit, Community Care",,,,,0030,S5619903,"Filter, drinking, approx. 10L container",1,EA,
586,S9903000,"AWD, Community kit, Community Care",,,,,0040,S5007315,"Bucket,HDPE,with lid,14 l",7,EA,
587,S9903000,"AWD, Community kit, Community Care",,,,,0050,S9999129,Prepack 1/1 Community Care,1,EA,X
588,S9903000,"AWD, Community kit, Community Care",,,,,0060,S0782413,"Syringe,disp,10ml,ster/BOX-100",1,BOX,X
589,S9903000,"AWD, Community kit, Community Care",,,,,0070,S0334700,"Jug,measuring,1L",7,EA,
590,S9903000,"AWD, Community kit, Community Care",,,,,0080,S5007311,"Water-cont,LDPE,10l,collapsibl.,w/o logo",2,EA,
591,S9903000,"AWD, Community kit, Community Care",,,,,0090,S0330025,"Gloves,exam,latex,pwdfree,M,BOX-100",2,EA,X
592,S9903000,"AWD, Community kit, Community Care",,,S9999129,Prepack 1/1 Community Care,,S9999129,Prepack 1/1 Community Care,0.000,,
593,S9903000,"AWD, Community kit, Community Care",,,S9999129,Prepack 1/1 Community Care,0010,S8941501,"Pre-pack Carton, 32x24x10 cm, 0.007 m3",1,EA,
594,S9903000,"AWD, Community kit, Community Care",,,S9999129,Prepack 1/1 Community Care,0020,S5008345,Water purif.(NaDCC) 67mg tabs/BOX-400,1,EA,X
595,S9903000,"AWD, Community kit, Community Care",,,S9999129,Prepack 1/1 Community Care,0030,S0845205,"Gloves,heavy-duty,rubber/nitrile,M,pair",5,EA,X
596,S9903000,"AWD, Community kit, Community Care",,,S9999129,Prepack 1/1 Community Care,0040,S0514000,"Brush,hand,scrubbing,plastic",20,EA,
597,S9903001,"AWD Kit, Periphery kit, Logistics Part",S9999131,"Sub 1/6 AWD Kit, Periphery kit,Logistics",,,,S9999131,"Sub 1/6 AWD Kit, Periphery kit,Logistics",0,,
598,S9903001,"AWD Kit, Periphery kit, Logistics Part",S9999131,"Sub 1/6 AWD Kit, Periphery kit,Logistics",,,0010,S9010633,"Double-wall ctn.80x40x33 cm, 0.106 m3",1,EA,
599,S9903001,"AWD Kit, Periphery kit, Logistics Part",S9999131,"Sub 1/6 AWD Kit, Periphery kit,Logistics",,,0020,S5006031,"Sprayer,compression type, approx. 11 L",1,EA,
600,S9903001,"AWD Kit, Periphery kit, Logistics Part",S9999131,"Sub 1/6 AWD Kit, Periphery kit,Logistics",,,0040,S0305083,"Tunic,surgical,woven,size M",3,EA,
601,S9903001,"AWD Kit, Periphery kit, Logistics Part",S9999131,"Sub 1/6 AWD Kit, Periphery kit,Logistics",,,0050,S5006276,"Multipurpose Cloth, cotton, 1x1.5m",10,EA,
602,S9903001,"AWD Kit, Periphery kit, Logistics Part",S9999132,"Sub 2/6 AWD Kit, Periphery kit,Logistics",,,,S9999132,"Sub 2/6 AWD Kit, Periphery kit,Logistics",0,,
603,S9903001,"AWD Kit, Periphery kit, Logistics Part",S9999132,"Sub 2/6 AWD Kit, Periphery kit,Logistics",,,0010,S9016023,"Double-wall ctn.80x40x50 cm, 0.160 m3",1,EA,
604,S9903001,"AWD Kit, Periphery kit, Logistics Part",S9999132,"Sub 2/6 AWD Kit, Periphery kit,Logistics",,,0020,S5006031,"Sprayer,compression type, approx. 11 L",1,EA,
605,S9903001,"AWD Kit, Periphery kit, Logistics Part",S9999132,"Sub 2/6 AWD Kit, Periphery kit,Logistics",,,0030,S0305044,"Boots,rubber/PVC,reusable,pair,size44",2,EA,X
606,S9903001,"AWD Kit, Periphery kit, Logistics Part",S9999132,"Sub 2/6 AWD Kit, Periphery kit,Logistics",,,0040,S5007312,"Water-cont,LDPE,10l,collapsibl.,w tap",25,EA,
607,S9903001,"AWD Kit, Periphery kit, Logistics Part",S9999132,"Sub 2/6 AWD Kit, Periphery kit,Logistics",,,0050,S0305080,"Trousers,surgical,woven,size M",3,EA,
608,S9903001,"AWD Kit, Periphery kit, Logistics Part",S9999133,"Sub 3/6 AWD Kit, Periphery kit,Logistics",,,,S9999133,"Sub 3/6 AWD Kit, Periphery kit,Logistics",0,,
609,S9903001,"AWD Kit, Periphery kit, Logistics Part",S9999133,"Sub 3/6 AWD Kit, Periphery kit,Logistics",,,0010,S9019200,"Double-wall ctn.100x40x48cm, 0.192 m3",1,EA,
610,S9903001,"AWD Kit, Periphery kit, Logistics Part",S9999133,"Sub 3/6 AWD Kit, Periphery kit,Logistics",,,0020,S5007315,"Bucket,HDPE,with lid,14 l",14,EA,
611,S9903001,"AWD Kit, Periphery kit, Logistics Part",S9999133,"Sub 3/6 AWD Kit, Periphery kit,Logistics",,,0030,S0305043,"Boots,rubber/PVC,reusable,pair,size43",2,EA,X
612,S9903001,"AWD Kit, Periphery kit, Logistics Part",S9999133,"Sub 3/6 AWD Kit, Periphery kit,Logistics",,,0040,S0305084,"Tunic,surgical,woven, size L",10,EA,
613,S9903001,"AWD Kit, Periphery kit, Logistics Part",S9999133,"Sub 3/6 AWD Kit, Periphery kit,Logistics",,,0060,S0845205,"Gloves,heavy-duty,rubber/nitrile,M,pair",20,EA,X
614,S9903001,"AWD Kit, Periphery kit, Logistics Part",S9999134,"Sub 4/6 AWD Kit, Periphery kit,Logistics",,,,S9999134,"Sub 4/6 AWD Kit, Periphery kit,Logistics",0,,
615,S9903001,"AWD Kit, Periphery kit, Logistics Part",S9999134,"Sub 4/6 AWD Kit, Periphery kit,Logistics",,,0010,S9012024,"Double-wall ctn.60x40x50 cm, 0.120 m3",1,EA,
616,S9903001,"AWD Kit, Periphery kit, Logistics Part",S9999134,"Sub 4/6 AWD Kit, Periphery kit,Logistics",,,0020,S5006055,"NaDCC,Chlorine Granules 56%, 1/2kg",12,EA,X
617,S9903001,"AWD Kit, Periphery kit, Logistics Part",S9999134,"Sub 4/6 AWD Kit, Periphery kit,Logistics",,,0030,S0845164,"Bag,biohazard,yellow,50L,box/100",1,EA,X
618,S9903001,"AWD Kit, Periphery kit, Logistics Part",S9999134,"Sub 4/6 AWD Kit, Periphery kit,Logistics",,,0040,S0305081,"Trousers,surgical,woven,size L",10,EA,
619,S9903001,"AWD Kit, Periphery kit, Logistics Part",S9999134,"Sub 4/6 AWD Kit, Periphery kit,Logistics",,,0050,S0305042,"Boots,rubber/PVC,reusable,pair,size42",1,EA,X
620,S9903001,"AWD Kit, Periphery kit, Logistics Part",S9999134,"Sub 4/6 AWD Kit, Periphery kit,Logistics",,,0060,S0572510,"Blanket,survival,220x140cm",30,EA,
621,S9903001,"AWD Kit, Periphery kit, Logistics Part",S9999134,"Sub 4/6 AWD Kit, Periphery kit,Logistics",,,0070,S5006129,Chlorine/pH visual comparator,2,PAC,X
622,S9903001,"AWD Kit, Periphery kit, Logistics Part",S9999135,"Sub 5/6 AWD Kit, Periphery kit,Logistics",,,,S9999135,"Sub 5/6 AWD Kit, Periphery kit,Logistics",0,,
623,S9903001,"AWD Kit, Periphery kit, Logistics Part",S9999135,"Sub 5/6 AWD Kit, Periphery kit,Logistics",,,0080,S9006014,"Double-wall ctn.60x40x25 cm, 0.060 m3",1,EA,
624,S9903001,"AWD Kit, Periphery kit, Logistics Part",S9999135,"Sub 5/6 AWD Kit, Periphery kit,Logistics",,,0090,S0845203,"Apron,protection,plastic,disp,PAC-100",5,PAC,X
625,S9903001,"AWD Kit, Periphery kit, Logistics Part",S9999135,"Sub 5/6 AWD Kit, Periphery kit,Logistics",,,0100,S0305085,"Tunic,surgical,woven,size XL",5,EA,
626,S9903001,"AWD Kit, Periphery kit, Logistics Part",S9999136,"Sub 6/6 AWD Kit, Periphery kit,Logistics",,,,S9999136,"Sub 6/6 AWD Kit, Periphery kit,Logistics",0,,
627,S9903001,"AWD Kit, Periphery kit, Logistics Part",S9999136,"Sub 6/6 AWD Kit, Periphery kit,Logistics",,,0010,S9006014,"Double-wall ctn.60x40x25 cm, 0.060 m3",1,EA,
628,S9903001,"AWD Kit, Periphery kit, Logistics Part",S9999136,"Sub 6/6 AWD Kit, Periphery kit,Logistics",,,0020,S0305082,"Trousers,surgical,woven,size XL",5,EA,
629,S9903001,"AWD Kit, Periphery kit, Logistics Part",S9999136,"Sub 6/6 AWD Kit, Periphery kit,Logistics",,,0030,S0845203,"Apron,protection,plastic,disp,PAC-100",5,PAC,X
630,S9903002,"AWD, Periphery kit, Equipment",,,,,0010,S9006014,"Double-wall ctn.60x40x25 cm, 0.060 m3",1,EA,
631,S9903002,"AWD, Periphery kit, Equipment",,,,,0020,S0141025,"Scale,survey,mother/child,bat,150kg",1,EA,X
632,S9903002,"AWD, Periphery kit, Equipment",,,,,0030,S9999147,"PP 1/1 AWD Periphery, Equipment",1,EA,X
633,S9903002,"AWD, Periphery kit, Equipment",,,,,0040,S0145555,"Scale,spring type,infant,25kgx100g",1,EA,
634,S9903002,"AWD, Periphery kit, Equipment",,,,,0050,S0566014,"Infusion Arm Splint, Foldable, Adult",3,EA,
635,S9903002,"AWD, Periphery kit, Equipment",,,,,0060,S0683200,"Sphygmomanometer,(adult),aneroid",2,EA,
636,S9903002,"AWD, Periphery kit, Equipment",,,,,0070,S0566015,"Infusion Arm Splint, Foldable, Child",3,EA,
637,S9903002,"AWD, Periphery kit, Equipment",,,S9903002,"AWD, Periphery kit, Equipment",,S9903002,"AWD, Periphery kit, Equipment",0,,
638,S9903002,"AWD, Periphery kit, Equipment",,,S9903002,"AWD, Periphery kit, Equipment",0010,S8941505,"Pre-pack Carton, 32x24x20 cm, 0.015 m3",1,EA,
639,S9903002,"AWD, Periphery kit, Equipment",,,S9903002,"AWD, Periphery kit, Equipment",0020,S0279000,"Tray,dressing,ss,300x200x30mm",5,EA,
640,S9903002,"AWD, Periphery kit, Equipment",,,S9903002,"AWD, Periphery kit, Equipment",0030,S0211000,"Basin,kidney,stainless steel,825ml",2,EA,
641,S9903002,"AWD, Periphery kit, Equipment",,,S9903002,"AWD, Periphery kit, Equipment",0040,S0686000,"Stethoscope,binaural,complete",2,EA,
642,S9903002,"AWD, Periphery kit, Equipment",,,S9903002,"AWD, Periphery kit, Equipment",0060,S0726000,"Forceps,artery,Kocher,140mm,str",20,EA,
643,S9903002,"AWD, Periphery kit, Equipment",,,S9903002,"AWD, Periphery kit, Equipment",0070,S0481056,"Thermometer, clinical, digital, no Li",5,EA,X
644,S9903002,"AWD, Periphery kit, Equipment",,,S9903002,"AWD, Periphery kit, Equipment",0080,S0385010,"Tourniquet,latex-free,50cm",5,EA,
645,S9903002,"AWD, Periphery kit, Equipment",,,S9903002,"AWD, Periphery kit, Equipment",0090,S0514000,"Brush,hand,scrubbing,plastic",20,EA,
646,S9903002,"AWD, Periphery kit, Equipment",,,S9903002,"AWD, Periphery kit, Equipment",0100,S0773500,"Scissors,Deaver,140mm,str,s/b",2,EA,
647,S9903003,"AWD, Periphery kit, Renewable",S9999144,"AWD SUB 1/3 Periphery,Renewable",,,,S9999144,"AWD SUB 1/3 Periphery,Renewable",0.000,,
648,S9903003,"AWD, Periphery kit, Renewable",S9999144,"AWD SUB 1/3 Periphery,Renewable",,,0010,S9012024,"Double-wall ctn.60x40x50 cm, 0.120 m3",1,EA,
649,S9903003,"AWD, Periphery kit, Renewable",S9999144,"AWD SUB 1/3 Periphery,Renewable",,,0050,S0969025,"Gloves,exam,nitrile,pwdfree,M,BOX-100",7,EA,X
650,S9903003,"AWD, Periphery kit, Renewable",S9999144,"AWD SUB 1/3 Periphery,Renewable",,,0090,S0523015,"Compress,gauze,10x10cm,n/ster/PAC-100",3,EA,X
651,S9903003,"AWD, Periphery kit, Renewable",S9999144,"AWD SUB 1/3 Periphery,Renewable",,,0100,S9999149,"AWD BAG 1/1 Periphery,Renewable S9903003",1,EA,X
652,S9903003,"AWD, Periphery kit, Renewable",S9999144,"AWD SUB 1/3 Periphery,Renewable",,,0110,S0531991,"Infusion giving set,sterile,s.u.",175,EA,X
653,S9903003,"AWD, Periphery kit, Renewable",S9999144,"AWD SUB 1/3 Periphery,Renewable",,,0120,S0330501,"Bag,urine collecting,2L,drain.,sterile",30,EA,X
654,S9903003,"AWD, Periphery kit, Renewable",S9999144,"AWD SUB 1/3 Periphery,Renewable",,,0130,S0552000,"Soap,toilet,bar,approx.100-110g,wrapped",120,EA,
655,S9903003,"AWD, Periphery kit, Renewable",S9999145,"AWD SUB 2/3 Periphery,Renewable",,,,S9999145,"AWD SUB 2/3 Periphery,Renewable",0.000,,
656,S9903003,"AWD, Periphery kit, Renewable",S9999145,"AWD SUB 2/3 Periphery,Renewable",,,0010,S9016023,"Double-wall ctn.80x40x50 cm, 0.160 m3",1,EA,
657,S9903003,"AWD, Periphery kit, Renewable",S9999145,"AWD SUB 2/3 Periphery,Renewable",,,0020,S0552000,"Soap,toilet,bar,approx.100-110g,wrapped",120,EA,
658,S9903003,"AWD, Periphery kit, Renewable",S9999145,"AWD SUB 2/3 Periphery,Renewable",,,0030,S9999143,"PP 3/3 Periphery,Renewable",1,EA,X
659,S9903003,"AWD, Periphery kit, Renewable",S9999145,"AWD SUB 2/3 Periphery,Renewable",,,0040,S0366010,"Syringe,feeding,50ml,catheter tip,ster",25,EA,X
660,S9903003,"AWD, Periphery kit, Renewable",S9999145,"AWD SUB 2/3 Periphery,Renewable",,,0050,S0969021,"Gloves,exam,nitrile,pwdfree,S,BOX-100",4,EA,X
661,S9903003,"AWD, Periphery kit, Renewable",S9999145,"AWD SUB 2/3 Periphery,Renewable",,,0060,S0990030,"Body bag,infection control,adult",5,EA,X
662,S9903003,"AWD, Periphery kit, Renewable",S9999145,"AWD SUB 2/3 Periphery,Renewable",,,0070,S9999138,PP 2/3 (old 2/7)Periphery Renew S9903003,1,EA,X
663,S9903003,"AWD, Periphery kit, Renewable",S9999145,"AWD SUB 2/3 Periphery,Renewable",,,0080,S9999137,PP 1/3 (old 1/7)Periphery Renew S9903003,1,EA,X
664,S9903003,"AWD, Periphery kit, Renewable",S9999146,"AWD SUB 3/3 Periphery,Renewable",,,,S9999146,"AWD SUB 3/3 Periphery,Renewable",0.000,,
665,S9903003,"AWD, Periphery kit, Renewable",S9999146,"AWD SUB 3/3 Periphery,Renewable",,,0010,S9016023,"Double-wall ctn.80x40x50 cm, 0.160 m3",1,EA,
666,S9903003,"AWD, Periphery kit, Renewable",S9999146,"AWD SUB 3/3 Periphery,Renewable",,,0020,S0782379,"Safety box f.used syrg/ndl5L,Smur/BOX-25",1,BOX,X
667,S9903003,"AWD, Periphery kit, Renewable",S9999146,"AWD SUB 3/3 Periphery,Renewable",,,0030,S0990040,"Body bag,infection control,child",5,EA,X
668,S9903003,"AWD, Periphery kit, Renewable",S9999146,"AWD SUB 3/3 Periphery,Renewable",,,0040,S0519000,"Cotton wool,500g,roll,non-ster",5,EA,X
669,S9903003,"AWD, Periphery kit, Renewable",S9999146,"AWD SUB 3/3 Periphery,Renewable",,,0050,S0782413,"Syringe,disp,10ml,ster/BOX-100",1,BOX,X
670,S9903003,"AWD, Periphery kit, Renewable",S9999146,"AWD SUB 3/3 Periphery,Renewable",,,0060,S0969026,"Gloves,exam,nitrile,pwdfree,L,BOX-100",4,EA,X
671,S9903003,"AWD, Periphery kit, Renewable",S9999146,"AWD SUB 3/3 Periphery,Renewable",,,0070,S0327520,"Gloves,surg,pwdfree,7.5,ster,s.u.,pair",50,EA,X
672,S9903003,"AWD, Periphery kit, Renewable",S9999146,"AWD SUB 3/3 Periphery,Renewable",,,0080,S0366020,"Syringe,feeding,50ml,luer tip,ster",25,EA,X
673,S9903003,"AWD, Periphery kit, Renewable",S9999146,"AWD SUB 3/3 Periphery,Renewable",,,0080,S0709240,"Three-way valve, Luer, w/caps/BOX-50",4,EA,X
674,S9903003,"AWD, Periphery kit, Renewable",S9999146,"AWD SUB 3/3 Periphery,Renewable",,,0100,S0969036,"Cary-Blair,agar,swab,disposable,BOX/10",1,BOX,X
675,S9903003,"AWD, Periphery kit, Renewable",S9999144,"AWD SUB 1/3 Periphery,Renewable",S9999149,"AWD BAG 1/1 Periphery,Renewable S9903003",,S9999149,"AWD BAG 1/1 Periphery,Renewable S9903003",0.000,,
676,S9903003,"AWD, Periphery kit, Renewable",S9999144,"AWD SUB 1/3 Periphery,Renewable",S9999149,"AWD BAG 1/1 Periphery,Renewable S9903003",0110,S0531991,"Infusion giving set,sterile,s.u.",5,EA,X
677,S9903003,"AWD, Periphery kit, Renewable",S9999145,"AWD SUB 2/3 Periphery,Renewable",S9999143,"PP 3/3 Periphery,Renewable",,S9999143,"PP 3/3 Periphery,Renewable",0.000,,
678,S9903003,"AWD, Periphery kit, Renewable",S9999145,"AWD SUB 2/3 Periphery,Renewable",S9999143,"PP 3/3 Periphery,Renewable",0010,S8941500,"Pre-pack Carton, 70x19x10 cm, 0.014 m3",1,EA,
679,S9903003,"AWD, Periphery kit, Renewable",S9999145,"AWD SUB 2/3 Periphery,Renewable",S9999143,"PP 3/3 Periphery,Renewable",0020,S0323301,"Catheter,Foley,CH12,ster,disp",2,EA,X
680,S9903003,"AWD, Periphery kit, Renewable",S9999145,"AWD SUB 2/3 Periphery,Renewable",S9999143,"PP 3/3 Periphery,Renewable",0030,S0323302,"Catheter,Foley,CH14,ster,disp",5,EA,X
681,S9903003,"AWD, Periphery kit, Renewable",S9999145,"AWD SUB 2/3 Periphery,Renewable",S9999143,"PP 3/3 Periphery,Renewable",0040,S0323303,"Catheter,Foley,CH18,ster,disp",5,EA,X
682,S9903003,"AWD, Periphery kit, Renewable",S9999145,"AWD SUB 2/3 Periphery,Renewable",S9999143,"PP 3/3 Periphery,Renewable",0050,S0373500,"Tube,feeding,CH05,L40cm,ster,disp",2,EA,X
683,S9903003,"AWD, Periphery kit, Renewable",S9999145,"AWD SUB 2/3 Periphery,Renewable",S9999143,"PP 3/3 Periphery,Renewable",0060,S0373000,"Tube,feeding,CH08,L40cm,ster,disp",5,EA,X
684,S9903003,"AWD, Periphery kit, Renewable",S9999145,"AWD SUB 2/3 Periphery,Renewable",S9999143,"PP 3/3 Periphery,Renewable",0070,S0372020,"Tube,asp/feed,CH12,L125cm,ster,disp",5,EA,X
685,S9903003,"AWD, Periphery kit, Renewable",S9999145,"AWD SUB 2/3 Periphery,Renewable",S9999138,PP 2/3 (old 2/7)Periphery Renew S9903003,,S9999138,PP 2/3 (old 2/7)Periphery Renew S9903003,0.000,,
686,S9903003,"AWD, Periphery kit, Renewable",S9999145,"AWD SUB 2/3 Periphery,Renewable",S9999138,PP 2/3 (old 2/7)Periphery Renew S9903003,0010,S8941505,"Pre-pack Carton, 32x24x20 cm, 0.015 m3",1,EA,
687,S9903003,"AWD, Periphery kit, Renewable",S9999145,"AWD SUB 2/3 Periphery,Renewable",S9999138,PP 2/3 (old 2/7)Periphery Renew S9903003,0020,S0327540,"Gloves,surg,pwdfree,8.5,ster,s.u.,pair",10,EA,X
688,S9903003,"AWD, Periphery kit, Renewable",S9999145,"AWD SUB 2/3 Periphery,Renewable",S9999138,PP 2/3 (old 2/7)Periphery Renew S9903003,0040,S0969030,"Container, sample, 50 ml, box/10",1,EA,X
689,S9903003,"AWD, Periphery kit, Renewable",S9999145,"AWD SUB 2/3 Periphery,Renewable",S9999138,PP 2/3 (old 2/7)Periphery Renew S9903003,0050,S0744300,"Needle,scalp vein,25G,ster,disp",15,EA,X
690,S9903003,"AWD, Periphery kit, Renewable",S9999145,"AWD SUB 2/3 Periphery,Renewable",S9999138,PP 2/3 (old 2/7)Periphery Renew S9903003,0060,S0565850,"Razor,single edge,plastic,s.u./PAC-10",1,PAC,
691,S9903003,"AWD, Periphery kit, Renewable",S9999145,"AWD SUB 2/3 Periphery,Renewable",S9999138,PP 2/3 (old 2/7)Periphery Renew S9903003,0070,S0370500,"Tube,asp/feed,CH16,L125cm,ster,disp",5,EA,X
692,S9903003,"AWD, Periphery kit, Renewable",S9999145,"AWD SUB 2/3 Periphery,Renewable",S9999138,PP 2/3 (old 2/7)Periphery Renew S9903003,0080,S0744400,"Needle,scalp vein,21G,ster,disp",15,EA,X
693,S9903003,"AWD, Periphery kit, Renewable",S9999145,"AWD SUB 2/3 Periphery,Renewable",S9999137,PP 1/3 (old 1/7)Periphery Renew S9903003,,S9999137,PP 1/3 (old 1/7)Periphery Renew S9903003,0.000,,
694,S9903003,"AWD, Periphery kit, Renewable",S9999145,"AWD SUB 2/3 Periphery,Renewable",S9999137,PP 1/3 (old 1/7)Periphery Renew S9903003,0010,S8941505,"Pre-pack Carton, 32x24x20 cm, 0.015 m3",1,EA,
695,S9903003,"AWD, Periphery kit, Renewable",S9999145,"AWD SUB 2/3 Periphery,Renewable",S9999137,PP 1/3 (old 1/7)Periphery Renew S9903003,0020,S0709231,"Cannula IV short 18G, ster, disp, BOX-50",1,EA,X
696,S9903003,"AWD, Periphery kit, Renewable",S9999145,"AWD SUB 2/3 Periphery,Renewable",S9999137,PP 1/3 (old 1/7)Periphery Renew S9903003,0030,S0572510,"Blanket,survival,220x140cm",5,EA,
697,S9903003,"AWD, Periphery kit, Renewable",S9999145,"AWD SUB 2/3 Periphery,Renewable",S9999137,PP 1/3 (old 1/7)Periphery Renew S9903003,0040,S0709233,"Cannula IV short 22G, ster, disp, BOX-50",1,EA,X
698,S9903003,"AWD, Periphery kit, Renewable",S9999145,"AWD SUB 2/3 Periphery,Renewable",S9999137,PP 1/3 (old 1/7)Periphery Renew S9903003,0050,S0709200,"Cannula,IV short,16G,ster,disp",15,EA,X
699,S9903003,"AWD, Periphery kit, Renewable",S9999145,"AWD SUB 2/3 Periphery,Renewable",S9999137,PP 1/3 (old 1/7)Periphery Renew S9903003,0060,S0503015,"Medical tape,2.5cmx5m,roll",20,EA,X
700,S9903003,"AWD, Periphery kit, Renewable",S9999145,"AWD SUB 2/3 Periphery,Renewable",S9999137,PP 1/3 (old 1/7)Periphery Renew S9903003,0070,S0709230,"Cannula,IV short,24G,ster,disp",15,EA,X
701,S9903003,"AWD, Periphery kit, Renewable",S9999145,"AWD SUB 2/3 Periphery,Renewable",S9999137,PP 1/3 (old 1/7)Periphery Renew S9903003,0080,S0512025,"Bandage,gauze,8cmx4m,roll",30,EA,X
702,S9903003,"AWD, Periphery kit, Renewable",S9999145,"AWD SUB 2/3 Periphery,Renewable",S9999137,PP 1/3 (old 1/7)Periphery Renew S9903003,0090,S0327500,"Gloves,surg,pwdfree,6.5,ster,s.u.,pair",10,EA,X
703,S9903004,AWD Periphery kit Drug,S9999124,AWD Periphery kit Drug S9903004,,,,S9999124,AWD Periphery kit Drug S9903004,0,,
704,S9903004,AWD Periphery kit Drug,S9999124,AWD Periphery kit Drug S9903004,,,0010,S1560826,Compound Sodium Lactate 500ml bot/BOX-20,32,EA,X
705,S9903004,AWD Periphery kit Drug,S9999124,AWD Periphery kit Drug S9903004,,,0020,S1552117,Glucose 5% 500ml bot/BOX-20,1,BOX,X
706,S9903004,AWD Periphery kit Drug,S9999125,AWD Periphery kit Drug S9903004 sub 2/4,,,,S9999125,AWD Periphery kit Drug S9903004 sub 2/4,0,,
707,S9903004,AWD Periphery kit Drug,S9999125,AWD Periphery kit Drug S9903004 sub 2/4,,,0030,S1561120,ORS low osm. 20.5g/1L CAR/10x10,10,BOX,X
708,S9903004,AWD Periphery kit Drug,S9999125,AWD Periphery kit Drug S9903004 sub 2/4,,,0040,S9010633,"Double-wall ctn.80x40x33 cm, 0.106 m3",1,EA,
709,S9903004,AWD Periphery kit Drug,S9999126,AWD Periphery kit Drug S9903004 sub 3/4,,,,S9999126,AWD Periphery kit Drug S9903004 sub 3/4,0,,
710,S9903004,AWD Periphery kit Drug,S9999126,AWD Periphery kit Drug S9903004 sub 3/4,,,0010,S9016023,"Double-wall ctn.80x40x50 cm, 0.160 m3",1,EA,
711,S9903004,AWD Periphery kit Drug,S9999126,AWD Periphery kit Drug S9903004 sub 3/4,,,0030,S1531011,Azithromycin pdr/or s 200mg/5ml/BOT-15ml,56,BOT,X
712,S9903004,AWD Periphery kit Drug,S9999126,AWD Periphery kit Drug S9903004 sub 3/4,,,0040,S5008346,Water purif.(NaDCC) 67mg tabs/BOX-2800,1,EA,X
713,S9903004,AWD Periphery kit Drug,S9999126,AWD Periphery kit Drug S9903004 sub 3/4,,,0050,S0531990,"Infusion giving set,w/burette,ster,s.u.",60,EA,X
714,S9903004,AWD Periphery kit Drug,S9999126,AWD Periphery kit Drug S9903004 sub 3/4,,,0060,S0531991,"Infusion giving set,sterile,s.u.",200,EA,X
715,S9903004,AWD Periphery kit Drug,S9999126,AWD Periphery kit Drug S9903004 sub 3/4,,,0080,S1553110,Povidone iodine sol 10%/BOT-200ml,5,BOT,X
716,S9903004,AWD Periphery kit Drug,S9999126,AWD Periphery kit Drug S9903004 sub 3/4,,,0090,S1580020,Zinc 20mg tablets/PAC-10x10,3,PAC,X
717,S9903004,AWD Periphery kit Drug,S9999126,AWD Periphery kit Drug S9903004 sub 3/4,,,0100,S1544402,Doxycycline 100mg tabs PAC/10x10,3,EA,X
718,S9903004,AWD Periphery kit Drug,S9999126,AWD Periphery kit Drug S9903004 sub 3/4,,,0110,S1555964,Paracetamol 500mg tabs/PAC-10x10,2,PAC,X
719,S9903004,AWD Periphery kit Drug,S9999126,AWD Periphery kit Drug S9903004 sub 3/4,,,0120,S1555979,Paracetamol 100mg disp. tabs/PAC-100,1,PAC,X
720,S9903004,AWD Periphery kit Drug,S9999127,AWD Periphery kit Drug S9903004 sub 4/4,,,,S9999127,AWD Periphery kit Drug S9903004 sub 4/4,0,,
721,S9903004,AWD Periphery kit Drug,S9999127,AWD Periphery kit Drug S9903004 sub 4/4,,,0020,S0531991,"Infusion giving set,sterile,s.u.",400,EA,X
722,S9903004,AWD Periphery kit Drug,S9999127,AWD Periphery kit Drug S9903004 sub 4/4,,,0030,S9008013,"Double-wall ctn.80x40x25 cm, 0.080 m3",1,EA,
723,S9903005,AWD Community Kit Drug,,,,,0010,S9010633,"Double-wall ctn.80x40x33 cm, 0.106 m3",1,EA,
724,S9903005,AWD Community Kit Drug,,,,,0020,S1561120,ORS low osm. 20.5g/1L CAR/10x10,10,BOX,X
725,S9903005,AWD Community Kit Drug,,,,,0030,S1580020,Zinc 20mg tablets/PAC-10x10,3,PAC,X
726,S9906706,Ethiopia Midwifery kit 3-renew,S9999701,"Subkit 1/2 Ethiopia Midwifery,S9906706",,,,S9999701,"Subkit 1/2 Ethiopia Midwifery,S9906706",0,,
727,S9906706,Ethiopia Midwifery kit 3-renew,S9999701,"Subkit 1/2 Ethiopia Midwifery,S9906706",,,0010,S9016023,"Double-wall ctn.80x40x50 cm, 0.160 m3",1,EA,
728,S9906706,Ethiopia Midwifery kit 3-renew,S9999701,"Subkit 1/2 Ethiopia Midwifery,S9906706",,,0020,S9999703,"Prepack 1/3 Ethiopia Midwifery,S9906706",1,EA,X
729,S9906706,Ethiopia Midwifery kit 3-renew,S9999701,"Subkit 1/2 Ethiopia Midwifery,S9906706",,,0030,S0523055,"Compress,gauze,10x10cm,ster/PAC-5",120,PAC,X
730,S9906706,Ethiopia Midwifery kit 3-renew,S9999701,"Subkit 1/2 Ethiopia Midwifery,S9906706",,,0030,S9999704,"Prepack 2/3 Ethiopia Midwifery,S9906706",1,EA,X
731,S9906706,Ethiopia Midwifery kit 3-renew,S9999701,"Subkit 1/2 Ethiopia Midwifery,S9906706",,,0040,S0782413,"Syringe,disp,10ml,ster/BOX-100",1,BOX,X
732,S9906706,Ethiopia Midwifery kit 3-renew,S9999701,"Subkit 1/2 Ethiopia Midwifery,S9906706",,,0050,S0523015,"Compress,gauze,10x10cm,n/ster/PAC-100",5,EA,X
733,S9906706,Ethiopia Midwifery kit 3-renew,S9999701,"Subkit 1/2 Ethiopia Midwifery,S9906706",,,0060,S0969025,"Gloves,exam,nitrile,pwdfree,M,BOX-100",2,EA,X
734,S9906706,Ethiopia Midwifery kit 3-renew,S9999701,"Subkit 1/2 Ethiopia Midwifery,S9906706",,,0070,S9999705,"Prepack 3/3 Ethiopia Midwifery,S9906706",1,EA,X
735,S9906706,Ethiopia Midwifery kit 3-renew,S9999701,"Subkit 1/2 Ethiopia Midwifery,S9906706",,,0080,S0521425,"Sachet,tablet,plastic,10x16cm/PAC-100",5,EA,
736,S9906706,Ethiopia Midwifery kit 3-renew,S9999702,"Subkit 2/2 Ethiopia Midwifery,S9906706",,,,S9999702,"Subkit 2/2 Ethiopia Midwifery,S9906706",0,,
737,S9906706,Ethiopia Midwifery kit 3-renew,S9999702,"Subkit 2/2 Ethiopia Midwifery,S9906706",,,0010,S9008034,"Double-wall ctn.60x40x33.3 cm, 0.08 m3",1,EA,
738,S9906706,Ethiopia Midwifery kit 3-renew,S9999702,"Subkit 2/2 Ethiopia Midwifery,S9906706",,,0020,S0782205,"Syringe,disp,2ml,ster/BOX-100",1,BOX,X
739,S9906706,Ethiopia Midwifery kit 3-renew,S9999702,"Subkit 2/2 Ethiopia Midwifery,S9906706",,,0030,S0782379,"Safety box f.used syrg/ndl5L,Smur/BOX-25",1,BOX,X
740,S9906706,Ethiopia Midwifery kit 3-renew,S9999702,"Subkit 2/2 Ethiopia Midwifery,S9906706",,,0040,S0552000,"Soap,toilet,bar,approx.100-110g,wrapped",50,EA,
741,S9906706,Ethiopia Midwifery kit 3-renew,S9999702,"Subkit 2/2 Ethiopia Midwifery,S9906706",,,0050,S0519000,"Cotton wool,500g,roll,non-ster",5,EA,X
742,S9906706,Ethiopia Midwifery kit 3-renew,S9999702,"Subkit 2/2 Ethiopia Midwifery,S9906706",,,0060,S0709237,"Needle scalp vein 25G, ster, disp,BOX-50",1,EA,X
743,S9906706,Ethiopia Midwifery kit 3-renew,S9999702,"Subkit 2/2 Ethiopia Midwifery,S9906706",,,0070,S9999299,"BAG for 50 x S0322010 CH12,ster,disp",1,EA,X
744,S9906706,Ethiopia Midwifery kit 3-renew,S9999701,"Subkit 1/2 Ethiopia Midwifery,S9906706",S9999703,"Prepack 1/3 Ethiopia Midwifery,S9906706",,S9999703,"Prepack 1/3 Ethiopia Midwifery,S9906706",0,,
745,S9906706,Ethiopia Midwifery kit 3-renew,S9999701,"Subkit 1/2 Ethiopia Midwifery,S9906706",S9999703,"Prepack 1/3 Ethiopia Midwifery,S9906706",0010,S8942200,"Pre-pack Ctn,  37.5x29x19.5 cm, 0.021 m3",1,EA,
746,S9906706,Ethiopia Midwifery kit 3-renew,S9999701,"Subkit 1/2 Ethiopia Midwifery,S9906706",S9999703,"Prepack 1/3 Ethiopia Midwifery,S9906706",0020,S0327510,"Gloves,surg,pwdfree,7,ster,s.u.,pair",25,EA,X
747,S9906706,Ethiopia Midwifery kit 3-renew,S9999701,"Subkit 1/2 Ethiopia Midwifery,S9906706",S9999703,"Prepack 1/3 Ethiopia Midwifery,S9906706",0030,S0327530,"Gloves,surg,pwdfree,8,ster,s.u.,pair",25,EA,X
748,S9906706,Ethiopia Midwifery kit 3-renew,S9999701,"Subkit 1/2 Ethiopia Midwifery,S9906706",S9999703,"Prepack 1/3 Ethiopia Midwifery,S9906706",0040,S0330115,"Gloves,gyn,pwdfree,medium,ster,s.u.,pair",25,EA,X
749,S9906706,Ethiopia Midwifery kit 3-renew,S9999701,"Subkit 1/2 Ethiopia Midwifery,S9906706",S9999703,"Prepack 1/3 Ethiopia Midwifery,S9906706",0050,S0503015,"Medical tape,2.5cmx5m,roll",12,EA,X
750,S9906706,Ethiopia Midwifery kit 3-renew,S9999701,"Subkit 1/2 Ethiopia Midwifery,S9906706",S9999703,"Prepack 1/3 Ethiopia Midwifery,S9906706",0060,S0523020,"Tape umbilical,3mmx50m,non-ster",2,EA,X
751,S9906706,Ethiopia Midwifery kit 3-renew,S9999701,"Subkit 1/2 Ethiopia Midwifery,S9906706",S9999703,"Prepack 1/3 Ethiopia Midwifery,S9906706",0070,S0572510,"Blanket,survival,220x140cm",5,EA,
752,S9906706,Ethiopia Midwifery kit 3-renew,S9999701,"Subkit 1/2 Ethiopia Midwifery,S9906706",S9999703,"Prepack 1/3 Ethiopia Midwifery,S9906706",0080,S0746510,"Scalpel blade,ster,disp,no.22",100,EA,X
753,S9906706,Ethiopia Midwifery kit 3-renew,S9999701,"Subkit 1/2 Ethiopia Midwifery,S9906706",S9999704,"Prepack 2/3 Ethiopia Midwifery,S9906706",,S9999704,"Prepack 2/3 Ethiopia Midwifery,S9906706",0,,
754,S9906706,Ethiopia Midwifery kit 3-renew,S9999701,"Subkit 1/2 Ethiopia Midwifery,S9906706",S9999704,"Prepack 2/3 Ethiopia Midwifery,S9906706",0010,S8941505,"Pre-pack Carton, 32x24x20 cm, 0.015 m3",1,EA,
755,S9906706,Ethiopia Midwifery kit 3-renew,S9999701,"Subkit 1/2 Ethiopia Midwifery,S9906706",S9999704,"Prepack 2/3 Ethiopia Midwifery,S9906706",0020,S0564004,"Sut,abs,DEC2,need 3/8 26mm,tri/BOX-36",1,BOX,X
756,S9906706,Ethiopia Midwifery kit 3-renew,S9999701,"Subkit 1/2 Ethiopia Midwifery,S9906706",S9999704,"Prepack 2/3 Ethiopia Midwifery,S9906706",0030,S0564040,"Sut,abs,DEC4,need 3/8 50mm,round/BOX-36",1,BOX,X
757,S9906706,Ethiopia Midwifery kit 3-renew,S9999701,"Subkit 1/2 Ethiopia Midwifery,S9906706",S9999704,"Prepack 2/3 Ethiopia Midwifery,S9906706",0040,S0709232,"Cannula IV short 20G, ster, disp, BOX-50",1,EA,X
758,S9906706,Ethiopia Midwifery kit 3-renew,S9999701,"Subkit 1/2 Ethiopia Midwifery,S9906706",S9999704,"Prepack 2/3 Ethiopia Midwifery,S9906706",0050,S0747420,"Needle,disp,19G,ster/BOX-100",1,BOX,X
759,S9906706,Ethiopia Midwifery kit 3-renew,S9999701,"Subkit 1/2 Ethiopia Midwifery,S9906706",S9999704,"Prepack 2/3 Ethiopia Midwifery,S9906706",0060,S0747432,"Needle,disp,21G,ster/BOX-100",1,BOX,X
760,S9906706,Ethiopia Midwifery kit 3-renew,S9999701,"Subkit 1/2 Ethiopia Midwifery,S9906706",S9999705,"Prepack 3/3 Ethiopia Midwifery,S9906706",,S9999705,"Prepack 3/3 Ethiopia Midwifery,S9906706",0,,
761,S9906706,Ethiopia Midwifery kit 3-renew,S9999701,"Subkit 1/2 Ethiopia Midwifery,S9906706",S9999705,"Prepack 3/3 Ethiopia Midwifery,S9906706",0010,S8941500,"Pre-pack Carton, 70x19x10 cm, 0.014 m3",1,EA,
762,S9906706,Ethiopia Midwifery kit 3-renew,S9999701,"Subkit 1/2 Ethiopia Midwifery,S9906706",S9999705,"Prepack 3/3 Ethiopia Midwifery,S9906706",0020,S0374015,"Tube,suction,CH10,L50cm,ster,disp",50,EA,X
763,S9906706,Ethiopia Midwifery kit 3-renew,S9999701,"Subkit 1/2 Ethiopia Midwifery,S9906706",S9999705,"Prepack 3/3 Ethiopia Midwifery,S9906706",0030,S0374025,"Tube,suction,CH14,L50cm,ster,disp",25,EA,X
764,S9906706,Ethiopia Midwifery kit 3-renew,S9999702,"Subkit 2/2 Ethiopia Midwifery,S9906706",S9999299,"BAG for 50 x S0322010 CH12,ster,disp",,S9999299,"BAG for 50 x S0322010 CH12,ster,disp",0,,
765,S9906706,Ethiopia Midwifery kit 3-renew,S9999702,"Subkit 2/2 Ethiopia Midwifery,S9906706",S9999299,"BAG for 50 x S0322010 CH12,ster,disp",0010,S0322010,"Catheter,urethral,CH12,ster,disp",50,EA,X
766,S9906708,"Ethiopia IEHK2011,kit,suppl.3-renew",S9999721,Subkit 1/6 Ethiopia IEHK renew S9906708,,,,S9999721,Subkit 1/6 Ethiopia IEHK renew S9906708,0,,
767,S9906708,"Ethiopia IEHK2011,kit,suppl.3-renew",S9999721,Subkit 1/6 Ethiopia IEHK renew S9906708,,,0010,S9008013,"Double-wall ctn.80x40x25 cm, 0.080 m3",1,EA,
768,S9906708,"Ethiopia IEHK2011,kit,suppl.3-renew",S9999721,Subkit 1/6 Ethiopia IEHK renew S9906708,,,0020,S9999728,Prepa. 1/2 Ethiopia IEHK renew S9906708,1,EA,X
769,S9906708,"Ethiopia IEHK2011,kit,suppl.3-renew",S9999721,Subkit 1/6 Ethiopia IEHK renew S9906708,,,0030,S0969026,"Gloves,exam,nitrile,pwdfree,L,BOX-100",1,EA,X
770,S9906708,"Ethiopia IEHK2011,kit,suppl.3-renew",S9999721,Subkit 1/6 Ethiopia IEHK renew S9906708,,,0040,S0747420,"Needle,disp,19G,ster/BOX-100",20,BOX,X
771,S9906708,"Ethiopia IEHK2011,kit,suppl.3-renew",S9999721,Subkit 1/6 Ethiopia IEHK renew S9906708,,,0050,S0969025,"Gloves,exam,nitrile,pwdfree,M,BOX-100",1,EA,X
772,S9906708,"Ethiopia IEHK2011,kit,suppl.3-renew",S9999721,Subkit 1/6 Ethiopia IEHK renew S9906708,,,0060,S0845176,"Masking tape, type 1 steam indicator",1,EA,X
773,S9906708,"Ethiopia IEHK2011,kit,suppl.3-renew",S9999721,Subkit 1/6 Ethiopia IEHK renew S9906708,,,0070,S0330501,"Bag,urine collecting,2L,drain.,sterile",10,EA,X
774,S9906708,"Ethiopia IEHK2011,kit,suppl.3-renew",S9999721,Subkit 1/6 Ethiopia IEHK renew S9906708,,,0080,S0747445,"Needle,disp,25G,ster/BOX-100",1,BOX,X
775,S9906708,"Ethiopia IEHK2011,kit,suppl.3-renew",S9999721,Subkit 1/6 Ethiopia IEHK renew S9906708,,,0090,S0969021,"Gloves,exam,nitrile,pwdfree,S,BOX-100",1,EA,X
776,S9906708,"Ethiopia IEHK2011,kit,suppl.3-renew",S9999722,Subkit 2/6 Ethiopia IEHK renew S9906708,,,,S9999722,Subkit 2/6 Ethiopia IEHK renew S9906708,0,,
777,S9906708,"Ethiopia IEHK2011,kit,suppl.3-renew",S9999722,Subkit 2/6 Ethiopia IEHK renew S9906708,,,0010,S9012024,"Double-wall ctn.60x40x50 cm, 0.120 m3",1,EA,
778,S9906708,"Ethiopia IEHK2011,kit,suppl.3-renew",S9999722,Subkit 2/6 Ethiopia IEHK renew S9906708,,,0020,S0782413,"Syringe,disp,10ml,ster/BOX-100",6,BOX,X
779,S9906708,"Ethiopia IEHK2011,kit,suppl.3-renew",S9999722,Subkit 2/6 Ethiopia IEHK renew S9906708,,,0030,S0327520,"Gloves,surg,pwdfree,7.5,ster,s.u.,pair",150,EA,X
780,S9906708,"Ethiopia IEHK2011,kit,suppl.3-renew",S9999722,Subkit 2/6 Ethiopia IEHK renew S9906708,,,0040,S0782203,"Syringe,disp,1ml,ster/BOX-100",2,BOX,X
781,S9906708,"Ethiopia IEHK2011,kit,suppl.3-renew",S9999722,Subkit 2/6 Ethiopia IEHK renew S9906708,,,0050,S0709233,"Cannula IV short 22G, ster, disp, BOX-50",1,EA,X
782,S9906708,"Ethiopia IEHK2011,kit,suppl.3-renew",S9999722,Subkit 2/6 Ethiopia IEHK renew S9906708,,,0060,S0709234,"Cannula IV short 24G, ster, disp, BOX-50",1,EA,X
783,S9906708,"Ethiopia IEHK2011,kit,suppl.3-renew",S9999722,Subkit 2/6 Ethiopia IEHK renew S9906708,,,0070,S0747452,"Needle,disp,23G,ster/BOX-100",15,BOX,X
784,S9906708,"Ethiopia IEHK2011,kit,suppl.3-renew",S9999723,Subkit 3/6 Ethiopia IEHK renew S9906708,,,,S9999723,Subkit 3/6 Ethiopia IEHK renew S9906708,0,,
785,S9906708,"Ethiopia IEHK2011,kit,suppl.3-renew",S9999723,Subkit 3/6 Ethiopia IEHK renew S9906708,,,0010,S9019200,"Double-wall ctn.100x40x48cm, 0.192 m3",1,EA,
786,S9906708,"Ethiopia IEHK2011,kit,suppl.3-renew",S9999723,Subkit 3/6 Ethiopia IEHK renew S9906708,,,0020,S0523055,"Compress,gauze,10x10cm,ster/PAC-5",400,PAC,X
787,S9906708,"Ethiopia IEHK2011,kit,suppl.3-renew",S9999723,Subkit 3/6 Ethiopia IEHK renew S9906708,,,0030,S0747432,"Needle,disp,21G,ster/BOX-100",15,BOX,X
788,S9906708,"Ethiopia IEHK2011,kit,suppl.3-renew",S9999723,Subkit 3/6 Ethiopia IEHK renew S9906708,,,0040,S8942501,Ice pack bottles 600g,1,EA,X
789,S9906708,"Ethiopia IEHK2011,kit,suppl.3-renew",S9999724,Subkit 4/6 Ethiopia IEHK renew S9906708,,,,S9999724,Subkit 4/6 Ethiopia IEHK renew S9906708,0,,
790,S9906708,"Ethiopia IEHK2011,kit,suppl.3-renew",S9999724,Subkit 4/6 Ethiopia IEHK renew S9906708,,,0010,S9012024,"Double-wall ctn.60x40x50 cm, 0.120 m3",1,EA,
791,S9906708,"Ethiopia IEHK2011,kit,suppl.3-renew",S9999724,Subkit 4/6 Ethiopia IEHK renew S9906708,,,0020,S0782379,"Safety box f.used syrg/ndl5L,Smur/BOX-25",2,BOX,X
792,S9906708,"Ethiopia IEHK2011,kit,suppl.3-renew",S9999724,Subkit 4/6 Ethiopia IEHK renew S9906708,,,0030,S0782205,"Syringe,disp,2ml,ster/BOX-100",7,BOX,X
793,S9906708,"Ethiopia IEHK2011,kit,suppl.3-renew",S9999724,Subkit 4/6 Ethiopia IEHK renew S9906708,,,0040,S0523015,"Compress,gauze,10x10cm,n/ster/PAC-100",15,EA,X
794,S9906708,"Ethiopia IEHK2011,kit,suppl.3-renew",S9999724,Subkit 4/6 Ethiopia IEHK renew S9906708,,,0050,S0327540,"Gloves,surg,pwdfree,8.5,ster,s.u.,pair",50,EA,X
795,S9906708,"Ethiopia IEHK2011,kit,suppl.3-renew",S9999724,Subkit 4/6 Ethiopia IEHK renew S9906708,,,0060,S0566010,"Clamp,umbilical cord,ster,s.u.",100,EA,X
796,S9906708,"Ethiopia IEHK2011,kit,suppl.3-renew",S9999725,Subkit 5/6 Ethiopia IEHK renew S9906708,,,,S9999725,Subkit 5/6 Ethiopia IEHK renew S9906708,0,,
797,S9906708,"Ethiopia IEHK2011,kit,suppl.3-renew",S9999725,Subkit 5/6 Ethiopia IEHK renew S9906708,,,0020,S0782405,"Syringe,disp,5ml,ster/BOX-100",20,BOX,X
798,S9906708,"Ethiopia IEHK2011,kit,suppl.3-renew",S9999726,Subkit 6/6 Ethiopia IEHK renew S9906708,,,,S9999726,Subkit 6/6 Ethiopia IEHK renew S9906708,0,,
799,S9906708,"Ethiopia IEHK2011,kit,suppl.3-renew",S9999726,Subkit 6/6 Ethiopia IEHK renew S9906708,,,0010,S9012024,"Double-wall ctn.60x40x50 cm, 0.120 m3",1,EA,
800,S9906708,"Ethiopia IEHK2011,kit,suppl.3-renew",S9999726,Subkit 6/6 Ethiopia IEHK renew S9906708,,,0020,S0327500,"Gloves,surg,pwdfree,6.5,ster,s.u.,pair",50,EA,X
801,S9906708,"Ethiopia IEHK2011,kit,suppl.3-renew",S9999726,Subkit 6/6 Ethiopia IEHK renew S9906708,,,0030,S9999729,Prepa. 2/2 Ethiopia IEHK renew S9906708,1,EA,X
802,S9906708,"Ethiopia IEHK2011,kit,suppl.3-renew",S9999726,Subkit 6/6 Ethiopia IEHK renew S9906708,,,0040,S0564004,"Sut,abs,DEC2,need 3/8 26mm,tri/BOX-36",4,BOX,X
803,S9906708,"Ethiopia IEHK2011,kit,suppl.3-renew",S9999726,Subkit 6/6 Ethiopia IEHK renew S9906708,,,0050,S0845162,"Tongue depressor,wooden,disp/BOX-100",5,EA,X
804,S9906708,"Ethiopia IEHK2011,kit,suppl.3-renew",S9999726,Subkit 6/6 Ethiopia IEHK renew S9906708,,,0060,S0709231,"Cannula IV short 18G, ster, disp, BOX-50",2,EA,X
805,S9906708,"Ethiopia IEHK2011,kit,suppl.3-renew",S9999726,Subkit 6/6 Ethiopia IEHK renew S9906708,,,0070,S0709237,"Needle scalp vein 25G, ster, disp,BOX-50",6,EA,X
806,S9906708,"Ethiopia IEHK2011,kit,suppl.3-renew",S9999726,Subkit 6/6 Ethiopia IEHK renew S9906708,,,0080,S0709236,"Needle scalp vein 21G, ster, disp,BOX-50",2,EA,X
807,S9906708,"Ethiopia IEHK2011,kit,suppl.3-renew",S9999726,Subkit 6/6 Ethiopia IEHK renew S9906708,,,0090,S0782425,"Syringe,disp,20ml,ster/BOX-100",1,BOX,X
808,S9906708,"Ethiopia IEHK2011,kit,suppl.3-renew",S9999721,Subkit 1/6 Ethiopia IEHK renew S9906708,S9999728,Prepa. 1/2 Ethiopia IEHK renew S9906708,,S9999728,Prepa. 1/2 Ethiopia IEHK renew S9906708,0,,
809,S9906708,"Ethiopia IEHK2011,kit,suppl.3-renew",S9999721,Subkit 1/6 Ethiopia IEHK renew S9906708,S9999728,Prepa. 1/2 Ethiopia IEHK renew S9906708,0010,S8941500,"Pre-pack Carton, 70x19x10 cm, 0.014 m3",1,EA,
810,S9906708,"Ethiopia IEHK2011,kit,suppl.3-renew",S9999721,Subkit 1/6 Ethiopia IEHK renew S9906708,S9999728,Prepa. 1/2 Ethiopia IEHK renew S9906708,0020,S0323301,"Catheter,Foley,CH12,ster,disp",10,EA,X
811,S9906708,"Ethiopia IEHK2011,kit,suppl.3-renew",S9999721,Subkit 1/6 Ethiopia IEHK renew S9906708,S9999728,Prepa. 1/2 Ethiopia IEHK renew S9906708,0030,S0323302,"Catheter,Foley,CH14,ster,disp",5,EA,X
812,S9906708,"Ethiopia IEHK2011,kit,suppl.3-renew",S9999721,Subkit 1/6 Ethiopia IEHK renew S9906708,S9999728,Prepa. 1/2 Ethiopia IEHK renew S9906708,0040,S0323303,"Catheter,Foley,CH18,ster,disp",5,EA,X
813,S9906708,"Ethiopia IEHK2011,kit,suppl.3-renew",S9999721,Subkit 1/6 Ethiopia IEHK renew S9906708,S9999728,Prepa. 1/2 Ethiopia IEHK renew S9906708,0050,S0373000,"Tube,feeding,CH08,L40cm,ster,disp",50,EA,X
814,S9906708,"Ethiopia IEHK2011,kit,suppl.3-renew",S9999721,Subkit 1/6 Ethiopia IEHK renew S9906708,S9999728,Prepa. 1/2 Ethiopia IEHK renew S9906708,0060,S0373500,"Tube,feeding,CH05,L40cm,ster,disp",20,EA,X
815,S9906708,"Ethiopia IEHK2011,kit,suppl.3-renew",S9999726,Subkit 6/6 Ethiopia IEHK renew S9906708,S9999729,Prepa. 2/2 Ethiopia IEHK renew S9906708,,S9999729,Prepa. 2/2 Ethiopia IEHK renew S9906708,0,,
816,S9906708,"Ethiopia IEHK2011,kit,suppl.3-renew",S9999726,Subkit 6/6 Ethiopia IEHK renew S9906708,S9999729,Prepa. 2/2 Ethiopia IEHK renew S9906708,0010,S8941505,"Pre-pack Carton, 32x24x20 cm, 0.015 m3",1,EA,
817,S9906708,"Ethiopia IEHK2011,kit,suppl.3-renew",S9999726,Subkit 6/6 Ethiopia IEHK renew S9906708,S9999729,Prepa. 2/2 Ethiopia IEHK renew S9906708,0020,S0370500,"Tube,asp/feed,CH16,L125cm,ster,disp",10,EA,X
818,S9906708,"Ethiopia IEHK2011,kit,suppl.3-renew",S9999726,Subkit 6/6 Ethiopia IEHK renew S9906708,S9999729,Prepa. 2/2 Ethiopia IEHK renew S9906708,0030,S0558100,"Indicator,TST control spot/PAC-300",1,PAC,X
819,S9906708,"Ethiopia IEHK2011,kit,suppl.3-renew",S9999726,Subkit 6/6 Ethiopia IEHK renew S9906708,S9999729,Prepa. 2/2 Ethiopia IEHK renew S9906708,0040,S0565850,"Razor,single edge,plastic,s.u./PAC-10",10,PAC,
820,S9906708,"Ethiopia IEHK2011,kit,suppl.3-renew",S9999726,Subkit 6/6 Ethiopia IEHK renew S9906708,S9999729,Prepa. 2/2 Ethiopia IEHK renew S9906708,0050,S0746510,"Scalpel blade,ster,disp,no.22",100,EA,X
821,S9906708,"Ethiopia IEHK2011,kit,suppl.3-renew",S9999726,Subkit 6/6 Ethiopia IEHK renew S9906708,S9999729,Prepa. 2/2 Ethiopia IEHK renew S9906708,0060,S0709243,"Needle,spinal,22G(0.7x38mm)ster,BD,box25",1,EA,X
822,S9906708,"Ethiopia IEHK2011,kit,suppl.3-renew",S9999726,Subkit 6/6 Ethiopia IEHK renew S9906708,S9999729,Prepa. 2/2 Ethiopia IEHK renew S9906708,0070,S0709242,"Needle,spinal,20G(0.9x90mm),ster,Box25",1,EA,X
823,S9906710,Ethiopia Emergency Drug kit 2019,S9996710,SUB 1/7 Ethiopia Emerg. kit2019 S9906710,,,,S9996710,SUB 1/7 Ethiopia Emerg. kit2019 S9906710,0.000,,
824,S9906710,Ethiopia Emergency Drug kit 2019,S9996710,SUB 1/7 Ethiopia Emerg. kit2019 S9906710,,,0010,S9019200,"Double-wall ctn.100x40x48cm, 0.192 m3",1,EA,
825,S9906710,Ethiopia Emergency Drug kit 2019,S9996710,SUB 1/7 Ethiopia Emerg. kit2019 S9906710,,,0010,S9986712,PP 2/5 F SUB 1/6 Ethiopia Emerg.S9906710,1,EA,X
826,S9906710,Ethiopia Emergency Drug kit 2019,S9996710,SUB 1/7 Ethiopia Emerg. kit2019 S9906710,,,0020,S1555690,Metronidazol pdr/o.s.200mg/5ml/BOT-100ml,130,BOT,X
827,S9906710,Ethiopia Emergency Drug kit 2019,S9996710,SUB 1/7 Ethiopia Emerg. kit2019 S9906710,,,0030,S9986711,PP 1/5 F SUB 1/6 Ethiopia Emerg.S9906710,1,EA,X
828,S9906710,Ethiopia Emergency Drug kit 2019,S9996710,SUB 1/7 Ethiopia Emerg. kit2019 S9906710,,,0040,S1519500,Benzyl benzoate 25% lotion /BOT-1000ml,5,BOT,X
829,S9906710,Ethiopia Emergency Drug kit 2019,S9996710,SUB 1/7 Ethiopia Emerg. kit2019 S9906710,,,0050,S1560832,Water for injection 10ml amp/BOX-50,3,EA,X
830,S9906710,Ethiopia Emergency Drug kit 2019,S9996710,SUB 1/7 Ethiopia Emerg. kit2019 S9906710,,,0070,S1562041,Magnesium trisilicate compd. tab/PAC-100,30,PAC,X
831,S9906710,Ethiopia Emergency Drug kit 2019,S9996710,SUB 1/7 Ethiopia Emerg. kit2019 S9906710,,,0080,S1504008,Omeprazole 20mg capsules (e/c) PAC/10x10,30,PAC,X
832,S9906710,Ethiopia Emergency Drug kit 2019,S9996710,SUB 1/7 Ethiopia Emerg. kit2019 S9906710,,,0090,S0531991,"Infusion giving set,sterile,s.u.",25,EA,X
833,S9906710,Ethiopia Emergency Drug kit 2019,S9996711,SUB 2/7 Ethiopia Emerg. kit2019 S9906710,,,,S9996711,SUB 2/7 Ethiopia Emerg. kit2019 S9906710,0.000,,
834,S9906710,Ethiopia Emergency Drug kit 2019,S9996711,SUB 2/7 Ethiopia Emerg. kit2019 S9906710,,,0010,S9019200,"Double-wall ctn.100x40x48cm, 0.192 m3",1,EA,
835,S9906710,Ethiopia Emergency Drug kit 2019,S9996711,SUB 2/7 Ethiopia Emerg. kit2019 S9906710,,,0020,S1555964,Paracetamol 500mg tabs/PAC-10x10,80,PAC,X
836,S9906710,Ethiopia Emergency Drug kit 2019,S9996711,SUB 2/7 Ethiopia Emerg. kit2019 S9906710,,,0030,S9986713,PP 3/5 F SUB 2/6 Ethiopia Emerg.S9906710,1,EA,X
837,S9906710,Ethiopia Emergency Drug kit 2019,S9996711,SUB 2/7 Ethiopia Emerg. kit2019 S9906710,,,0040,S9986714,PP 4/5 F SUB 2/6 Ethiopia Emerg.S9906710,1,EA,X
838,S9906710,Ethiopia Emergency Drug kit 2019,S9996711,SUB 2/7 Ethiopia Emerg. kit2019 S9906710,,,0050,S9986715,PP 5/5 F SUB 2/6 Ethiopia Emerg.S9906710,1,EA,X
839,S9906710,Ethiopia Emergency Drug kit 2019,S9996711,SUB 2/7 Ethiopia Emerg. kit2019 S9906710,,,0060,S1550005,Iron 60mg+Folic ac.400mcg tab/PAC(10x10),100,PAC,X
840,S9906710,Ethiopia Emergency Drug kit 2019,S9996711,SUB 2/7 Ethiopia Emerg. kit2019 S9906710,,,0070,S0521425,"Sachet,tablet,plastic,10x16cm/PAC-100",10,EA,
841,S9906710,Ethiopia Emergency Drug kit 2019,S9996711,SUB 2/7 Ethiopia Emerg. kit2019 S9906710,,,0080,S1555710,Ciprofloxacin 500mg tabs/PAC-10,20,PAC,X
842,S9906710,Ethiopia Emergency Drug kit 2019,S9996711,SUB 2/7 Ethiopia Emerg. kit2019 S9906710,,,0090,S0531991,"Infusion giving set,sterile,s.u.",25,EA,X
843,S9906710,Ethiopia Emergency Drug kit 2019,S9996712,SUB 3/7 Ethiopia Emerg. kit2019 S9906710,,,,S9996712,SUB 3/7 Ethiopia Emerg. kit2019 S9906710,0.000,,
844,S9906710,Ethiopia Emergency Drug kit 2019,S9996712,SUB 3/7 Ethiopia Emerg. kit2019 S9906710,,,0010,S1505043,Amoxicillin 250mg disp.tab/PAC-(10x10),200,PAC,X
845,S9906710,Ethiopia Emergency Drug kit 2019,S9996712,SUB 3/7 Ethiopia Emerg. kit2019 S9906710,,,0020,S9012024,"Double-wall ctn.60x40x50 cm, 0.120 m3",1,EA,
846,S9906710,Ethiopia Emergency Drug kit 2019,S9996713,SUB 4/7 Ethiopia Emerg. kit2019 S9906710,,,,S9996713,SUB 4/7 Ethiopia Emerg. kit2019 S9906710,0.000,,
847,S9906710,Ethiopia Emergency Drug kit 2019,S9996713,SUB 4/7 Ethiopia Emerg. kit2019 S9906710,,,0010,S1560823,Compound Sodium Lactate 1L bot/BOX-10,1,EA,X
848,S9906710,Ethiopia Emergency Drug kit 2019,S9996714,SUB 5/7 Ethiopia Emerg. kit2019 S9906710,,,,S9996714,SUB 5/7 Ethiopia Emerg. kit2019 S9906710,0.000,,
849,S9906710,Ethiopia Emergency Drug kit 2019,S9996714,SUB 5/7 Ethiopia Emerg. kit2019 S9906710,,,0010,S1552119,Sodium Chloride 0.9% 500ml bot/BOX-20,1,BOX,X
850,S9906710,Ethiopia Emergency Drug kit 2019,S9996715,SUB 6/7 Ethiopia Emerg. kit2019 S9906710,,,,S9996715,SUB 6/7 Ethiopia Emerg. kit2019 S9906710,0.000,,
851,S9906710,Ethiopia Emergency Drug kit 2019,S9996715,SUB 6/7 Ethiopia Emerg. kit2019 S9906710,,,0010,S1561120,ORS low osm. 20.5g/1L CAR/10x10,10,BOX,X
852,S9906710,Ethiopia Emergency Drug kit 2019,S9996716,SUB 7/7 Ethiopia Emerg. kit2019 S9906710,,,,S9996716,SUB 7/7 Ethiopia Emerg. kit2019 S9906710,0.000,,
853,S9906710,Ethiopia Emergency Drug kit 2019,S9996716,SUB 7/7 Ethiopia Emerg. kit2019 S9906710,,,0010,S1561121,ORS low osm. 20.5g/1L CAR/10x100,10,CAR,X
854,S9906710,Ethiopia Emergency Drug kit 2019,S9996710,SUB 1/7 Ethiopia Emerg. kit2019 S9906710,S9986712,PP 2/5 F SUB 1/6 Ethiopia Emerg.S9906710,,S9986712,PP 2/5 F SUB 1/6 Ethiopia Emerg.S9906710,0.000,,
855,S9906710,Ethiopia Emergency Drug kit 2019,S9996710,SUB 1/7 Ethiopia Emerg. kit2019 S9906710,S9986712,PP 2/5 F SUB 1/6 Ethiopia Emerg.S9906710,0010,S8942200,"Pre-pack Ctn,  37.5x29x19.5 cm, 0.021 m3",1,EA,
856,S9906710,Ethiopia Emergency Drug kit 2019,S9996710,SUB 1/7 Ethiopia Emerg. kit2019 S9906710,S9986712,PP 2/5 F SUB 1/6 Ethiopia Emerg.S9906710,0020,S1553011,Ibuprofen 400mg tabs/PAC 10x10,20,PAC,X
857,S9906710,Ethiopia Emergency Drug kit 2019,S9996710,SUB 1/7 Ethiopia Emerg. kit2019 S9906710,S9986712,PP 2/5 F SUB 1/6 Ethiopia Emerg.S9906710,0030,S1531510,Chlorhexidine conc. sol. 5%/BOT-100ml,4,BOT,X
858,S9906710,Ethiopia Emergency Drug kit 2019,S9996710,SUB 1/7 Ethiopia Emerg. kit2019 S9906710,S9986712,PP 2/5 F SUB 1/6 Ethiopia Emerg.S9906710,0040,S1580020,Zinc 20mg tablets/PAC-10x10,10,PAC,X
859,S9906710,Ethiopia Emergency Drug kit 2019,S9996710,SUB 1/7 Ethiopia Emerg. kit2019 S9906710,S9986711,PP 1/5 F SUB 1/6 Ethiopia Emerg.S9906710,,S9986711,PP 1/5 F SUB 1/6 Ethiopia Emerg.S9906710,0.000,,
860,S9906710,Ethiopia Emergency Drug kit 2019,S9996710,SUB 1/7 Ethiopia Emerg. kit2019 S9906710,S9986711,PP 1/5 F SUB 1/6 Ethiopia Emerg.S9906710,0010,S8942200,"Pre-pack Ctn,  37.5x29x19.5 cm, 0.021 m3",1,EA,
861,S9906710,Ethiopia Emergency Drug kit 2019,S9996710,SUB 1/7 Ethiopia Emerg. kit2019 S9906710,S9986711,PP 1/5 F SUB 1/6 Ethiopia Emerg.S9906710,0020,S1544402,Doxycycline 100mg tabs PAC/10x10,80,EA,X
862,S9906710,Ethiopia Emergency Drug kit 2019,S9996711,SUB 2/7 Ethiopia Emerg. kit2019 S9906710,S9986711,PP 1/5 F SUB 1/6 Ethiopia Emerg.S9906710,0030,S1555370,Albendazole 400mg chewable tabs/PAC-100,2,PAC,X
863,S9906710,Ethiopia Emergency Drug kit 2019,S9996711,SUB 2/7 Ethiopia Emerg. kit2019 S9906710,S9986713,PP 3/5 F SUB 2/6 Ethiopia Emerg.S9906710,,S9986713,PP 3/5 F SUB 2/6 Ethiopia Emerg.S9906710,0.000,,
864,S9906710,Ethiopia Emergency Drug kit 2019,S9996711,SUB 2/7 Ethiopia Emerg. kit2019 S9906710,S9986713,PP 3/5 F SUB 2/6 Ethiopia Emerg.S9906710,0010,S8942200,"Pre-pack Ctn,  37.5x29x19.5 cm, 0.021 m3",1,EA,
865,S9906710,Ethiopia Emergency Drug kit 2019,S9996711,SUB 2/7 Ethiopia Emerg. kit2019 S9906710,S9986713,PP 3/5 F SUB 2/6 Ethiopia Emerg.S9906710,0020,S1555710,Ciprofloxacin 500mg tabs/PAC-10,80,PAC,X
866,S9906710,Ethiopia Emergency Drug kit 2019,S9996711,SUB 2/7 Ethiopia Emerg. kit2019 S9906710,S9986713,PP 3/5 F SUB 2/6 Ethiopia Emerg.S9906710,0030,S1531030,Chloramphenicol pdr/inj 1g vial/BOX-5,25,BOX,X
867,S9906710,Ethiopia Emergency Drug kit 2019,S9996711,SUB 2/7 Ethiopia Emerg. kit2019 S9906710,S9986714,PP 4/5 F SUB 2/6 Ethiopia Emerg.S9906710,0040,S1531702,Promethazine 25mg tabs/PAC-10x10,3,PAC,X
868,S9906710,Ethiopia Emergency Drug kit 2019,S9996711,SUB 2/7 Ethiopia Emerg. kit2019 S9906710,S9986714,PP 4/5 F SUB 2/6 Ethiopia Emerg.S9906710,,S9986714,PP 4/5 F SUB 2/6 Ethiopia Emerg.S9906710,0.000,,
869,S9906710,Ethiopia Emergency Drug kit 2019,S9996711,SUB 2/7 Ethiopia Emerg. kit2019 S9906710,S9986714,PP 4/5 F SUB 2/6 Ethiopia Emerg.S9906710,0010,S1515020,Benz.acid 6%+salic.acid 3% oint./TBE-40g,25,TBE,X
870,S9906710,Ethiopia Emergency Drug kit 2019,S9996711,SUB 2/7 Ethiopia Emerg. kit2019 S9906710,S9986714,PP 4/5 F SUB 2/6 Ethiopia Emerg.S9906710,0020,S1555653,Metronidazole 250mg tabs PAC/10x10,20,EA,X
871,S9906710,Ethiopia Emergency Drug kit 2019,S9996711,SUB 2/7 Ethiopia Emerg. kit2019 S9906710,S9986714,PP 4/5 F SUB 2/6 Ethiopia Emerg.S9906710,0030,S1555979,Paracetamol 100mg disp. tabs/PAC-100,40,PAC,X
872,S9906710,Ethiopia Emergency Drug kit 2019,S9996711,SUB 2/7 Ethiopia Emerg. kit2019 S9906710,S9986714,PP 4/5 F SUB 2/6 Ethiopia Emerg.S9906710,0040,S8942200,"Pre-pack Ctn,  37.5x29x19.5 cm, 0.021 m3",1,EA,
873,S9906710,Ethiopia Emergency Drug kit 2019,S9996711,SUB 2/7 Ethiopia Emerg. kit2019 S9906710,S9986715,PP 5/5 F SUB 2/6 Ethiopia Emerg.S9906710,,S9986715,PP 5/5 F SUB 2/6 Ethiopia Emerg.S9906710,0.000,,
874,S9906710,Ethiopia Emergency Drug kit 2019,S9996711,SUB 2/7 Ethiopia Emerg. kit2019 S9906710,S9986715,PP 5/5 F SUB 2/6 Ethiopia Emerg.S9906710,0010,S1510000,Tetracycline eye ointment 1%/TBE-5g,250,TBE,X
875,S9906710,Ethiopia Emergency Drug kit 2019,S9996711,SUB 2/7 Ethiopia Emerg. kit2019 S9906710,S9986715,PP 5/5 F SUB 2/6 Ethiopia Emerg.S9906710,0020,S8942200,"Pre-pack Ctn,  37.5x29x19.5 cm, 0.021 m3",1,EA,
876,S9906712,"Sudan, Primary Healthcare kit, 2016",S9999491,"Sub 1/4, SD SD,Primary Healthcare2016",,,,S9999491,"Sub 1/4, SD SD,Primary Healthcare2016",0.000,,
877,S9906712,"Sudan, Primary Healthcare kit, 2016",S9999491,"Sub 1/4, SD SD,Primary Healthcare2016",,,0010,S9016023,"Double-wall ctn.80x40x50 cm, 0.160 m3",1,EA,
878,S9906712,"Sudan, Primary Healthcare kit, 2016",S9999491,"Sub 1/4, SD SD,Primary Healthcare2016",,,0020,S9999494,"Prepack 1/3 SD,Primary Healthcare2016",1,EA,X
879,S9906712,"Sudan, Primary Healthcare kit, 2016",S9999491,"Sub 1/4, SD SD,Primary Healthcare2016",,,0030,S9999495,"Prepack 2/3 SD,Primary Healthcare2016",1,EA,X
880,S9906712,"Sudan, Primary Healthcare kit, 2016",S9999491,"Sub 1/4, SD SD,Primary Healthcare2016",,,0040,S9999496,"Prepack 3/3 SD,Primary Healthcare2016",1,EA,X
881,S9906712,"Sudan, Primary Healthcare kit, 2016",S9999491,"Sub 1/4, SD SD,Primary Healthcare2016",,,0050,S1561120,ORS low osm. 20.5g/1L CAR/10x10,2,BOX,X
882,S9906712,"Sudan, Primary Healthcare kit, 2016",S9999491,"Sub 1/4, SD SD,Primary Healthcare2016",,,0060,S1555206,Lidocaine inj 1% 20ml ampl/BOX-20,5,BOX,X
883,S9906712,"Sudan, Primary Healthcare kit, 2016",S9999491,"Sub 1/4, SD SD,Primary Healthcare2016",,,0070,S1560600,"Quinine DiHCl inj 300mg/ml,2ml amp/BOX10",10,BOX,X
884,S9906712,"Sudan, Primary Healthcare kit, 2016",S9999491,"Sub 1/4, SD SD,Primary Healthcare2016",,,0080,S1560833,Water for injection 5ml amp/BOX-50,3,EA,X
885,S9906712,"Sudan, Primary Healthcare kit, 2016",S9999491,"Sub 1/4, SD SD,Primary Healthcare2016",,,0090,S0523015,"Compress,gauze,10x10cm,n/ster/PAC-100",2,EA,X
886,S9906712,"Sudan, Primary Healthcare kit, 2016",S9999491,"Sub 1/4, SD SD,Primary Healthcare2016",,,0100,S0709231,"Cannula IV short 18G, ster, disp, BOX-50",1,EA,X
887,S9906712,"Sudan, Primary Healthcare kit, 2016",S9999491,"Sub 1/4, SD SD,Primary Healthcare2016",,,0110,S0782205,"Syringe,disp,2ml,ster/BOX-100",2,BOX,X
888,S9906712,"Sudan, Primary Healthcare kit, 2016",S9999491,"Sub 1/4, SD SD,Primary Healthcare2016",,,0120,S0782405,"Syringe,disp,5ml,ster/BOX-100",2,BOX,X
889,S9906712,"Sudan, Primary Healthcare kit, 2016",S9999492,"Sub 2/4 , SD Primary Healthcare2016",,,,S9999492,"Sub 2/4 , SD Primary Healthcare2016",0.000,,
890,S9906712,"Sudan, Primary Healthcare kit, 2016",S9999492,"Sub 2/4 , SD Primary Healthcare2016",,,0010,S9010633,"Double-wall ctn.80x40x33 cm, 0.106 m3",1,EA,
891,S9906712,"Sudan, Primary Healthcare kit, 2016",S9999492,"Sub 2/4 , SD Primary Healthcare2016",,,0020,S0709233,"Cannula IV short 22G, ster, disp, BOX-50",1,EA,X
892,S9906712,"Sudan, Primary Healthcare kit, 2016",S9999492,"Sub 2/4 , SD Primary Healthcare2016",,,0030,S0519000,"Cotton wool,500g,roll,non-ster",10,EA,X
893,S9906712,"Sudan, Primary Healthcare kit, 2016",S9999492,"Sub 2/4 , SD Primary Healthcare2016",,,0040,S0373500,"Tube,feeding,CH05,L40cm,ster,disp",100,EA,X
894,S9906712,"Sudan, Primary Healthcare kit, 2016",S9999492,"Sub 2/4 , SD Primary Healthcare2016",,,0050,S1546310,Erythro.pdr/oral sus 125mg/5ml/BOT-100ml,24,BOT,X
895,S9906712,"Sudan, Primary Healthcare kit, 2016",S9999492,"Sub 2/4 , SD Primary Healthcare2016",,,0060,S0969025,"Gloves,exam,nitrile,pwdfree,M,BOX-100",2,EA,X
896,S9906712,"Sudan, Primary Healthcare kit, 2016",S9999492,"Sub 2/4 , SD Primary Healthcare2016",,,0070,S1580020,Zinc 20mg tablets/PAC-10x10,10,PAC,X
897,S9906712,"Sudan, Primary Healthcare kit, 2016",S9999492,"Sub 2/4 , SD Primary Healthcare2016",,,0080,S1555653,Metronidazole 250mg tabs PAC/10x10,10,EA,X
898,S9906712,"Sudan, Primary Healthcare kit, 2016",S9999492,"Sub 2/4 , SD Primary Healthcare2016",,,0090,S1568040,Sulfadox+Pyrimeth 500+25mg tabs/PAC-100,20,PAC,X
899,S9906712,"Sudan, Primary Healthcare kit, 2016",S9999492,"Sub 2/4 , SD Primary Healthcare2016",,,0100,S1519500,Benzyl benzoate 25% lotion /BOT-1000ml,2,BOT,X
900,S9906712,"Sudan, Primary Healthcare kit, 2016",S9999492,"Sub 2/4 , SD Primary Healthcare2016",,,0110,S0709235,"Cannula,IV short,16G,ster,disp, BOX-50",1,EA,X
901,S9906712,"Sudan, Primary Healthcare kit, 2016",S9999492,"Sub 2/4 , SD Primary Healthcare2016",,,0110,S1553105,Povidone iodine sol 10%/BOT-500ml,3,BOT,X
902,S9906712,"Sudan, Primary Healthcare kit, 2016",S9999493,"Sub 3/4 , SD Primary Healthcare2016",,,,S9999493,"Sub 3/4 , SD Primary Healthcare2016",0.000,,
903,S9906712,"Sudan, Primary Healthcare kit, 2016",S9999493,"Sub 3/4 , SD Primary Healthcare2016",,,0010,S9010633,"Double-wall ctn.80x40x33 cm, 0.106 m3",1,EA,
904,S9906712,"Sudan, Primary Healthcare kit, 2016",S9999493,"Sub 3/4 , SD Primary Healthcare2016",,,0020,S1505046,Amoxicillin 125mg/5ml pdr.or.s/BOT-100ml,100,BOT,X
905,S9906712,"Sudan, Primary Healthcare kit, 2016",S9999493,"Sub 3/4 , SD Primary Healthcare2016",,,0030,S1560826,Compound Sodium Lactate 500ml bot/BOX-20,1,EA,X
906,S9906712,"Sudan, Primary Healthcare kit, 2016",S9999493,"Sub 3/4 , SD Primary Healthcare2016",,,0040,S0531991,"Infusion giving set,sterile,s.u.",25,EA,X
907,S9906712,"Sudan, Primary Healthcare kit, 2016",S9999491,"Sub 1/4, SD SD,Primary Healthcare2016",S9999494,"Prepack 1/3 SD,Primary Healthcare2016",,S9999494,"Prepack 1/3 SD,Primary Healthcare2016",0.000,,
908,S9906712,"Sudan, Primary Healthcare kit, 2016",S9999491,"Sub 1/4, SD SD,Primary Healthcare2016",S9999494,"Prepack 1/3 SD,Primary Healthcare2016",0010,S8942200,"Pre-pack Ctn,  37.5x29x19.5 cm, 0.021 m3",1,EA,
909,S9906712,"Sudan, Primary Healthcare kit, 2016",S9999491,"Sub 1/4, SD SD,Primary Healthcare2016",S9999494,"Prepack 1/3 SD,Primary Healthcare2016",0020,S1562020,Salbutamol oral inh. 0.1mg/ds 200ds,20,EA,X
910,S9906712,"Sudan, Primary Healthcare kit, 2016",S9999491,"Sub 1/4, SD SD,Primary Healthcare2016",S9999494,"Prepack 1/3 SD,Primary Healthcare2016",0030,S0565011,"Sut,nonabs,DEC3,need 3/8 30mm,tri/BOX-36",1,BOX,X
911,S9906712,"Sudan, Primary Healthcare kit, 2016",S9999491,"Sub 1/4, SD SD,Primary Healthcare2016",S9999494,"Prepack 1/3 SD,Primary Healthcare2016",0040,S1521012,Erythromycin 0.5% eye ointment/TBE-3.5g,100,TBE,X
912,S9906712,"Sudan, Primary Healthcare kit, 2016",S9999491,"Sub 1/4, SD SD,Primary Healthcare2016",S9999494,"Prepack 1/3 SD,Primary Healthcare2016",0050,S1531510,Chlorhexidine conc. sol. 5%/BOT-100ml,3,BOT,X
913,S9906712,"Sudan, Primary Healthcare kit, 2016",S9999491,"Sub 1/4, SD SD,Primary Healthcare2016",S9999494,"Prepack 1/3 SD,Primary Healthcare2016",0060,S1550005,Iron 60mg+Folic ac.400mcg tab/PAC(10x10),2,PAC,X
914,S9906712,"Sudan, Primary Healthcare kit, 2016",S9999491,"Sub 1/4, SD SD,Primary Healthcare2016",S9999494,"Prepack 1/3 SD,Primary Healthcare2016",0070,S1531005,Ceftriaxone pdr/inj 1g vial/BOX-10,5,BOX,X
915,S9906712,"Sudan, Primary Healthcare kit, 2016",S9999491,"Sub 1/4, SD SD,Primary Healthcare2016",S9999494,"Prepack 1/3 SD,Primary Healthcare2016",0080,S1537110,Sulf.400mg+Trimet.80mg tabs/PAC-10x10,1,PAC,X
916,S9906712,"Sudan, Primary Healthcare kit, 2016",S9999491,"Sub 1/4, SD SD,Primary Healthcare2016",S9999494,"Prepack 1/3 SD,Primary Healthcare2016",0090,S1501000,Epinephrine inj 1mg/ml 1ml amp/BOX-10,1,BOX,X
917,S9906712,"Sudan, Primary Healthcare kit, 2016",S9999491,"Sub 1/4, SD SD,Primary Healthcare2016",S9999494,"Prepack 1/3 SD,Primary Healthcare2016",0100,S0521425,"Sachet,tablet,plastic,10x16cm/PAC-100",5,EA,
918,S9906712,"Sudan, Primary Healthcare kit, 2016",S9999491,"Sub 1/4, SD SD,Primary Healthcare2016",S9999495,"Prepack 2/3 SD,Primary Healthcare2016",,S9999495,"Prepack 2/3 SD,Primary Healthcare2016",0.000,,
919,S9906712,"Sudan, Primary Healthcare kit, 2016",S9999491,"Sub 1/4, SD SD,Primary Healthcare2016",S9999495,"Prepack 2/3 SD,Primary Healthcare2016",0010,S8942200,"Pre-pack Ctn,  37.5x29x19.5 cm, 0.021 m3",1,EA,
920,S9906712,"Sudan, Primary Healthcare kit, 2016",S9999491,"Sub 1/4, SD SD,Primary Healthcare2016",S9999495,"Prepack 2/3 SD,Primary Healthcare2016",0020,S1506001,Acetylsalicylic acid 300mg tab/PAC-10x10,20,PAC,X
921,S9906712,"Sudan, Primary Healthcare kit, 2016",S9999491,"Sub 1/4, SD SD,Primary Healthcare2016",S9999495,"Prepack 2/3 SD,Primary Healthcare2016",0030,S1505043,Amoxicillin 250mg disp.tab/PAC-(10x10),14,PAC,X
922,S9906712,"Sudan, Primary Healthcare kit, 2016",S9999491,"Sub 1/4, SD SD,Primary Healthcare2016",S9999495,"Prepack 2/3 SD,Primary Healthcare2016",0040,S1560609,Quinine sulfate 300mg tabs/PAC-10x10 gp,10,PAC,X
923,S9906712,"Sudan, Primary Healthcare kit, 2016",S9999491,"Sub 1/4, SD SD,Primary Healthcare2016",S9999495,"Prepack 2/3 SD,Primary Healthcare2016",0050,S0512020,"Bandage,gauze,5cmx5m,roll",10,EA,X
924,S9906712,"Sudan, Primary Healthcare kit, 2016",S9999491,"Sub 1/4, SD SD,Primary Healthcare2016",S9999496,"Prepack 3/3 SD,Primary Healthcare2016",,S9999496,"Prepack 3/3 SD,Primary Healthcare2016",0.000,,
925,S9906712,"Sudan, Primary Healthcare kit, 2016",S9999491,"Sub 1/4, SD SD,Primary Healthcare2016",S9999496,"Prepack 3/3 SD,Primary Healthcare2016",0010,S8942200,"Pre-pack Ctn,  37.5x29x19.5 cm, 0.021 m3",1,EA,
926,S9906712,"Sudan, Primary Healthcare kit, 2016",S9999491,"Sub 1/4, SD SD,Primary Healthcare2016",S9999496,"Prepack 3/3 SD,Primary Healthcare2016",0020,S1546315,Erythromycin 250mg tabs/PAC-10x10,4,PAC,X
927,S9906712,"Sudan, Primary Healthcare kit, 2016",S9999491,"Sub 1/4, SD SD,Primary Healthcare2016",S9999496,"Prepack 3/3 SD,Primary Healthcare2016",0030,S1555370,Albendazole 400mg chewable tabs/PAC-100,2,PAC,X
928,S9906712,"Sudan, Primary Healthcare kit, 2016",S9999491,"Sub 1/4, SD SD,Primary Healthcare2016",S9999496,"Prepack 3/3 SD,Primary Healthcare2016",0040,S1555964,Paracetamol 500mg tabs/PAC-10x10,20,PAC,X
929,S9906712,"Sudan, Primary Healthcare kit, 2016",S9999491,"Sub 1/4, SD SD,Primary Healthcare2016",S9999496,"Prepack 3/3 SD,Primary Healthcare2016",0050,S1583000,"Retinol 200,000IU soft gel.caps/PAC-500",1,PAC,X
930,S9906712,"Sudan, Primary Healthcare kit, 2016",S9999491,"Sub 1/4, SD SD,Primary Healthcare2016",S9999496,"Prepack 3/3 SD,Primary Healthcare2016",0060,S1537110,Sulf.400mg+Trimet.80mg tabs/PAC-10x10,10,PAC,X
931,S9906712,"Sudan, Primary Healthcare kit, 2016",S9999491,"Sub 1/4, SD SD,Primary Healthcare2016",S9999496,"Prepack 3/3 SD,Primary Healthcare2016",0070,S1537150,Sulf.100mg+Trimet.20mg disp.tab/PAC10x10,5,PAC,X
932,S9906712,"Sudan, Primary Healthcare kit, 2016",S9999491,"Sub 1/4, SD SD,Primary Healthcare2016",S9999496,"Prepack 3/3 SD,Primary Healthcare2016",0080,S1531030,Chloramphenicol pdr/inj 1g vial/BOX-5,2,BOX,X
933,S9906712,"Sudan, Primary Healthcare kit, 2016",S9999491,"Sub 1/4, SD SD,Primary Healthcare2016",S9999496,"Prepack 3/3 SD,Primary Healthcare2016",0090,S0503020,"Medical tape,perforated,10cmx5m,roll",3,EA,X
934,S9906712,"Sudan, Primary Healthcare kit, 2016",S9999491,"Sub 1/4, SD SD,Primary Healthcare2016",S9999496,"Prepack 3/3 SD,Primary Healthcare2016",0100,S0747420,"Needle,disp,19G,ster/BOX-100",2,BOX,X
935,S9906712,"Sudan, Primary Healthcare kit, 2016",S9999491,"Sub 1/4, SD SD,Primary Healthcare2016",S9999496,"Prepack 3/3 SD,Primary Healthcare2016",0110,S0747432,"Needle,disp,21G,ster/BOX-100",2,BOX,X
936,S9906712,"Sudan, Primary Healthcare kit, 2016",S9999491,"Sub 1/4, SD SD,Primary Healthcare2016",S9999496,"Prepack 3/3 SD,Primary Healthcare2016",0120,S0385010,"Tourniquet,latex-free,50cm",1,EA,
937,S9906713,"Sudan, IMCI Medicine kit, 2016",S9999505,"Sub 1/7 SD IMCI Med. kit, 2016",,,,S9999505,"Sub 1/7 SD IMCI Med. kit, 2016",0.000,,
938,S9906713,"Sudan, IMCI Medicine kit, 2016",S9999505,"Sub 1/7 SD IMCI Med. kit, 2016",,,0010,S9012024,"Double-wall ctn.60x40x50 cm, 0.120 m3",1,EA,
939,S9906713,"Sudan, IMCI Medicine kit, 2016",S9999505,"Sub 1/7 SD IMCI Med. kit, 2016",,,0030,S1553105,Povidone iodine sol 10%/BOT-500ml,1,BOT,X
940,S9906713,"Sudan, IMCI Medicine kit, 2016",S9999505,"Sub 1/7 SD IMCI Med. kit, 2016",,,0040,S1531510,Chlorhexidine conc. sol. 5%/BOT-100ml,3,BOT,X
941,S9906713,"Sudan, IMCI Medicine kit, 2016",S9999505,"Sub 1/7 SD IMCI Med. kit, 2016",,,0050,S1505043,Amoxicillin 250mg disp.tab/PAC-(10x10),70,PAC,X
942,S9906713,"Sudan, IMCI Medicine kit, 2016",S9999505,"Sub 1/7 SD IMCI Med. kit, 2016",,,0060,S0373500,"Tube,feeding,CH05,L40cm,ster,disp",100,EA,X
943,S9906713,"Sudan, IMCI Medicine kit, 2016",S9999505,"Sub 1/7 SD IMCI Med. kit, 2016",,,0070,S1546310,Erythro.pdr/oral sus 125mg/5ml/BOT-100ml,24,BOT,X
944,S9906713,"Sudan, IMCI Medicine kit, 2016",S9999506,"Sub 2/7 SD IMCI Med. kit, 2016",,,,S9999506,"Sub 2/7 SD IMCI Med. kit, 2016",0.000,,
945,S9906713,"Sudan, IMCI Medicine kit, 2016",S9999506,"Sub 2/7 SD IMCI Med. kit, 2016",,,0010,S9008034,"Double-wall ctn.60x40x33.3 cm, 0.08 m3",1,EA,
946,S9906713,"Sudan, IMCI Medicine kit, 2016",S9999506,"Sub 2/7 SD IMCI Med. kit, 2016",,,0020,S0969025,"Gloves,exam,nitrile,pwdfree,M,BOX-100",2,EA,X
947,S9906713,"Sudan, IMCI Medicine kit, 2016",S9999506,"Sub 2/7 SD IMCI Med. kit, 2016",,,0030,S0782379,"Safety box f.used syrg/ndl5L,Smur/BOX-25",2,BOX,X
948,S9906713,"Sudan, IMCI Medicine kit, 2016",S9999506,"Sub 2/7 SD IMCI Med. kit, 2016",,,0040,S0782405,"Syringe,disp,5ml,ster/BOX-100",2,BOX,X
949,S9906713,"Sudan, IMCI Medicine kit, 2016",S9999506,"Sub 2/7 SD IMCI Med. kit, 2016",,,0050,S1560833,Water for injection 5ml amp/BOX-50,3,EA,X
950,S9906713,"Sudan, IMCI Medicine kit, 2016",S9999506,"Sub 2/7 SD IMCI Med. kit, 2016",,,0060,S0709234,"Cannula IV short 24G, ster, disp, BOX-50",1,EA,X
951,S9906713,"Sudan, IMCI Medicine kit, 2016",S9999506,"Sub 2/7 SD IMCI Med. kit, 2016",,,0070,S9999503,"Bag 1/1 Sudan, IMCI Med. kit, 2016",1,EA,X
952,S9906713,"Sudan, IMCI Medicine kit, 2016",S9999507,"Sub 3/7 SD IMCI Med. kit, 2016",,,,S9999507,"Sub 3/7 SD IMCI Med. kit, 2016",0.000,,
953,S9906713,"Sudan, IMCI Medicine kit, 2016",S9999507,"Sub 3/7 SD IMCI Med. kit, 2016",,,0010,S9012024,"Double-wall ctn.60x40x50 cm, 0.120 m3",1,EA,
954,S9906713,"Sudan, IMCI Medicine kit, 2016",S9999507,"Sub 3/7 SD IMCI Med. kit, 2016",,,0020,S9999504,"Prepack 1/1 Sudan IMCI Med. kit, 2016",1,EA,X
955,S9906713,"Sudan, IMCI Medicine kit, 2016",S9999507,"Sub 3/7 SD IMCI Med. kit, 2016",,,0040,S0519000,"Cotton wool,500g,roll,non-ster",5,EA,X
956,S9906713,"Sudan, IMCI Medicine kit, 2016",S9999507,"Sub 3/7 SD IMCI Med. kit, 2016",,,0050,S1561120,ORS low osm. 20.5g/1L CAR/10x10,5,BOX,X
957,S9906713,"Sudan, IMCI Medicine kit, 2016",S9999507,"Sub 3/7 SD IMCI Med. kit, 2016",,,0060,S0709233,"Cannula IV short 22G, ster, disp, BOX-50",1,EA,X
958,S9906713,"Sudan, IMCI Medicine kit, 2016",S9999507,"Sub 3/7 SD IMCI Med. kit, 2016",,,0070,S0523015,"Compress,gauze,10x10cm,n/ster/PAC-100",1,EA,X
959,S9906713,"Sudan, IMCI Medicine kit, 2016",S9999507,"Sub 3/7 SD IMCI Med. kit, 2016",,,0080,S0531991,"Infusion giving set,sterile,s.u.",25,EA,X
960,S9906713,"Sudan, IMCI Medicine kit, 2016",S9998505,"Sub 4/7 SD IMCI Med. kit, 2016",,,,S9998505,"Sub 4/7 SD IMCI Med. kit, 2016",0.000,,
961,S9906713,"Sudan, IMCI Medicine kit, 2016",S9998505,"Sub 4/7 SD IMCI Med. kit, 2016",,,0010,S1505043,Amoxicillin 250mg disp.tab/PAC-(10x10),215,PAC,X
962,S9906713,"Sudan, IMCI Medicine kit, 2016",S9998506,"Sub 5/7 SD IMCI Med. kit, 2016",,,,S9998506,"Sub 5/7 SD IMCI Med. kit, 2016",0.000,,
963,S9906713,"Sudan, IMCI Medicine kit, 2016",S9998506,"Sub 5/7 SD IMCI Med. kit, 2016",,,0010,S1531006,Ceftriaxone pdr/inj 250mg vial/BOX-50,12,BOX,X
964,S9906713,"Sudan, IMCI Medicine kit, 2016",S9998507,"Sub 6/7 SD IMCI Med. kit, 2016",,,,S9998507,"Sub 6/7 SD IMCI Med. kit, 2016",0.000,,
965,S9906713,"Sudan, IMCI Medicine kit, 2016",S9998507,"Sub 6/7 SD IMCI Med. kit, 2016",,,0010,S1531006,Ceftriaxone pdr/inj 250mg vial/BOX-50,12,BOX,X
966,S9906713,"Sudan, IMCI Medicine kit, 2016",S9998507,"Sub 6/7 SD IMCI Med. kit, 2016",,,0020,S9004801,"Double-wall ctn.60x40x20 cm, 0.048 m3",1,EA,
967,S9906713,"Sudan, IMCI Medicine kit, 2016",S9998508,"Sub 7/7 SD IMCI Med. kit, 2016",,,,S9998508,"Sub 7/7 SD IMCI Med. kit, 2016",0.000,,
968,S9906713,"Sudan, IMCI Medicine kit, 2016",S9998508,"Sub 7/7 SD IMCI Med. kit, 2016",,,0010,S1560826,Compound Sodium Lactate 500ml bot/BOX-20,1,EA,X
969,S9906713,"Sudan, IMCI Medicine kit, 2016",S9999506,"Sub 2/7 SD IMCI Med. kit, 2016",S9999503,"Bag 1/1 Sudan, IMCI Med. kit, 2016",,S9999503,"Bag 1/1 Sudan, IMCI Med. kit, 2016",0.000,,
970,S9906713,"Sudan, IMCI Medicine kit, 2016",S9999506,"Sub 2/7 SD IMCI Med. kit, 2016",S9999503,"Bag 1/1 Sudan, IMCI Med. kit, 2016",0010,S8914100,Carton f/dividers 260 x 150 x 185 mm,1,EA,
971,S9906713,"Sudan, IMCI Medicine kit, 2016",S9999506,"Sub 2/7 SD IMCI Med. kit, 2016",S9999503,"Bag 1/1 Sudan, IMCI Med. kit, 2016",0030,S1550180,Ferrous sulp.oral sol. 125mg/ml/BOT-30ml,5,BOT,X
972,S9906713,"Sudan, IMCI Medicine kit, 2016",S9999506,"Sub 2/7 SD IMCI Med. kit, 2016",S9999503,"Bag 1/1 Sudan, IMCI Med. kit, 2016",0040,S1585009,Paracetamol 120mg/5ml or.liq/BOT-60ml,7,BOT,X
973,S9906713,"Sudan, IMCI Medicine kit, 2016",S9999507,"Sub 3/7 SD IMCI Med. kit, 2016",S9999504,"Prepack 1/1 Sudan IMCI Med. kit, 2016",,S9999504,"Prepack 1/1 Sudan IMCI Med. kit, 2016",0.000,,
974,S9906713,"Sudan, IMCI Medicine kit, 2016",S9999507,"Sub 3/7 SD IMCI Med. kit, 2016",S9999504,"Prepack 1/1 Sudan IMCI Med. kit, 2016",0010,S8941505,"Pre-pack Carton, 32x24x20 cm, 0.015 m3",1,EA,
975,S9906713,"Sudan, IMCI Medicine kit, 2016",S9999507,"Sub 3/7 SD IMCI Med. kit, 2016",S9999504,"Prepack 1/1 Sudan IMCI Med. kit, 2016",0020,S0385010,"Tourniquet,latex-free,50cm",1,EA,
976,S9906713,"Sudan, IMCI Medicine kit, 2016",S9999507,"Sub 3/7 SD IMCI Med. kit, 2016",S9999504,"Prepack 1/1 Sudan IMCI Med. kit, 2016",0030,S0747420,"Needle,disp,19G,ster/BOX-100",1,BOX,X
977,S9906713,"Sudan, IMCI Medicine kit, 2016",S9999507,"Sub 3/7 SD IMCI Med. kit, 2016",S9999504,"Prepack 1/1 Sudan IMCI Med. kit, 2016",0040,S0747432,"Needle,disp,21G,ster/BOX-100",1,BOX,X
978,S9906713,"Sudan, IMCI Medicine kit, 2016",S9999507,"Sub 3/7 SD IMCI Med. kit, 2016",S9999504,"Prepack 1/1 Sudan IMCI Med. kit, 2016",0050,S1531030,Chloramphenicol pdr/inj 1g vial/BOX-5,2,BOX,X
979,S9906713,"Sudan, IMCI Medicine kit, 2016",S9999507,"Sub 3/7 SD IMCI Med. kit, 2016",S9999504,"Prepack 1/1 Sudan IMCI Med. kit, 2016",0060,S1537150,Sulf.100mg+Trimet.20mg disp.tab/PAC10x10,5,PAC,X
980,S9906713,"Sudan, IMCI Medicine kit, 2016",S9999507,"Sub 3/7 SD IMCI Med. kit, 2016",S9999504,"Prepack 1/1 Sudan IMCI Med. kit, 2016",0070,S1562020,Salbutamol oral inh. 0.1mg/ds 200ds,4,EA,X
981,S9906713,"Sudan, IMCI Medicine kit, 2016",S9999507,"Sub 3/7 SD IMCI Med. kit, 2016",S9999504,"Prepack 1/1 Sudan IMCI Med. kit, 2016",0080,S1580020,Zinc 20mg tablets/PAC-10x10,10,PAC,X
982,S9906714,"Sudan Community Midwife kit, 2016",,,,,0010,S9008034,"Double-wall ctn.60x40x33.3 cm, 0.08 m3",1,EA,
983,S9906714,"Sudan Community Midwife kit, 2016",,,,,0020,S9999501,"Prepack 1/2 Sudan Co. Midwife kit, 2016",1,EA,X
984,S9906714,"Sudan Community Midwife kit, 2016",,,,,0030,S0845009,"Resuscitator,hand-oper.,neonate,set",1,EA,X
985,S9906714,"Sudan Community Midwife kit, 2016",,,,,0040,S0845162,"Tongue depressor,wooden,disp/BOX-100",5,EA,X
986,S9906714,"Sudan Community Midwife kit, 2016",,,,,0050,S9999502,"Prepack 2/2 Sudan Co. Midwife kit, 2016",1,EA,X
987,S9906714,"Sudan Community Midwife kit, 2016",,,,,0060,S0519000,"Cotton wool,500g,roll,non-ster",1,EA,X
988,S9906714,"Sudan Community Midwife kit, 2016",,,,,0070,S0216000,"Bowl,round,stainless steel,4L",1,EA,
989,S9906714,"Sudan Community Midwife kit, 2016",,,,,0080,S5001000,"Bag,UNICEF,blue polyester,360x230x610mm",1,EA,
990,S9906714,"Sudan Community Midwife kit, 2016",,,S9999501,"Prepack 1/2 Sudan Co. Midwife kit, 2016",,S9999501,"Prepack 1/2 Sudan Co. Midwife kit, 2016",0.000,,
991,S9906714,"Sudan Community Midwife kit, 2016",,,S9999501,"Prepack 1/2 Sudan Co. Midwife kit, 2016",0010,S8941505,"Pre-pack Carton, 32x24x20 cm, 0.015 m3",1,EA,
992,S9906714,"Sudan Community Midwife kit, 2016",,,S9999501,"Prepack 1/2 Sudan Co. Midwife kit, 2016",0020,S9999500,"Bag 1/1 Sudan Co. Midwife kit, 2016",1,EA,
993,S9906714,"Sudan Community Midwife kit, 2016",,,S9999501,"Prepack 1/2 Sudan Co. Midwife kit, 2016",0030,S0361020,"Drawsheet,plastic,90x180cm",1,EA,
994,S9906714,"Sudan Community Midwife kit, 2016",,,S9999501,"Prepack 1/2 Sudan Co. Midwife kit, 2016",0040,S0327520,"Gloves,surg,pwdfree,7.5,ster,s.u.,pair",20,EA,X
995,S9906714,"Sudan Community Midwife kit, 2016",,,S9999501,"Prepack 1/2 Sudan Co. Midwife kit, 2016",0050,S0270000,"Tray,instr,ss,225x125x50mm,w/cover",1,EA,
996,S9906714,"Sudan Community Midwife kit, 2016",,,S9999501,"Prepack 1/2 Sudan Co. Midwife kit, 2016",0060,S1531042,Chlorhex.diglu.7.1% gel cord.c.TBE/20g,3,EA,X
997,S9906714,"Sudan Community Midwife kit, 2016",,,S9999501,"Prepack 1/2 Sudan Co. Midwife kit, 2016",0070,S0686500,"Stethoscope,foetal,Pinard",1,EA,
998,S9906714,"Sudan Community Midwife kit, 2016",,,S9999501,"Prepack 1/2 Sudan Co. Midwife kit, 2016",0080,S0686000,"Stethoscope,binaural,complete",1,EA,
999,S9906714,"Sudan Community Midwife kit, 2016",,,S9999501,"Prepack 1/2 Sudan Co. Midwife kit, 2016",0100,S0305150,"Apron,protection,heavy-duty,reusable",1,EA,X
1000,S9906714,"Sudan Community Midwife kit, 2016",,,S9999501,"Prepack 1/2 Sudan Co. Midwife kit, 2016",0110,S0552000,"Soap,toilet,bar,approx.100-110g,wrapped",2,EA,
1001,S9906714,"Sudan Community Midwife kit, 2016",,,S9999501,"Prepack 1/2 Sudan Co. Midwife kit, 2016",0120,S0211000,"Basin,kidney,stainless steel,825ml",1,EA,
1002,S9906714,"Sudan Community Midwife kit, 2016",,,S9999501,"Prepack 1/2 Sudan Co. Midwife kit, 2016",0130,S0210020,"Basin,kidney,polypropylene,475ml",1,EA,
1003,S9906714,"Sudan Community Midwife kit, 2016",,,S9999501,"Prepack 1/2 Sudan Co. Midwife kit, 2016",0140,S0567000,"Tape measure,tailor's,fibreglass,1.5m",2,EA,
1004,S9906714,"Sudan Community Midwife kit, 2016",,,S9999501,"Prepack 1/2 Sudan Co. Midwife kit, 2016",0150,S0481056,"Thermometer, clinical, digital, no Li",2,EA,X
1005,S9906714,"Sudan Community Midwife kit, 2016",,,S9999501,"Prepack 1/2 Sudan Co. Midwife kit, 2016",0160,S0523055,"Compress,gauze,10x10cm,ster/PAC-5",10,PAC,X
1006,S9906714,"Sudan Community Midwife kit, 2016",,,S9999502,"Prepack 2/2 Sudan Co. Midwife kit, 2016",,S9999502,"Prepack 2/2 Sudan Co. Midwife kit, 2016",0.000,,
1007,S9906714,"Sudan Community Midwife kit, 2016",,,S9999502,"Prepack 2/2 Sudan Co. Midwife kit, 2016",0010,S8941505,"Pre-pack Carton, 32x24x20 cm, 0.015 m3",1,EA,
1008,S9906714,"Sudan Community Midwife kit, 2016",,,S9999502,"Prepack 2/2 Sudan Co. Midwife kit, 2016",0020,S0330115,"Gloves,gyn,pwdfree,medium,ster,s.u.,pair",20,EA,X
1009,S9906714,"Sudan Community Midwife kit, 2016",,,S9999502,"Prepack 2/2 Sudan Co. Midwife kit, 2016",0030,S0683200,"Sphygmomanometer,(adult),aneroid",1,EA,
1010,S9906714,"Sudan Community Midwife kit, 2016",,,S9999502,"Prepack 2/2 Sudan Co. Midwife kit, 2016",0040,S0225000,"Bowl,stainless steel,600ml",2,EA,
1011,S9906714,"Sudan Community Midwife kit, 2016",,,S9999502,"Prepack 2/2 Sudan Co. Midwife kit, 2016",0050,S0323010,"Catheter,urethral,CH14,ster,disp",2,EA,X
1012,S9906714,"Sudan Community Midwife kit, 2016",,,S9999502,"Prepack 2/2 Sudan Co. Midwife kit, 2016",0060,S0564030,"Sut,abs,DEC3,spool/BOX-36",1,BOX,X
1013,S9906714,"Sudan Community Midwife kit, 2016",,,S9999502,"Prepack 2/2 Sudan Co. Midwife kit, 2016",0070,S0566010,"Clamp,umbilical cord,ster,s.u.",20,EA,X
1014,S9906714,"Sudan Community Midwife kit, 2016",,,S9999502,"Prepack 2/2 Sudan Co. Midwife kit, 2016",0080,S0845006,"Bulb, suction, neonatal, reusable",4,EA,
1015,S9906714,"Sudan Community Midwife kit, 2016",,,S9999500,"Bag 1/1 Sudan Co. Midwife kit, 2016",,S9999500,"Bag 1/1 Sudan Co. Midwife kit, 2016",0.000,,
1016,S9906714,"Sudan Community Midwife kit, 2016",,,S9999500,"Bag 1/1 Sudan Co. Midwife kit, 2016",0010,S0774700,"Scissors,gyneco,200mm,cvd,b/b",2,EA,
1017,S9906714,"Sudan Community Midwife kit, 2016",,,S9999500,"Bag 1/1 Sudan Co. Midwife kit, 2016",0020,S0722200,"Forceps,dressing,standard,250mm,str",1,EA,
1018,S9906714,"Sudan Community Midwife kit, 2016",,,S9999500,"Bag 1/1 Sudan Co. Midwife kit, 2016",0030,S0726000,"Forceps,artery,Kocher,140mm,str",2,EA,
1019,S9906719,DPRK EM Kit 2018,,,,,0010,S9012024,"Double-wall ctn.60x40x50 cm, 0.120 m3",1,EA,
1020,S9906719,DPRK EM Kit 2018,,,,,0020,S9999819,Prepack 1/2 DPRK EM kit 2018,1,EA,X
1021,S9906719,DPRK EM Kit 2018,,,,,0030,S1531505,Chlorhexidine conc. sol. 5%/BOT-1000ml,1,BOT,X
1022,S9906719,DPRK EM Kit 2018,,,,,0040,S9999820,Prepack 2/2 DPRK EM kit 2018,1,EA,X
1023,S9906719,DPRK EM Kit 2018,,,,,0050,S1519500,Benzyl benzoate 25% lotion /BOT-1000ml,3,BOT,X
1024,S9906719,DPRK EM Kit 2018,,,,,0060,S0782111,"Syringe,disp,5ml,w/ndl,21G/BOX-100",3,BOX,X
1025,S9906719,DPRK EM Kit 2018,,,,,0070,S0523015,"Compress,gauze,10x10cm,n/ster/PAC-100",3,EA,X
1026,S9906719,DPRK EM Kit 2018,,,,,0080,S0519000,"Cotton wool,500g,roll,non-ster",3,EA,X
1027,S9906719,DPRK EM Kit 2018,,,,,0090,S0969025,"Gloves,exam,nitrile,pwdfree,M,BOX-100",1,EA,X
1028,S9906719,DPRK EM Kit 2018,,,,,0100,S0512015,"Bandage,elastic,7.5cmx5m,roll",50,EA,X
1029,S9906719,DPRK EM Kit 2018,,,S9999819,Prepack 1/2 DPRK EM kit 2018,,S9999819,Prepack 1/2 DPRK EM kit 2018,0,,
1030,S9906719,DPRK EM Kit 2018,,,S9999819,Prepack 1/2 DPRK EM kit 2018,0010,S8942200,"Pre-pack Ctn,  37.5x29x19.5 cm, 0.021 m3",1,EA,
1031,S9906719,DPRK EM Kit 2018,,,S9999819,Prepack 1/2 DPRK EM kit 2018,0020,S1553011,Ibuprofen 400mg tabs/PAC 10x10,10,PAC,X
1032,S9906719,DPRK EM Kit 2018,,,S9999819,Prepack 1/2 DPRK EM kit 2018,0030,S1555964,Paracetamol 500mg tabs/PAC-10x10,10,PAC,X
1033,S9906719,DPRK EM Kit 2018,,,S9999819,Prepack 1/2 DPRK EM kit 2018,0040,S1533010,Ibuprofen 200mg tabs/PAC 10x10,10,EA,X
1034,S9906719,DPRK EM Kit 2018,,,S9999819,Prepack 1/2 DPRK EM kit 2018,0050,S1562020,Salbutamol oral inh. 0.1mg/ds 200ds,5,EA,X
1035,S9906719,DPRK EM Kit 2018,,,S9999819,Prepack 1/2 DPRK EM kit 2018,0060,S1555652,Metronidazole 500mg tabs PAC/10x10,2,EA,X
1036,S9906719,DPRK EM Kit 2018,,,S9999819,Prepack 1/2 DPRK EM kit 2018,0070,S1580020,Zinc 20mg tablets/PAC-10x10,10,PAC,X
1037,S9906719,DPRK EM Kit 2018,,,S9999819,Prepack 1/2 DPRK EM kit 2018,0080,S1505075,Amoxicillin 500mg disp.tab/PAC-100,4,PAC,X
1038,S9906719,DPRK EM Kit 2018,,,S9999819,Prepack 1/2 DPRK EM kit 2018,0090,S0503015,"Medical tape,2.5cmx5m,roll",6,EA,X
1039,S9906719,DPRK EM Kit 2018,,,S9999820,Prepack 2/2 DPRK EM kit 2018,,S9999820,Prepack 2/2 DPRK EM kit 2018,0,,
1040,S9906719,DPRK EM Kit 2018,,,S9999820,Prepack 2/2 DPRK EM kit 2018,0010,S8942200,"Pre-pack Ctn,  37.5x29x19.5 cm, 0.021 m3",1,EA,
1041,S9906719,DPRK EM Kit 2018,,,S9999820,Prepack 2/2 DPRK EM kit 2018,0020,S1555653,Metronidazole 250mg tabs PAC/10x10,2,EA,X
1042,S9906719,DPRK EM Kit 2018,,,S9999820,Prepack 2/2 DPRK EM kit 2018,0030,S1505043,Amoxicillin 250mg disp.tab/PAC-(10x10),4,PAC,X
1043,S9906719,DPRK EM Kit 2018,,,S9999820,Prepack 2/2 DPRK EM kit 2018,0040,S1537120,Sulf.800mg+Trimet.160mg tabs/PAC-10x10,5,PAC,X
1044,S9906719,DPRK EM Kit 2018,,,S9999820,Prepack 2/2 DPRK EM kit 2018,0050,S1553110,Povidone iodine sol 10%/BOT-200ml,2,BOT,X
1045,S9906719,DPRK EM Kit 2018,,,S9999820,Prepack 2/2 DPRK EM kit 2018,0060,S1551961,Gentamicin inj 10mg/ml 2ml amp/BOX-50,4,BOX,X
1046,S9906719,DPRK EM Kit 2018,,,S9999820,Prepack 2/2 DPRK EM kit 2018,0070,S1555979,Paracetamol 100mg disp. tabs/PAC-100,10,PAC,X
1047,S9906719,DPRK EM Kit 2018,,,S9999820,Prepack 2/2 DPRK EM kit 2018,0080,S1551980,Gentamicin eye drops 0.3%/BOT-5ml,20,BOT,X
1048,S9906719,DPRK EM Kit 2018,,,S9999820,Prepack 2/2 DPRK EM kit 2018,0090,S1537150,Sulf.100mg+Trimet.20mg disp.tab/PAC10x10,3,PAC,X
1049,S9906719,DPRK EM Kit 2018,,,S9999820,Prepack 2/2 DPRK EM kit 2018,0100,S1555290,Lidocaine 5%+gluc.7.5% inj 2ml amp/BOX10,2,BOX,X
1050,S9906719,DPRK EM Kit 2018,,,S9999820,Prepack 2/2 DPRK EM kit 2018,0110,S1551960,Gentamicin inj 40mg/ml 2ml amp/BOX-50,2,BOX,X
1051,S9906728,DRC Health Centre kit 2016,,,S9999707,Subkit  1/4 DRC Health Centre kit 2016,,S9999707,Subkit  1/4 DRC Health Centre kit 2016,0.000,,
1052,S9906728,DRC Health Centre kit 2016,,,S9999707,Subkit  1/4 DRC Health Centre kit 2016,0010,S9010633,"Double-wall ctn.80x40x33 cm, 0.106 m3",1,EA,
1053,S9906728,DRC Health Centre kit 2016,,,S9999707,Subkit  1/4 DRC Health Centre kit 2016,0020,S9999706,Prepack 1/1  DRC Health Centre kit 2016,1,EA,X
1054,S9906728,DRC Health Centre kit 2016,,,S9999707,Subkit  1/4 DRC Health Centre kit 2016,0030,S9910001,"Surg.inst.,basic surgery /SET",2,SET,
1055,S9906728,DRC Health Centre kit 2016,,,S9999707,Subkit  1/4 DRC Health Centre kit 2016,0040,S0276500,"Tray,instr,ss,310x195x60mm,w/cover",2,EA,
1056,S9906728,DRC Health Centre kit 2016,,,S9999707,Subkit  1/4 DRC Health Centre kit 2016,0050,S0145555,"Scale,spring type,infant,25kgx100g",1,EA,
1057,S9906728,DRC Health Centre kit 2016,,,S9999707,Subkit  1/4 DRC Health Centre kit 2016,0060,S0270000,"Tray,instr,ss,225x125x50mm,w/cover",4,EA,
1058,S9906728,DRC Health Centre kit 2016,,,S9999707,Subkit  1/4 DRC Health Centre kit 2016,0070,S0845009,"Resuscitator,hand-oper.,neonate,set",1,EA,X
1059,S9906728,DRC Health Centre kit 2016,,,S9999707,Subkit  1/4 DRC Health Centre kit 2016,0080,S0564050,"Sut,abs,DEC4,need 1/2 30mm,round/BOX-36",1,BOX,X
1060,S9906728,DRC Health Centre kit 2016,,,S9999707,Subkit  1/4 DRC Health Centre kit 2016,0090,S0565020,"Sut,nonabs,DEC1,need 1/2 13mm,rnd/BOX-36",1,BOX,X
1061,S9906728,DRC Health Centre kit 2016,,,S9999707,Subkit  1/4 DRC Health Centre kit 2016,0100,S0683300,"Sphygmomanometer,(child),aneroid",1,EA,
1062,S9906728,DRC Health Centre kit 2016,,,S9999707,Subkit  1/4 DRC Health Centre kit 2016,0110,S0564011,"Sut,abs,DEC2,need 3/8 18mm,round/BOX-36",1,BOX,X
1063,S9906728,DRC Health Centre kit 2016,,,S9999707,Subkit  1/4 DRC Health Centre kit 2016,0120,S0189000,"Weighing trousers,infant,25kg,PAC-5",1,PAC,
1064,S9906728,DRC Health Centre kit 2016,,,S9999708,Subkit 2/4 DRC Health Centre kit 2016,,S9999708,Subkit 2/4 DRC Health Centre kit 2016,0.000,,
1065,S9906728,DRC Health Centre kit 2016,,,S9999708,Subkit 2/4 DRC Health Centre kit 2016,0010,S0114520,"Length/height board,baby/child/adult",1,EA,
1066,S9906728,DRC Health Centre kit 2016,,,S9999709,Subkit 3/4 DRC Health Centre kit 2016,,S9999709,Subkit 3/4 DRC Health Centre kit 2016,0.000,,
1067,S9906728,DRC Health Centre kit 2016,,,S9999709,Subkit 3/4 DRC Health Centre kit 2016,0010,S0145520,"Scale,beam type,clinical,infant,16kgx5g",1,EA,
1068,S9906728,DRC Health Centre kit 2016,,,S9999710,Subkit 4/4 DRC Health Centre kit 2016,,S9999710,Subkit 4/4 DRC Health Centre kit 2016,0.000,,
1069,S9906728,DRC Health Centre kit 2016,,,S9999710,Subkit 4/4 DRC Health Centre kit 2016,0010,S0140500,"Scale,beam type,child/adult,220kgx50g",1,EA,
1070,S9906728,DRC Health Centre kit 2016,,,S9999706,Prepack 1/1  DRC Health Centre kit 2016,,S9999706,Prepack 1/1  DRC Health Centre kit 2016,0.000,,
1071,S9906728,DRC Health Centre kit 2016,,,S9999706,Prepack 1/1  DRC Health Centre kit 2016,0010,S8941505,"Pre-pack Carton, 32x24x20 cm, 0.015 m3",1,EA,
1072,S9906728,DRC Health Centre kit 2016,,,S9999706,Prepack 1/1  DRC Health Centre kit 2016,0020,S0564030,"Sut,abs,DEC3,spool/BOX-36",1,BOX,X
1073,S9906728,DRC Health Centre kit 2016,,,S9999706,Prepack 1/1  DRC Health Centre kit 2016,0030,S0565040,"Sut,nonabs,DEC4,need 1/2 30mm,rnd/BOX-36",1,BOX,X
1074,S9906728,DRC Health Centre kit 2016,,,S9999706,Prepack 1/1  DRC Health Centre kit 2016,0040,S0565011,"Sut,nonabs,DEC3,need 3/8 30mm,tri/BOX-36",1,BOX,X
1075,S9906728,DRC Health Centre kit 2016,,,S9999706,Prepack 1/1  DRC Health Centre kit 2016,0050,S0683200,"Sphygmomanometer,(adult),aneroid",1,EA,
1076,S9906728,DRC Health Centre kit 2016,,,S9999706,Prepack 1/1  DRC Health Centre kit 2016,0060,S0686000,"Stethoscope,binaural,complete",1,EA,
1077,S9906728,DRC Health Centre kit 2016,,,S9999706,Prepack 1/1  DRC Health Centre kit 2016,0070,S0686500,"Stethoscope,foetal,Pinard",2,EA,
1078,S9906728,DRC Health Centre kit 2016,,,S9999706,Prepack 1/1  DRC Health Centre kit 2016,0080,S0584005,"Test strip,urine,gluc/prot,box-100",2,PAC,X
1079,S9906728,DRC Health Centre kit 2016,,,S9999706,Prepack 1/1  DRC Health Centre kit 2016,0090,S0983400,"Timer,60 min",1,EA,
1080,S9906728,DRC Health Centre kit 2016,,,S9999706,Prepack 1/1  DRC Health Centre kit 2016,0100,S0746510,"Scalpel blade,ster,disp,no.22",100,EA,X
1081,S9906728,DRC Health Centre kit 2016,,,S9999706,Prepack 1/1  DRC Health Centre kit 2016,0110,S9910003,"Surg.inst.,delivery /SET",2,SET,
1082,S9906728,DRC Health Centre kit 2016,,,S9999706,Prepack 1/1  DRC Health Centre kit 2016,0120,S9910005,"Surg.inst.,dressing /SET",2,SET,
1083,S9906728,DRC Health Centre kit 2016,,,S9999706,Prepack 1/1  DRC Health Centre kit 2016,0130,S0558100,"Indicator,TST control spot/PAC-300",1,PAC,X
1084,S9910001,"Surg.inst.,basic surgery /SET",,,,,,S9910001,"Surg.inst.,basic surgery /SET",0.000,,
1085,S9910001,"Surg.inst.,basic surgery /SET",,,,,0010,S8941501,"Pre-pack Carton, 32x24x10 cm, 0.007 m3",2,EA,
1086,S9910001,"Surg.inst.,basic surgery /SET",,,,,0020,S0722500,"Forceps,dressing,Cheron,250mm",2,EA,
1087,S9910001,"Surg.inst.,basic surgery /SET",,,,,0030,S0768930,"Retractor,Farabeuf,d-e,120mm,pair",2,EA,
1088,S9910001,"Surg.inst.,basic surgery /SET",,,,,0040,S0771250,"Scissors,Metzembaum,140mm,cvd,b/b",2,EA,
1089,S9910001,"Surg.inst.,basic surgery /SET",,,,,0050,S0737200,"Forceps,tissue,Collin,160mm",2,EA,
1090,S9910001,"Surg.inst.,basic surgery /SET",,,,,0060,S0237000,"Bowl,stainless steel,180ml",2,EA,
1091,S9910001,"Surg.inst.,basic surgery /SET",,,,,0070,S0770500,"Scissors,Mayo,140mm,cvd,b/b",2,EA,
1092,S9910001,"Surg.inst.,basic surgery /SET",,,,,0080,S0726000,"Forceps,artery,Kocher,140mm,str",2,EA,
1093,S9910001,"Surg.inst.,basic surgery /SET",,,,,0090,S0745500,"Scalpel handle,no.4",2,EA,
1094,S9910001,"Surg.inst.,basic surgery /SET",,,,,0100,S0737000,"Forceps,tissue,standard,145mm,str",2,EA,
1095,S9910001,"Surg.inst.,basic surgery /SET",,,,,0110,S0743600,"Needle holder,Mayo-Hegar,180mm,str",2,EA,
1096,S9910001,"Surg.inst.,basic surgery /SET",,,,,0120,S0721000,"Forceps,dressing,standard,155mm,str",2,EA,
1097,S9910001,"Surg.inst.,basic surgery /SET",,,,,0130,S0759820,"Probe,double-ended,145mm",2,EA,
1098,S9910001,"Surg.inst.,basic surgery /SET",,,,,0140,S0712200,"Clamp,towel,Backhaus,130mm",8,EA,
1099,S9910001,"Surg.inst.,basic surgery /SET",,,,,0150,S0730000,"Forceps,artery,Halst-Mosq,125mm,cvd",12,EA,
1100,S9910001,"Surg.inst.,basic surgery /SET",,,,,0160,S0738000,"Forceps,tissue,Allis,150mm",4,EA,
1101,S9910003,"Surg.inst.,delivery /SET",,,,,,S9910003,"Surg.inst.,delivery /SET",0.000,,
1102,S9910003,"Surg.inst.,delivery /SET",,,,,0010,S0726000,"Forceps,artery,Kocher,140mm,str",4,EA,
1103,S9910003,"Surg.inst.,delivery /SET",,,,,0020,S0770500,"Scissors,Mayo,140mm,cvd,b/b",2,EA,
1104,S9910003,"Surg.inst.,delivery /SET",,,,,0030,S0774700,"Scissors,gyneco,200mm,cvd,b/b",2,EA,
1105,S9910005,"Surg.inst.,dressing /SET",,,,,,S9910005,"Surg.inst.,dressing /SET",0.000,,
1106,S9910005,"Surg.inst.,dressing /SET",,,,,0010,S0721000,"Forceps,dressing,standard,155mm,str",2,EA,
1107,S9910005,"Surg.inst.,dressing /SET",,,,,0020,S0726000,"Forceps,artery,Kocher,140mm,str",2,EA,
1108,S9910005,"Surg.inst.,dressing /SET",,,,,0030,S0773500,"Scissors,Deaver,140mm,str,s/b",2,EA,
1109,S9906729,DRC Measles Kit 2021,S9996721,DRC Measles Kit 2021 SUB 1/5,,,,S9996721,DRC Measles Kit 2021 SUB 1/5,0,,
1110,S9906729,DRC Measles Kit 2021,S9996721,DRC Measles Kit 2021 SUB 1/5,,,0010,S9012024,"Double-wall ctn.60x40x50 cm, 0.120 m3",1,EA,
1111,S9906729,DRC Measles Kit 2021,S9996721,DRC Measles Kit 2021 SUB 1/5,,,0020,S0782111,"Syringe,disp,5ml,w/ndl,21G/BOX-100",2,BOX,X
1112,S9906729,DRC Measles Kit 2021,S9996721,DRC Measles Kit 2021 SUB 1/5,,,0030,S1561120,ORS low osm. 20.5g/1L CAR/10x10,7,BOX,X
1113,S9906729,DRC Measles Kit 2021,S9996721,DRC Measles Kit 2021 SUB 1/5,,,0040,S0709234,"Cannula IV short 24G, ster, disp, BOX-50",1,EA,X
1114,S9906729,DRC Measles Kit 2021,S9996721,DRC Measles Kit 2021 SUB 1/5,,,0050,S1580022,ORS fl.1Lx2+ Zinc 20mg 10tabs.kit/PAC,20,PAC,X
1115,S9906729,DRC Measles Kit 2021,S9996721,DRC Measles Kit 2021 SUB 1/5,,,0060,S0523055,"Compress,gauze,10x10cm,ster/PAC-5",20,PAC,X
1116,S9906729,DRC Measles Kit 2021,S9996721,DRC Measles Kit 2021 SUB 1/5,,,0070,S0747440,"Needle,disp,22G,ster/BOX-100",1,BOX,X
1117,S9906729,DRC Measles Kit 2021,S9996721,DRC Measles Kit 2021 SUB 1/5,,,0080,S0709233,"Cannula IV short 22G, ster, disp, BOX-50",1,EA,X
1118,S9906729,DRC Measles Kit 2021,S9996721,DRC Measles Kit 2021 SUB 1/5,,,0090,S0747452,"Needle,disp,23G,ster/BOX-100",1,BOX,X
1119,S9906729,DRC Measles Kit 2021,S9996721,DRC Measles Kit 2021 SUB 1/5,,,0100,S0531991,"Infusion giving set,sterile,s.u.",25,EA,X
1120,S9906729,DRC Measles Kit 2021,S9996722,DRC Measles Kit 2021 SUB 2/5,,,,S9996722,DRC Measles Kit 2021 SUB 2/5,0,,
1121,S9906729,DRC Measles Kit 2021,S9996722,DRC Measles Kit 2021 SUB 2/5,,,0010,S0330030,"Gloves,exam,latex,pwdfree,L,BOX-100",1,EA,X
1122,S9906729,DRC Measles Kit 2021,S9996722,DRC Measles Kit 2021 SUB 2/5,,,0020,S0519000,"Cotton wool,500g,roll,non-ster",1,EA,X
1123,S9906729,DRC Measles Kit 2021,S9996722,DRC Measles Kit 2021 SUB 2/5,,,0030,S1560832,Water for injection 10ml amp/BOX-50,3,EA,X
1124,S9906729,DRC Measles Kit 2021,S9996722,DRC Measles Kit 2021 SUB 2/5,,,0040,S1505099,Ampicillin pdr/inj 500mg vial/BOX-50,3,BOX,X
1125,S9906729,DRC Measles Kit 2021,S9996722,DRC Measles Kit 2021 SUB 2/5,,,0050,S1553105,Povidone iodine sol 10%/BOT-500ml,2,BOT,X
1126,S9906729,DRC Measles Kit 2021,S9996722,DRC Measles Kit 2021 SUB 2/5,,,0060,S1519500,Benzyl benzoate 25% lotion /BOT-1000ml,2,BOT,X
1127,S9906729,DRC Measles Kit 2021,S9996722,DRC Measles Kit 2021 SUB 2/5,,,0070,S1531505,Chlorhexidine conc. sol. 5%/BOT-1000ml,1,BOT,X
1128,S9906729,DRC Measles Kit 2021,S9996722,DRC Measles Kit 2021 SUB 2/5,,,0080,S9008034,"Double-wall ctn.60x40x33.3 cm, 0.08 m3",1,EA,
1129,S9906729,DRC Measles Kit 2021,S9996722,DRC Measles Kit 2021 SUB 2/5,,,0090,S9996726,DRC Measles Kit 2021 PP 1/1,1,EA,X
1130,S9906729,DRC Measles Kit 2021,S9996723,DRC Measles Kit 2021 SUB 3/5,,,,S9996723,DRC Measles Kit 2021 SUB 3/5,0,,
1131,S9906729,DRC Measles Kit 2021,S9996723,DRC Measles Kit 2021 SUB 3/5,,,0010,S1560826,Compound Sodium Lactate 500ml bot/BOX-20,1,EA,X
1132,S9906729,DRC Measles Kit 2021,S9996724,DRC Measles Kit 2021 SUB 4/5,,,,S9996724,DRC Measles Kit 2021 SUB 4/5,0,,
1133,S9906729,DRC Measles Kit 2021,S9996724,DRC Measles Kit 2021 SUB 4/5,,,0010,S1580022,ORS fl.1Lx2+ Zinc 20mg 10tabs.kit/PAC,140,PAC,X
1134,S9906729,DRC Measles Kit 2021,S9996725,DRC Measles Kit 2021 SUB 5/5,,,,S9996725,DRC Measles Kit 2021 SUB 5/5,0,,
1135,S9906729,DRC Measles Kit 2021,S9996725,DRC Measles Kit 2021 SUB 5/5,,,0010,S1580022,ORS fl.1Lx2+ Zinc 20mg 10tabs.kit/PAC,140,PAC,X
1136,S9906729,DRC Measles Kit 2021,S9996722,DRC Measles Kit 2021 SUB 2/5,S9996726,DRC Measles Kit 2021 PP 1/1,,S9996726,DRC Measles Kit 2021 PP 1/1,0,,
1137,S9906729,DRC Measles Kit 2021,S9996722,DRC Measles Kit 2021 SUB 2/5,S9996726,DRC Measles Kit 2021 PP 1/1,0010,S0521425,"Sachet,tablet,plastic,10x16cm/PAC-100",1,EA,
1138,S9906729,DRC Measles Kit 2021,S9996722,DRC Measles Kit 2021 SUB 2/5,S9996726,DRC Measles Kit 2021 PP 1/1,0020,S1552610,Hydrocortisone pdr/inj 100mg vial/BOX-10,1,BOX,X
1139,S9906729,DRC Measles Kit 2021,S9996722,DRC Measles Kit 2021 SUB 2/5,S9996726,DRC Measles Kit 2021 PP 1/1,0030,S1551960,Gentamicin inj 40mg/ml 2ml amp/BOX-50,2,BOX,X
1140,S9906729,DRC Measles Kit 2021,S9996722,DRC Measles Kit 2021 SUB 2/5,S9996726,DRC Measles Kit 2021 PP 1/1,0040,S1580020,Zinc 20mg tablets/PAC-10x10,7,PAC,X
1141,S9906729,DRC Measles Kit 2021,S9996722,DRC Measles Kit 2021 SUB 2/5,S9996726,DRC Measles Kit 2021 PP 1/1,0050,S1555370,Albendazole 400mg chewable tabs/PAC-100,1,PAC,X
1142,S9906729,DRC Measles Kit 2021,S9996722,DRC Measles Kit 2021 SUB 2/5,S9996726,DRC Measles Kit 2021 PP 1/1,0060,S1505043,Amoxicillin 250mg disp.tab/PAC-(10x10),2,PAC,X
1143,S9906729,DRC Measles Kit 2021,S9996722,DRC Measles Kit 2021 SUB 2/5,S9996726,DRC Measles Kit 2021 PP 1/1,0070,S1514148,Prednisolone 5mg tabs/PAC-10x10,1,PAC,X
1144,S9906729,DRC Measles Kit 2021,S9996722,DRC Measles Kit 2021 SUB 2/5,S9996726,DRC Measles Kit 2021 PP 1/1,0080,S1555979,Paracetamol 100mg disp. tabs/PAC-100,10,PAC,X
1145,S9906729,DRC Measles Kit 2021,S9996722,DRC Measles Kit 2021 SUB 2/5,S9996726,DRC Measles Kit 2021 PP 1/1,0090,S1555964,Paracetamol 500mg tabs/PAC-10x10,10,PAC,X
1146,S9906729,DRC Measles Kit 2021,S9996722,DRC Measles Kit 2021 SUB 2/5,S9996726,DRC Measles Kit 2021 PP 1/1,0100,S1583000,"Retinol 200,000IU soft gel.caps/PAC-500",1,PAC,X
1147,S9906729,DRC Measles Kit 2021,S9996722,DRC Measles Kit 2021 SUB 2/5,S9996726,DRC Measles Kit 2021 PP 1/1,0110,S1583015,"Retinol 100,000IU soft gel.caps/PAC-500",1,PAC,X
1148,S9906729,DRC Measles Kit 2021,S9996722,DRC Measles Kit 2021 SUB 2/5,S9996726,DRC Measles Kit 2021 PP 1/1,0120,S1521012,Erythromycin 0.5% eye ointment/TBE-3.5g,100,TBE,X
1149,S9906729,DRC Measles Kit 2021,S9996722,DRC Measles Kit 2021 SUB 2/5,S9996726,DRC Measles Kit 2021 PP 1/1,0130,S8942200,"Pre-pack Ctn,  37.5x29x19.5 cm, 0.021 m3",1,EA,
1150,S9906731,DPRK HHD Kit Refill 2018,,,,,0010,S9008034,"Double-wall ctn.60x40x33.3 cm, 0.08 m3",1,EA,
1151,S9906731,DPRK HHD Kit Refill 2018,,,,,0020,S0782111,"Syringe,disp,5ml,w/ndl,21G/BOX-100",3,BOX,X
1152,S9906731,DPRK HHD Kit Refill 2018,,,,,0030,S9999921,Prepack 1/2 DPRK HHD 2018,1,EA,X
1153,S9906731,DPRK HHD Kit Refill 2018,,,,,0040,S1561120,ORS low osm. 20.5g/1L CAR/10x10,1,BOX,X
1154,S9906731,DPRK HHD Kit Refill 2018,,,,,0050,S9999922,Prepack 2/2 DPRK HHD 2018,1,EA,X
1155,S9906731,DPRK HHD Kit Refill 2018,,,S9999921,Prepack 1/2 DPRK HHD 2018,,S9999921,Prepack 1/2 DPRK HHD 2018,0.000,,
1156,S9906731,DPRK HHD Kit Refill 2018,,,S9999921,Prepack 1/2 DPRK HHD 2018,0010,S8941505,"Pre-pack Carton, 32x24x20 cm, 0.015 m3",1,EA,
1157,S9906731,DPRK HHD Kit Refill 2018,,,S9999921,Prepack 1/2 DPRK HHD 2018,0020,S0969025,"Gloves,exam,nitrile,pwdfree,M,BOX-100",1,EA,X
1158,S9906731,DPRK HHD Kit Refill 2018,,,S9999921,Prepack 1/2 DPRK HHD 2018,0030,S1505043,Amoxicillin 250mg disp.tab/PAC-(10x10),4,PAC,X
1159,S9906731,DPRK HHD Kit Refill 2018,,,S9999921,Prepack 1/2 DPRK HHD 2018,0040,S0523015,"Compress,gauze,10x10cm,n/ster/PAC-100",1,EA,X
1160,S9906731,DPRK HHD Kit Refill 2018,,,S9999921,Prepack 1/2 DPRK HHD 2018,0050,S1553105,Povidone iodine sol 10%/BOT-500ml,1,BOT,X
1161,S9906731,DPRK HHD Kit Refill 2018,,,S9999921,Prepack 1/2 DPRK HHD 2018,0060,S1537120,Sulf.800mg+Trimet.160mg tabs/PAC-10x10,5,PAC,X
1162,S9906731,DPRK HHD Kit Refill 2018,,,S9999921,Prepack 1/2 DPRK HHD 2018,0070,S1555964,Paracetamol 500mg tabs/PAC-10x10,4,PAC,X
1163,S9906731,DPRK HHD Kit Refill 2018,,,S9999921,Prepack 1/2 DPRK HHD 2018,0080,S0521425,"Sachet,tablet,plastic,10x16cm/PAC-100",5,EA,
1164,S9906731,DPRK HHD Kit Refill 2018,,,S9999922,Prepack 2/2 DPRK HHD 2018,,S9999922,Prepack 2/2 DPRK HHD 2018,0.000,,
1165,S9906731,DPRK HHD Kit Refill 2018,,,S9999922,Prepack 2/2 DPRK HHD 2018,0010,S8941100,"Pre-pack Carton, 29x19x20 cm, 0.011 m3",1,EA,
1166,S9906731,DPRK HHD Kit Refill 2018,,,S9999922,Prepack 2/2 DPRK HHD 2018,0020,S1580020,Zinc 20mg tablets/PAC-10x10,10,PAC,X
1167,S9906731,DPRK HHD Kit Refill 2018,,,S9999922,Prepack 2/2 DPRK HHD 2018,0030,S1537150,Sulf.100mg+Trimet.20mg disp.tab/PAC10x10,3,PAC,X
1168,S9906731,DPRK HHD Kit Refill 2018,,,S9999922,Prepack 2/2 DPRK HHD 2018,0040,S1562020,Salbutamol oral inh. 0.1mg/ds 200ds,1,EA,X
1169,S9906731,DPRK HHD Kit Refill 2018,,,S9999922,Prepack 2/2 DPRK HHD 2018,0050,S1555977,Paracetamol 100mg tabs/PAC-100,2,PAC,X
1170,S9906731,DPRK HHD Kit Refill 2018,,,S9999922,Prepack 2/2 DPRK HHD 2018,0060,S1580101,"Micronutrient tabs, pregnancy/BOT-100",4,EA,X
1171,S9906731,DPRK HHD Kit Refill 2018,,,S9999922,Prepack 2/2 DPRK HHD 2018,0070,S1510000,Tetracycline eye ointment 1%/TBE-5g,10,TBE,X
1172,S9906731,DPRK HHD Kit Refill 2018,,,S9999922,Prepack 2/2 DPRK HHD 2018,0080,S0503015,"Medical tape,2.5cmx5m,roll",2,EA,X
1173,S9906731,DPRK HHD Kit Refill 2018,,,S9999922,Prepack 2/2 DPRK HHD 2018,0090,S0512015,"Bandage,elastic,7.5cmx5m,roll",5,EA,X
1174,S9906731,DPRK HHD Kit Refill 2018,,,S9999922,Prepack 2/2 DPRK HHD 2018,0100,S1580201,"Multiple micronutrient pdr,sach./PAC-30",5,PAC,X
1175,S9906732,DPRK Household Doctors Kit 2018,,,,,0010,S9008034,"Double-wall ctn.60x40x33.3 cm, 0.08 m3",1,EA,
1176,S9906732,DPRK Household Doctors Kit 2018,,,,,0020,S9999921,Prepack 1/2 DPRK HHD 2018,1,EA,X
1177,S9906732,DPRK Household Doctors Kit 2018,,,,,0030,S0686000,"Stethoscope,binaural,complete",1,EA,
1178,S9906732,DPRK Household Doctors Kit 2018,,,,,0040,S9999922,Prepack 2/2 DPRK HHD 2018,1,EA,X
1179,S9906732,DPRK Household Doctors Kit 2018,,,,,0050,S0782111,"Syringe,disp,5ml,w/ndl,21G/BOX-100",3,BOX,X
1180,S9906732,DPRK Household Doctors Kit 2018,,,,,0060,S1561120,ORS low osm. 20.5g/1L CAR/10x10,1,BOX,X
1181,S9906732,DPRK Household Doctors Kit 2018,,,,,0070,S0683200,"Sphygmomanometer,(adult),aneroid",1,EA,
1182,S9906732,DPRK Household Doctors Kit 2018,,,,,0080,S0621001,"Tongue depressor,wooden,disp/BOX-100",1,EA,
1183,S9906732,DPRK Household Doctors Kit 2018,,,,,0090,S0145620,"MUAC,Child 11.5 Red,PAC-50,English",1,PAC,
1184,S9906732,DPRK Household Doctors Kit 2018,,,,,0100,S9999920,Bag DPRK HHD 2018,1,EA,X
1185,S9906732,DPRK Household Doctors Kit 2018,,,S9999921,Prepack 1/2 DPRK HHD 2018,,S9999921,Prepack 1/2 DPRK HHD 2018,0.000,,
1186,S9906732,DPRK Household Doctors Kit 2018,,,S9999921,Prepack 1/2 DPRK HHD 2018,0010,S8941505,"Pre-pack Carton, 32x24x20 cm, 0.015 m3",1,EA,
1187,S9906732,DPRK Household Doctors Kit 2018,,,S9999921,Prepack 1/2 DPRK HHD 2018,0020,S0969025,"Gloves,exam,nitrile,pwdfree,M,BOX-100",1,EA,X
1188,S9906732,DPRK Household Doctors Kit 2018,,,S9999921,Prepack 1/2 DPRK HHD 2018,0030,S1505043,Amoxicillin 250mg disp.tab/PAC-(10x10),4,PAC,X
1189,S9906732,DPRK Household Doctors Kit 2018,,,S9999921,Prepack 1/2 DPRK HHD 2018,0040,S0523015,"Compress,gauze,10x10cm,n/ster/PAC-100",1,EA,X
1190,S9906732,DPRK Household Doctors Kit 2018,,,S9999921,Prepack 1/2 DPRK HHD 2018,0050,S1553105,Povidone iodine sol 10%/BOT-500ml,1,BOT,X
1191,S9906732,DPRK Household Doctors Kit 2018,,,S9999921,Prepack 1/2 DPRK HHD 2018,0060,S1537120,Sulf.800mg+Trimet.160mg tabs/PAC-10x10,5,PAC,X
1192,S9906732,DPRK Household Doctors Kit 2018,,,S9999921,Prepack 1/2 DPRK HHD 2018,0070,S1555964,Paracetamol 500mg tabs/PAC-10x10,4,PAC,X
1193,S9906732,DPRK Household Doctors Kit 2018,,,S9999921,Prepack 1/2 DPRK HHD 2018,0080,S0521425,"Sachet,tablet,plastic,10x16cm/PAC-100",5,EA,
1194,S9906732,DPRK Household Doctors Kit 2018,,,S9999922,Prepack 2/2 DPRK HHD 2018,,S9999922,Prepack 2/2 DPRK HHD 2018,0.000,,
1195,S9906732,DPRK Household Doctors Kit 2018,,,S9999922,Prepack 2/2 DPRK HHD 2018,0010,S8941100,"Pre-pack Carton, 29x19x20 cm, 0.011 m3",1,EA,
1196,S9906732,DPRK Household Doctors Kit 2018,,,S9999922,Prepack 2/2 DPRK HHD 2018,0020,S1580020,Zinc 20mg tablets/PAC-10x10,10,PAC,X
1197,S9906732,DPRK Household Doctors Kit 2018,,,S9999922,Prepack 2/2 DPRK HHD 2018,0030,S1537150,Sulf.100mg+Trimet.20mg disp.tab/PAC10x10,3,PAC,X
1198,S9906732,DPRK Household Doctors Kit 2018,,,S9999922,Prepack 2/2 DPRK HHD 2018,0040,S1562020,Salbutamol oral inh. 0.1mg/ds 200ds,1,EA,X
1199,S9906732,DPRK Household Doctors Kit 2018,,,S9999922,Prepack 2/2 DPRK HHD 2018,0050,S1555977,Paracetamol 100mg tabs/PAC-100,2,PAC,X
1200,S9906732,DPRK Household Doctors Kit 2018,,,S9999922,Prepack 2/2 DPRK HHD 2018,0060,S1580101,"Micronutrient tabs, pregnancy/BOT-100",4,EA,X
1201,S9906732,DPRK Household Doctors Kit 2018,,,S9999922,Prepack 2/2 DPRK HHD 2018,0070,S1510000,Tetracycline eye ointment 1%/TBE-5g,10,TBE,X
1202,S9906732,DPRK Household Doctors Kit 2018,,,S9999922,Prepack 2/2 DPRK HHD 2018,0080,S0503015,"Medical tape,2.5cmx5m,roll",2,EA,X
1203,S9906732,DPRK Household Doctors Kit 2018,,,S9999922,Prepack 2/2 DPRK HHD 2018,0090,S0512015,"Bandage,elastic,7.5cmx5m,roll",5,EA,X
1204,S9906732,DPRK Household Doctors Kit 2018,,,S9999922,Prepack 2/2 DPRK HHD 2018,0100,S1580201,"Multiple micronutrient pdr,sach./PAC-30",5,PAC,X
1205,S9906732,DPRK Household Doctors Kit 2018,,,S9999920,Bag DPRK HHD 2018,,S9999920,Bag DPRK HHD 2018,0.000,,
1206,S9906732,DPRK Household Doctors Kit 2018,,,S9999920,Bag DPRK HHD 2018,0010,S0481056,"Thermometer, clinical, digital, no Li",2,EA,X
1207,S9906732,DPRK Household Doctors Kit 2018,,,S9999920,Bag DPRK HHD 2018,0020,S0773500,"Scissors,Deaver,140mm,str,s/b",1,EA,
1208,S9906732,DPRK Household Doctors Kit 2018,,,S9999920,Bag DPRK HHD 2018,0030,S0721000,"Forceps,dressing,standard,155mm,str",1,EA,
1209,S9906733,South Sudan PHCC Kit 2018 Basic Medicin,S9993731,SUB 1/9 S.Sudan PHCC18  B.Med S9906733,,,,S9993731,SUB 1/9 S.Sudan PHCC18  B.Med S9906733,0.000,,
1210,S9906733,South Sudan PHCC Kit 2018 Basic Medicin,S9993731,SUB 1/9 S.Sudan PHCC18  B.Med S9906733,,,0010,S1537310,Cloxacillin 250mg caps/PAC-500,20,PAC,X
1211,S9906733,South Sudan PHCC Kit 2018 Basic Medicin,S9993731,SUB 1/9 S.Sudan PHCC18  B.Med S9906733,,,0020,S1553011,Ibuprofen 400mg tabs/PAC 10x10,10,PAC,X
1212,S9906733,South Sudan PHCC Kit 2018 Basic Medicin,S9993731,SUB 1/9 S.Sudan PHCC18  B.Med S9906733,,,0030,S1552510,Zinc oxide ointment 10%/TBE-100g,15,TBE,X
1213,S9906733,South Sudan PHCC Kit 2018 Basic Medicin,S9993731,SUB 1/9 S.Sudan PHCC18  B.Med S9906733,,,0040,S9993736,PP1/5 f SUB 1/5 S.Sudan18 B.Med S9906733,1,EA,X
1214,S9906733,South Sudan PHCC Kit 2018 Basic Medicin,S9993731,SUB 1/9 S.Sudan PHCC18  B.Med S9906733,,,0050,S9993737,PP2/5 f SUB 1/5 S.Sudan18 B.Med S9906733,1,EA,X
1215,S9906733,South Sudan PHCC Kit 2018 Basic Medicin,S9993731,SUB 1/9 S.Sudan PHCC18  B.Med S9906733,,,0060,S9012024,"Double-wall ctn.60x40x50 cm, 0.120 m3",1,EA,
1216,S9906733,South Sudan PHCC Kit 2018 Basic Medicin,S9993732,SUB 2/9 S.Sudan PHCC18  B.Med S9906733,,,,S9993732,SUB 2/9 S.Sudan PHCC18  B.Med S9906733,0.000,,
1217,S9906733,South Sudan PHCC Kit 2018 Basic Medicin,S9993732,SUB 2/9 S.Sudan PHCC18  B.Med S9906733,,,0010,S9012024,"Double-wall ctn.60x40x50 cm, 0.120 m3",1,EA,
1218,S9906733,South Sudan PHCC Kit 2018 Basic Medicin,S9993732,SUB 2/9 S.Sudan PHCC18  B.Med S9906733,,,0020,S1531011,Azithromycin pdr/or s 200mg/5ml/BOT-15ml,50,BOT,X
1219,S9906733,South Sudan PHCC Kit 2018 Basic Medicin,S9993732,SUB 2/9 S.Sudan PHCC18  B.Med S9906733,,,0030,S9993739,PP4/5 f SUB 3/5 S.Sudan18 B.Med S9906733,1,EA,X
1220,S9906733,South Sudan PHCC Kit 2018 Basic Medicin,S9993732,SUB 2/9 S.Sudan PHCC18  B.Med S9906733,,,0040,S1531505,Chlorhexidine conc. sol. 5%/BOT-1000ml,2,BOT,X
1221,S9906733,South Sudan PHCC Kit 2018 Basic Medicin,S9993732,SUB 2/9 S.Sudan PHCC18  B.Med S9906733,,,0050,S1553105,Povidone iodine sol 10%/BOT-500ml,2,BOT,X
1222,S9906733,South Sudan PHCC Kit 2018 Basic Medicin,S9993732,SUB 2/9 S.Sudan PHCC18  B.Med S9906733,,,0070,S1505122,Silver Sulfadiaz. 1% cream 50g unsterile,50,EA,X
1223,S9906733,South Sudan PHCC Kit 2018 Basic Medicin,S9993732,SUB 2/9 S.Sudan PHCC18  B.Med S9906733,,,0090,S1531042,Chlorhex.diglu.7.1% gel cord.c.TBE/20g,100,EA,X
1224,S9906733,South Sudan PHCC Kit 2018 Basic Medicin,S9993732,SUB 2/9 S.Sudan PHCC18  B.Med S9906733,,,0100,S1568045,Sulfadox+Pyrimeth 500+25mg tabs/PAC-1000,2,PAC,X
1225,S9906733,South Sudan PHCC Kit 2018 Basic Medicin,S9993733,SUB 3/9 S.Sudan PHCC18  B.Med S9906733,,,,S9993733,SUB 3/9 S.Sudan PHCC18  B.Med S9906733,0.000,,
1226,S9906733,South Sudan PHCC Kit 2018 Basic Medicin,S9993733,SUB 3/9 S.Sudan PHCC18  B.Med S9906733,,,0010,S1580006,Ascorbic acid 250mg tabs/100x10BLIS,2,EA,X
1227,S9906733,South Sudan PHCC Kit 2018 Basic Medicin,S9993733,SUB 3/9 S.Sudan PHCC18  B.Med S9906733,,,0050,S9019200,"Double-wall ctn.100x40x48cm, 0.192 m3",1,EA,
1228,S9906733,South Sudan PHCC Kit 2018 Basic Medicin,S9993733,SUB 3/9 S.Sudan PHCC18  B.Med S9906733,,,0130,S1555370,Albendazole 400mg chewable tabs/PAC-100,10,PAC,X
1229,S9906733,South Sudan PHCC Kit 2018 Basic Medicin,S9993733,SUB 3/9 S.Sudan PHCC18  B.Med S9906733,,,0140,S1505043,Amoxicillin 250mg disp.tab/PAC-(10x10),200,PAC,X
1230,S9906733,South Sudan PHCC Kit 2018 Basic Medicin,S9993733,SUB 3/9 S.Sudan PHCC18  B.Med S9906733,,,0330,S1510000,Tetracycline eye ointment 1%/TBE-5g,50,TBE,X
1231,S9906733,South Sudan PHCC Kit 2018 Basic Medicin,S9993733,SUB 3/9 S.Sudan PHCC18  B.Med S9906733,,,0350,S9993738,PP3/5 f SUB 4/5 S.Sudan18 B.Med S9906733,1,EA,X
1232,S9906733,South Sudan PHCC Kit 2018 Basic Medicin,S9993734,SUB 4/9 S.Sudan PHCC18  B.Med S9906733,,,,S9993734,SUB 4/9 S.Sudan PHCC18  B.Med S9906733,0.000,,
1233,S9906733,South Sudan PHCC Kit 2018 Basic Medicin,S9993734,SUB 4/9 S.Sudan PHCC18  B.Med S9906733,,,0030,S9016023,"Double-wall ctn.80x40x50 cm, 0.160 m3",1,EA,
1234,S9906733,South Sudan PHCC Kit 2018 Basic Medicin,S9993734,SUB 4/9 S.Sudan PHCC18  B.Med S9906733,,,0270,S1580020,Zinc 20mg tablets/PAC-10x10,35,PAC,X
1235,S9906733,South Sudan PHCC Kit 2018 Basic Medicin,S9993734,SUB 4/9 S.Sudan PHCC18  B.Med S9906733,,,0290,S1505046,Amoxicillin 125mg/5ml pdr.or.s/BOT-100ml,200,BOT,X
1236,S9906733,South Sudan PHCC Kit 2018 Basic Medicin,S9993734,SUB 4/9 S.Sudan PHCC18  B.Med S9906733,,,0320,S9993730,PP5/5 f SUB 4/5 S.Sudan18 B.Med S9906733,2,EA,X
1237,S9906733,South Sudan PHCC Kit 2018 Basic Medicin,S9993735,SUB 5/9 S.Sudan PHCC18  B.Med S9906733,,,,S9993735,SUB 5/9 S.Sudan PHCC18  B.Med S9906733,0.000,,
1238,S9906733,South Sudan PHCC Kit 2018 Basic Medicin,S9993735,SUB 5/9 S.Sudan PHCC18  B.Med S9906733,,,0010,S1561120,ORS low osm. 20.5g/1L CAR/10x10,10,BOX,X
1239,S9906733,South Sudan PHCC Kit 2018 Basic Medicin,S9993840,SUB 6/9 S.Sudan PHCC18  B.Med S9906733,,,,S9993840,SUB 6/9 S.Sudan PHCC18  B.Med S9906733,0.000,,
1240,S9906733,South Sudan PHCC Kit 2018 Basic Medicin,S9993840,SUB 6/9 S.Sudan PHCC18  B.Med S9906733,,,0010,S1580022,ORS fl.1Lx2+ Zinc 20mg 10tabs.kit/PAC,360,PAC,X
1241,S9906733,South Sudan PHCC Kit 2018 Basic Medicin,S9993840,SUB 6/9 S.Sudan PHCC18  B.Med S9906733,,,0020,S9016023,"Double-wall ctn.80x40x50 cm, 0.160 m3",1,EA,
1242,S9906733,South Sudan PHCC Kit 2018 Basic Medicin,S9993841,SUB 7/9 S.Sudan PHCC18  B.Med S9906733,,,,S9993841,SUB 7/9 S.Sudan PHCC18  B.Med S9906733,0.000,,
1243,S9906733,South Sudan PHCC Kit 2018 Basic Medicin,S9993841,SUB 7/9 S.Sudan PHCC18  B.Med S9906733,,,0010,S9019200,"Double-wall ctn.100x40x48cm, 0.192 m3",1,EA,
1244,S9906733,South Sudan PHCC Kit 2018 Basic Medicin,S9993841,SUB 7/9 S.Sudan PHCC18  B.Med S9906733,,,0020,S1555964,Paracetamol 500mg tabs/PAC-10x10,260,PAC,X
1245,S9906733,South Sudan PHCC Kit 2018 Basic Medicin,S9993841,SUB 7/9 S.Sudan PHCC18  B.Med S9906733,,,0030,S1505043,Amoxicillin 250mg disp.tab/PAC-(10x10),100,PAC,X
1246,S9906733,South Sudan PHCC Kit 2018 Basic Medicin,S9993842,SUB 8/9 S.Sudan PHCC18  B.Med S9906733,,,,S9993842,SUB 8/9 S.Sudan PHCC18  B.Med S9906733,0.000,,
1247,S9906733,South Sudan PHCC Kit 2018 Basic Medicin,S9993842,SUB 8/9 S.Sudan PHCC18  B.Med S9906733,,,0010,S1505046,Amoxicillin 125mg/5ml pdr.or.s/BOT-100ml,300,BOT,X
1248,S9906733,South Sudan PHCC Kit 2018 Basic Medicin,S9993842,SUB 8/9 S.Sudan PHCC18  B.Med S9906733,,,0020,S9012024,"Double-wall ctn.60x40x50 cm, 0.120 m3",1,EA,
1249,S9906733,South Sudan PHCC Kit 2018 Basic Medicin,S9993843,SUB 9/9 S.Sudan PHCC18  B.Med S9906733,,,,S9993843,SUB 9/9 S.Sudan PHCC18  B.Med S9906733,0.000,,
1250,S9906733,South Sudan PHCC Kit 2018 Basic Medicin,S9993843,SUB 9/9 S.Sudan PHCC18  B.Med S9906733,,,0010,S1580022,ORS fl.1Lx2+ Zinc 20mg 10tabs.kit/PAC,140,PAC,X
1251,S9906733,South Sudan PHCC Kit 2018 Basic Medicin,S9993843,SUB 9/9 S.Sudan PHCC18  B.Med S9906733,,,0020,S1505043,Amoxicillin 250mg disp.tab/PAC-(10x10),100,PAC,X
1252,S9906733,South Sudan PHCC Kit 2018 Basic Medicin,S9993843,SUB 9/9 S.Sudan PHCC18  B.Med S9906733,,,0030,S9012024,"Double-wall ctn.60x40x50 cm, 0.120 m3",1,EA,
1253,S9906733,South Sudan PHCC Kit 2018 Basic Medicin,S9993731,SUB 1/9 S.Sudan PHCC18  B.Med S9906733,S9993736,PP1/5 f SUB 1/5 S.Sudan18 B.Med S9906733,,S9993736,PP1/5 f SUB 1/5 S.Sudan18 B.Med S9906733,0.000,,
1254,S9906733,South Sudan PHCC Kit 2018 Basic Medicin,S9993731,SUB 1/9 S.Sudan PHCC18  B.Med S9906733,S9993736,PP1/5 f SUB 1/5 S.Sudan18 B.Med S9906733,0010,S8942200,"Pre-pack Ctn,  37.5x29x19.5 cm, 0.021 m3",1,EA,
1255,S9906733,South Sudan PHCC Kit 2018 Basic Medicin,S9993731,SUB 1/9 S.Sudan PHCC18  B.Med S9906733,S9993736,PP1/5 f SUB 1/5 S.Sudan18 B.Med S9906733,0020,S1544402,Doxycycline 100mg tabs PAC/10x10,50,EA,X
1256,S9906733,South Sudan PHCC Kit 2018 Basic Medicin,S9993731,SUB 1/9 S.Sudan PHCC18  B.Med S9906733,S9993736,PP1/5 f SUB 1/5 S.Sudan18 B.Med S9906733,0030,S1531702,Promethazine 25mg tabs/PAC-10x10,2,PAC,X
1257,S9906733,South Sudan PHCC Kit 2018 Basic Medicin,S9993731,SUB 1/9 S.Sudan PHCC18  B.Med S9906733,S9993736,PP1/5 f SUB 1/5 S.Sudan18 B.Med S9906733,0040,S1583010,"Retinol 200,000IU soft gel.caps/PAC-100",10,PAC,X
1258,S9906733,South Sudan PHCC Kit 2018 Basic Medicin,S9993731,SUB 1/9 S.Sudan PHCC18  B.Med S9906733,S9993736,PP1/5 f SUB 1/5 S.Sudan18 B.Med S9906733,0050,S1552412,Atenolol 50mg tabs/PAC-10x10,10,PAC,X
1259,S9906733,South Sudan PHCC Kit 2018 Basic Medicin,S9993731,SUB 1/9 S.Sudan PHCC18  B.Med S9906733,S9993736,PP1/5 f SUB 1/5 S.Sudan18 B.Med S9906733,0060,S1562020,Salbutamol oral inh. 0.1mg/ds 200ds,5,EA,X
1260,S9906733,South Sudan PHCC Kit 2018 Basic Medicin,S9993731,SUB 1/9 S.Sudan PHCC18  B.Med S9906733,S9993737,PP2/5 f SUB 1/5 S.Sudan18 B.Med S9906733,,S9993737,PP2/5 f SUB 1/5 S.Sudan18 B.Med S9906733,0.000,,
1261,S9906733,South Sudan PHCC Kit 2018 Basic Medicin,S9993731,SUB 1/9 S.Sudan PHCC18  B.Med S9906733,S9993737,PP2/5 f SUB 1/5 S.Sudan18 B.Med S9906733,0170,S1555710,Ciprofloxacin 500mg tabs/PAC-10,25,PAC,X
1262,S9906733,South Sudan PHCC Kit 2018 Basic Medicin,S9993731,SUB 1/9 S.Sudan PHCC18  B.Med S9906733,S9993737,PP2/5 f SUB 1/5 S.Sudan18 B.Med S9906733,0180,S1546315,Erythromycin 250mg tabs/PAC-10x10,10,PAC,X
1263,S9906733,South Sudan PHCC Kit 2018 Basic Medicin,S9993731,SUB 1/9 S.Sudan PHCC18  B.Med S9906733,S9993737,PP2/5 f SUB 1/5 S.Sudan18 B.Med S9906733,0200,S1550030,Iron 60mg + Folic ac. 400mcg tab/PAC-100,80,PAC,X
1264,S9906733,South Sudan PHCC Kit 2018 Basic Medicin,S9993731,SUB 1/9 S.Sudan PHCC18  B.Med S9906733,S9993737,PP2/5 f SUB 1/5 S.Sudan18 B.Med S9906733,0210,S1555653,Metronidazole 250mg tabs PAC/10x10,10,EA,X
1265,S9906733,South Sudan PHCC Kit 2018 Basic Medicin,S9993731,SUB 1/9 S.Sudan PHCC18  B.Med S9906733,S9993737,PP2/5 f SUB 1/5 S.Sudan18 B.Med S9906733,0260,S1562016,Salbutamol 4mg tablets /PAC-10x10,1,PAC,X
1266,S9906733,South Sudan PHCC Kit 2018 Basic Medicin,S9993731,SUB 1/9 S.Sudan PHCC18  B.Med S9906733,S9993737,PP2/5 f SUB 1/5 S.Sudan18 B.Med S9906733,0270,S8942200,"Pre-pack Ctn,  37.5x29x19.5 cm, 0.021 m3",1,EA,
1267,S9906733,South Sudan PHCC Kit 2018 Basic Medicin,S9993732,SUB 2/9 S.Sudan PHCC18  B.Med S9906733,S9993739,PP4/5 f SUB 3/5 S.Sudan18 B.Med S9906733,,S9993739,PP4/5 f SUB 3/5 S.Sudan18 B.Med S9906733,0.000,,
1268,S9906733,South Sudan PHCC Kit 2018 Basic Medicin,S9993732,SUB 2/9 S.Sudan PHCC18  B.Med S9906733,S9993739,PP4/5 f SUB 3/5 S.Sudan18 B.Med S9906733,0010,S8941505,"Pre-pack Carton, 32x24x20 cm, 0.015 m3",1,EA,
1269,S9906733,South Sudan PHCC Kit 2018 Basic Medicin,S9993732,SUB 2/9 S.Sudan PHCC18  B.Med S9906733,S9993739,PP4/5 f SUB 3/5 S.Sudan18 B.Med S9906733,0020,S1555690,Metronidazol pdr/o.s.200mg/5ml/BOT-100ml,50,BOT,X
1270,S9906733,South Sudan PHCC Kit 2018 Basic Medicin,S9993733,SUB 3/9 S.Sudan PHCC18  B.Med S9906733,S9993738,PP3/5 f SUB 4/5 S.Sudan18 B.Med S9906733,,S9993738,PP3/5 f SUB 4/5 S.Sudan18 B.Med S9906733,0.000,,
1271,S9906733,South Sudan PHCC Kit 2018 Basic Medicin,S9993733,SUB 3/9 S.Sudan PHCC18  B.Med S9906733,S9993738,PP3/5 f SUB 4/5 S.Sudan18 B.Med S9906733,0010,S1588355,Water purif.(NaDCC) 33mg tabs/PAC-50,10,PAC,X
1272,S9906733,South Sudan PHCC Kit 2018 Basic Medicin,S9993733,SUB 3/9 S.Sudan PHCC18  B.Med S9906733,S9993738,PP3/5 f SUB 4/5 S.Sudan18 B.Med S9906733,0030,S8942200,"Pre-pack Ctn,  37.5x29x19.5 cm, 0.021 m3",1,EA,
1273,S9906733,South Sudan PHCC Kit 2018 Basic Medicin,S9993733,SUB 3/9 S.Sudan PHCC18  B.Med S9906733,S9993738,PP3/5 f SUB 4/5 S.Sudan18 B.Med S9906733,0040,S1585009,Paracetamol 120mg/5ml or.liq/BOT-60ml,50,BOT,X
1274,S9906733,South Sudan PHCC Kit 2018 Basic Medicin,S9993733,SUB 3/9 S.Sudan PHCC18  B.Med S9906733,S9993738,PP3/5 f SUB 4/5 S.Sudan18 B.Med S9906733,0050,S1543711,Methyldopa 250mg tabs/PAC-10x10,2,EA,X
1275,S9906733,South Sudan PHCC Kit 2018 Basic Medicin,S9993733,SUB 3/9 S.Sudan PHCC18  B.Med S9906733,S9993738,PP3/5 f SUB 4/5 S.Sudan18 B.Med S9906733,0060,S1555652,Metronidazole 500mg tabs PAC/10x10,5,EA,X
1276,S9906733,South Sudan PHCC Kit 2018 Basic Medicin,S9993733,SUB 3/9 S.Sudan PHCC18  B.Med S9906733,S9993738,PP3/5 f SUB 4/5 S.Sudan18 B.Med S9906733,0070,S1514148,Prednisolone 5mg tabs/PAC-10x10,2,PAC,X
1277,S9906733,South Sudan PHCC Kit 2018 Basic Medicin,S9993733,SUB 3/9 S.Sudan PHCC18  B.Med S9906733,S9993738,PP3/5 f SUB 4/5 S.Sudan18 B.Med S9906733,0080,S1531704,Chlorphenamine maleate 4mg tabs/PAC-100,10,PAC,X
1278,S9906733,South Sudan PHCC Kit 2018 Basic Medicin,S9993733,SUB 3/9 S.Sudan PHCC18  B.Med S9906733,S9993738,PP3/5 f SUB 4/5 S.Sudan18 B.Med S9906733,0090,S1555410,Fluconazole 200mg caps/PAC-10x10,1,PAC,X
1279,S9906733,South Sudan PHCC Kit 2018 Basic Medicin,S9993733,SUB 3/9 S.Sudan PHCC18  B.Med S9906733,S9993738,PP3/5 f SUB 4/5 S.Sudan18 B.Med S9906733,0100,S1560609,Quinine sulfate 300mg tabs/PAC-10x10 gp,2,PAC,X
1280,S9906733,South Sudan PHCC Kit 2018 Basic Medicin,S9993734,SUB 4/9 S.Sudan PHCC18  B.Med S9906733,S9993730,PP5/5 f SUB 4/5 S.Sudan18 B.Med S9906733,,S9993730,PP5/5 f SUB 4/5 S.Sudan18 B.Med S9906733,0.000,,
1281,S9906733,South Sudan PHCC Kit 2018 Basic Medicin,S9993734,SUB 4/9 S.Sudan PHCC18  B.Med S9906733,S9993730,PP5/5 f SUB 4/5 S.Sudan18 B.Med S9906733,0010,S8942200,"Pre-pack Ctn,  37.5x29x19.5 cm, 0.021 m3",2,EA,
1282,S9906733,South Sudan PHCC Kit 2018 Basic Medicin,S9993734,SUB 4/9 S.Sudan PHCC18  B.Med S9906733,S9993730,PP5/5 f SUB 4/5 S.Sudan18 B.Med S9906733,0020,S1555945,Clotrimazole 500mg vag.tabs/applicator,100,EA,X
1283,S9906734,"South Sudan, PHCU Kit 2018",S9994731,"Sub1/8 South Sudan,PHCU Kit2018 S9906734",,,,S9994731,"Sub1/8 South Sudan,PHCU Kit2018 S9906734",0,,
1284,S9906734,"South Sudan, PHCU Kit 2018",S9994731,"Sub1/8 South Sudan,PHCU Kit2018 S9906734",,,0280,S0584631,"First Response Malaria Pf HRP2, kit/25",78,EA,X
1285,S9906734,"South Sudan, PHCU Kit 2018",S9994732,"Sub2/8 South Sudan,PHCU Kit2018 S9906734",,,,S9994732,"Sub2/8 South Sudan,PHCU Kit2018 S9906734",0,,
1286,S9906734,"South Sudan, PHCU Kit 2018",S9994732,"Sub2/8 South Sudan,PHCU Kit2018 S9906734",,,0010,S9012024,"Double-wall ctn.60x40x50 cm, 0.120 m3",1,EA,
1287,S9906734,"South Sudan, PHCU Kit 2018",S9994732,"Sub2/8 South Sudan,PHCU Kit2018 S9906734",,,0020,S9994735,"PP1/4 f Sub2/4 S.Sudan,PHCU Kit S9906734",1,EA,X
1288,S9906734,"South Sudan, PHCU Kit 2018",S9994732,"Sub2/8 South Sudan,PHCU Kit2018 S9906734",,,0040,S9994736,"PP2/4 f Sub2/4 S.Sudan,PHCU Kit S9906734",1,EA,X
1289,S9906734,"South Sudan, PHCU Kit 2018",S9994732,"Sub2/8 South Sudan,PHCU Kit2018 S9906734",,,0050,S0969026,"Gloves,exam,nitrile,pwdfree,L,BOX-100",2,EA,X
1290,S9906734,"South Sudan, PHCU Kit 2018",S9994732,"Sub2/8 South Sudan,PHCU Kit2018 S9906734",,,0060,S1580020,Zinc 20mg tablets/PAC-10x10,25,PAC,X
1291,S9906734,"South Sudan, PHCU Kit 2018",S9994732,"Sub2/8 South Sudan,PHCU Kit2018 S9906734",,,0070,S1505043,Amoxicillin 250mg disp.tab/PAC-(10x10),90,PAC,X
1292,S9906734,"South Sudan, PHCU Kit 2018",S9994733,"Sub3/8 South Sudan,PHCU Kit2018 S9906734",,,,S9994733,"Sub3/8 South Sudan,PHCU Kit2018 S9906734",0,,
1293,S9906734,"South Sudan, PHCU Kit 2018",S9994733,"Sub3/8 South Sudan,PHCU Kit2018 S9906734",,,0050,S9012024,"Double-wall ctn.60x40x50 cm, 0.120 m3",1,EA,
1294,S9906734,"South Sudan, PHCU Kit 2018",S9994733,"Sub3/8 South Sudan,PHCU Kit2018 S9906734",,,0060,S9994737,"PP3/4 f Sub3/4 S.Sudan,PHCU Kit S9906734",1,EA,X
1295,S9906734,"South Sudan, PHCU Kit 2018",S9994733,"Sub3/8 South Sudan,PHCU Kit2018 S9906734",,,0120,S1555964,Paracetamol 500mg tabs/PAC-10x10,20,PAC,X
1296,S9906734,"South Sudan, PHCU Kit 2018",S9994733,"Sub3/8 South Sudan,PHCU Kit2018 S9906734",,,0130,S1555652,Metronidazole 500mg tabs PAC/10x10,20,EA,X
1297,S9906734,"South Sudan, PHCU Kit 2018",S9994733,"Sub3/8 South Sudan,PHCU Kit2018 S9906734",,,0190,S1531505,Chlorhexidine conc. sol. 5%/BOT-1000ml,1,BOT,X
1298,S9906734,"South Sudan, PHCU Kit 2018",S9994733,"Sub3/8 South Sudan,PHCU Kit2018 S9906734",,,0200,S1553105,Povidone iodine sol 10%/BOT-500ml,2,BOT,X
1299,S9906734,"South Sudan, PHCU Kit 2018",S9994733,"Sub3/8 South Sudan,PHCU Kit2018 S9906734",,,0210,S0519000,"Cotton wool,500g,roll,non-ster",10,EA,X
1300,S9906734,"South Sudan, PHCU Kit 2018",S9994733,"Sub3/8 South Sudan,PHCU Kit2018 S9906734",,,0230,S0584506,"Pregnancy,Urine,HCG,MidStream,1T/kit",150,EA,X
1301,S9906734,"South Sudan, PHCU Kit 2018",S9994733,"Sub3/8 South Sudan,PHCU Kit2018 S9906734",,,0240,S1568045,Sulfadox+Pyrimeth 500+25mg tabs/PAC-1000,2,PAC,X
1302,S9906734,"South Sudan, PHCU Kit 2018",S9994734,"Sub4/8 South Sudan,PHCU Kit2018 S9906734",,,,S9994734,"Sub4/8 South Sudan,PHCU Kit2018 S9906734",0,,
1303,S9906734,"South Sudan, PHCU Kit 2018",S9994734,"Sub4/8 South Sudan,PHCU Kit2018 S9906734",,,0030,S1531042,Chlorhex.diglu.7.1% gel cord.c.TBE/20g,75,EA,X
1304,S9906734,"South Sudan, PHCU Kit 2018",S9994734,"Sub4/8 South Sudan,PHCU Kit2018 S9906734",,,0050,S9016023,"Double-wall ctn.80x40x50 cm, 0.160 m3",1,EA,
1305,S9906734,"South Sudan, PHCU Kit 2018",S9994734,"Sub4/8 South Sudan,PHCU Kit2018 S9906734",,,0150,S1505046,Amoxicillin 125mg/5ml pdr.or.s/BOT-100ml,150,BOT,X
1306,S9906734,"South Sudan, PHCU Kit 2018",S9994734,"Sub4/8 South Sudan,PHCU Kit2018 S9906734",,,0300,S0584635,"Bioline Syphilis 3.0, kit/30",2,EA,X
1307,S9906734,"South Sudan, PHCU Kit 2018",S9994734,"Sub4/8 South Sudan,PHCU Kit2018 S9906734",,,0320,S9994738,"PP4/4 f Sub4/4 S.Sudan,PHCU Kit S9906734",1,EA,X
1308,S9906734,"South Sudan, PHCU Kit 2018",S9994730,"Sub5/8 South Sudan,PHCU Kit2018 S9906734",,,,S9994730,"Sub5/8 South Sudan,PHCU Kit2018 S9906734",0,,
1309,S9906734,"South Sudan, PHCU Kit 2018",S9994730,"Sub5/8 South Sudan,PHCU Kit2018 S9906734",,,0010,S1580022,ORS fl.1Lx2+ Zinc 20mg 10tabs.kit/PAC,140,PAC,X
1310,S9906734,"South Sudan, PHCU Kit 2018",S9994739,"Sub6/8 South Sudan,PHCU Kit2018 S9906734",,,,S9994739,"Sub6/8 South Sudan,PHCU Kit2018 S9906734",0,,
1311,S9906734,"South Sudan, PHCU Kit 2018",S9994739,"Sub6/8 South Sudan,PHCU Kit2018 S9906734",,,0010,S1580022,ORS fl.1Lx2+ Zinc 20mg 10tabs.kit/PAC,140,PAC,X
1312,S9906734,"South Sudan, PHCU Kit 2018",S9994831,"Sub7/8 South Sudan,PHCU Kit2018 S9906734",,,,S9994831,"Sub7/8 South Sudan,PHCU Kit2018 S9906734",0,,
1313,S9906734,"South Sudan, PHCU Kit 2018",S9994831,"Sub7/8 South Sudan,PHCU Kit2018 S9906734",,,0010,S1580022,ORS fl.1Lx2+ Zinc 20mg 10tabs.kit/PAC,140,PAC,X
1314,S9906734,"South Sudan, PHCU Kit 2018",S9994832,"Sub8/8 South Sudan,PHCU Kit2018 S9906734",,,,S9994832,"Sub8/8 South Sudan,PHCU Kit2018 S9906734",0,,
1315,S9906734,"South Sudan, PHCU Kit 2018",S9994832,"Sub8/8 South Sudan,PHCU Kit2018 S9906734",,,0010,S1580022,ORS fl.1Lx2+ Zinc 20mg 10tabs.kit/PAC,80,PAC,X
1316,S9906734,"South Sudan, PHCU Kit 2018",S9994832,"Sub8/8 South Sudan,PHCU Kit2018 S9906734",,,0020,S9003018,"Double-wall ctn.40x30x25 cm, 0.030 m3",1,EA,
1317,S9906734,"South Sudan, PHCU Kit 2018",S9994732,"Sub2/8 South Sudan,PHCU Kit2018 S9906734",S9994735,"PP1/4 f Sub2/4 S.Sudan,PHCU Kit S9906734",,S9994735,"PP1/4 f Sub2/4 S.Sudan,PHCU Kit S9906734",0,,
1318,S9906734,"South Sudan, PHCU Kit 2018",S9994732,"Sub2/8 South Sudan,PHCU Kit2018 S9906734",S9994735,"PP1/4 f Sub2/4 S.Sudan,PHCU Kit S9906734",0030,S1531704,Chlorphenamine maleate 4mg tabs/PAC-100,10,PAC,X
1319,S9906734,"South Sudan, PHCU Kit 2018",S9994732,"Sub2/8 South Sudan,PHCU Kit2018 S9906734",S9994735,"PP1/4 f Sub2/4 S.Sudan,PHCU Kit S9906734",0040,S1544402,Doxycycline 100mg tabs PAC/10x10,10,EA,X
1320,S9906734,"South Sudan, PHCU Kit 2018",S9994732,"Sub2/8 South Sudan,PHCU Kit2018 S9906734",S9994735,"PP1/4 f Sub2/4 S.Sudan,PHCU Kit S9906734",0080,S8942200,"Pre-pack Ctn,  37.5x29x19.5 cm, 0.021 m3",1,EA,
1321,S9906734,"South Sudan, PHCU Kit 2018",S9994732,"Sub2/8 South Sudan,PHCU Kit2018 S9906734",S9994735,"PP1/4 f Sub2/4 S.Sudan,PHCU Kit S9906734",0100,S1560609,Quinine sulfate 300mg tabs/PAC-10x10 gp,10,PAC,X
1322,S9906734,"South Sudan, PHCU Kit 2018",S9994732,"Sub2/8 South Sudan,PHCU Kit2018 S9906734",S9994735,"PP1/4 f Sub2/4 S.Sudan,PHCU Kit S9906734",0140,S1531009,Azithromycin 250mg tablets/PAC-6,20,PAC,X
1323,S9906734,"South Sudan, PHCU Kit 2018",S9994732,"Sub2/8 South Sudan,PHCU Kit2018 S9906734",S9994735,"PP1/4 f Sub2/4 S.Sudan,PHCU Kit S9906734",0160,S1585009,Paracetamol 120mg/5ml or.liq/BOT-60ml,50,BOT,X
1324,S9906734,"South Sudan, PHCU Kit 2018",S9994732,"Sub2/8 South Sudan,PHCU Kit2018 S9906734",S9994735,"PP1/4 f Sub2/4 S.Sudan,PHCU Kit S9906734",0180,S1510000,Tetracycline eye ointment 1%/TBE-5g,25,TBE,X
1325,S9906734,"South Sudan, PHCU Kit 2018",S9994732,"Sub2/8 South Sudan,PHCU Kit2018 S9906734",S9994735,"PP1/4 f Sub2/4 S.Sudan,PHCU Kit S9906734",0310,S0904991,"Test strip, urine, 10 parameter, box/100",2,EA,X
1326,S9906734,"South Sudan, PHCU Kit 2018",S9994732,"Sub2/8 South Sudan,PHCU Kit2018 S9906734",S9994735,"PP1/4 f Sub2/4 S.Sudan,PHCU Kit S9906734",0320,S0584635,"Bioline Syphilis 3.0, kit/30",2,EA,X
1327,S9906734,"South Sudan, PHCU Kit 2018",S9994732,"Sub2/8 South Sudan,PHCU Kit2018 S9906734",S9994736,"PP2/4 f Sub2/4 S.Sudan,PHCU Kit S9906734",,S9994736,"PP2/4 f Sub2/4 S.Sudan,PHCU Kit S9906734",0,,
1328,S9906734,"South Sudan, PHCU Kit 2018",S9994732,"Sub2/8 South Sudan,PHCU Kit2018 S9906734",S9994736,"PP2/4 f Sub2/4 S.Sudan,PHCU Kit S9906734",0050,S1546315,Erythromycin 250mg tabs/PAC-10x10,10,PAC,X
1329,S9906734,"South Sudan, PHCU Kit 2018",S9994732,"Sub2/8 South Sudan,PHCU Kit2018 S9906734",S9994736,"PP2/4 f Sub2/4 S.Sudan,PHCU Kit S9906734",0050,S8942200,"Pre-pack Ctn,  37.5x29x19.5 cm, 0.021 m3",1,EA,
1330,S9906734,"South Sudan, PHCU Kit 2018",S9994732,"Sub2/8 South Sudan,PHCU Kit2018 S9906734",S9994736,"PP2/4 f Sub2/4 S.Sudan,PHCU Kit S9906734",0060,S1550030,Iron 60mg + Folic ac. 400mcg tab/PAC-100,10,PAC,X
1331,S9906734,"South Sudan, PHCU Kit 2018",S9994732,"Sub2/8 South Sudan,PHCU Kit2018 S9906734",S9994736,"PP2/4 f Sub2/4 S.Sudan,PHCU Kit S9906734",0250,S0503015,"Medical tape,2.5cmx5m,roll",10,EA,X
1332,S9906734,"South Sudan, PHCU Kit 2018",S9994733,"Sub3/8 South Sudan,PHCU Kit2018 S9906734",S9994737,"PP3/4 f Sub3/4 S.Sudan,PHCU Kit S9906734",,S9994737,"PP3/4 f Sub3/4 S.Sudan,PHCU Kit S9906734",0,,
1333,S9906734,"South Sudan, PHCU Kit 2018",S9994733,"Sub3/8 South Sudan,PHCU Kit2018 S9906734",S9994737,"PP3/4 f Sub3/4 S.Sudan,PHCU Kit S9906734",0010,S1555370,Albendazole 400mg chewable tabs/PAC-100,25,PAC,X
1334,S9906734,"South Sudan, PHCU Kit 2018",S9994733,"Sub3/8 South Sudan,PHCU Kit2018 S9906734",S9994737,"PP3/4 f Sub3/4 S.Sudan,PHCU Kit S9906734",0060,S8942200,"Pre-pack Ctn,  37.5x29x19.5 cm, 0.021 m3",1,EA,
1335,S9906734,"South Sudan, PHCU Kit 2018",S9994733,"Sub3/8 South Sudan,PHCU Kit2018 S9906734",S9994737,"PP3/4 f Sub3/4 S.Sudan,PHCU Kit S9906734",0090,S1555979,Paracetamol 100mg disp. tabs/PAC-100,60,PAC,X
1336,S9906734,"South Sudan, PHCU Kit 2018",S9994733,"Sub3/8 South Sudan,PHCU Kit2018 S9906734",S9994737,"PP3/4 f Sub3/4 S.Sudan,PHCU Kit S9906734",0220,S0512025,"Bandage,gauze,8cmx4m,roll",10,EA,X
1337,S9906734,"South Sudan, PHCU Kit 2018",S9994733,"Sub3/8 South Sudan,PHCU Kit2018 S9906734",S9994737,"PP3/4 f Sub3/4 S.Sudan,PHCU Kit S9906734",0260,S4460005,"Pen,ball-point,blue/BOX-10",1,BOX,
1338,S9906734,"South Sudan, PHCU Kit 2018",S9994733,"Sub3/8 South Sudan,PHCU Kit2018 S9906734",S9994737,"PP3/4 f Sub3/4 S.Sudan,PHCU Kit S9906734",0270,S4460006,"Pen,ball-point,red/BOX-10",1,BOX,
1339,S9906734,"South Sudan, PHCU Kit 2018",S9994738,"PP4/4 f Sub4/4 S.Sudan,PHCU Kit S9906734",S9994738,"PP4/4 f Sub4/4 S.Sudan,PHCU Kit S9906734",,S9994738,"PP4/4 f Sub4/4 S.Sudan,PHCU Kit S9906734",0,,
1340,S9906734,"South Sudan, PHCU Kit 2018",S9994738,"PP4/4 f Sub4/4 S.Sudan,PHCU Kit S9906734",S9994738,"PP4/4 f Sub4/4 S.Sudan,PHCU Kit S9906734",0040,S8942200,"Pre-pack Ctn,  37.5x29x19.5 cm, 0.021 m3",1,EA,
1341,S9906734,"South Sudan, PHCU Kit 2018",S9994738,"PP4/4 f Sub4/4 S.Sudan,PHCU Kit S9906734",S9994738,"PP4/4 f Sub4/4 S.Sudan,PHCU Kit S9906734",0070,S1555945,Clotrimazole 500mg vag.tabs/applicator,7,EA,X
1342,S9906734,"South Sudan, PHCU Kit 2018",S9994738,"PP4/4 f Sub4/4 S.Sudan,PHCU Kit S9906734",S9994738,"PP4/4 f Sub4/4 S.Sudan,PHCU Kit S9906734",0170,S1555690,Metronidazol pdr/o.s.200mg/5ml/BOT-100ml,50,BOT,X
1343,S9906734,"South Sudan, PHCU Kit 2018",S9994738,"PP4/4 f Sub4/4 S.Sudan,PHCU Kit S9906734",S9994738,"PP4/4 f Sub4/4 S.Sudan,PHCU Kit S9906734",0210,S0512020,"Bandage,gauze,5cmx5m,roll",60,EA,X
1344,S9906735,South Sudan PHCC Kit 2018-Injectables,S9995731,SUB 1/9 SSPHCC Kit 2018-Injecta S9906735,,,,S9995731,SUB 1/9 SSPHCC Kit 2018-Injecta S9906735,0.000,,
1345,S9906735,South Sudan PHCC Kit 2018-Injectables,S9995731,SUB 1/9 SSPHCC Kit 2018-Injecta S9906735,,,0010,S1514010,Atropine inj 1mg/ml 1ml amp/BOX-10,1,BOX,X
1346,S9906735,South Sudan PHCC Kit 2018-Injectables,S9995731,SUB 1/9 SSPHCC Kit 2018-Injecta S9906735,,,0020,S1560600,"Quinine DiHCl inj 300mg/ml,2ml amp/BOX10",5,BOX,X
1347,S9906735,South Sudan PHCC Kit 2018-Injectables,S9995731,SUB 1/9 SSPHCC Kit 2018-Injecta S9906735,,,0030,S1551960,Gentamicin inj 40mg/ml 2ml amp/BOX-50,10,BOX,X
1348,S9906735,South Sudan PHCC Kit 2018-Injectables,S9995731,SUB 1/9 SSPHCC Kit 2018-Injecta S9906735,,,0040,S9008034,"Double-wall ctn.60x40x33.3 cm, 0.08 m3",1,EA,
1349,S9906735,South Sudan PHCC Kit 2018-Injectables,S9995731,SUB 1/9 SSPHCC Kit 2018-Injecta S9906735,,,0050,S1560832,Water for injection 10ml amp/BOX-50,15,EA,X
1350,S9906735,South Sudan PHCC Kit 2018-Injectables,S9995732,SUB 2/9 SSPHCC Kit 2018-Injecta S9906735,,,,S9995732,SUB 2/9 SSPHCC Kit 2018-Injecta S9906735,0.000,,
1351,S9906735,South Sudan PHCC Kit 2018-Injectables,S9995732,SUB 2/9 SSPHCC Kit 2018-Injecta S9906735,,,0010,S1560685,Proca.benz.peni.pdr/inj 3MIU vial/BOX-50,2,BOX,X
1352,S9906735,South Sudan PHCC Kit 2018-Injectables,S9995732,SUB 2/9 SSPHCC Kit 2018-Injecta S9906735,,,0020,S1555206,Lidocaine inj 1% 20ml ampl/BOX-20,1,BOX,X
1353,S9906735,South Sudan PHCC Kit 2018-Injectables,S9995732,SUB 2/9 SSPHCC Kit 2018-Injecta S9906735,,,0030,S9008034,"Double-wall ctn.60x40x33.3 cm, 0.08 m3",1,EA,
1354,S9906735,South Sudan PHCC Kit 2018-Injectables,S9995732,SUB 2/9 SSPHCC Kit 2018-Injecta S9906735,,,0040,S1560832,Water for injection 10ml amp/BOX-50,15,EA,X
1355,S9906735,South Sudan PHCC Kit 2018-Injectables,S9995732,SUB 2/9 SSPHCC Kit 2018-Injecta S9906735,,,,S9995733,SUB 3/9 SSPHCC Kit 2018-Injecta S9906735,0.000,,
1356,S9906735,South Sudan PHCC Kit 2018-Injectables,S9995733,SUB 3/9 SSPHCC Kit 2018-Injecta S9906735,,,0010,S1559005,Benzabenzylpen.pdr/inj 2.4MIUvl/BOX-50,1,BOX,X
1357,S9906735,South Sudan PHCC Kit 2018-Injectables,S9995733,SUB 3/9 SSPHCC Kit 2018-Injecta S9906735,,,0020,S1550525,Furosemide inj 10mg/ml 2ml amp/BOX-10,5,BOX,X
1358,S9906735,South Sudan PHCC Kit 2018-Injectables,S9995733,SUB 3/9 SSPHCC Kit 2018-Injecta S9906735,,,0030,S1585000,Calc.glucon.inj 100mg/ml 10ml amp/BOX-10,1,BOX,X
1359,S9906735,South Sudan PHCC Kit 2018-Injectables,S9995733,SUB 3/9 SSPHCC Kit 2018-Injecta S9906735,,,0050,S1552610,Hydrocortisone pdr/inj 100mg vial/BOX-10,1,BOX,X
1360,S9906735,South Sudan PHCC Kit 2018-Injectables,S9995733,SUB 3/9 SSPHCC Kit 2018-Injecta S9906735,,,0060,S9006014,"Double-wall ctn.60x40x25 cm, 0.060 m3",1,EA,
1361,S9906735,South Sudan PHCC Kit 2018-Injectables,S9995733,SUB 3/9 SSPHCC Kit 2018-Injecta S9906735,,,0070,S1560832,Water for injection 10ml amp/BOX-50,15,EA,X
1362,S9906735,South Sudan PHCC Kit 2018-Injectables,S9995734,SUB 4/9 SSPHCC Kit 2018-Injecta S9906735,,,,S9995734,SUB 4/9 SSPHCC Kit 2018-Injecta S9906735,0.000,,
1363,S9906735,South Sudan PHCC Kit 2018-Injectables,S9995734,SUB 4/9 SSPHCC Kit 2018-Injecta S9906735,,,0010,S1300008,Artesunate pdr./inj 60mg vial/BOX-1,50,BOX,X
1364,S9906735,South Sudan PHCC Kit 2018-Injectables,S9995734,SUB 4/9 SSPHCC Kit 2018-Injecta S9906735,,,0020,S1520011,Benzylpenicillin pdr/inj 5MIUvial/BOX-50,1,BOX,X
1365,S9906735,South Sudan PHCC Kit 2018-Injectables,S9995734,SUB 4/9 SSPHCC Kit 2018-Injecta S9906735,,,0030,S1559355,Magn.sulph.inj 500mg/ml 10ml amp/BOX-10,40,BOX,X
1366,S9906735,South Sudan PHCC Kit 2018-Injectables,S9995734,SUB 4/9 SSPHCC Kit 2018-Injecta S9906735,,,0040,S9008034,"Double-wall ctn.60x40x33.3 cm, 0.08 m3",1,EA,
1367,S9906735,South Sudan PHCC Kit 2018-Injectables,S9995734,SUB 4/9 SSPHCC Kit 2018-Injecta S9906735,,,0050,S1560832,Water for injection 10ml amp/BOX-50,5,EA,X
1368,S9906735,South Sudan PHCC Kit 2018-Injectables,S9995735,SUB 5/9 SSPHCC Kit 2018-Injecta S9906735,,,,S9995735,SUB 5/9 SSPHCC Kit 2018-Injecta S9906735,0.000,,
1369,S9906735,South Sudan PHCC Kit 2018-Injectables,S9995735,SUB 5/9 SSPHCC Kit 2018-Injecta S9906735,,,0010,S1531005,Ceftriaxone pdr/inj 1g vial/BOX-10,86,BOX,X
1370,S9906735,South Sudan PHCC Kit 2018-Injectables,S9995735,SUB 5/9 SSPHCC Kit 2018-Injecta S9906735,,,0020,S9008034,"Double-wall ctn.60x40x33.3 cm, 0.08 m3",1,EA,
1371,S9906735,South Sudan PHCC Kit 2018-Injectables,S9995736,SUB 6/9 SSPHCC Kit 2018-Injecta S9906735,,,,S9995736,SUB 6/9 SSPHCC Kit 2018-Injecta S9906735,0.000,,
1372,S9906735,South Sudan PHCC Kit 2018-Injectables,S9995736,SUB 6/9 SSPHCC Kit 2018-Injecta S9906735,,,0010,S1531005,Ceftriaxone pdr/inj 1g vial/BOX-10,80,BOX,X
1373,S9906735,South Sudan PHCC Kit 2018-Injectables,S9995736,SUB 6/9 SSPHCC Kit 2018-Injecta S9906735,,,0020,S9008034,"Double-wall ctn.60x40x33.3 cm, 0.08 m3",1,EA,
1374,S9906735,South Sudan PHCC Kit 2018-Injectables,S9995737,SUB 7/9 SSPHCC Kit 2018-Injecta S9906735,,,,S9995737,SUB 7/9 SSPHCC Kit 2018-Injecta S9906735,0.000,,
1375,S9906735,South Sudan PHCC Kit 2018-Injectables,S9995737,SUB 7/9 SSPHCC Kit 2018-Injecta S9906735,,,0010,S1531005,Ceftriaxone pdr/inj 1g vial/BOX-10,80,BOX,X
1376,S9906735,South Sudan PHCC Kit 2018-Injectables,S9995737,SUB 7/9 SSPHCC Kit 2018-Injecta S9906735,,,0020,S9008034,"Double-wall ctn.60x40x33.3 cm, 0.08 m3",1,EA,
1377,S9906735,South Sudan PHCC Kit 2018-Injectables,S9995738,SUB 8/9 SSPHCC Kit 2018-Injecta S9906735,,,,S9995738,SUB 8/9 SSPHCC Kit 2018-Injecta S9906735,0.000,,
1378,S9906735,South Sudan PHCC Kit 2018-Injectables,S9995738,SUB 8/9 SSPHCC Kit 2018-Injecta S9906735,,,0010,S1531005,Ceftriaxone pdr/inj 1g vial/BOX-10,80,BOX,X
1379,S9906735,South Sudan PHCC Kit 2018-Injectables,S9995738,SUB 8/9 SSPHCC Kit 2018-Injecta S9906735,,,0020,S9008034,"Double-wall ctn.60x40x33.3 cm, 0.08 m3",1,EA,
1380,S9906735,South Sudan PHCC Kit 2018-Injectables,S9995739,SUB 9/9 SSPHCC Kit 2018-Injecta S9906735,,,,S9995739,SUB 9/9 SSPHCC Kit 2018-Injecta S9906735,0.000,,
1381,S9906735,South Sudan PHCC Kit 2018-Injectables,S9995739,SUB 9/9 SSPHCC Kit 2018-Injecta S9906735,,,0010,S1531005,Ceftriaxone pdr/inj 1g vial/BOX-10,80,BOX,X
1382,S9906735,South Sudan PHCC Kit 2018-Injectables,S9995739,SUB 9/9 SSPHCC Kit 2018-Injecta S9906735,,,0020,S9008034,"Double-wall ctn.60x40x33.3 cm, 0.08 m3",1,EA,
1383,S9906736,South Sudan PHCC Kit 2018- IV infusions,S9996731,S. Sudan PHCC 2018 I sub 1/8 f S9906736,,,,S9996731,S. Sudan PHCC 2018 I sub 1/8 f S9906736,0.000,,
1384,S9906736,South Sudan PHCC Kit 2018- IV infusions,S9996731,S. Sudan PHCC 2018 I sub 1/8 f S9906736,,,0010,S1560827,Glucose 5% 500ml bot GS/BOX-20,1,EA,X
1385,S9906736,South Sudan PHCC Kit 2018- IV infusions,S9996732,S. Sudan PHCC 2018 I sub 2/8 f S9906736,,,,S9996732,S. Sudan PHCC 2018 I sub 2/8 f S9906736,0.000,,
1386,S9906736,South Sudan PHCC Kit 2018- IV infusions,S9996732,S. Sudan PHCC 2018 I sub 2/8 f S9906736,,,0010,S1560827,Glucose 5% 500ml bot GS/BOX-20,1,EA,X
1387,S9906736,South Sudan PHCC Kit 2018- IV infusions,S9996733,S. Sudan PHCC 2018 I sub 3/8 f S9906736,,,,S9996733,S. Sudan PHCC 2018 I sub 3/8 f S9906736,0.000,,
1388,S9906736,South Sudan PHCC Kit 2018- IV infusions,S9996733,S. Sudan PHCC 2018 I sub 3/8 f S9906736,,,0010,S1560827,Glucose 5% 500ml bot GS/BOX-20,1,EA,X
1389,S9906736,South Sudan PHCC Kit 2018- IV infusions,S9996734,S. Sudan PHCC 2018 I sub 4/8 f S9906736,,,,S9996734,S. Sudan PHCC 2018 I sub 4/8 f S9906736,0.000,,
1390,S9906736,South Sudan PHCC Kit 2018- IV infusions,S9996734,S. Sudan PHCC 2018 I sub 4/8 f S9906736,,,0010,S1560827,Glucose 5% 500ml bot GS/BOX-20,1,EA,X
1391,S9906736,South Sudan PHCC Kit 2018- IV infusions,S9996735,S. Sudan PHCC 2018 I sub 5/8 f S9906736,,,,S9996735,S. Sudan PHCC 2018 I sub 5/8 f S9906736,0.000,,
1392,S9906736,South Sudan PHCC Kit 2018- IV infusions,S9996735,S. Sudan PHCC 2018 I sub 5/8 f S9906736,,,0010,S1560834,Compound Sodium Lact 500ml bot GS/BOX-20,1,EA,X
1393,S9906736,South Sudan PHCC Kit 2018- IV infusions,S9996736,S. Sudan PHCC 2018 I sub 6/8 f S9906736,,,,S9996736,S. Sudan PHCC 2018 I sub 6/8 f S9906736,0.000,,
1394,S9906736,South Sudan PHCC Kit 2018- IV infusions,S9996736,S. Sudan PHCC 2018 I sub 6/8 f S9906736,,,0010,S1560834,Compound Sodium Lact 500ml bot GS/BOX-20,1,EA,X
1395,S9906736,South Sudan PHCC Kit 2018- IV infusions,S9996737,S. Sudan PHCC 2018 I sub 7/8 f S9906736,,,,S9996737,S. Sudan PHCC 2018 I sub 7/8 f S9906736,0.000,,
1396,S9906736,South Sudan PHCC Kit 2018- IV infusions,S9996737,S. Sudan PHCC 2018 I sub 7/8 f S9906736,,,0010,S1560834,Compound Sodium Lact 500ml bot GS/BOX-20,1,EA,X
1397,S9906736,South Sudan PHCC Kit 2018- IV infusions,S9996738,S. Sudan PHCC 2018 I sub 8/8 f S9906736,,,,S9996738,S. Sudan PHCC 2018 I sub 8/8 f S9906736,0.000,,
1398,S9906736,South Sudan PHCC Kit 2018- IV infusions,S9996738,S. Sudan PHCC 2018 I sub 8/8 f S9906736,,,0010,S0531991,"Infusion giving set,sterile,s.u.",150,EA,X
1399,S9906736,South Sudan PHCC Kit 2018- IV infusions,S9996738,S. Sudan PHCC 2018 I sub 8/8 f S9906736,,,0020,S9006014,"Double-wall ctn.60x40x25 cm, 0.060 m3",1,EA,
1400,S9906737,South Sudan PHCC Kit 2018-Med Dev & Diag,S9997731,SUB 1/8 SSPHCC2018-Med Dev&Diag S9906737,,,,S9997731,SUB 1/8 SSPHCC2018-Med Dev&Diag S9906737,0.000,,
1401,S9906737,South Sudan PHCC Kit 2018-Med Dev & Diag,S9997731,SUB 1/8 SSPHCC2018-Med Dev&Diag S9906737,,,0010,S0709225,"Cannula,IV short,22G,ster,disp",50,EA,X
1402,S9906737,South Sudan PHCC Kit 2018-Med Dev & Diag,S9997731,SUB 1/8 SSPHCC2018-Med Dev&Diag S9906737,,,0020,S0523055,"Compress,gauze,10x10cm,ster/PAC-5",60,PAC,X
1403,S9906737,South Sudan PHCC Kit 2018-Med Dev & Diag,S9997731,SUB 1/8 SSPHCC2018-Med Dev&Diag S9906737,,,0030,S0519000,"Cotton wool,500g,roll,non-ster",10,EA,X
1404,S9906737,South Sudan PHCC Kit 2018-Med Dev & Diag,S9997731,SUB 1/8 SSPHCC2018-Med Dev&Diag S9906737,,,0040,S9997739,PP 1/2 F SUB 1/8 SSPHCC2018-Med S9906737,1,EA,X
1405,S9906737,South Sudan PHCC Kit 2018-Med Dev & Diag,S9997731,SUB 1/8 SSPHCC2018-Med Dev&Diag S9906737,,,0050,S9997730,PP 2/2 F SUB 1/8 SSPHCC2018-Med S9906737,2,EA,X
1406,S9906737,South Sudan PHCC Kit 2018-Med Dev & Diag,S9997731,SUB 1/8 SSPHCC2018-Med Dev&Diag S9906737,,,0060,S9012024,"Double-wall ctn.60x40x50 cm, 0.120 m3",1,EA,
1407,S9906737,South Sudan PHCC Kit 2018-Med Dev & Diag,S9997732,SUB 2/8 SSPHCC2018-Med Dev&Diag S9906737,,,,S9997732,SUB 2/8 SSPHCC2018-Med Dev&Diag S9906737,0.000,,
1408,S9906737,South Sudan PHCC Kit 2018-Med Dev & Diag,S9997732,SUB 2/8 SSPHCC2018-Med Dev&Diag S9906737,,,0010,S0782110,"Syringe,disp,2ml,w/ndl,21G/BOX-100",10,BOX,X
1409,S9906737,South Sudan PHCC Kit 2018-Med Dev & Diag,S9997732,SUB 2/8 SSPHCC2018-Med Dev&Diag S9906737,,,0020,S0782203,"Syringe,disp,1ml,ster/BOX-100",10,BOX,X
1410,S9906737,South Sudan PHCC Kit 2018-Med Dev & Diag,S9997732,SUB 2/8 SSPHCC2018-Med Dev&Diag S9906737,,,0030,S0747432,"Needle,disp,21G,ster/BOX-100",40,BOX,X
1411,S9906737,South Sudan PHCC Kit 2018-Med Dev & Diag,S9997732,SUB 2/8 SSPHCC2018-Med Dev&Diag S9906737,,,0040,S9016023,"Double-wall ctn.80x40x50 cm, 0.160 m3",1,EA,
1412,S9906737,South Sudan PHCC Kit 2018-Med Dev & Diag,S9997733,SUB 3/8 SSPHCC2018-Med Dev&Diag S9906737,,,,S9997733,SUB 3/8 SSPHCC2018-Med Dev&Diag S9906737,0.000,,
1413,S9906737,South Sudan PHCC Kit 2018-Med Dev & Diag,S9997733,SUB 3/8 SSPHCC2018-Med Dev&Diag S9906737,,,0010,S9012024,"Double-wall ctn.60x40x50 cm, 0.120 m3",1,EA,
1414,S9906737,South Sudan PHCC Kit 2018-Med Dev & Diag,S9997733,SUB 3/8 SSPHCC2018-Med Dev&Diag S9906737,,,0020,S0709234,"Cannula IV short 24G, ster, disp, BOX-50",1,EA,X
1415,S9906737,South Sudan PHCC Kit 2018-Med Dev & Diag,S9997733,SUB 3/8 SSPHCC2018-Med Dev&Diag S9906737,,,0030,S0782425,"Syringe,disp,20ml,ster/BOX-100",2,BOX,X
1416,S9906737,South Sudan PHCC Kit 2018-Med Dev & Diag,S9997733,SUB 3/8 SSPHCC2018-Med Dev&Diag S9906737,,,0040,S0782111,"Syringe,disp,5ml,w/ndl,21G/BOX-100",10,BOX,X
1417,S9906737,South Sudan PHCC Kit 2018-Med Dev & Diag,S9997733,SUB 3/8 SSPHCC2018-Med Dev&Diag S9906737,,,0050,S0969026,"Gloves,exam,nitrile,pwdfree,L,BOX-100",5,EA,X
1418,S9906737,South Sudan PHCC Kit 2018-Med Dev & Diag,S9997733,SUB 3/8 SSPHCC2018-Med Dev&Diag S9906737,,,0060,S0904991,"Test strip, urine, 10 parameter, box/100",2,EA,X
1419,S9906737,South Sudan PHCC Kit 2018-Med Dev & Diag,S9997734,SUB 4/8 SSPHCC2018-Med Dev&Diag S9906737,,,,S9997734,SUB 4/8 SSPHCC2018-Med Dev&Diag S9906737,0.000,,
1420,S9906737,South Sudan PHCC Kit 2018-Med Dev & Diag,S9997734,SUB 4/8 SSPHCC2018-Med Dev&Diag S9906737,,,0010,S9012024,"Double-wall ctn.60x40x50 cm, 0.120 m3",1,EA,
1421,S9906737,South Sudan PHCC Kit 2018-Med Dev & Diag,S9997734,SUB 4/8 SSPHCC2018-Med Dev&Diag S9906737,,,0020,S0709231,"Cannula IV short 18G, ster, disp, BOX-50",2,EA,X
1422,S9906737,South Sudan PHCC Kit 2018-Med Dev & Diag,S9997734,SUB 4/8 SSPHCC2018-Med Dev&Diag S9906737,,,0030,S0523015,"Compress,gauze,10x10cm,n/ster/PAC-100",50,EA,X
1423,S9906737,South Sudan PHCC Kit 2018-Med Dev & Diag,S9997734,SUB 4/8 SSPHCC2018-Med Dev&Diag S9906737,,,0040,S0584635,"Bioline Syphilis 3.0, kit/30",2,EA,X
1424,S9906737,South Sudan PHCC Kit 2018-Med Dev & Diag,S9997734,SUB 4/8 SSPHCC2018-Med Dev&Diag S9906737,,,0050,S0584506,"Pregnancy,Urine,HCG,MidStream,1T/kit",150,EA,X
1425,S9906737,South Sudan PHCC Kit 2018-Med Dev & Diag,S9997735,SUB 5/8 SSPHCC2018-Med Dev&Diag S9906737,,,,S9997735,SUB 5/8 SSPHCC2018-Med Dev&Diag S9906737,0.000,,
1426,S9906737,South Sudan PHCC Kit 2018-Med Dev & Diag,S9997735,SUB 5/8 SSPHCC2018-Med Dev&Diag S9906737,,,0010,S0782112,"Syringe,disp,10ml,w/ndl,21G/BOX-100",12,BOX,X
1427,S9906737,South Sudan PHCC Kit 2018-Med Dev & Diag,S9997736,SUB 6/8 SSPHCC2018-Med Dev&Diag S9906737,,,,S9997736,SUB 6/8 SSPHCC2018-Med Dev&Diag S9906737,0.000,,
1428,S9906737,South Sudan PHCC Kit 2018-Med Dev & Diag,S9997736,SUB 6/8 SSPHCC2018-Med Dev&Diag S9906737,,,0010,S0782425,"Syringe,disp,20ml,ster/BOX-100",8,BOX,X
1429,S9906737,South Sudan PHCC Kit 2018-Med Dev & Diag,S9997737,SUB 7/8 SSPHCC2018-Med Dev&Diag S9906737,,,,S9997737,SUB 7/8 SSPHCC2018-Med Dev&Diag S9906737,0.000,,
1430,S9906737,South Sudan PHCC Kit 2018-Med Dev & Diag,S9997737,SUB 7/8 SSPHCC2018-Med Dev&Diag S9906737,,,0010,S0584631,"First Response Malaria Pf HRP2, kit/25",78,EA,X
1431,S9906737,South Sudan PHCC Kit 2018-Med Dev & Diag,S9997738,SUB 8/8 SSPHCC2018-Med Dev&Diag S9906737,,,,S9997738,SUB 8/8 SSPHCC2018-Med Dev&Diag S9906737,0.000,,
1432,S9906737,South Sudan PHCC Kit 2018-Med Dev & Diag,S9997738,SUB 8/8 SSPHCC2018-Med Dev&Diag S9906737,,,0010,S0584631,"First Response Malaria Pf HRP2, kit/25",78,EA,X
1433,S9906737,South Sudan PHCC Kit 2018-Med Dev & Diag,S9997731,SUB 1/8 SSPHCC2018-Med Dev&Diag S9906737,S9997739,PP 1/2 F SUB 1/8 SSPHCC2018-Med S9906737,,S9997739,PP 1/2 F SUB 1/8 SSPHCC2018-Med S9906737,0.000,,
1434,S9906737,South Sudan PHCC Kit 2018-Med Dev & Diag,S9997731,SUB 1/8 SSPHCC2018-Med Dev&Diag S9906737,S9997739,PP 1/2 F SUB 1/8 SSPHCC2018-Med S9906737,0010,S0512025,"Bandage,gauze,8cmx4m,roll",150,EA,X
1435,S9906737,South Sudan PHCC Kit 2018-Med Dev & Diag,S9997731,SUB 1/8 SSPHCC2018-Med Dev&Diag S9906737,S9997739,PP 1/2 F SUB 1/8 SSPHCC2018-Med S9906737,0020,S8941505,"Pre-pack Carton, 32x24x20 cm, 0.015 m3",1,EA,
1436,S9906737,South Sudan PHCC Kit 2018-Med Dev & Diag,S9997731,SUB 1/8 SSPHCC2018-Med Dev&Diag S9906737,S9997730,PP 2/2 F SUB 1/8 SSPHCC2018-Med S9906737,,S9997730,PP 2/2 F SUB 1/8 SSPHCC2018-Med S9906737,0.000,,
1437,S9906737,South Sudan PHCC Kit 2018-Med Dev & Diag,S9997731,SUB 1/8 SSPHCC2018-Med Dev&Diag S9906737,S9997730,PP 2/2 F SUB 1/8 SSPHCC2018-Med S9906737,0010,S0512020,"Bandage,gauze,5cmx5m,roll",600,EA,X
1438,S9906737,South Sudan PHCC Kit 2018-Med Dev & Diag,S9997731,SUB 1/8 SSPHCC2018-Med Dev&Diag S9906737,S9997730,PP 2/2 F SUB 1/8 SSPHCC2018-Med S9906737,0020,S8941505,"Pre-pack Carton, 32x24x20 cm, 0.015 m3",2,EA,
1439,S9906742,Mozambique Community Health Worker Kit,,,,,0010,S9006014,"Double-wall ctn.60x40x25 cm, 0.060 m3",1,EA,
1440,S9906742,Mozambique Community Health Worker Kit,,,,,0020,S9999150,Prepack 1/1 Mozambique  Kit 2016,1,EA,X
1441,S9906742,Mozambique Community Health Worker Kit,,,,,0030,S1561143,ORS low osm. 20.5g/1L/ CAR-/100,2,CAR,X
1442,S9906742,Mozambique Community Health Worker Kit,,,,,0050,S0969025,"Gloves,exam,nitrile,pwdfree,M,BOX-100",2,EA,X
1443,S9906742,Mozambique Community Health Worker Kit,,,,,0060,S0519000,"Cotton wool,500g,roll,non-ster",1,EA,X
1444,S9906742,Mozambique Community Health Worker Kit,,,,,0070,S1555966,Paracetamol 250mg disp. tabs/PAC-10x10,10,PAC,X
1445,S9906742,Mozambique Community Health Worker Kit,,,,,0080,S1555370,Albendazole 400mg chewable tabs/PAC-100,1,PAC,X
1446,S9906742,Mozambique Community Health Worker Kit,,,,,0090,S1583010,"Retinol 200,000IU soft gel.caps/PAC-100",1,PAC,X
1447,S9906742,Mozambique Community Health Worker Kit,,,,,0100,S1553110,Povidone iodine sol 10%/BOT-200ml,1,BOT,X
1448,S9906742,Mozambique Community Health Worker Kit,,,S9999150,Prepack 1/1 Mozambique  Kit 2016,,S9999150,Prepack 1/1 Mozambique  Kit 2016,0,,
1449,S9906742,Mozambique Community Health Worker Kit,,,S9999150,Prepack 1/1 Mozambique  Kit 2016,0010,S8941505,"Pre-pack Carton, 32x24x20 cm, 0.015 m3",1,EA,
1450,S9906742,Mozambique Community Health Worker Kit,,,S9999150,Prepack 1/1 Mozambique  Kit 2016,0020,S1555964,Paracetamol 500mg tabs/PAC-10x10,10,PAC,X
1451,S9906742,Mozambique Community Health Worker Kit,,,S9999150,Prepack 1/1 Mozambique  Kit 2016,0030,S1550030,Iron 60mg + Folic ac. 400mcg tab/PAC-100,10,PAC,X
1452,S9906742,Mozambique Community Health Worker Kit,,,S9999150,Prepack 1/1 Mozambique  Kit 2016,0040,S1580020,Zinc 20mg tablets/PAC-10x10,5,PAC,X
1453,S9906742,Mozambique Community Health Worker Kit,,,S9999150,Prepack 1/1 Mozambique  Kit 2016,0060,S1505043,Amoxicillin 250mg disp.tab/PAC-(10x10),2,PAC,X
1454,S9906742,Mozambique Community Health Worker Kit,,,S9999150,Prepack 1/1 Mozambique  Kit 2016,0080,S1510000,Tetracycline eye ointment 1%/TBE-5g,25,TBE,X
1455,S9906742,Mozambique Community Health Worker Kit,,,S9999150,Prepack 1/1 Mozambique  Kit 2016,0090,S0521425,"Sachet,tablet,plastic,10x16cm/PAC-100",1,EA,
1456,S9906742,Mozambique Community Health Worker Kit,,,S9999150,Prepack 1/1 Mozambique  Kit 2016,0100,S0552000,"Soap,toilet,bar,approx.100-110g,wrapped",1,EA,
1457,S9906742,Mozambique Community Health Worker Kit,,,S9999150,Prepack 1/1 Mozambique  Kit 2016,0110,S0503015,"Medical tape,2.5cmx5m,roll",3,EA,X
1458,S9906742,Mozambique Community Health Worker Kit,,,S9999150,Prepack 1/1 Mozambique  Kit 2016,0120,S0523055,"Compress,gauze,10x10cm,ster/PAC-5",3,PAC,X
1459,S9906742,Mozambique Community Health Worker Kit,,,S9999150,Prepack 1/1 Mozambique  Kit 2016,0130,S0512025,"Bandage,gauze,8cmx4m,roll",15,EA,X
1460,S9906753,"Nut kit,Inpatient, Ethiop.Mod. Med. Supp",S9996752,"SUB1/2 Nut kit,I Ethiop.Mod F S9906753",,,,S9996752,"SUB1/2 Nut kit,I Ethiop.Mod F S9906753",0.000,,
1461,S9906753,"Nut kit,Inpatient, Ethiop.Mod. Med. Supp",S9996752,"SUB1/2 Nut kit,I Ethiop.Mod F S9906753",,,0010,S9012024,"Double-wall ctn.60x40x50 cm, 0.120 m3",1,EA,
1462,S9906753,"Nut kit,Inpatient, Ethiop.Mod. Med. Supp",S9996752,"SUB1/2 Nut kit,I Ethiop.Mod F S9906753",,,0020,S9996751,"Prepack. Nut kit,I Ethiop.Mod F S9906753",1,EA,X
1463,S9906753,"Nut kit,Inpatient, Ethiop.Mod. Med. Supp",S9996752,"SUB1/2 Nut kit,I Ethiop.Mod F S9906753",,,0030,S0709225,"Cannula,IV short,22G,ster,disp",100,EA,X
1464,S9906753,"Nut kit,Inpatient, Ethiop.Mod. Med. Supp",S9996752,"SUB1/2 Nut kit,I Ethiop.Mod F S9906753",,,0040,S0531990,"Infusion giving set,w/burette,ster,s.u.",50,EA,X
1465,S9906753,"Nut kit,Inpatient, Ethiop.Mod. Med. Supp",S9996752,"SUB1/2 Nut kit,I Ethiop.Mod F S9906753",,,0050,S0747432,"Needle,disp,21G,ster/BOX-100",2,BOX,X
1466,S9906753,"Nut kit,Inpatient, Ethiop.Mod. Med. Supp",S9996752,"SUB1/2 Nut kit,I Ethiop.Mod F S9906753",,,0060,S0521425,"Sachet,tablet,plastic,10x16cm/PAC-100",10,EA,
1467,S9906753,"Nut kit,Inpatient, Ethiop.Mod. Med. Supp",S9996752,"SUB1/2 Nut kit,I Ethiop.Mod F S9906753",,,0070,S0782205,"Syringe,disp,2ml,ster/BOX-100",2,BOX,X
1468,S9906753,"Nut kit,Inpatient, Ethiop.Mod. Med. Supp",S9996752,"SUB1/2 Nut kit,I Ethiop.Mod F S9906753",,,0080,S0709230,"Cannula,IV short,24G,ster,disp",150,EA,X
1469,S9906753,"Nut kit,Inpatient, Ethiop.Mod. Med. Supp",S9996752,"SUB1/2 Nut kit,I Ethiop.Mod F S9906753",,,0090,S0366020,"Syringe,feeding,50ml,luer tip,ster",75,EA,X
1470,S9906753,"Nut kit,Inpatient, Ethiop.Mod. Med. Supp",S9996753,"SUB2/2 Nut kit,I Ethiop.Mod F S9906753",,,,S9996753,"SUB2/2 Nut kit,I Ethiop.Mod F S9906753",0.000,,
1471,S9906753,"Nut kit,Inpatient, Ethiop.Mod. Med. Supp",S9996753,"SUB2/2 Nut kit,I Ethiop.Mod F S9906753",,,0010,S9012024,"Double-wall ctn.60x40x50 cm, 0.120 m3",1,EA,
1472,S9906753,"Nut kit,Inpatient, Ethiop.Mod. Med. Supp",S9996753,"SUB2/2 Nut kit,I Ethiop.Mod F S9906753",,,0020,S0519000,"Cotton wool,500g,roll,non-ster",1,EA,X
1473,S9906753,"Nut kit,Inpatient, Ethiop.Mod. Med. Supp",S9996753,"SUB2/2 Nut kit,I Ethiop.Mod F S9906753",,,0030,S0969026,"Gloves,exam,nitrile,pwdfree,L,BOX-100",3,EA,X
1474,S9906753,"Nut kit,Inpatient, Ethiop.Mod. Med. Supp",S9996753,"SUB2/2 Nut kit,I Ethiop.Mod F S9906753",,,0040,S0969025,"Gloves,exam,nitrile,pwdfree,M,BOX-100",10,EA,X
1475,S9906753,"Nut kit,Inpatient, Ethiop.Mod. Med. Supp",S9996753,"SUB2/2 Nut kit,I Ethiop.Mod F S9906753",,,0050,S0747420,"Needle,disp,19G,ster/BOX-100",3,BOX,X
1476,S9906753,"Nut kit,Inpatient, Ethiop.Mod. Med. Supp",S9996753,"SUB2/2 Nut kit,I Ethiop.Mod F S9906753",,,0060,S0747452,"Needle,disp,23G,ster/BOX-100",3,BOX,X
1477,S9906753,"Nut kit,Inpatient, Ethiop.Mod. Med. Supp",S9996753,"SUB2/2 Nut kit,I Ethiop.Mod F S9906753",,,0070,S0744300,"Needle,scalp vein,25G,ster,disp",100,EA,X
1478,S9906753,"Nut kit,Inpatient, Ethiop.Mod. Med. Supp",S9996753,"SUB2/2 Nut kit,I Ethiop.Mod F S9906753",,,0080,S0782208,Safety box f.used syrgs/ndls 5lt/BOX-25,1,BOX,
1479,S9906753,"Nut kit,Inpatient, Ethiop.Mod. Med. Supp",S9996753,"SUB2/2 Nut kit,I Ethiop.Mod F S9906753",,,0090,S0683300,"Sphygmomanometer,(child),aneroid",1,EA,
1480,S9906753,"Nut kit,Inpatient, Ethiop.Mod. Med. Supp",S9996753,"SUB2/2 Nut kit,I Ethiop.Mod F S9906753",,,0100,S0782413,"Syringe,disp,10ml,ster/BOX-100",1,BOX,X
1481,S9906753,"Nut kit,Inpatient, Ethiop.Mod. Med. Supp",S9996753,"SUB2/2 Nut kit,I Ethiop.Mod F S9906753",,,0110,S0782203,"Syringe,disp,1ml,ster/BOX-100",1,BOX,X
1482,S9906753,"Nut kit,Inpatient, Ethiop.Mod. Med. Supp",S9996753,"SUB2/2 Nut kit,I Ethiop.Mod F S9906753",,,0120,S0782405,"Syringe,disp,5ml,ster/BOX-100",2,BOX,X
1483,S9906753,"Nut kit,Inpatient, Ethiop.Mod. Med. Supp",S9996753,"SUB2/2 Nut kit,I Ethiop.Mod F S9906753",,,0130,S0370500,"Tube,asp/feed,CH16,L125cm,ster,disp",50,EA,X
1484,S9906753,"Nut kit,Inpatient, Ethiop.Mod. Med. Supp",S9996753,"SUB2/2 Nut kit,I Ethiop.Mod F S9906753",,,0140,S0373500,"Tube,feeding,CH05,L40cm,ster,disp",30,EA,X
1485,S9906753,"Nut kit,Inpatient, Ethiop.Mod. Med. Supp",S9996753,"SUB2/2 Nut kit,I Ethiop.Mod F S9906753",,,0150,S0373000,"Tube,feeding,CH08,L40cm,ster,disp",50,EA,X
1486,S9906753,"Nut kit,Inpatient, Ethiop.Mod. Med. Supp",S9996752,"SUB1/2 Nut kit,I Ethiop.Mod F S9906753",S9996751,"Prepack. Nut kit,I Ethiop.Mod F S9906753",,S9996751,"Prepack. Nut kit,I Ethiop.Mod F S9906753",0.000,,
1487,S9906753,"Nut kit,Inpatient, Ethiop.Mod. Med. Supp",S9996752,"SUB1/2 Nut kit,I Ethiop.Mod F S9906753",S9996751,"Prepack. Nut kit,I Ethiop.Mod F S9906753",0010,S8941100,"Pre-pack Carton, 29x19x20 cm, 0.011 m3",1,EA,
1488,S9906753,"Nut kit,Inpatient, Ethiop.Mod. Med. Supp",S9996752,"SUB1/2 Nut kit,I Ethiop.Mod F S9906753",S9996751,"Prepack. Nut kit,I Ethiop.Mod F S9906753",0020,S0621001,"Tongue depressor,wooden,disp/BOX-100",2,EA,
1489,S9906753,"Nut kit,Inpatient, Ethiop.Mod. Med. Supp",S9996752,"SUB1/2 Nut kit,I Ethiop.Mod F S9906753",S9996751,"Prepack. Nut kit,I Ethiop.Mod F S9906753",0030,S0686000,"Stethoscope,binaural,complete",2,EA,
1490,S9906753,"Nut kit,Inpatient, Ethiop.Mod. Med. Supp",S9996752,"SUB1/2 Nut kit,I Ethiop.Mod F S9906753",S9996751,"Prepack. Nut kit,I Ethiop.Mod F S9906753",0040,S0531996,"Lancet,blood,ster,disp/PAC-200",2,EA,X
1491,S9906753,"Nut kit,Inpatient, Ethiop.Mod. Med. Supp",S9996752,"SUB1/2 Nut kit,I Ethiop.Mod F S9906753",S9996751,"Prepack. Nut kit,I Ethiop.Mod F S9906753",0050,S0503015,"Medical tape,2.5cmx5m,roll",4,EA,X
1492,S9906753,"Nut kit,Inpatient, Ethiop.Mod. Med. Supp",S9996752,"SUB1/2 Nut kit,I Ethiop.Mod F S9906753",S9996751,"Prepack. Nut kit,I Ethiop.Mod F S9906753",0060,S0481056,"Thermometer, clinical, digital, no Li",10,EA,X
1493,S9906753,"Nut kit,Inpatient, Ethiop.Mod. Med. Supp",S9996752,"SUB1/2 Nut kit,I Ethiop.Mod F S9906753",S9996751,"Prepack. Nut kit,I Ethiop.Mod F S9906753",0070,S0572510,"Blanket,survival,220x140cm",10,EA,
1494,S9906754,"Nutrition Kit, Anthropometric. ETH",S9996755,"SUB 2/2 S9906754 Nut,Anthropometric. ETH",,,,S9996755,"SUB 2/2 S9906754 Nut,Anthropometric. ETH",0,,
1495,S9906754,"Nutrition Kit, Anthropometric. ETH",S9996755,"SUB 2/2 S9906754 Nut,Anthropometric. ETH",,,0010,S0114530,"Length/height board,baby/child,SET-2",1,SET,
1496,S9906754,"Nutrition Kit, Anthropometric. ETH",S9996754,"SUB 1/2 S9906754 Nut,Anthropometric. ETH",,,,S9996754,"SUB 1/2 S9906754 Nut,Anthropometric. ETH",0,,
1497,S9906754,"Nutrition Kit, Anthropometric. ETH",S9996754,"SUB 1/2 S9906754 Nut,Anthropometric. ETH",,,0010,S4416403,"Chalk,white/BOX-100",1,BOX,
1498,S9906754,"Nutrition Kit, Anthropometric. ETH",S9996754,"SUB 1/2 S9906754 Nut,Anthropometric. ETH",,,0020,S4460007,"Pen,ball-point,black/BOX-10",1,BOX,
1499,S9906754,"Nutrition Kit, Anthropometric. ETH",S9996754,"SUB 1/2 S9906754 Nut,Anthropometric. ETH",,,0030,S4460701,"Pencil,HB grade,black lead/BOX-10",1,BOX,
1500,S9906754,"Nutrition Kit, Anthropometric. ETH",S9996754,"SUB 1/2 S9906754 Nut,Anthropometric. ETH",,,0040,S4552010,"Pencil sharpener,metal/PAC-20",1,PAC,
1501,S9906754,"Nutrition Kit, Anthropometric. ETH",S9996754,"SUB 1/2 S9906754 Nut,Anthropometric. ETH",,,0050,S4570005,"Ruler,plastic,c.30cm,set of 10",1,EA,
1502,S9906754,"Nutrition Kit, Anthropometric. ETH",S9996754,"SUB 1/2 S9906754 Nut,Anthropometric. ETH",,,0060,S2270500,"Scissors,all purpose,sharp,180mm",2,EA,
1503,S9906754,"Nutrition Kit, Anthropometric. ETH",S9996754,"SUB 1/2 S9906754 Nut,Anthropometric. ETH",,,0070,S2760001,"Skipping rope,polyester,3m/PAC-10",1,EA,
1504,S9906754,"Nutrition Kit, Anthropometric. ETH",S9996754,"SUB 1/2 S9906754 Nut,Anthropometric. ETH",,,0080,S0145630,"MUAC,Adult,w/o color code,PAC-50,English",1,PAC,
1505,S9906754,"Nutrition Kit, Anthropometric. ETH",S9996754,"SUB 1/2 S9906754 Nut,Anthropometric. ETH",,,0090,S0145555,"Scale,spring type,infant,25kgx100g",4,EA,
1506,S9906754,"Nutrition Kit, Anthropometric. ETH",S9996754,"SUB 1/2 S9906754 Nut,Anthropometric. ETH",,,0100,S0189000,"Weighing trousers,infant,25kg,PAC-5",2,PAC,
1507,S9906754,"Nutrition Kit, Anthropometric. ETH",S9996754,"SUB 1/2 S9906754 Nut,Anthropometric. ETH",,,0110,S5001200,"Bag,school,students,UNICEF,400x270x100mm",2,EA,
1508,S9906754,"Nutrition Kit, Anthropometric. ETH",S9996754,"SUB 1/2 S9906754 Nut,Anthropometric. ETH",,,0120,S0114082,"CARD, random number PAC-10",1,EA,
1509,S9906754,"Nutrition Kit, Anthropometric. ETH",S9996754,"SUB 1/2 S9906754 Nut,Anthropometric. ETH",,,0130,S0114080,"CARD, WEIGHT/HEIGHT, NCHS, Eng A4",4,EA,
1510,S9906754,"Nutrition Kit, Anthropometric. ETH",S9996754,"SUB 1/2 S9906754 Nut,Anthropometric. ETH",,,0140,S0114081,"CARD, WEIGHT/HEIGHT, NCHS, Fre A4",4,EA,
1511,S9906754,"Nutrition Kit, Anthropometric. ETH",S9996754,"SUB 1/2 S9906754 Nut,Anthropometric. ETH",,,0150,S0114083,WHO wght/hght A4 Z score B/G Eng,3,EA,
1512,S9906754,"Nutrition Kit, Anthropometric. ETH",S9996754,"SUB 1/2 S9906754 Nut,Anthropometric. ETH",,,0160,S0114084,WHO wght/hght A4 Z score B&G Fre,3,EA,
1513,S9906754,"Nutrition Kit, Anthropometric. ETH",S9996754,"SUB 1/2 S9906754 Nut,Anthropometric. ETH",,,0180,S0145620,"MUAC,Child 11.5 Red,PAC-50,English",1,PAC,
1514,S9906754,"Nutrition Kit, Anthropometric. ETH",S9996754,"SUB 1/2 S9906754 Nut,Anthropometric. ETH",,,0190,S6780223,"Scale,infant,springtype,5kg x 25g",1,EA,
1515,S9906754,"Nutrition Kit, Anthropometric. ETH",S9996754,"SUB 1/2 S9906754 Nut,Anthropometric. ETH",,,0200,S2555013,"Stationery Items, Nut.kit Anthropometric",1,EA,X
1516,S9906754,"Nutrition Kit, Anthropometric. ETH",S9996754,"SUB 1/2 S9906754 Nut,Anthropometric. ETH",,,0210,S9010633,"Double-wall ctn.80x40x33 cm, 0.106 m3",1,EA,
1517,S9906791,"Mali, in-patient CMAM kit, version 2014",S9999751,"Subkit 1/6 Mali, in-patient CMAM kit",,,,S9999751,"Subkit 1/6 Mali, in-patient CMAM kit",0.000,,
1518,S9906791,"Mali, in-patient CMAM kit, version 2014",S9999751,"Subkit 1/6 Mali, in-patient CMAM kit",,,0010,S9016023,"Double-wall ctn.80x40x50 cm, 0.160 m3",1,EA,
1519,S9906791,"Mali, in-patient CMAM kit, version 2014",S9999751,"Subkit 1/6 Mali, in-patient CMAM kit",,,0020,S1505046,Amoxicillin 125mg/5ml pdr.or.s/BOT-100ml,100,BOT,X
1520,S9906791,"Mali, in-patient CMAM kit, version 2014",S9999751,"Subkit 1/6 Mali, in-patient CMAM kit",,,0030,S0782208,Safety box f.used syrgs/ndls 5lt/BOX-25,1,BOX,
1521,S9906791,"Mali, in-patient CMAM kit, version 2014",S9999751,"Subkit 1/6 Mali, in-patient CMAM kit",,,0040,S1543803,Water for inj 5ml amp/BOX-50,3,BOX,X
1522,S9906791,"Mali, in-patient CMAM kit, version 2014",S9999751,"Subkit 1/6 Mali, in-patient CMAM kit",,,0050,S1505043,Amoxicillin 250mg disp.tab/PAC-(10x10),20,PAC,X
1523,S9906791,"Mali, in-patient CMAM kit, version 2014",S9999751,"Subkit 1/6 Mali, in-patient CMAM kit",,,0060,S9999691,"Prepack 1/4 Mali, in-patient CMAM kit",1,EA,X
1524,S9906791,"Mali, in-patient CMAM kit, version 2014",S9999751,"Subkit 1/6 Mali, in-patient CMAM kit",,,0070,S9999692,"Prepack 2/4 Mali, in-patient CMAM kit",1,EA,X
1525,S9906791,"Mali, in-patient CMAM kit, version 2014",S9999751,"Subkit 1/6 Mali, in-patient CMAM kit",,,0080,S0519000,"Cotton wool,500g,roll,non-ster",3,EA,X
1526,S9906791,"Mali, in-patient CMAM kit, version 2014",S9999752,"Subkit 2/6 Mali, in-patient CMAM kit",,,,S9999752,"Subkit 2/6 Mali, in-patient CMAM kit",0.000,,
1527,S9906791,"Mali, in-patient CMAM kit, version 2014",S9999752,"Subkit 2/6 Mali, in-patient CMAM kit",,,0010,S9016023,"Double-wall ctn.80x40x50 cm, 0.160 m3",1,EA,
1528,S9906791,"Mali, in-patient CMAM kit, version 2014",S9999752,"Subkit 2/6 Mali, in-patient CMAM kit",,,0020,S1531006,Ceftriaxone pdr/inj 250mg vial/BOX-50,7,BOX,X
1529,S9906791,"Mali, in-patient CMAM kit, version 2014",S9999752,"Subkit 2/6 Mali, in-patient CMAM kit",,,0030,S0531990,"Infusion giving set,w/burette,ster,s.u.",30,EA,X
1530,S9906791,"Mali, in-patient CMAM kit, version 2014",S9999752,"Subkit 2/6 Mali, in-patient CMAM kit",,,0040,S1537065,Cloxacillin pdr/inj 500mg vial/BOX-50,4,BOX,X
1531,S9906791,"Mali, in-patient CMAM kit, version 2014",S9999752,"Subkit 2/6 Mali, in-patient CMAM kit",,,0050,S1552116,Glucose hyperton.inj 50% 50mL vl/BOX-25,1,BOX,X
1532,S9906791,"Mali, in-patient CMAM kit, version 2014",S9999752,"Subkit 2/6 Mali, in-patient CMAM kit",,,0060,S1505076,Ampicillin pdr/inj 500mg vial/BOX-100,5,BOX,X
1533,S9906791,"Mali, in-patient CMAM kit, version 2014",S9999752,"Subkit 2/6 Mali, in-patient CMAM kit",,,0070,S1537310,Cloxacillin 250mg caps/PAC-500,1,PAC,X
1534,S9906791,"Mali, in-patient CMAM kit, version 2014",S9999752,"Subkit 2/6 Mali, in-patient CMAM kit",,,0080,S9999693,"Prepack 3/4 Mali, in-patient CMAM kit",1,EA,X
1535,S9906791,"Mali, in-patient CMAM kit, version 2014",S9999752,"Subkit 2/6 Mali, in-patient CMAM kit",,,0090,S0782205,"Syringe,disp,2ml,ster/BOX-100",3,BOX,X
1536,S9906791,"Mali, in-patient CMAM kit, version 2014",S9999753,"Subkit 3/6 Mali, in-patient CMAM kit",,,,S9999753,"Subkit 3/6 Mali, in-patient CMAM kit",0.000,,
1537,S9906791,"Mali, in-patient CMAM kit, version 2014",S9999753,"Subkit 3/6 Mali, in-patient CMAM kit",,,0010,S9012024,"Double-wall ctn.60x40x50 cm, 0.120 m3",1,EA,
1538,S9906791,"Mali, in-patient CMAM kit, version 2014",S9999753,"Subkit 3/6 Mali, in-patient CMAM kit",,,0020,S9999694,"Prepack 4/4 Mali, in-patient CMAM kit",1,EA,X
1539,S9906791,"Mali, in-patient CMAM kit, version 2014",S9999753,"Subkit 3/6 Mali, in-patient CMAM kit",,,0030,S0969025,"Gloves,exam,nitrile,pwdfree,M,BOX-100",2,EA,X
1540,S9906791,"Mali, in-patient CMAM kit, version 2014",S9999753,"Subkit 3/6 Mali, in-patient CMAM kit",,,0040,S0621001,"Tongue depressor,wooden,disp/BOX-100",5,EA,
1541,S9906791,"Mali, in-patient CMAM kit, version 2014",S9999753,"Subkit 3/6 Mali, in-patient CMAM kit",,,0050,S0709225,"Cannula,IV short,22G,ster,disp",50,EA,X
1542,S9906791,"Mali, in-patient CMAM kit, version 2014",S9999753,"Subkit 3/6 Mali, in-patient CMAM kit",,,0060,S0709230,"Cannula,IV short,24G,ster,disp",50,EA,X
1543,S9906791,"Mali, in-patient CMAM kit, version 2014",S9999753,"Subkit 3/6 Mali, in-patient CMAM kit",,,0070,S0782405,"Syringe,disp,5ml,ster/BOX-100",3,BOX,X
1544,S9906791,"Mali, in-patient CMAM kit, version 2014",S9999753,"Subkit 3/6 Mali, in-patient CMAM kit",,,0080,S1300008,Artesunate pdr./inj 60mg vial/BOX-1,80,BOX,X
1545,S9906791,"Mali, in-patient CMAM kit, version 2014",S9999753,"Subkit 3/6 Mali, in-patient CMAM kit",,,0090,S1300074,Artem 20mg+Lumef120mg disp tabs/6/PAC-30,3,PAC,X
1546,S9906791,"Mali, in-patient CMAM kit, version 2014",S9999753,"Subkit 3/6 Mali, in-patient CMAM kit",,,0100,S1531505,Chlorhexidine conc. sol. 5%/BOT-1000ml,1,BOT,X
1547,S9906791,"Mali, in-patient CMAM kit, version 2014",S9999753,"Subkit 3/6 Mali, in-patient CMAM kit",,,0110,S1543805,Water for inj 10ml amp/BOX-50,2,BOX,X
1548,S9906791,"Mali, in-patient CMAM kit, version 2014",S9999753,"Subkit 3/6 Mali, in-patient CMAM kit",,,0120,S1552510,Zinc oxide ointment 10%/TBE-100g,10,TBE,X
1549,S9906791,"Mali, in-patient CMAM kit, version 2014",S9999753,"Subkit 3/6 Mali, in-patient CMAM kit",,,0130,S1555653,Metronidazole 250mg tabs PAC/10x10,10,EA,X
1550,S9906791,"Mali, in-patient CMAM kit, version 2014",S9999753,"Subkit 3/6 Mali, in-patient CMAM kit",,,0140,S1555930,"Nystatin oral sus 100,000IU/ml/BOT-30ml",40,BOT,X
1551,S9906791,"Mali, in-patient CMAM kit, version 2014",S9999754,"Subkit 4/6 Mali, in-patient CMAM kit",,,,S9999754,"Subkit 4/6 Mali, in-patient CMAM kit",0.000,,
1552,S9906791,"Mali, in-patient CMAM kit, version 2014",S9999754,"Subkit 4/6 Mali, in-patient CMAM kit",,,0010,S9008034,"Double-wall ctn.60x40x33.3 cm, 0.08 m3",1,EA,
1553,S9906791,"Mali, in-patient CMAM kit, version 2014",S9999754,"Subkit 4/6 Mali, in-patient CMAM kit",,,0020,S1555930,"Nystatin oral sus 100,000IU/ml/BOT-30ml",260,BOT,X
1554,S9906791,"Mali, in-patient CMAM kit, version 2014",S9999755,"Subkit 5/6 Mali, in-patient CMAM kit",,,,S9999755,"Subkit 5/6 Mali, in-patient CMAM kit",0.000,,
1555,S9906791,"Mali, in-patient CMAM kit, version 2014",S9999755,"Subkit 5/6 Mali, in-patient CMAM kit",,,0010,S1552106,Glucose inj 5% 500ml w/giv.set/BOX-20,1,BOX,X
1556,S9906791,"Mali, in-patient CMAM kit, version 2014",S9999756,"Subkit 6/6 Mali, in-patient CMAM kit",,,,S9999756,"Subkit 6/6 Mali, in-patient CMAM kit",0.000,,
1557,S9906791,"Mali, in-patient CMAM kit, version 2014",S9999756,"Subkit 6/6 Mali, in-patient CMAM kit",,,0010,S1555680,Metronidazole inj 500mg/100ml vl/BOX-50,1,BOX,X
1558,S9906791,"Mali, in-patient CMAM kit, version 2014",S9999751,"Subkit 1/6 Mali, in-patient CMAM kit",S9999691,"Prepack 1/4 Mali, in-patient CMAM kit",,S9999691,"Prepack 1/4 Mali, in-patient CMAM kit",0.000,,
1559,S9906791,"Mali, in-patient CMAM kit, version 2014",S9999751,"Subkit 1/6 Mali, in-patient CMAM kit",S9999691,"Prepack 1/4 Mali, in-patient CMAM kit",0010,S8942200,"Pre-pack Ctn,  37.5x29x19.5 cm, 0.021 m3",1,EA,
1560,S9906791,"Mali, in-patient CMAM kit, version 2014",S9999751,"Subkit 1/6 Mali, in-patient CMAM kit",S9999691,"Prepack 1/4 Mali, in-patient CMAM kit",0020,S0523050,"Compress,paraffin,10x10cm,ster/BOX-10",15,EA,X
1561,S9906791,"Mali, in-patient CMAM kit, version 2014",S9999751,"Subkit 1/6 Mali, in-patient CMAM kit",S9999691,"Prepack 1/4 Mali, in-patient CMAM kit",0030,S0747432,"Needle,disp,21G,ster/BOX-100",3,BOX,X
1562,S9906791,"Mali, in-patient CMAM kit, version 2014",S9999751,"Subkit 1/6 Mali, in-patient CMAM kit",S9999691,"Prepack 1/4 Mali, in-patient CMAM kit",0040,S1553110,Povidone iodine sol 10%/BOT-200ml,6,BOT,X
1563,S9906791,"Mali, in-patient CMAM kit, version 2014",S9999751,"Subkit 1/6 Mali, in-patient CMAM kit",S9999691,"Prepack 1/4 Mali, in-patient CMAM kit",0050,S1550010,Iron 60mg tablets/PAC-100,10,PAC,X
1564,S9906791,"Mali, in-patient CMAM kit, version 2014",S9999751,"Subkit 1/6 Mali, in-patient CMAM kit",S9999691,"Prepack 1/4 Mali, in-patient CMAM kit",0060,S1515060,Miconazole nitrate cream 2%/TBE-30g,10,TBE,X
1565,S9906791,"Mali, in-patient CMAM kit, version 2014",S9999751,"Subkit 1/6 Mali, in-patient CMAM kit",S9999691,"Prepack 1/4 Mali, in-patient CMAM kit",0070,S1555395,Fluconazole 50mg caps/PAC-7,20,PAC,X
1566,S9906791,"Mali, in-patient CMAM kit, version 2014",S9999751,"Subkit 1/6 Mali, in-patient CMAM kit",S9999691,"Prepack 1/4 Mali, in-patient CMAM kit",0080,S1555700,Ciprofloxacin 250mg tabs/PAC-10,14,PAC,X
1567,S9906791,"Mali, in-patient CMAM kit, version 2014",S9999751,"Subkit 1/6 Mali, in-patient CMAM kit",S9999691,"Prepack 1/4 Mali, in-patient CMAM kit",0090,S1537115,Sulf.100mg+Trimet.20mg tabs/PAC-100,1,PAC,X
1568,S9906791,"Mali, in-patient CMAM kit, version 2014",S9999751,"Subkit 1/6 Mali, in-patient CMAM kit",S9999691,"Prepack 1/4 Mali, in-patient CMAM kit",0100,S1555370,Albendazole 400mg chewable tabs/PAC-100,1,PAC,X
1569,S9906791,"Mali, in-patient CMAM kit, version 2014",S9999751,"Subkit 1/6 Mali, in-patient CMAM kit",S9999691,"Prepack 1/4 Mali, in-patient CMAM kit",0110,S0584005,"Test strip,urine,gluc/prot,box-100",1,PAC,X
1570,S9906791,"Mali, in-patient CMAM kit, version 2014",S9999751,"Subkit 1/6 Mali, in-patient CMAM kit",S9999691,"Prepack 1/4 Mali, in-patient CMAM kit",0120,S1550525,Furosemide inj 10mg/ml 2ml amp/BOX-10,1,BOX,X
1571,S9906791,"Mali, in-patient CMAM kit, version 2014",S9999751,"Subkit 1/6 Mali, in-patient CMAM kit",S9999692,"Prepack 2/4 Mali, in-patient CMAM kit",,S9999692,"Prepack 2/4 Mali, in-patient CMAM kit",0.000,,
1572,S9906791,"Mali, in-patient CMAM kit, version 2014",S9999751,"Subkit 1/6 Mali, in-patient CMAM kit",S9999692,"Prepack 2/4 Mali, in-patient CMAM kit",0010,S8941505,"Pre-pack Carton, 32x24x20 cm, 0.015 m3",1,EA,
1573,S9906791,"Mali, in-patient CMAM kit, version 2014",S9999751,"Subkit 1/6 Mali, in-patient CMAM kit",S9999692,"Prepack 2/4 Mali, in-patient CMAM kit",0020,S0747445,"Needle,disp,25G,ster/BOX-100",2,BOX,X
1574,S9906791,"Mali, in-patient CMAM kit, version 2014",S9999751,"Subkit 1/6 Mali, in-patient CMAM kit",S9999692,"Prepack 2/4 Mali, in-patient CMAM kit",0030,S1583000,"Retinol 200,000IU soft gel.caps/PAC-500",1,PAC,X
1575,S9906791,"Mali, in-patient CMAM kit, version 2014",S9999751,"Subkit 1/6 Mali, in-patient CMAM kit",S9999692,"Prepack 2/4 Mali, in-patient CMAM kit",0040,S1551005,Folic acid 5mg tabs/PAC-1000,1,PAC,X
1576,S9906791,"Mali, in-patient CMAM kit, version 2014",S9999751,"Subkit 1/6 Mali, in-patient CMAM kit",S9999692,"Prepack 2/4 Mali, in-patient CMAM kit",0050,S0747420,"Needle,disp,19G,ster/BOX-100",3,BOX,X
1577,S9906791,"Mali, in-patient CMAM kit, version 2014",S9999751,"Subkit 1/6 Mali, in-patient CMAM kit",S9999692,"Prepack 2/4 Mali, in-patient CMAM kit",0060,S1510000,Tetracycline eye ointment 1%/TBE-5g,40,TBE,X
1578,S9906791,"Mali, in-patient CMAM kit, version 2014",S9999751,"Subkit 1/6 Mali, in-patient CMAM kit",S9999692,"Prepack 2/4 Mali, in-patient CMAM kit",0070,S1555690,Metronidazol pdr/o.s.200mg/5ml/BOT-100ml,14,BOT,X
1579,S9906791,"Mali, in-patient CMAM kit, version 2014",S9999751,"Subkit 1/6 Mali, in-patient CMAM kit",S9999692,"Prepack 2/4 Mali, in-patient CMAM kit",0080,S0512025,"Bandage,gauze,8cmx4m,roll",15,EA,X
1580,S9906791,"Mali, in-patient CMAM kit, version 2014",S9999751,"Subkit 1/6 Mali, in-patient CMAM kit",S9999692,"Prepack 2/4 Mali, in-patient CMAM kit",0090,S0709225,"Cannula,IV short,22G,ster,disp",10,EA,X
1581,S9906791,"Mali, in-patient CMAM kit, version 2014",S9999751,"Subkit 1/6 Mali, in-patient CMAM kit",S9999692,"Prepack 2/4 Mali, in-patient CMAM kit",0100,S0709230,"Cannula,IV short,24G,ster,disp",10,EA,X
1582,S9906791,"Mali, in-patient CMAM kit, version 2014",S9999752,"Subkit 2/6 Mali, in-patient CMAM kit",S9999693,"Prepack 3/4 Mali, in-patient CMAM kit",,S9999693,"Prepack 3/4 Mali, in-patient CMAM kit",0.000,,
1583,S9906791,"Mali, in-patient CMAM kit, version 2014",S9999752,"Subkit 2/6 Mali, in-patient CMAM kit",S9999693,"Prepack 3/4 Mali, in-patient CMAM kit",0010,S8941500,"Pre-pack Carton, 70x19x10 cm, 0.014 m3",1,EA,
1584,S9906791,"Mali, in-patient CMAM kit, version 2014",S9999752,"Subkit 2/6 Mali, in-patient CMAM kit",S9999693,"Prepack 3/4 Mali, in-patient CMAM kit",0020,S0373000,"Tube,feeding,CH08,L40cm,ster,disp",80,EA,X
1585,S9906791,"Mali, in-patient CMAM kit, version 2014",S9999753,"Subkit 3/6 Mali, in-patient CMAM kit",S9999694,"Prepack 4/4 Mali, in-patient CMAM kit",,S9999694,"Prepack 4/4 Mali, in-patient CMAM kit",0.000,,
1586,S9906791,"Mali, in-patient CMAM kit, version 2014",S9999753,"Subkit 3/6 Mali, in-patient CMAM kit",S9999694,"Prepack 4/4 Mali, in-patient CMAM kit",0010,S8941505,"Pre-pack Carton, 32x24x20 cm, 0.015 m3",1,EA,
1587,S9906791,"Mali, in-patient CMAM kit, version 2014",S9999753,"Subkit 3/6 Mali, in-patient CMAM kit",S9999694,"Prepack 4/4 Mali, in-patient CMAM kit",0020,S1505122,Silver Sulfadiaz. 1% cream 50g unsterile,20,EA,X
1588,S9906791,"Mali, in-patient CMAM kit, version 2014",S9999753,"Subkit 3/6 Mali, in-patient CMAM kit",S9999694,"Prepack 4/4 Mali, in-patient CMAM kit",0030,S1551960,Gentamicin inj 40mg/ml 2ml amp/BOX-50,4,BOX,X
1589,S9906791,"Mali, in-patient CMAM kit, version 2014",S9999753,"Subkit 3/6 Mali, in-patient CMAM kit",S9999694,"Prepack 4/4 Mali, in-patient CMAM kit",0040,S0366020,"Syringe,feeding,50ml,luer tip,ster",15,EA,X
1590,S9906797,"Ethiopia Midwifery kit,2-equipment V2",,,,,0010,S9008034,"Double-wall ctn.60x40x33.3 cm, 0.08 m3",1,EA,
1591,S9906797,"Ethiopia Midwifery kit,2-equipment V2",,,,,0020,S9999760,Prepack1/1 Ethiopia Mid.2-Equip.,1,EA,X
1592,S9906797,"Ethiopia Midwifery kit,2-equipment V2",,,,,0030,S0214020,"Bowl,round,polypropylene,6 - 8L",2,EA,
1593,S9906797,"Ethiopia Midwifery kit,2-equipment V2",,,,,0040,S0216000,"Bowl,round,stainless steel,4L",2,EA,
1594,S9906797,"Ethiopia Midwifery kit,2-equipment V2",,,,,0050,S0279000,"Tray,dressing,ss,300x200x30mm",2,EA,
1595,S9906797,"Ethiopia Midwifery kit,2-equipment V2",,,,,0060,S0270000,"Tray,instr,ss,225x125x50mm,w/cover",4,EA,
1596,S9906797,"Ethiopia Midwifery kit,2-equipment V2",,,,,0070,S0683200,"Sphygmomanometer,(adult),aneroid",1,EA,
1597,S9906797,"Ethiopia Midwifery kit,2-equipment V2",,,,,0080,S4410010,"Book,exercise,A5,ruled-8mm,48 pgs/PAC-20",1,PAC,
1598,S9906797,"Ethiopia Midwifery kit,2-equipment V2",,,,,0090,S0305000,"Apron,protection,plastic,reusable",2,EA,
1599,S9906797,"Ethiopia Midwifery kit,2-equipment V2",,,S9999760,Prepack1/1 Ethiopia Mid.2-Equip.,,S9999760,Prepack1/1 Ethiopia Mid.2-Equip.,0.000,,
1600,S9906797,"Ethiopia Midwifery kit,2-equipment V2",,,S9999760,Prepack1/1 Ethiopia Mid.2-Equip.,0010,S8942200,"Pre-pack Ctn,  37.5x29x19.5 cm, 0.021 m3",1,EA,
1601,S9906797,"Ethiopia Midwifery kit,2-equipment V2",,,S9999760,Prepack1/1 Ethiopia Mid.2-Equip.,0020,S0686000,"Stethoscope,binaural,complete",1,EA,
1602,S9906797,"Ethiopia Midwifery kit,2-equipment V2",,,S9999760,Prepack1/1 Ethiopia Mid.2-Equip.,0030,S0722500,"Forceps,dressing,Cheron,250mm",2,EA,
1603,S9906797,"Ethiopia Midwifery kit,2-equipment V2",,,S9999760,Prepack1/1 Ethiopia Mid.2-Equip.,0040,S0333500,"Jar,forceps,pp,180mm,w/o cover",2,EA,
1604,S9906797,"Ethiopia Midwifery kit,2-equipment V2",,,S9999760,Prepack1/1 Ethiopia Mid.2-Equip.,0050,S0557000,"Scale,spring type,infant,5kgx25g",1,EA,
1605,S9906797,"Ethiopia Midwifery kit,2-equipment V2",,,S9999760,Prepack1/1 Ethiopia Mid.2-Equip.,0060,S0334200,"Jar,thermometer,pp,11cm,w/o cover",2,EA,
1606,S9906797,"Ethiopia Midwifery kit,2-equipment V2",,,S9999760,Prepack1/1 Ethiopia Mid.2-Equip.,0070,S0686500,"Stethoscope,foetal,Pinard",2,EA,
1607,S9906797,"Ethiopia Midwifery kit,2-equipment V2",,,S9999760,Prepack1/1 Ethiopia Mid.2-Equip.,0080,S0514000,"Brush,hand,scrubbing,plastic",2,EA,
1608,S9906797,"Ethiopia Midwifery kit,2-equipment V2",,,S9999760,Prepack1/1 Ethiopia Mid.2-Equip.,0090,S0385010,"Tourniquet,latex-free,50cm",2,EA,
1609,S9906797,"Ethiopia Midwifery kit,2-equipment V2",,,S9999760,Prepack1/1 Ethiopia Mid.2-Equip.,0100,S0567000,"Tape measure,tailor's,fibreglass,1.5m",2,EA,
1610,S9906797,"Ethiopia Midwifery kit,2-equipment V2",,,S9999760,Prepack1/1 Ethiopia Mid.2-Equip.,0110,S4460005,"Pen,ball-point,blue/BOX-10",1,BOX,
1611,S9906797,"Ethiopia Midwifery kit,2-equipment V2",,,S9999760,Prepack1/1 Ethiopia Mid.2-Equip.,0120,S0481056,"Thermometer, clinical, digital, no Li",10,EA,X
1612,S9906797,"Ethiopia Midwifery kit,2-equipment V2",,,S9999760,Prepack1/1 Ethiopia Mid.2-Equip.,0130,S0225000,"Bowl,stainless steel,600ml",2,EA,
1613,S9906797,"Ethiopia Midwifery kit,2-equipment V2",,,S9999760,Prepack1/1 Ethiopia Mid.2-Equip.,0140,S0557200,"Weighing sling,infant,5kg",1,EA,
1614,S9906797,"Ethiopia Midwifery kit,2-equipment V2",,,S9999760,Prepack1/1 Ethiopia Mid.2-Equip.,0150,S0211000,"Basin,kidney,stainless steel,825ml",2,EA,
1615,S9906797,"Ethiopia Midwifery kit,2-equipment V2",,,S9999760,Prepack1/1 Ethiopia Mid.2-Equip.,0160,S9999603,"Ethiopia Surg.inst.,delivery /SET",2,SET,
1616,S9906797,"Ethiopia Midwifery kit,2-equipment V2",,,S9999760,Prepack1/1 Ethiopia Mid.2-Equip.,0170,S9999604,"Ethiopia Surg.inst.,suture /SET",2,SET,
1617,S9906797,"Ethiopia Midwifery kit,2-equipment V2",,,S9999760,Prepack1/1 Ethiopia Mid.2-Equip.,0180,S0361020,"Drawsheet,plastic,90x180cm",2,EA,
1618,S9906797,"Ethiopia Midwifery kit,2-equipment V2",,,S9999603,"Ethiopia Surg.inst.,delivery /SET",,S9999603,"Ethiopia Surg.inst.,delivery /SET",0.000,,
1619,S9906797,"Ethiopia Midwifery kit,2-equipment V2",,,S9999603,"Ethiopia Surg.inst.,delivery /SET",0010,S0726000,"Forceps,artery,Kocher,140mm,str",4,EA,
1620,S9906797,"Ethiopia Midwifery kit,2-equipment V2",,,S9999603,"Ethiopia Surg.inst.,delivery /SET",0020,S0770500,"Scissors,Mayo,140mm,cvd,b/b",2,EA,
1621,S9906797,"Ethiopia Midwifery kit,2-equipment V2",,,S9999603,"Ethiopia Surg.inst.,delivery /SET",0030,S0774700,"Scissors,gyneco,200mm,cvd,b/b",2,EA,
1622,S9906797,"Ethiopia Midwifery kit,2-equipment V2",,,S9999604,"Ethiopia Surg.inst.,suture /SET",,S9999604,"Ethiopia Surg.inst.,suture /SET",0.000,,
1623,S9906797,"Ethiopia Midwifery kit,2-equipment V2",,,S9999604,"Ethiopia Surg.inst.,suture /SET",0010,S0726000,"Forceps,artery,Kocher,140mm,str",2,EA,
1624,S9906797,"Ethiopia Midwifery kit,2-equipment V2",,,S9999604,"Ethiopia Surg.inst.,suture /SET",0020,S0737000,"Forceps,tissue,standard,145mm,str",2,EA,
1625,S9906797,"Ethiopia Midwifery kit,2-equipment V2",,,S9999604,"Ethiopia Surg.inst.,suture /SET",0030,S0743600,"Needle holder,Mayo-Hegar,180mm,str",2,EA,
1626,S9906797,"Ethiopia Midwifery kit,2-equipment V2",,,S9999604,"Ethiopia Surg.inst.,suture /SET",0040,S0745500,"Scalpel handle,no.4",2,EA,
1627,S9906797,"Ethiopia Midwifery kit,2-equipment V2",,,S9999604,"Ethiopia Surg.inst.,suture /SET",0050,S0773550,"Scissors,Deaver,140mm,cvd,s/b",2,EA,
1628,S9906797,"Ethiopia Midwifery kit,2-equipment V2",,,S9999604,"Ethiopia Surg.inst.,suture /SET",0060,S0759820,"Probe,double-ended,145mm",2,EA,
1629,S9999604,"Ethiopia Surg.inst.,suture /SET",,,,,0010,S0726000,"Forceps,artery,Kocher,140mm,str",2,EA,
1630,S9999604,"Ethiopia Surg.inst.,suture /SET",,,,,0020,S0737000,"Forceps,tissue,standard,145mm,str",2,EA,
1631,S9999604,"Ethiopia Surg.inst.,suture /SET",,,,,0030,S0743600,"Needle holder,Mayo-Hegar,180mm,str",2,EA,
1632,S9999604,"Ethiopia Surg.inst.,suture /SET",,,,,0040,S0745500,"Scalpel handle,no.4",2,EA,
1633,S9999604,"Ethiopia Surg.inst.,suture /SET",,,,,0050,S0773550,"Scissors,Deaver,140mm,cvd,s/b",2,EA,
1634,S9999604,"Ethiopia Surg.inst.,suture /SET",,,,,0060,S0759820,"Probe,double-ended,145mm",2,EA,
1635,S9999603,"Ethiopia Surg.inst.,delivery /SET",,,,,0010,S0726000,"Forceps,artery,Kocher,140mm,str",4,EA,
1636,S9999603,"Ethiopia Surg.inst.,delivery /SET",,,,,0020,S0770500,"Scissors,Mayo,140mm,cvd,b/b",2,EA,
1637,S9999603,"Ethiopia Surg.inst.,delivery /SET",,,,,0030,S0774700,"Scissors,gyneco,200mm,cvd,b/b",2,EA,
1638,S9906800,Yemen Primary Health Kit 2021-Basic meds,S9986721,SUB 1/3  Yemen PHK 2021-Basic S9906800,,,,S9986721,SUB 1/3  Yemen PHK 2021-Basic S9906800,0.000,,
1639,S9906800,Yemen Primary Health Kit 2021-Basic meds,S9986721,SUB 1/3  Yemen PHK 2021-Basic S9906800,,,0010,S9008034,"Double-wall ctn.60x40x33.3 cm, 0.08 m3",1,EA,
1640,S9906800,Yemen Primary Health Kit 2021-Basic meds,S9986721,SUB 1/3  Yemen PHK 2021-Basic S9906800,,,0020,S9986716,PP 1/3 F Sub 1/3 Yemen PHK S9906800,1,EA,X
1641,S9906800,Yemen Primary Health Kit 2021-Basic meds,S9986721,SUB 1/3  Yemen PHK 2021-Basic S9906800,,,0030,S1505046,Amoxicillin 125mg/5ml pdr.or.s/BOT-100ml,30,BOT,X
1642,S9906800,Yemen Primary Health Kit 2021-Basic meds,S9986721,SUB 1/3  Yemen PHK 2021-Basic S9906800,,,0040,S1550180,Ferrous sulp.oral sol. 125mg/ml/BOT-30ml,150,BOT,X
1643,S9906800,Yemen Primary Health Kit 2021-Basic meds,S9986722,SUB 2/3  Yemen PHK 2021-Basic S9906800,,,,S9986722,SUB 2/3  Yemen PHK 2021-Basic S9906800,0.000,,
1644,S9906800,Yemen Primary Health Kit 2021-Basic meds,S9986722,SUB 2/3  Yemen PHK 2021-Basic S9906800,,,0010,S9012024,"Double-wall ctn.60x40x50 cm, 0.120 m3",1,EA,
1645,S9906800,Yemen Primary Health Kit 2021-Basic meds,S9986722,SUB 2/3  Yemen PHK 2021-Basic S9906800,,,0020,S9986717,PP 2/3 F Sub 2/3 Yemen PHK S9906800,1,EA,X
1646,S9906800,Yemen Primary Health Kit 2021-Basic meds,S9986722,SUB 2/3  Yemen PHK 2021-Basic S9906800,,,0030,S1505043,Amoxicillin 250mg disp.tab/PAC-(10x10),30,PAC,X
1647,S9906800,Yemen Primary Health Kit 2021-Basic meds,S9986722,SUB 2/3  Yemen PHK 2021-Basic S9906800,,,0060,S1546315,Erythromycin 250mg tabs/PAC-10x10,5,PAC,X
1648,S9906800,Yemen Primary Health Kit 2021-Basic meds,S9986722,SUB 2/3  Yemen PHK 2021-Basic S9906800,,,0130,S1519500,Benzyl benzoate 25% lotion /BOT-1000ml,15,BOT,X
1649,S9906800,Yemen Primary Health Kit 2021-Basic meds,S9986722,SUB 2/3  Yemen PHK 2021-Basic S9906800,,,0140,S9986710,PP 3/3 F Sub 2/3 Yemen PHK S9906800,1,EA,X
1650,S9906800,Yemen Primary Health Kit 2021-Basic meds,S9986723,SUB 3/3  Yemen PHK 2021-Basic S9906800,,,,S9986723,SUB 3/3  Yemen PHK 2021-Basic S9906800,0.000,,
1651,S9906800,Yemen Primary Health Kit 2021-Basic meds,S9986723,SUB 3/3  Yemen PHK 2021-Basic S9906800,,,0020,S1585009,Paracetamol 120mg/5ml or.liq/BOT-60ml,200,BOT,X
1652,S9906800,Yemen Primary Health Kit 2021-Basic meds,S9986723,SUB 3/3  Yemen PHK 2021-Basic S9906800,,,0030,S9008034,"Double-wall ctn.60x40x33.3 cm, 0.08 m3",1,EA,
1653,S9906800,Yemen Primary Health Kit 2021-Basic meds,S9986721,SUB 1/3  Yemen PHK 2021-Basic S9906800,S9986716,PP 1/3 F Sub 1/3 Yemen PHK S9906800,,S9986716,PP 1/3 F Sub 1/3 Yemen PHK S9906800,0.000,,
1654,S9906800,Yemen Primary Health Kit 2021-Basic meds,S9986721,SUB 1/3  Yemen PHK 2021-Basic S9906800,S9986716,PP 1/3 F Sub 1/3 Yemen PHK S9906800,0010,S8942200,"Pre-pack Ctn,  37.5x29x19.5 cm, 0.021 m3",1,EA,
1655,S9906800,Yemen Primary Health Kit 2021-Basic meds,S9986721,SUB 1/3  Yemen PHK 2021-Basic S9906800,S9986716,PP 1/3 F Sub 1/3 Yemen PHK S9906800,0020,S1531704,Chlorphenamine maleate 4mg tabs/PAC-100,20,PAC,X
1656,S9906800,Yemen Primary Health Kit 2021-Basic meds,S9986721,SUB 1/3  Yemen PHK 2021-Basic S9906800,S9986716,PP 1/3 F Sub 1/3 Yemen PHK S9906800,0030,S1552500,Hydrocortisone ointment 1%/TBE-15g,20,TBE,X
1657,S9906800,Yemen Primary Health Kit 2021-Basic meds,S9986721,SUB 1/3  Yemen PHK 2021-Basic S9906800,S9986716,PP 1/3 F Sub 1/3 Yemen PHK S9906800,0040,S1555966,Paracetamol 250mg disp. tabs/PAC-10x10,20,PAC,X
1658,S9906800,Yemen Primary Health Kit 2021-Basic meds,S9986722,SUB 2/3  Yemen PHK 2021-Basic S9906800,S9986716,PP 1/3 F Sub 1/3 Yemen PHK S9906800,0050,S1510000,Tetracycline eye ointment 1%/TBE-5g,50,TBE,X
1659,S9906800,Yemen Primary Health Kit 2021-Basic meds,S9986722,SUB 2/3  Yemen PHK 2021-Basic S9906800,S9986717,PP 2/3 F Sub 2/3 Yemen PHK S9906800,,S9986717,PP 2/3 F Sub 2/3 Yemen PHK S9906800,0.000,,
1660,S9906800,Yemen Primary Health Kit 2021-Basic meds,S9986722,SUB 2/3  Yemen PHK 2021-Basic S9906800,S9986717,PP 2/3 F Sub 2/3 Yemen PHK S9906800,0010,S8942200,"Pre-pack Ctn,  37.5x29x19.5 cm, 0.021 m3",1,EA,
1661,S9906800,Yemen Primary Health Kit 2021-Basic meds,S9986722,SUB 2/3  Yemen PHK 2021-Basic S9906800,S9986717,PP 2/3 F Sub 2/3 Yemen PHK S9906800,0020,S1555370,Albendazole 400mg chewable tabs/PAC-100,5,PAC,X
1662,S9906800,Yemen Primary Health Kit 2021-Basic meds,S9986722,SUB 2/3  Yemen PHK 2021-Basic S9906800,S9986717,PP 2/3 F Sub 2/3 Yemen PHK S9906800,0030,S1533010,Ibuprofen 200mg tabs/PAC 10x10,6,EA,X
1663,S9906800,Yemen Primary Health Kit 2021-Basic meds,S9986722,SUB 2/3  Yemen PHK 2021-Basic S9906800,S9986717,PP 2/3 F Sub 2/3 Yemen PHK S9906800,0040,S1555964,Paracetamol 500mg tabs/PAC-10x10,30,PAC,X
1664,S9906800,Yemen Primary Health Kit 2021-Basic meds,S9986722,SUB 2/3  Yemen PHK 2021-Basic S9906800,S9986717,PP 2/3 F Sub 2/3 Yemen PHK S9906800,0050,S0521425,"Sachet,tablet,plastic,10x16cm/PAC-100",4,EA,
1665,S9906800,Yemen Primary Health Kit 2021-Basic meds,S9986722,SUB 2/3  Yemen PHK 2021-Basic S9906800,S9986717,PP 2/3 F Sub 2/3 Yemen PHK S9906800,0060,S1505122,Silver Sulfadiaz. 1% cream 50g unsterile,5,EA,X
1666,S9906800,Yemen Primary Health Kit 2021-Basic meds,S9986722,SUB 2/3  Yemen PHK 2021-Basic S9906800,S9986717,PP 2/3 F Sub 2/3 Yemen PHK S9906800,0070,S1537135,Sul.200mg+Trim.40mg/5ml or.sus/BOT-100ml,5,BOT,X
1667,S9906800,Yemen Primary Health Kit 2021-Basic meds,S9986722,SUB 2/3  Yemen PHK 2021-Basic S9906800,S9986710,PP 3/3 F Sub 2/3 Yemen PHK S9906800,,S9986710,PP 3/3 F Sub 2/3 Yemen PHK S9906800,0.000,,
1668,S9906800,Yemen Primary Health Kit 2021-Basic meds,S9986722,SUB 2/3  Yemen PHK 2021-Basic S9906800,S9986710,PP 3/3 F Sub 2/3 Yemen PHK S9906800,0010,S8942200,"Pre-pack Ctn,  37.5x29x19.5 cm, 0.021 m3",1,EA,
1669,S9906800,Yemen Primary Health Kit 2021-Basic meds,S9986722,SUB 2/3  Yemen PHK 2021-Basic S9906800,S9986710,PP 3/3 F Sub 2/3 Yemen PHK S9906800,0070,S1560720,Phenox.meth.penicil.250mg tabs/PAC-10x10,50,EA,X
1670,S9906800,Yemen Primary Health Kit 2021-Basic meds,S9986722,SUB 2/3  Yemen PHK 2021-Basic S9906800,S9986710,PP 3/3 F Sub 2/3 Yemen PHK S9906800,0080,S1580020,Zinc 20mg tablets/PAC-10x10,5,PAC,X
1671,S9906800,Yemen Primary Health Kit 2021-Basic meds,S9986722,SUB 2/3  Yemen PHK 2021-Basic S9906800,S9986710,PP 3/3 F Sub 2/3 Yemen PHK S9906800,0090,S1515060,Miconazole nitrate cream 2%/TBE-30g,20,TBE,X
1672,S9906800,Yemen Primary Health Kit 2021-Basic meds,S9986722,SUB 2/3  Yemen PHK 2021-Basic S9906800,S9986710,PP 3/3 F Sub 2/3 Yemen PHK S9906800,0100,S1551005,Folic acid 5mg tabs/PAC-1000,4,PAC,X
1673,S9906800,Yemen Primary Health Kit 2021-Basic meds,S9986722,SUB 2/3  Yemen PHK 2021-Basic S9906800,S9986710,PP 3/3 F Sub 2/3 Yemen PHK S9906800,0110,S1537110,Sulf.400mg+Trimet.80mg tabs/PAC-10x10,2,PAC,X
1674,S9906801,Yemen Primary Health Kit2021-consumables,,,,,0010,S9016023,"Double-wall ctn.80x40x50 cm, 0.160 m3",1,EA,
1675,S9906801,Yemen Primary Health Kit2021-consumables,,,,,0020,S0305135,"Mask,surgic,typeIIR,tiestrap,disp.pack50",12,EA,X
1676,S9906801,Yemen Primary Health Kit2021-consumables,,,,,0030,S0330025,"Gloves,exam,latex,pwdfree,M,BOX-100",12,EA,X
1677,S9906801,Yemen Primary Health Kit2021-consumables,,,,,0040,S0782371,"Safety box f.used syrg/ndl5L,HMD/BOX-25",1,BOX,X
1678,S9906801,Yemen Primary Health Kit2021-consumables,,,,,0060,S0519000,"Cotton wool,500g,roll,non-ster",2,EA,X
1679,S9906801,Yemen Primary Health Kit2021-consumables,,,,,0070,S0709233,"Cannula IV short 22G, ster, disp, BOX-50",1,EA,X
1680,S9906801,Yemen Primary Health Kit2021-consumables,,,,,0080,S0523015,"Compress,gauze,10x10cm,n/ster/PAC-100",1,EA,X
1681,S9906801,Yemen Primary Health Kit2021-consumables,,,,,0090,S0782111,"Syringe,disp,5ml,w/ndl,21G/BOX-100",2,BOX,X
1682,S9906801,Yemen Primary Health Kit2021-consumables,,,,,0100,S0565011,"Sut,nonabs,DEC3,need 3/8 30mm,tri/BOX-36",2,BOX,X
1683,S9906801,Yemen Primary Health Kit2021-consumables,,,,,0110,S0503015,"Medical tape,2.5cmx5m,roll",8,EA,X
1684,S9906801,Yemen Primary Health Kit2021-consumables,,,,,0120,S0512020,"Bandage,gauze,5cmx5m,roll",10,EA,X
1685,S9906802,Yemen Primary Health Kit 2021-Suppl meds,,,,,0010,S9012024,"Double-wall ctn.60x40x50 cm, 0.120 m3",1,EA,
1686,S9906802,Yemen Primary Health Kit 2021-Suppl meds,,,,,0020,S9986718,PP 1/2 F Yemen PHK-Suppl meds S9906802,1,EA,X
1687,S9906802,Yemen Primary Health Kit 2021-Suppl meds,,,,,0030,S9986719,P 2/2 F Yemen PHK-Suppl meds S9906802,1,EA,X
1688,S9906802,Yemen Primary Health Kit 2021-Suppl meds,,,,,0040,S1505076,Ampicillin pdr/inj 500mg vial/BOX-100,1,BOX,X
1689,S9906802,Yemen Primary Health Kit 2021-Suppl meds,,,,,0050,S1520011,Benzylpenicillin pdr/inj 5MIUvial/BOX-50,1,BOX,X
1690,S9906802,Yemen Primary Health Kit 2021-Suppl meds,,,,,0060,S1555710,Ciprofloxacin 500mg tabs/PAC-10,20,PAC,X
1691,S9906802,Yemen Primary Health Kit 2021-Suppl meds,,,,,0070,S1533001,Co-Amoxiclav 500mg+125mg tabs/PAC3x5,10,EA,X
1692,S9906802,Yemen Primary Health Kit 2021-Suppl meds,,,,,0080,S1544402,Doxycycline 100mg tabs PAC/10x10,20,EA,X
1693,S9906802,Yemen Primary Health Kit 2021-Suppl meds,,,,,0090,S1551960,Gentamicin inj 40mg/ml 2ml amp/BOX-50,1,BOX,X
1694,S9906802,Yemen Primary Health Kit 2021-Suppl meds,,,,,0100,S0521425,"Sachet,tablet,plastic,10x16cm/PAC-100",6,EA,
1695,S9906802,Yemen Primary Health Kit 2021-Suppl meds,,,,,0110,S1543711,Methyldopa 250mg tabs/PAC-10x10,3,EA,X
1696,S9906802,Yemen Primary Health Kit 2021-Suppl meds,,,,,0120,S1543755,Enalapril maleate 5mg tabs/PAC-10x10,3,EA,X
1697,S9906802,Yemen Primary Health Kit 2021-Suppl meds,,,,,0130,S1504008,Omeprazole 20mg capsules (e/c) PAC/10x10,3,PAC,X
1698,S9906802,Yemen Primary Health Kit 2021-Suppl meds,,,,,0140,S1555706,Ciprofloxacin 250mg tabs PAC/1x10,2,EA,X
1699,S9906802,Yemen Primary Health Kit 2021-Suppl meds,,,,,0150,S1533002,Co-Amoxiclav 125mg+ 31.25mg BOT/100ml,60,EA,X
1700,S9906802,Yemen Primary Health Kit 2021-Suppl meds,,,S9986718,PP 1/2 F Yemen PHK-Suppl meds S9906802,,S9986718,PP 1/2 F Yemen PHK-Suppl meds S9906802,0.000,,
1701,S9906802,Yemen Primary Health Kit 2021-Suppl meds,,,S9986718,PP 1/2 F Yemen PHK-Suppl meds S9906802,0010,S8941501,"Pre-pack Carton, 32x24x10 cm, 0.007 m3",1,EA,
1702,S9906802,Yemen Primary Health Kit 2021-Suppl meds,,,S9986718,PP 1/2 F Yemen PHK-Suppl meds S9906802,0020,S1531011,Azithromycin pdr/or s 200mg/5ml/BOT-15ml,10,BOT,X
1703,S9906802,Yemen Primary Health Kit 2021-Suppl meds,,,S9986718,PP 1/2 F Yemen PHK-Suppl meds S9906802,0030,S1531003,Cefixime 200mg tabs/PAC-10x10,1,PAC,X
1704,S9906802,Yemen Primary Health Kit 2021-Suppl meds,,,S9986718,PP 1/2 F Yemen PHK-Suppl meds S9906802,0040,S1514148,Prednisolone 5mg tabs/PAC-10x10,2,PAC,X
1705,S9906802,Yemen Primary Health Kit 2021-Suppl meds,,,S9986718,PP 1/2 F Yemen PHK-Suppl meds S9906802,0050,S1562017,Salbutamol 4mg tabs/PAC-100,5,PAC,X
1706,S9906802,Yemen Primary Health Kit 2021-Suppl meds,,,S9986718,PP 1/2 F Yemen PHK-Suppl meds S9906802,0060,S1562020,Salbutamol oral inh. 0.1mg/ds 200ds,5,EA,X
1707,S9906802,Yemen Primary Health Kit 2021-Suppl meds,,,S9986719,P 2/2 F Yemen PHK-Suppl meds S9906802,,S9986719,P 2/2 F Yemen PHK-Suppl meds S9906802,0.000,,
1708,S9906802,Yemen Primary Health Kit 2021-Suppl meds,,,S9986719,P 2/2 F Yemen PHK-Suppl meds S9906802,0010,S8942200,"Pre-pack Ctn,  37.5x29x19.5 cm, 0.021 m3",1,EA,
1709,S9906802,Yemen Primary Health Kit 2021-Suppl meds,,,S9986719,P 2/2 F Yemen PHK-Suppl meds S9906802,0020,S1531009,Azithromycin 250mg tablets/PAC-6,20,PAC,X
1710,S9906802,Yemen Primary Health Kit 2021-Suppl meds,,,S9986719,P 2/2 F Yemen PHK-Suppl meds S9906802,0030,S1550501,Furosemide 40mg tabs/PAC-10x10,10,PAC,X
1711,S9906802,Yemen Primary Health Kit 2021-Suppl meds,,,S9986719,P 2/2 F Yemen PHK-Suppl meds S9906802,0040,S1531705,Loratadine 10mg tabs/PAC-10x10,20,EA,X
1712,S9906802,Yemen Primary Health Kit 2021-Suppl meds,,,S9986719,P 2/2 F Yemen PHK-Suppl meds S9906802,0050,S1555690,Metronidazol pdr/o.s.200mg/5ml/BOT-100ml,10,BOT,X
1713,S9906802,Yemen Primary Health Kit 2021-Suppl meds,,,S9986719,P 2/2 F Yemen PHK-Suppl meds S9906802,0060,S1555653,Metronidazole 250mg tabs PAC/10x10,10,EA,X
1714,S9906802,Yemen Primary Health Kit 2021-Suppl meds,,,S9986719,P 2/2 F Yemen PHK-Suppl meds S9906802,0070,S1555930,"Nystatin oral sus 100,000IU/ml/BOT-30ml",20,BOT,X
1715,S9908200,"Sterilization, kit C",S9999923,"Subkit 1/2 Sterilization, kit C S9908200",,,,S9999923,"Subkit 1/2 Sterilization, kit C S9908200",0.000,,
1716,S9908200,"Sterilization, kit C",S9999923,"Subkit 1/2 Sterilization, kit C S9908200",,,0010,S9016023,"Double-wall ctn.80x40x50 cm, 0.160 m3",1,EA,
1717,S9908200,"Sterilization, kit C",S9999923,"Subkit 1/2 Sterilization, kit C S9908200",,,0020,S0108000,"Drum,sterilizing,290mm diam",2,EA,
1718,S9908200,"Sterilization, kit C",S9999923,"Subkit 1/2 Sterilization, kit C S9908200",,,0030,S0107700,"Drum,sterilizing,260mm diam",2,EA,
1719,S9908200,"Sterilization, kit C",S9999923,"Subkit 1/2 Sterilization, kit C S9908200",,,0040,S0106000,"Drum,sterilizing,165mm diam",2,EA,
1720,S9908200,"Sterilization, kit C",S9999923,"Subkit 1/2 Sterilization, kit C S9908200",,,0050,S0170000,"Stove,kerosene,single-burner,pressure",1,EA,
1721,S9908200,"Sterilization, kit C",S9999923,"Subkit 1/2 Sterilization, kit C S9908200",,,0060,S0558100,"Indicator,TST control spot/PAC-300",1,PAC,X
1722,S9908200,"Sterilization, kit C",S9999923,"Subkit 1/2 Sterilization, kit C S9908200",,,0070,S0726000,"Forceps,artery,Kocher,140mm,str",1,EA,
1723,S9908200,"Sterilization, kit C",S9999923,"Subkit 1/2 Sterilization, kit C S9908200",,,0080,S0983400,"Timer,60 min",1,EA,
1724,S9908200,"Sterilization, kit C",S9999924,"Subkit 2/2 Sterilization, kit C S9908200",,,,S9999924,"Subkit 2/2 Sterilization, kit C S9908200",0.000,,
1725,S9908200,"Sterilization, kit C",S9999924,"Subkit 2/2 Sterilization, kit C S9908200",,,0010,S0156000,"Sterilizer,steam,39L",1,EA,
1726,S9908300,"Obstetric,surgical kit,suppl.1-drugs",S9999995,Sub 1/10 Obstetric S9908300(i) part 1,,,,S9999995,Sub 1/10 Obstetric S9908300(i) part 1,0.000,,
1727,S9908300,"Obstetric,surgical kit,suppl.1-drugs",S9999995,Sub 1/10 Obstetric S9908300(i) part 1,,,0010,S9012024,"Double-wall ctn.60x40x50 cm, 0.120 m3",1,EA,
1728,S9908300,"Obstetric,surgical kit,suppl.1-drugs",S9999995,Sub 1/10 Obstetric S9908300(i) part 1,,,0020,S9999944,"Prepack 1/2 Obstetric,surgical kit,suppl",1,EA,X
1729,S9908300,"Obstetric,surgical kit,suppl.1-drugs",S9999995,Sub 1/10 Obstetric S9908300(i) part 1,,,0030,S1588360,Water purif.(NaDCC) 1.67g tabs/PAC-200,6,PAC,X
1730,S9908300,"Obstetric,surgical kit,suppl.1-drugs",S9999995,Sub 1/10 Obstetric S9908300(i) part 1,,,0050,S9999945,"Prepack 2/2 Obstetric,surgical kit,suppl",1,EA,X
1731,S9908300,"Obstetric,surgical kit,suppl.1-drugs",S9999995,Sub 1/10 Obstetric S9908300(i) part 1,,,0060,S1559355,Magn.sulph.inj 500mg/ml 10ml amp/BOX-10,10,BOX,X
1732,S9908300,"Obstetric,surgical kit,suppl.1-drugs",S9999995,Sub 1/10 Obstetric S9908300(i) part 1,,,0070,S1564320,Sod.chloride inj.0.9% 10ml/BOX-5,12,BOX,X
1733,S9908300,"Obstetric,surgical kit,suppl.1-drugs",S9999995,Sub 1/10 Obstetric S9908300(i) part 1,,,0080,S1523005,Dexamethasone Phos 4mg/ml 1ml amp/BOX-50,1,BOX,X
1734,S9908300,"Obstetric,surgical kit,suppl.1-drugs",S9999995,Sub 1/10 Obstetric S9908300(i) part 1,,,0090,S1555680,Metronidazole inj 500mg/100ml vl/BOX-50,1,BOX,X
1735,S9908300,"Obstetric,surgical kit,suppl.1-drugs",S9999994,Sub 2/10 Obstetric S9908300(i) part 2,,,,S9999994,Sub 2/10 Obstetric S9908300(i) part 2,0.000,,
1736,S9908300,"Obstetric,surgical kit,suppl.1-drugs",S9999994,Sub 2/10 Obstetric S9908300(i) part 2,,,0010,S9012024,"Double-wall ctn.60x40x50 cm, 0.120 m3",1,EA,
1737,S9908300,"Obstetric,surgical kit,suppl.1-drugs",S9999994,Sub 2/10 Obstetric S9908300(i) part 2,,,0020,S1555680,Metronidazole inj 500mg/100ml vl/BOX-50,1,BOX,X
1738,S9908300,"Obstetric,surgical kit,suppl.1-drugs",S9999994,Sub 2/10 Obstetric S9908300(i) part 2,,,0030,S1555280,Lidocain inj 2% 50ml vial/BOX-5,20,BOX,X
1739,S9908300,"Obstetric,surgical kit,suppl.1-drugs",S9999994,Sub 2/10 Obstetric S9908300(i) part 2,,,0040,S1555964,Paracetamol 500mg tabs/PAC-10x10,20,PAC,X
1740,S9908300,"Obstetric,surgical kit,suppl.1-drugs",S9999993,Sub 3/10 Obstetric S9908300(i) part 3,,,,S9999993,Sub 3/10 Obstetric S9908300(i) part 3,0.000,,
1741,S9908300,"Obstetric,surgical kit,suppl.1-drugs",S9999993,Sub 3/10 Obstetric S9908300(i) part 3,,,0010,S9006014,"Double-wall ctn.60x40x25 cm, 0.060 m3",1,EA,
1742,S9908300,"Obstetric,surgical kit,suppl.1-drugs",S9999993,Sub 3/10 Obstetric S9908300(i) part 3,,,0020,S1553105,Povidone iodine sol 10%/BOT-500ml,36,BOT,X
1743,S9908300,"Obstetric,surgical kit,suppl.1-drugs",S9999975,Sub 4/10 Obstetric S9908300(i) part 4,,,,S9999975,Sub 4/10 Obstetric S9908300(i) part 4,0.000,,
1744,S9908300,"Obstetric,surgical kit,suppl.1-drugs",S9999975,Sub 4/10 Obstetric S9908300(i) part 4,,,0010,S1531505,Chlorhexidine conc. sol. 5%/BOT-1000ml,15,BOT,X
1745,S9908300,"Obstetric,surgical kit,suppl.1-drugs",S9999973,Sub 5/10 Obstetric S9908300(i) part 5,,,,S9999973,Sub 5/10 Obstetric S9908300(i) part 5,0.000,,
1746,S9908300,"Obstetric,surgical kit,suppl.1-drugs",S9999973,Sub 5/10 Obstetric S9908300(i) part 5,,,0010,S1531505,Chlorhexidine conc. sol. 5%/BOT-1000ml,15,BOT,X
1747,S9908300,"Obstetric,surgical kit,suppl.1-drugs",S9999972,Sub 6/10 Obstetric S9908300(i) part 6,,,,S9999972,Sub 6/10 Obstetric S9908300(i) part 6,0.000,,
1748,S9908300,"Obstetric,surgical kit,suppl.1-drugs",S9999972,Sub 6/10 Obstetric S9908300(i) part 6,,,0010,S0531991,"Infusion giving set,sterile,s.u.",660,EA,X
1749,S9908300,"Obstetric,surgical kit,suppl.1-drugs",S9999972,Sub 6/10 Obstetric S9908300(i) part 6,,,0020,S9019200,"Double-wall ctn.100x40x48cm, 0.192 m3",1,EA,
1750,S9908300,"Obstetric,surgical kit,suppl.1-drugs",S9999976,Sub 7/10 Obstetric S9908300(i) part 7,,,,S9999976,Sub 7/10 Obstetric S9908300(i) part 7,0.000,,
1751,S9908300,"Obstetric,surgical kit,suppl.1-drugs",S9999976,Sub 7/10 Obstetric S9908300(i) part 7,,,0020,S1551960,Gentamicin inj 40mg/ml 2ml amp/BOX-50,21,BOX,X
1752,S9908300,"Obstetric,surgical kit,suppl.1-drugs",S9999976,Sub 7/10 Obstetric S9908300(i) part 7,,,0030,S9008034,"Double-wall ctn.60x40x33.3 cm, 0.08 m3",1,EA,
1753,S9908300,"Obstetric,surgical kit,suppl.1-drugs",S9999976,Sub 7/10 Obstetric S9908300(i) part 7,,,0050,S1505099,Ampicillin pdr/inj 500mg vial/BOX-50,12,BOX,X
1754,S9908300,"Obstetric,surgical kit,suppl.1-drugs",S9999977,Sub 8/10 Obstetric S9908300(i) part 8,,,,S9999977,Sub 8/10 Obstetric S9908300(i) part 8,0.000,,
1755,S9908300,"Obstetric,surgical kit,suppl.1-drugs",S9999977,Sub 8/10 Obstetric S9908300(i) part 8,,,0010,S9008013,"Double-wall ctn.80x40x25 cm, 0.080 m3",1,EA,
1756,S9908300,"Obstetric,surgical kit,suppl.1-drugs",S9999977,Sub 8/10 Obstetric S9908300(i) part 8,,,0020,S1555680,Metronidazole inj 500mg/100ml vl/BOX-50,1,BOX,X
1757,S9908300,"Obstetric,surgical kit,suppl.1-drugs",S9999977,Sub 8/10 Obstetric S9908300(i) part 8,,,0030,S1505099,Ampicillin pdr/inj 500mg vial/BOX-50,12,BOX,X
1758,S9908300,"Obstetric,surgical kit,suppl.1-drugs",S9999971,Sub 9/10 Obstetric S9908300(i) part 9,,,,S9999971,Sub 9/10 Obstetric S9908300(i) part 9,0.000,,
1759,S9908300,"Obstetric,surgical kit,suppl.1-drugs",S9999971,Sub 9/10 Obstetric S9908300(i) part 9,,,0010,S9012024,"Double-wall ctn.60x40x50 cm, 0.120 m3",1,EA,
1760,S9908300,"Obstetric,surgical kit,suppl.1-drugs",S9999971,Sub 9/10 Obstetric S9908300(i) part 9,,,0020,S1555206,Lidocaine inj 1% 20ml ampl/BOX-20,20,BOX,X
1761,S9908300,"Obstetric,surgical kit,suppl.1-drugs",S9999971,Sub 9/10 Obstetric S9908300(i) part 9,,,0030,S1560832,Water for injection 10ml amp/BOX-50,12,EA,X
1762,S9908300,"Obstetric,surgical kit,suppl.1-drugs",S9999971,Sub 9/10 Obstetric S9908300(i) part 9,,,0040,S1555653,Metronidazole 250mg tabs PAC/10x10,30,EA,X
1763,S9908300,"Obstetric,surgical kit,suppl.1-drugs",S9999971,Sub 9/10 Obstetric S9908300(i) part 9,,,0050,S1505075,Amoxicillin 500mg disp.tab/PAC-100,20,PAC,X
1764,S9908300,"Obstetric,surgical kit,suppl.1-drugs",S9999974,Sub 10/10 Obstetric S9908300 part 10-42,,,,S9999974,Sub 10/10 Obstetric S9908300 part 10-42,0.000,,
1765,S9908300,"Obstetric,surgical kit,suppl.1-drugs",S9999974,Sub 10/10 Obstetric S9908300 part 10-42,,,0010,S1552117,Glucose 5% 500ml bot/BOX-20,15,BOX,X
1766,S9908300,"Obstetric,surgical kit,suppl.1-drugs",S9999974,Sub 10/10 Obstetric S9908300 part 10-42,,,0030,S1560826,Compound Sodium Lactate 500ml bot/BOX-20,3,EA,X
1767,S9908300,"Obstetric,surgical kit,suppl.1-drugs",S9999974,Sub 10/10 Obstetric S9908300 part 10-42,,,0040,S1552119,Sodium Chloride 0.9% 500ml bot/BOX-20,15,BOX,X
1768,S9908300,"Obstetric,surgical kit,suppl.1-drugs",S9999995,Sub 1/10 Obstetric S9908300(i) part 1,S9999944,"Prepack 1/2 Obstetric,surgical kit,suppl",,S9999944,"Prepack 1/2 Obstetric,surgical kit,suppl",0.000,,
1769,S9908300,"Obstetric,surgical kit,suppl.1-drugs",S9999995,Sub 1/10 Obstetric S9908300(i) part 1,S9999944,"Prepack 1/2 Obstetric,surgical kit,suppl",0010,S8942200,"Pre-pack Ctn,  37.5x29x19.5 cm, 0.021 m3",1,EA,
1770,S9908300,"Obstetric,surgical kit,suppl.1-drugs",S9999995,Sub 1/10 Obstetric S9908300(i) part 1,S9999944,"Prepack 1/2 Obstetric,surgical kit,suppl",0020,S1546315,Erythromycin 250mg tabs/PAC-10x10,20,PAC,X
1771,S9908300,"Obstetric,surgical kit,suppl.1-drugs",S9999995,Sub 1/10 Obstetric S9908300(i) part 1,S9999944,"Prepack 1/2 Obstetric,surgical kit,suppl",0030,S1544402,Doxycycline 100mg tabs PAC/10x10,20,EA,X
1772,S9908300,"Obstetric,surgical kit,suppl.1-drugs",S9999995,Sub 1/10 Obstetric S9908300(i) part 1,S9999944,"Prepack 1/2 Obstetric,surgical kit,suppl",0040,S1514010,Atropine inj 1mg/ml 1ml amp/BOX-10,5,BOX,X
1773,S9908300,"Obstetric,surgical kit,suppl.1-drugs",S9999995,Sub 1/10 Obstetric S9908300(i) part 1,S9999944,"Prepack 1/2 Obstetric,surgical kit,suppl",0050,S0584005,"Test strip,urine,gluc/prot,box-100",1,PAC,X
1774,S9908300,"Obstetric,surgical kit,suppl.1-drugs",S9999995,Sub 1/10 Obstetric S9908300(i) part 1,S9999945,"Prepack 2/2 Obstetric,surgical kit,suppl",,S9999945,"Prepack 2/2 Obstetric,surgical kit,suppl",0.000,,
1775,S9908300,"Obstetric,surgical kit,suppl.1-drugs",S9999995,Sub 1/10 Obstetric S9908300(i) part 1,S9999945,"Prepack 2/2 Obstetric,surgical kit,suppl",0010,S8941505,"Pre-pack Carton, 32x24x20 cm, 0.015 m3",1,EA,
1776,S9908300,"Obstetric,surgical kit,suppl.1-drugs",S9999995,Sub 1/10 Obstetric S9908300(i) part 1,S9999945,"Prepack 2/2 Obstetric,surgical kit,suppl",0020,S1521012,Erythromycin 0.5% eye ointment/TBE-3.5g,30,TBE,X
1777,S9908300,"Obstetric,surgical kit,suppl.1-drugs",S9999995,Sub 1/10 Obstetric S9908300(i) part 1,S9999945,"Prepack 2/2 Obstetric,surgical kit,suppl",0030,S1555208,Bupivacaine 5mg/ml inj 20ml amp/BOX-20,5,BOX,X
1778,S9908300,"Obstetric,surgical kit,suppl.1-drugs",S9999995,Sub 1/10 Obstetric S9908300(i) part 1,S9999945,"Prepack 2/2 Obstetric,surgical kit,suppl",0040,S1552416,Hydralazine pdr/inj 20mg amp/BOX-5,12,BOX,X
1779,S9908302,"Obstetric,surgical kit,suppl.3-renewable",S9999881,Subkit 1/6 Obstetric 3-renew.S9908302,,,,S9999881,Subkit 1/6 Obstetric 3-renew.S9908302,0.000,,
1780,S9908302,"Obstetric,surgical kit,suppl.3-renewable",S9999881,Subkit 1/6 Obstetric 3-renew.S9908302,,,0010,S9016023,"Double-wall ctn.80x40x50 cm, 0.160 m3",1,EA,
1781,S9908302,"Obstetric,surgical kit,suppl.3-renewable",S9999881,Subkit 1/6 Obstetric 3-renew.S9908302,,,0020,S0782413,"Syringe,disp,10ml,ster/BOX-100",12,BOX,X
1782,S9908302,"Obstetric,surgical kit,suppl.3-renewable",S9999881,Subkit 1/6 Obstetric 3-renew.S9908302,,,0030,S0969025,"Gloves,exam,nitrile,pwdfree,M,BOX-100",7,EA,X
1783,S9908302,"Obstetric,surgical kit,suppl.3-renewable",S9999881,Subkit 1/6 Obstetric 3-renew.S9908302,,,0040,S0709241,"Needle, spinal, 22G(0.7x90mm),ster,box25",2,EA,X
1784,S9908302,"Obstetric,surgical kit,suppl.3-renewable",S9999881,Subkit 1/6 Obstetric 3-renew.S9908302,,,0050,S0709233,"Cannula IV short 22G, ster, disp, BOX-50",1,EA,X
1785,S9908302,"Obstetric,surgical kit,suppl.3-renewable",S9999881,Subkit 1/6 Obstetric 3-renew.S9908302,,,0060,S0565011,"Sut,nonabs,DEC3,need 3/8 30mm,tri/BOX-36",4,BOX,X
1786,S9908302,"Obstetric,surgical kit,suppl.3-renewable",S9999881,Subkit 1/6 Obstetric 3-renew.S9908302,,,0070,S0564012,"Sut,abs,DEC3,need 1/2 30mm,round/BOX-36",4,BOX,X
1787,S9908302,"Obstetric,surgical kit,suppl.3-renewable",S9999882,Subkit 2/6 Obstetric 3-renew.S9908302,,,0080,S0514000,"Brush,hand,scrubbing,plastic",10,EA,
1788,S9908302,"Obstetric,surgical kit,suppl.3-renewable",S9999882,Subkit 2/6 Obstetric 3-renew.S9908302,,,,S9999882,Subkit 2/6 Obstetric 3-renew.S9908302,0.000,,
1789,S9908302,"Obstetric,surgical kit,suppl.3-renewable",S9999882,Subkit 2/6 Obstetric 3-renew.S9908302,,,0010,S9016023,"Double-wall ctn.80x40x50 cm, 0.160 m3",1,EA,
1790,S9908302,"Obstetric,surgical kit,suppl.3-renewable",S9999882,Subkit 2/6 Obstetric 3-renew.S9908302,,,0030,S0327540,"Gloves,surg,pwdfree,8.5,ster,s.u.,pair",200,EA,X
1791,S9908302,"Obstetric,surgical kit,suppl.3-renewable",S9999882,Subkit 2/6 Obstetric 3-renew.S9908302,,,0040,S0782205,"Syringe,disp,2ml,ster/BOX-100",15,BOX,X
1792,S9908302,"Obstetric,surgical kit,suppl.3-renewable",S9999882,Subkit 2/6 Obstetric 3-renew.S9908302,,,0060,S0709234,"Cannula IV short 24G, ster, disp, BOX-50",1,EA,X
1793,S9908302,"Obstetric,surgical kit,suppl.3-renewable",S9999882,Subkit 2/6 Obstetric 3-renew.S9908302,,,0070,S0564030,"Sut,abs,DEC3,spool/BOX-36",2,BOX,X
1794,S9908302,"Obstetric,surgical kit,suppl.3-renewable",S9999882,Subkit 2/6 Obstetric 3-renew.S9908302,,,0080,S0361020,"Drawsheet,plastic,90x180cm",5,EA,
1795,S9908302,"Obstetric,surgical kit,suppl.3-renewable",S9999882,Subkit 2/6 Obstetric 3-renew.S9908302,,,0090,S0523055,"Compress,gauze,10x10cm,ster/PAC-5",240,PAC,X
1796,S9908302,"Obstetric,surgical kit,suppl.3-renewable",S9999883,Subkit 3/6 Obstetric 3-renew.S9908302,,,,S9999883,Subkit 3/6 Obstetric 3-renew.S9908302,0.000,,
1797,S9908302,"Obstetric,surgical kit,suppl.3-renewable",S9999883,Subkit 3/6 Obstetric 3-renew.S9908302,,,0010,S9016023,"Double-wall ctn.80x40x50 cm, 0.160 m3",1,EA,
1798,S9908302,"Obstetric,surgical kit,suppl.3-renewable",S9999883,Subkit 3/6 Obstetric 3-renew.S9908302,,,0020,S0523015,"Compress,gauze,10x10cm,n/ster/PAC-100",20,EA,X
1799,S9908302,"Obstetric,surgical kit,suppl.3-renewable",S9999883,Subkit 3/6 Obstetric 3-renew.S9908302,,,0030,S0323010,"Catheter,urethral,CH14,ster,disp",50,EA,X
1800,S9908302,"Obstetric,surgical kit,suppl.3-renewable",S9999883,Subkit 3/6 Obstetric 3-renew.S9908302,,,0040,S9999938,Prepack 1/2 Obstetric 3-renew. S9908302,1,EA,X
1801,S9908302,"Obstetric,surgical kit,suppl.3-renewable",S9999883,Subkit 3/6 Obstetric 3-renew.S9908302,,,0050,S0374025,"Tube,suction,CH14,L50cm,ster,disp",50,EA,X
1802,S9908302,"Obstetric,surgical kit,suppl.3-renewable",S9999883,Subkit 3/6 Obstetric 3-renew.S9908302,,,0060,S0519000,"Cotton wool,500g,roll,non-ster",10,EA,X
1803,S9908302,"Obstetric,surgical kit,suppl.3-renewable",S9999883,Subkit 3/6 Obstetric 3-renew.S9908302,,,0070,S0709232,"Cannula IV short 20G, ster, disp, BOX-50",2,EA,X
1804,S9908302,"Obstetric,surgical kit,suppl.3-renewable",S9999883,Subkit 3/6 Obstetric 3-renew.S9908302,,,0080,S0564004,"Sut,abs,DEC2,need 3/8 26mm,tri/BOX-36",4,BOX,X
1805,S9908302,"Obstetric,surgical kit,suppl.3-renewable",S9999884,Subkit 4/6 Obstetric 3-renew.S9908302,,,0090,S0330501,"Bag,urine collecting,2L,drain.,sterile",100,EA,X
1806,S9908302,"Obstetric,surgical kit,suppl.3-renewable",S9999884,Subkit 4/6 Obstetric 3-renew.S9908302,,,,S9999884,Subkit 4/6 Obstetric 3-renew.S9908302,0.000,,
1807,S9908302,"Obstetric,surgical kit,suppl.3-renewable",S9999884,Subkit 4/6 Obstetric 3-renew.S9908302,,,0010,S9010633,"Double-wall ctn.80x40x33 cm, 0.106 m3",1,EA,
1808,S9908302,"Obstetric,surgical kit,suppl.3-renewable",S9999884,Subkit 4/6 Obstetric 3-renew.S9908302,,,0020,S9999939,Prepack 2/2 Obstetric 3-renew. S9908302,1,EA,X
1809,S9908302,"Obstetric,surgical kit,suppl.3-renewable",S9999884,Subkit 4/6 Obstetric 3-renew.S9908302,,,0030,S0969025,"Gloves,exam,nitrile,pwdfree,M,BOX-100",5,EA,X
1810,S9908302,"Obstetric,surgical kit,suppl.3-renewable",S9999884,Subkit 4/6 Obstetric 3-renew.S9908302,,,0040,S0523015,"Compress,gauze,10x10cm,n/ster/PAC-100",10,EA,X
1811,S9908302,"Obstetric,surgical kit,suppl.3-renewable",S9999884,Subkit 4/6 Obstetric 3-renew.S9908302,,,0050,S0327510,"Gloves,surg,pwdfree,7,ster,s.u.,pair",100,EA,X
1812,S9908302,"Obstetric,surgical kit,suppl.3-renewable",S9999884,Subkit 4/6 Obstetric 3-renew.S9908302,,,0060,S0565020,"Sut,nonabs,DEC1,need 1/2 13mm,rnd/BOX-36",1,BOX,X
1813,S9908302,"Obstetric,surgical kit,suppl.3-renewable",S9999884,Subkit 4/6 Obstetric 3-renew.S9908302,,,0070,S0709237,"Needle scalp vein 25G, ster, disp,BOX-50",2,EA,X
1814,S9908302,"Obstetric,surgical kit,suppl.3-renewable",S9999884,Subkit 4/6 Obstetric 3-renew.S9908302,,,0080,S0374015,"Tube,suction,CH10,L50cm,ster,disp",50,EA,X
1815,S9908302,"Obstetric,surgical kit,suppl.3-renewable",S9999884,Subkit 4/6 Obstetric 3-renew.S9908302,,,0090,S0564050,"Sut,abs,DEC4,need 1/2 30mm,round/BOX-36",4,BOX,X
1816,S9908302,"Obstetric,surgical kit,suppl.3-renewable",S9999884,Subkit 4/6 Obstetric 3-renew.S9908302,,,0100,S0845203,"Apron,protection,plastic,disp,PAC-100",1,PAC,X
1817,S9908302,"Obstetric,surgical kit,suppl.3-renewable",S9999885,Subkit 5/6 Obstetric 3-renew.S9908302,,,,S9999885,Subkit 5/6 Obstetric 3-renew.S9908302,0.000,,
1818,S9908302,"Obstetric,surgical kit,suppl.3-renewable",S9999885,Subkit 5/6 Obstetric 3-renew.S9908302,,,0010,S9010633,"Double-wall ctn.80x40x33 cm, 0.106 m3",1,EA,
1819,S9908302,"Obstetric,surgical kit,suppl.3-renewable",S9999885,Subkit 5/6 Obstetric 3-renew.S9908302,,,0040,S0782405,"Syringe,disp,5ml,ster/BOX-100",2,BOX,X
1820,S9908302,"Obstetric,surgical kit,suppl.3-renewable",S9999885,Subkit 5/6 Obstetric 3-renew.S9908302,,,0050,S0323302,"Catheter,Foley,CH14,ster,disp",50,EA,X
1821,S9908302,"Obstetric,surgical kit,suppl.3-renewable",S9999885,Subkit 5/6 Obstetric 3-renew.S9908302,,,0050,S0564040,"Sut,abs,DEC4,need 3/8 50mm,round/BOX-36",2,BOX,X
1822,S9908302,"Obstetric,surgical kit,suppl.3-renewable",S9999885,Subkit 5/6 Obstetric 3-renew.S9908302,,,0060,S0374010,"Tube,suction,CH08,L50cm,ster,disp",50,EA,X
1823,S9908302,"Obstetric,surgical kit,suppl.3-renewable",S9999885,Subkit 5/6 Obstetric 3-renew.S9908302,,,0070,S0782379,"Safety box f.used syrg/ndl5L,Smur/BOX-25",2,BOX,X
1824,S9908302,"Obstetric,surgical kit,suppl.3-renewable",S9999885,Subkit 5/6 Obstetric 3-renew.S9908302,,,0080,S0747432,"Needle,disp,21G,ster/BOX-100",15,BOX,X
1825,S9908302,"Obstetric,surgical kit,suppl.3-renewable",S9999886,Subkit 6/6 Obstetric 3-renew.S9908302,,,,S9999886,Subkit 6/6 Obstetric 3-renew.S9908302,0.000,,
1826,S9908302,"Obstetric,surgical kit,suppl.3-renewable",S9999886,Subkit 6/6 Obstetric 3-renew.S9908302,,,0010,S9010633,"Double-wall ctn.80x40x33 cm, 0.106 m3",1,EA,
1827,S9908302,"Obstetric,surgical kit,suppl.3-renewable",S9999886,Subkit 6/6 Obstetric 3-renew.S9908302,,,0020,S0747420,"Needle,disp,19G,ster/BOX-100",5,BOX,X
1828,S9908302,"Obstetric,surgical kit,suppl.3-renewable",S9999886,Subkit 6/6 Obstetric 3-renew.S9908302,,,0030,S0327520,"Gloves,surg,pwdfree,7.5,ster,s.u.,pair",200,EA,X
1829,S9908302,"Obstetric,surgical kit,suppl.3-renewable",S9999886,Subkit 6/6 Obstetric 3-renew.S9908302,,,0040,S0330115,"Gloves,gyn,pwdfree,medium,ster,s.u.,pair",100,EA,X
1830,S9908302,"Obstetric,surgical kit,suppl.3-renewable",S9999886,Subkit 6/6 Obstetric 3-renew.S9908302,,,0050,S0564011,"Sut,abs,DEC2,need 3/8 18mm,round/BOX-36",2,BOX,X
1831,S9908302,"Obstetric,surgical kit,suppl.3-renewable",S9999886,Subkit 6/6 Obstetric 3-renew.S9908302,,,0060,S0565040,"Sut,nonabs,DEC4,need 1/2 30mm,rnd/BOX-36",1,BOX,X
1832,S9908302,"Obstetric,surgical kit,suppl.3-renewable",S9999886,Subkit 6/6 Obstetric 3-renew.S9908302,,,0070,S0709231,"Cannula IV short 18G, ster, disp, BOX-50",2,EA,X
1833,S9908302,"Obstetric,surgical kit,suppl.3-renewable",S9999886,Subkit 6/6 Obstetric 3-renew.S9908302,,,0080,S0521425,"Sachet,tablet,plastic,10x16cm/PAC-100",10,EA,
1834,S9908302,"Obstetric,surgical kit,suppl.3-renewable",S9999886,Subkit 6/6 Obstetric 3-renew.S9908302,,,0090,S9999299,"BAG for 50 x S0322010 CH12,ster,disp",1,EA,X
1835,S9908302,"Obstetric,surgical kit,suppl.3-renewable",S9999883,Subkit 3/6 Obstetric 3-renew.S9908302,S9999938,Prepack 1/2 Obstetric 3-renew. S9908302,,S9999938,Prepack 1/2 Obstetric 3-renew. S9908302,0.000,,
1836,S9908302,"Obstetric,surgical kit,suppl.3-renewable",S9999883,Subkit 3/6 Obstetric 3-renew.S9908302,S9999938,Prepack 1/2 Obstetric 3-renew. S9908302,0010,S8941100,"Pre-pack Carton, 29x19x20 cm, 0.011 m3",1,EA,
1837,S9908302,"Obstetric,surgical kit,suppl.3-renewable",S9999883,Subkit 3/6 Obstetric 3-renew.S9908302,S9999938,Prepack 1/2 Obstetric 3-renew. S9908302,0020,S0747452,"Needle,disp,23G,ster/BOX-100",5,BOX,X
1838,S9908302,"Obstetric,surgical kit,suppl.3-renewable",S9999883,Subkit 3/6 Obstetric 3-renew.S9908302,S9999938,Prepack 1/2 Obstetric 3-renew. S9908302,0030,S0366010,"Syringe,feeding,50ml,catheter tip,ster",10,EA,X
1839,S9908302,"Obstetric,surgical kit,suppl.3-renewable",S9999884,Subkit 4/6 Obstetric 3-renew.S9908302,S9999939,Prepack 2/2 Obstetric 3-renew. S9908302,,S9999939,Prepack 2/2 Obstetric 3-renew. S9908302,0.000,,
1840,S9908302,"Obstetric,surgical kit,suppl.3-renewable",S9999884,Subkit 4/6 Obstetric 3-renew.S9908302,S9999939,Prepack 2/2 Obstetric 3-renew. S9908302,0010,S8941505,"Pre-pack Carton, 32x24x20 cm, 0.015 m3",1,EA,
1841,S9908302,"Obstetric,surgical kit,suppl.3-renewable",S9999884,Subkit 4/6 Obstetric 3-renew.S9908302,S9999939,Prepack 2/2 Obstetric 3-renew. S9908302,0020,S0503015,"Medical tape,2.5cmx5m,roll",20,EA,X
1842,S9908302,"Obstetric,surgical kit,suppl.3-renewable",S9999884,Subkit 4/6 Obstetric 3-renew.S9908302,S9999939,Prepack 2/2 Obstetric 3-renew. S9908302,0030,S0552000,"Soap,toilet,bar,approx.100-110g,wrapped",10,EA,
1843,S9908302,"Obstetric,surgical kit,suppl.3-renewable",S9999884,Subkit 4/6 Obstetric 3-renew.S9908302,S9999939,Prepack 2/2 Obstetric 3-renew. S9908302,0040,S0746510,"Scalpel blade,ster,disp,no.22",200,EA,X
1844,S9908302,"Obstetric,surgical kit,suppl.3-renewable",S9999884,Subkit 4/6 Obstetric 3-renew.S9908302,S9999939,Prepack 2/2 Obstetric 3-renew. S9908302,0050,S0503020,"Medical tape,perforated,10cmx5m,roll",5,EA,X
1845,S9908302,"Obstetric,surgical kit,suppl.3-renewable",S9999884,Subkit 4/6 Obstetric 3-renew.S9908302,S9999939,Prepack 2/2 Obstetric 3-renew. S9908302,0060,S0709236,"Needle scalp vein 21G, ster, disp,BOX-50",1,EA,X
1846,S9908302,"Obstetric,surgical kit,suppl.3-renewable",S9999884,Subkit 4/6 Obstetric 3-renew.S9908302,S9999939,Prepack 2/2 Obstetric 3-renew. S9908302,0070,S0523020,"Tape umbilical,3mmx50m,non-ster",5,EA,X
1847,S9908302,"Obstetric,surgical kit,suppl.3-renewable",S9999884,Subkit 4/6 Obstetric 3-renew.S9908302,S9999939,Prepack 2/2 Obstetric 3-renew. S9908302,0080,S0572510,"Blanket,survival,220x140cm",5,EA,
1848,S9908302,"Obstetric,surgical kit,suppl.3-renewable",S9999884,Subkit 4/6 Obstetric 3-renew.S9908302,S9999299,"BAG for 50 x S0322010 CH12,ster,disp",,S9999299,"BAG for 50 x S0322010 CH12,ster,disp",0.000,,
1849,S9908302,"Obstetric,surgical kit,suppl.3-renewable",S9999884,Subkit 4/6 Obstetric 3-renew.S9908302,S9999299,"BAG for 50 x S0322010 CH12,ster,disp",0010,S0322010,"Catheter,urethral,CH12,ster,disp",50,EA,X
1850,S9908303,"Obstetric,surgical kit,suppl.1a-drugs",,,,,0010,S9008034,"Double-wall ctn.60x40x33.3 cm, 0.08 m3",1,EA,
1851,S9908303,"Obstetric,surgical kit,suppl.1a-drugs",,,,,0030,S1545300,Oxytocin inj 10 IU 1ml amp/BOX-10,1,BOX,X
1852,S9908303,"Obstetric,surgical kit,suppl.1a-drugs",,,,,0040,S1543625,Diazepam inj 5mg/ml 2ml amp/BOX-10    pt,5,BOX,X
1853,S9908303,"Obstetric,surgical kit,suppl.1a-drugs",,,,,0050,S1555950,Morphine sulph.inj 10mg/ml 1ml/BOX-10 nt,6,BOX,X
1854,S9908303,"Obstetric,surgical kit,suppl.1a-drugs",,,,,0060,S1569650,Naloxone inj 400mcg/ml 1ml amp/BOX-10,2,BOX,X
1855,S9908303,"Obstetric,surgical kit,suppl.1a-drugs",,,,,0070,S1300008,Artesunate pdr./inj 60mg vial/BOX-1,200,BOX,X
1856,S9908303,"Obstetric,surgical kit,suppl.1a-drugs",,,,,0080,S1560609,Quinine sulfate 300mg tabs/PAC-10x10 gp,10,PAC,X
1857,S9908303,"Obstetric,surgical kit,suppl.1a-drugs",,,,,0090,S1532305,Ketamine inj 50mg/ml 10ml vial/BOX-25 nt,3,BOX,X
1858,S9908305,"Obstetric,surgical kit,suppl.2-equipment",,,,,0010,S9012024,"Double-wall ctn.60x40x50 cm, 0.120 m3",1,EA,
1859,S9908305,"Obstetric,surgical kit,suppl.2-equipment",,,,,0020,S0791501,"Vacuum extractor,Bird(ant&post),manu,set",1,EA,
1860,S9908305,"Obstetric,surgical kit,suppl.2-equipment",,,,,0030,S9910000,"Surg.inst.,abdominal /SET",1,SET,
1861,S9908305,"Obstetric,surgical kit,suppl.2-equipment",,,,,0040,S9910006,"Surg.inst.,exam/sut,vaginal/cervical/SET",2,SET,
1862,S9908305,"Obstetric,surgical kit,suppl.2-equipment",,,,,0050,S9910002,"Surg.inst.,curettage /SET",1,SET,
1863,S9908305,"Obstetric,surgical kit,suppl.2-equipment",,,,,0060,S0481056,"Thermometer, clinical, digital, no Li",5,EA,X
1864,S9908305,"Obstetric,surgical kit,suppl.2-equipment",,,S9910000,"Surg.inst.,abdominal /SET",,S9910000,"Surg.inst.,abdominal /SET",0,,
1865,S9908305,"Obstetric,surgical kit,suppl.2-equipment",,,S9910000,"Surg.inst.,abdominal /SET",0010,S8941505,"Pre-pack Carton, 32x24x20 cm, 0.015 m3",1,EA,
1866,S9908305,"Obstetric,surgical kit,suppl.2-equipment",,,S9910000,"Surg.inst.,abdominal /SET",0020,S0767800,"Retractor,abdo,Collin,3 blades",1,EA,
1867,S9908305,"Obstetric,surgical kit,suppl.2-equipment",,,S9910000,"Surg.inst.,abdominal /SET",0030,S0768960,"Retractor,Farabeuf,d-e,150mm,pair",1,EA,
1868,S9908305,"Obstetric,surgical kit,suppl.2-equipment",,,S9910000,"Surg.inst.,abdominal /SET",0040,S0225000,"Bowl,stainless steel,600ml",1,EA,
1869,S9908305,"Obstetric,surgical kit,suppl.2-equipment",,,S9910000,"Surg.inst.,abdominal /SET",0070,S0725000,"Forceps,artery,Mixter,230mm",1,EA,
1870,S9908305,"Obstetric,surgical kit,suppl.2-equipment",,,S9910000,"Surg.inst.,abdominal /SET",0090,S0722200,"Forceps,dressing,standard,250mm,str",1,EA,
1871,S9908305,"Obstetric,surgical kit,suppl.2-equipment",,,S9910000,"Surg.inst.,abdominal /SET",0100,S0722500,"Forceps,dressing,Cheron,250mm",1,EA,
1872,S9908305,"Obstetric,surgical kit,suppl.2-equipment",,,S9910000,"Surg.inst.,abdominal /SET",0160,S0739100,"Forceps,tissue,Duval,230mm",2,EA,
1873,S9908305,"Obstetric,surgical kit,suppl.2-equipment",,,S9910000,"Surg.inst.,abdominal /SET",0180,S0737700,"Forceps,tissue,standard,250mm,str",1,EA,
1874,S9908305,"Obstetric,surgical kit,suppl.2-equipment",,,S9910000,"Surg.inst.,abdominal /SET",0210,S0767500,"Retractor,abdo,Balfour,3 blades",1,EA,
1875,S9908305,"Obstetric,surgical kit,suppl.2-equipment",,,S9910000,"Surg.inst.,abdominal /SET",0280,S0779700,"Spatula,abdo,malleable,250mm",2,EA,
1876,S9908305,"Obstetric,surgical kit,suppl.2-equipment",,,S9910000,"Surg.inst.,abdominal /SET",0290,S0760800,"Tube suction,Yankauer,270mm",1,EA,
1877,S9908305,"Obstetric,surgical kit,suppl.2-equipment",,,S9910000,"Surg.inst.,abdominal /SET",0320,S9999857,"Bag 1/3 Surg.inst.,abdominal S9910000",1,EA,
1878,S9908305,"Obstetric,surgical kit,suppl.2-equipment",,,S9910000,"Surg.inst.,abdominal /SET",0330,S9999858,"Bag 2/3 Surg.inst.,abdominal S9910000",1,EA,
1879,S9908305,"Obstetric,surgical kit,suppl.2-equipment",,,S9910000,"Surg.inst.,abdominal /SET",0340,S9999859,"Bag 3/3 Surg.inst.,abdominal S9910000",1,EA,
1880,S9908305,"Obstetric,surgical kit,suppl.2-equipment",,,S9910006,"Surg.inst.,exam/sut,vaginal/cervical/SET",,S9910006,"Surg.inst.,exam/sut,vaginal/cervical/SET",0,,
1881,S9908305,"Obstetric,surgical kit,suppl.2-equipment",,,S9910006,"Surg.inst.,exam/sut,vaginal/cervical/SET",0010,S8941501,"Pre-pack Carton, 32x24x10 cm, 0.007 m3",2,EA,
1882,S9908305,"Obstetric,surgical kit,suppl.2-equipment",,,S9910006,"Surg.inst.,exam/sut,vaginal/cervical/SET",0020,S0778000,"Speculum,vaginal,Graves,115x35mm",2,EA,
1883,S9908305,"Obstetric,surgical kit,suppl.2-equipment",,,S9910006,"Surg.inst.,exam/sut,vaginal/cervical/SET",0030,S0777500,"Speculum,vaginal,Graves,95x35mm",2,EA,
1884,S9908305,"Obstetric,surgical kit,suppl.2-equipment",,,S9910006,"Surg.inst.,exam/sut,vaginal/cervical/SET",0040,S0777000,"Speculum,vaginal,Graves,75x20mm",2,EA,
1885,S9908305,"Obstetric,surgical kit,suppl.2-equipment",,,S9910006,"Surg.inst.,exam/sut,vaginal/cervical/SET",0050,S0768400,"Retractor,vaginal,Doyen,45x85mm",4,EA,
1886,S9908305,"Obstetric,surgical kit,suppl.2-equipment",,,S9910006,"Surg.inst.,exam/sut,vaginal/cervical/SET",0060,S0722500,"Forceps,dressing,Cheron,250mm",4,EA,
1887,S9908305,"Obstetric,surgical kit,suppl.2-equipment",,,S9910006,"Surg.inst.,exam/sut,vaginal/cervical/SET",0070,S0743600,"Needle holder,Mayo-Hegar,180mm,str",2,EA,
1888,S9908305,"Obstetric,surgical kit,suppl.2-equipment",,,S9910006,"Surg.inst.,exam/sut,vaginal/cervical/SET",0080,S0770600,"Scissors,Mayo,170mm,cvd,b/b",2,EA,
1889,S9908305,"Obstetric,surgical kit,suppl.2-equipment",,,S9910002,"Surg.inst.,curettage /SET",,S9910002,"Surg.inst.,curettage /SET",0,,
1890,S9908305,"Obstetric,surgical kit,suppl.2-equipment",,,S9910002,"Surg.inst.,curettage /SET",0010,S8941100,"Pre-pack Carton, 29x19x20 cm, 0.011 m3",1,EA,
1891,S9908305,"Obstetric,surgical kit,suppl.2-equipment",,,S9910002,"Surg.inst.,curettage /SET",0020,S0779500,"Retractor,vaginal,Auvard,38x80mm",1,EA,
1892,S9908305,"Obstetric,surgical kit,suppl.2-equipment",,,S9910002,"Surg.inst.,curettage /SET",0030,S0718210,"Dilators,uter,Hegar,d-e,3-4to17-18mm",1,EA,
1893,S9908305,"Obstetric,surgical kit,suppl.2-equipment",,,S9910002,"Surg.inst.,curettage /SET",0040,S0768400,"Retractor,vaginal,Doyen,45x85mm",1,EA,
1894,S9908305,"Obstetric,surgical kit,suppl.2-equipment",,,S9910002,"Surg.inst.,curettage /SET",0050,S0713000,"Curette,uterine,Sims,8mm,blunt",1,EA,
1895,S9908305,"Obstetric,surgical kit,suppl.2-equipment",,,S9910002,"Surg.inst.,curettage /SET",0060,S0742400,"Forceps,uterine,Museux,240mm,cvd",1,EA,
1896,S9908305,"Obstetric,surgical kit,suppl.2-equipment",,,S9910002,"Surg.inst.,curettage /SET",0070,S0715300,"Scoop,uterine,Simon,12mm,sharp",1,EA,
1897,S9908305,"Obstetric,surgical kit,suppl.2-equipment",,,S9910002,"Surg.inst.,curettage /SET",0080,S0722500,"Forceps,dressing,Cheron,250mm",1,EA,
1898,S9908305,"Obstetric,surgical kit,suppl.2-equipment",,,S9910002,"Surg.inst.,curettage /SET",0090,S0714700,"Curette,uterine,Sims,9mm,sharp",1,EA,
1899,S9908305,"Obstetric,surgical kit,suppl.2-equipment",,,S9910002,"Surg.inst.,curettage /SET",0100,S0777500,"Speculum,vaginal,Graves,95x35mm",1,EA,
1900,S9908305,"Obstetric,surgical kit,suppl.2-equipment",,,S9910002,"Surg.inst.,curettage /SET",0110,S0775200,"Sound,uterine,Martin,320mm",1,EA,
1901,S9908305,"Obstetric,surgical kit,suppl.2-equipment",,,S9910002,"Surg.inst.,curettage /SET",0120,S0714300,"Curette,uterine,Sims,7mm,sharp",1,EA,
1902,S9908305,"Obstetric,surgical kit,suppl.2-equipment",,,S9910002,"Surg.inst.,curettage /SET",0130,S0237000,"Bowl,stainless steel,180ml",1,EA,
1903,S9908305,"Obstetric,surgical kit,suppl.2-equipment",,,S9910002,"Surg.inst.,curettage /SET",0140,S0715200,"Curette,uterine,Sims,12mm,sharp",1,EA,
1904,S9908305,"Obstetric,surgical kit,suppl.2-equipment",,,S9999857,"Bag 1/3 Surg.inst.,abdominal S9910000",,S9999857,"Bag 1/3 Surg.inst.,abdominal S9910000",0,,
1905,S9908305,"Obstetric,surgical kit,suppl.2-equipment",,,S9999857,"Bag 1/3 Surg.inst.,abdominal S9910000",0010,S0730000,"Forceps,artery,Halst-Mosq,125mm,cvd",6,EA,
1906,S9908305,"Obstetric,surgical kit,suppl.2-equipment",,,S9999857,"Bag 1/3 Surg.inst.,abdominal S9910000",0020,S0721000,"Forceps,dressing,standard,155mm,str",1,EA,
1907,S9908305,"Obstetric,surgical kit,suppl.2-equipment",,,S9999857,"Bag 1/3 Surg.inst.,abdominal S9910000",0030,S0740000,"Forceps,uterine,Duplay,280mm,cvd",1,EA,
1908,S9908305,"Obstetric,surgical kit,suppl.2-equipment",,,S9999857,"Bag 1/3 Surg.inst.,abdominal S9910000",0040,S0726000,"Forceps,artery,Kocher,140mm,str",2,EA,
1909,S9908305,"Obstetric,surgical kit,suppl.2-equipment",,,S9999857,"Bag 1/3 Surg.inst.,abdominal S9910000",0050,S0745500,"Scalpel handle,no.4",1,EA,
1910,S9908305,"Obstetric,surgical kit,suppl.2-equipment",,,S9999857,"Bag 1/3 Surg.inst.,abdominal S9910000",0060,S0712200,"Clamp,towel,Backhaus,130mm",4,EA,
1911,S9908305,"Obstetric,surgical kit,suppl.2-equipment",,,S9999858,"Bag 2/3 Surg.inst.,abdominal S9910000",,S9999858,"Bag 2/3 Surg.inst.,abdominal S9910000",0,,
1912,S9908305,"Obstetric,surgical kit,suppl.2-equipment",,,S9999858,"Bag 2/3 Surg.inst.,abdominal S9910000",0010,S0728015,"Forceps,artery,Pean/Roch,240mm,cvd",2,EA,
1913,S9908305,"Obstetric,surgical kit,suppl.2-equipment",,,S9999858,"Bag 2/3 Surg.inst.,abdominal S9910000",0020,S0738000,"Forceps,tissue,Allis,150mm",2,EA,
1914,S9908305,"Obstetric,surgical kit,suppl.2-equipment",,,S9999858,"Bag 2/3 Surg.inst.,abdominal S9910000",0030,S0736500,"Forceps,tissue,Babcock,200mm",1,EA,
1915,S9908305,"Obstetric,surgical kit,suppl.2-equipment",,,S9999858,"Bag 2/3 Surg.inst.,abdominal S9910000",0040,S0737000,"Forceps,tissue,standard,145mm,str",1,EA,
1916,S9908305,"Obstetric,surgical kit,suppl.2-equipment",,,S9999858,"Bag 2/3 Surg.inst.,abdominal S9910000",0050,S0743600,"Needle holder,Mayo-Hegar,180mm,str",1,EA,
1917,S9908305,"Obstetric,surgical kit,suppl.2-equipment",,,S9999858,"Bag 2/3 Surg.inst.,abdominal S9910000",0060,S0724000,"Forceps,artery,Kelly,140mm,cvd",1,EA,
1918,S9908305,"Obstetric,surgical kit,suppl.2-equipment",,,S9999859,"Bag 3/3 Surg.inst.,abdominal S9910000",,S9999859,"Bag 3/3 Surg.inst.,abdominal S9910000",0,,
1919,S9908305,"Obstetric,surgical kit,suppl.2-equipment",,,S9999859,"Bag 3/3 Surg.inst.,abdominal S9910000",0010,S0728670,"Forceps,intest,clamp,Doyen,230mm,cvd",2,EA,
1920,S9908305,"Obstetric,surgical kit,suppl.2-equipment",,,S9999859,"Bag 3/3 Surg.inst.,abdominal S9910000",0020,S0741500,"Forceps,uterine,Phaneuf,215mm,cvd",2,EA,
1921,S9908305,"Obstetric,surgical kit,suppl.2-equipment",,,S9999859,"Bag 3/3 Surg.inst.,abdominal S9910000",0030,S0771350,"Scissors,Metzem/Nelson,180mm,cvd,b/b",1,EA,
1922,S9908305,"Obstetric,surgical kit,suppl.2-equipment",,,S9999859,"Bag 3/3 Surg.inst.,abdominal S9910000",0040,S0771450,"Scissors,Metzem/Nelson,230mm,cvd,b/b",1,EA,
1923,S9908305,"Obstetric,surgical kit,suppl.2-equipment",,,S9999859,"Bag 3/3 Surg.inst.,abdominal S9910000",0050,S0770600,"Scissors,Mayo,170mm,cvd,b/b",1,EA,
1924,S9908305,"Obstetric,surgical kit,suppl.2-equipment",,,S9999859,"Bag 3/3 Surg.inst.,abdominal S9910000",0060,S0770800,"Scissors,Mayo,230mm,cvd,b/b",1,EA,
1925,S9908305,"Obstetric,surgical kit,suppl.2-equipment",,,S9999859,"Bag 3/3 Surg.inst.,abdominal S9910000",0070,S0728000,"Forceps,artery,Pean/Roch,200mm,cvd",2,EA,
1926,S9908402,"Resuscitation kit,basic",,,,,0010,S9008034,"Double-wall ctn.60x40x33.3 cm, 0.08 m3",1,EA,
1927,S9908402,"Resuscitation kit,basic",,,,,0020,S0760640,"Pump,suction,foot-operated",1,EA,
1928,S9908402,"Resuscitation kit,basic",,,,,0030,S0845009,"Resuscitator,hand-oper.,neonate,set",1,EA,X
1929,S9908402,"Resuscitation kit,basic",,,,,0040,S0845151,"Resuscitator,hand-oper.,child,set",1,EA,X
1930,S9908402,"Resuscitation kit,basic",,,,,0050,S0845152,"Resuscitator,hand-oper.,adult,set",1,EA,X
1931,S9908402,"Resuscitation kit,basic",,,,,0060,S9999861,"Bag 1/2 for S9908400 Resuscit.kit,basic",1,EA,X
1932,S9908402,"Resuscitation kit,basic",,,,,0070,S9999862,"Bag 2/2 for S9908400 Resuscit.kit,basic",1,EA,X
1933,S9908402,"Resuscitation kit,basic",,,,,,S9999861,"Bag 1/2 for S9908400 Resuscit.kit,basic",0.000,,
1934,S9908402,"Resuscitation kit,basic",,,S9999861,"Bag 1/2 for S9908400 Resuscit.kit,basic",0010,S0390011,"Airway,Guedel,size00,ster,single use",1,EA,X
1935,S9908402,"Resuscitation kit,basic",,,S9999861,"Bag 1/2 for S9908400 Resuscit.kit,basic",0020,S0390022,"Airway,Guedel,size0,ster,single use",1,EA,X
1936,S9908402,"Resuscitation kit,basic",,,S9999861,"Bag 1/2 for S9908400 Resuscit.kit,basic",0030,S0390021,"Airway,Guedel,size1,ster,single use",1,EA,X
1937,S9908402,"Resuscitation kit,basic",,,S9999862,"Bag 2/2 for S9908400 Resuscit.kit,basic",,S9999862,"Bag 2/2 for S9908400 Resuscit.kit,basic",0.000,,
1938,S9908402,"Resuscitation kit,basic",,,S9999862,"Bag 2/2 for S9908400 Resuscit.kit,basic",0010,S0390041,"Airway,Guedel,size2,ster,single use",1,EA,X
1939,S9908402,"Resuscitation kit,basic",,,S9999862,"Bag 2/2 for S9908400 Resuscit.kit,basic",0020,S0390051,"Airway,Guedel,size3,ster,single use",1,EA,X
1940,S9908402,"Resuscitation kit,basic",,,,,0030,S0390061,"Airway,Guedel,size4,ster,single use",1,EA,X
1941,S9910000,"Surg.inst.,abdominal /SET",,,,,0010,S8941505,"Pre-pack Carton, 32x24x20 cm, 0.015 m3",1,EA,
1942,S9910000,"Surg.inst.,abdominal /SET",,,,,0020,S0767800,"Retractor,abdo,Collin,3 blades",1,EA,
1943,S9910000,"Surg.inst.,abdominal /SET",,,,,0030,S0768960,"Retractor,Farabeuf,d-e,150mm,pair",1,EA,
1944,S9910000,"Surg.inst.,abdominal /SET",,,,,0040,S0225000,"Bowl,stainless steel,600ml",1,EA,
1945,S9910000,"Surg.inst.,abdominal /SET",,,,,0070,S0725000,"Forceps,artery,Mixter,230mm",1,EA,
1946,S9910000,"Surg.inst.,abdominal /SET",,,,,0090,S0722200,"Forceps,dressing,standard,250mm,str",1,EA,
1947,S9910000,"Surg.inst.,abdominal /SET",,,,,0100,S0722500,"Forceps,dressing,Cheron,250mm",1,EA,
1948,S9910000,"Surg.inst.,abdominal /SET",,,,,0160,S0739100,"Forceps,tissue,Duval,230mm",2,EA,
1949,S9910000,"Surg.inst.,abdominal /SET",,,,,0180,S0737700,"Forceps,tissue,standard,250mm,str",1,EA,
1950,S9910000,"Surg.inst.,abdominal /SET",,,,,0210,S0767500,"Retractor,abdo,Balfour,3 blades",1,EA,
1951,S9910000,"Surg.inst.,abdominal /SET",,,,,0280,S0779700,"Spatula,abdo,malleable,250mm",2,EA,
1952,S9910000,"Surg.inst.,abdominal /SET",,,,,0290,S0760800,"Tube suction,Yankauer,270mm",1,EA,
1953,S9910000,"Surg.inst.,abdominal /SET",,,,,0320,S9999857,"Bag 1/3 Surg.inst.,abdominal S9910000",1,EA,
1954,S9910000,"Surg.inst.,abdominal /SET",,,,,0330,S9999858,"Bag 2/3 Surg.inst.,abdominal S9910000",1,EA,
1955,S9910000,"Surg.inst.,abdominal /SET",,,,,0340,S9999859,"Bag 3/3 Surg.inst.,abdominal S9910000",1,EA,
1956,S9910002,"Surg.inst.,curettage /SET",,,,,0010,S8941100,"Pre-pack Carton, 29x19x20 cm, 0.011 m3",1,EA,
1957,S9910002,"Surg.inst.,curettage /SET",,,,,0020,S0779500,"Retractor,vaginal,Auvard,38x80mm",1,EA,
1958,S9910002,"Surg.inst.,curettage /SET",,,,,0030,S0718210,"Dilators,uter,Hegar,d-e,3-4to17-18mm",1,EA,
1959,S9910002,"Surg.inst.,curettage /SET",,,,,0040,S0768400,"Retractor,vaginal,Doyen,45x85mm",1,EA,
1960,S9910002,"Surg.inst.,curettage /SET",,,,,0050,S0713000,"Curette,uterine,Sims,8mm,blunt",1,EA,
1961,S9910002,"Surg.inst.,curettage /SET",,,,,0060,S0742400,"Forceps,uterine,Museux,240mm,cvd",1,EA,
1962,S9910002,"Surg.inst.,curettage /SET",,,,,0070,S0715300,"Scoop,uterine,Simon,12mm,sharp",1,EA,
1963,S9910002,"Surg.inst.,curettage /SET",,,,,0080,S0722500,"Forceps,dressing,Cheron,250mm",1,EA,
1964,S9910002,"Surg.inst.,curettage /SET",,,,,0090,S0714700,"Curette,uterine,Sims,9mm,sharp",1,EA,
1965,S9910002,"Surg.inst.,curettage /SET",,,,,0100,S0777500,"Speculum,vaginal,Graves,95x35mm",1,EA,
1966,S9910002,"Surg.inst.,curettage /SET",,,,,0110,S0775200,"Sound,uterine,Martin,320mm",1,EA,
1967,S9910002,"Surg.inst.,curettage /SET",,,,,0120,S0714300,"Curette,uterine,Sims,7mm,sharp",1,EA,
1968,S9910002,"Surg.inst.,curettage /SET",,,,,0130,S0237000,"Bowl,stainless steel,180ml",1,EA,
1969,S9910002,"Surg.inst.,curettage /SET",,,,,0140,S0715200,"Curette,uterine,Sims,12mm,sharp",1,EA,
1970,S9910004,"Surg.inst.,suture /SET",,,,,0010,S0726000,"Forceps,artery,Kocher,140mm,str",1,EA,
1971,S9910004,"Surg.inst.,suture /SET",,,,,0020,S0737000,"Forceps,tissue,standard,145mm,str",1,EA,
1972,S9910004,"Surg.inst.,suture /SET",,,,,0030,S0743600,"Needle holder,Mayo-Hegar,180mm,str",1,EA,
1973,S9910004,"Surg.inst.,suture /SET",,,,,0040,S0745500,"Scalpel handle,no.4",1,EA,
1974,S9910004,"Surg.inst.,suture /SET",,,,,0050,S0773550,"Scissors,Deaver,140mm,cvd,s/b",1,EA,
1975,S9910004,"Surg.inst.,suture /SET",,,,,0060,S0759820,"Probe,double-ended,145mm",1,EA,
1976,S9910005,"Surg.inst.,dressing /SET",,,,,0010,S0721000,"Forceps,dressing,standard,155mm,str",1,EA,
1977,S9910005,"Surg.inst.,dressing /SET",,,,,0020,S0726000,"Forceps,artery,Kocher,140mm,str",1,EA,
1978,S9910005,"Surg.inst.,dressing /SET",,,,,0030,S0773500,"Scissors,Deaver,140mm,str,s/b",1,EA,
1979,S9910006,"Surg.inst.,exam/sut,vaginal/cervical/SET",,,,,0010,S8941501,"Pre-pack Carton, 32x24x10 cm, 0.007 m3",1,EA,
1980,S9910006,"Surg.inst.,exam/sut,vaginal/cervical/SET",,,,,0020,S0778000,"Speculum,vaginal,Graves,115x35mm",1,EA,
1981,S9910006,"Surg.inst.,exam/sut,vaginal/cervical/SET",,,,,0030,S0777500,"Speculum,vaginal,Graves,95x35mm",1,EA,
1982,S9910006,"Surg.inst.,exam/sut,vaginal/cervical/SET",,,,,0040,S0777000,"Speculum,vaginal,Graves,75x20mm",1,EA,
1983,S9910006,"Surg.inst.,exam/sut,vaginal/cervical/SET",,,,,0050,S0768400,"Retractor,vaginal,Doyen,45x85mm",2,EA,
1984,S9910006,"Surg.inst.,exam/sut,vaginal/cervical/SET",,,,,0060,S0722500,"Forceps,dressing,Cheron,250mm",2,EA,
1985,S9910006,"Surg.inst.,exam/sut,vaginal/cervical/SET",,,,,0070,S0743600,"Needle holder,Mayo-Hegar,180mm,str",1,EA,
1986,S9910006,"Surg.inst.,exam/sut,vaginal/cervical/SET",,,,,0080,S0770600,"Scissors,Mayo,170mm,cvd,b/b",1,EA,
1987,S9935011,"School-in-a-carton,40 students, 2016",,,,,0010,S9012012,"Double-wall ctn.80x60x25 cm, 0.120 m3",1,EA,
1988,S9935011,"School-in-a-carton,40 students, 2016",,,,,0020,S4420000,"Posters,plasticized paper,set of 3",1,EA,
1989,S9935011,"School-in-a-carton,40 students, 2016",,,,,0030,S9012013,Corrugated ring for S9012012,1,EA,
1990,S9935011,"School-in-a-carton,40 students, 2016",,,,,0040,S9999990,Education prepack 1 for new SIB  (I),1,EA,
1991,S9935011,"School-in-a-carton,40 students, 2016",,,,,0050,S4416510,"Slate,fibreboard,double-sided,A4/BOX-20",2,EA,
1992,S9935011,"School-in-a-carton,40 students, 2016",,,,,0060,S9999991,Education prepack 2 for new SIB  (I),1,EA,
1993,S9935011,"School-in-a-carton,40 students, 2016",,,,,0070,S2687004,"Duct tape,50mm,silver",1,EA,
1994,S9935011,"School-in-a-carton,40 students, 2016",,,,,0080,S0544210,"Register,A4,squared,80 pgs/PAC-10",1,PAC,
1995,S9935011,"School-in-a-carton,40 students, 2016",,,,,0090,S1993550,"Users guide School in a Box Kit, English",1,EA,
1996,S9935011,"School-in-a-carton,40 students, 2016",,,,,0100,S4410021,"Book,exercise,A4,ruled-8mm,96 pgs/PAC-10",1,PAC,
1997,S9935011,"School-in-a-carton,40 students, 2016",,,,,0110,S4417230,"Clock,teaching,wood or plastic",1,EA,
1998,S9935011,"School-in-a-carton,40 students, 2016",,,,,0120,S4410003,"A4 Bristol paper,assorted colors/PAC-100",1,EA,
1999,S9935011,"School-in-a-carton,40 students, 2016",,,,,0130,S4516510,Student's Geometry set/BOX-20,2,BOX,
2000,S9935011,"School-in-a-carton,40 students, 2016",,,,,0140,S2512000,"Cubes,wood or plast.,coloured,set of 100",1,EA,
2001,S9935011,"School-in-a-carton,40 students, 2016",,,,,0150,S1993551,"Users guide School in a Box Kit, French",1,EA,
2002,S9935011,"School-in-a-carton,40 students, 2016",,,,,0160,S2555010,"Scissors,safety,school,B/B,135mm/BOX-10",4,BOX,
2003,S9935011,"School-in-a-carton,40 students, 2016",,,,,0170,S5001006,"Bag, plastic, interlock seal/PAC-20",2,PAC,
2004,S9935011,"School-in-a-carton,40 students, 2016",,,,,0180,S4570005,"Ruler,plastic,c.30cm,set of 10",4,EA,
2005,S9935011,"School-in-a-carton,40 students, 2016",,,,,0190,S4418400,"Compass,plastic, for Blackboard, 45cm",1,EA,
2006,S9935011,"School-in-a-carton,40 students, 2016",,,,,0200,S9999989,prepack 3 system-wise (not physical),1,EA,
2007,S9935011,"School-in-a-carton,40 students, 2016",,,S9999990,Education prepack 1 for new SIB  (I),,S9999990,Education prepack 1 for new SIB  (I),0.000,,
2008,S9935011,"School-in-a-carton,40 students, 2016",,,S9999990,Education prepack 1 for new SIB  (I),0010,S8942200,"Pre-pack Ctn,  37.5x29x19.5 cm, 0.021 m3",1,EA,
2009,S9935011,"School-in-a-carton,40 students, 2016",,,S9999990,Education prepack 1 for new SIB  (I),0020,S4410010,"Book,exercise,A5,ruled-8mm,48 pgs/PAC-20",2,PAC,
2010,S9935011,"School-in-a-carton,40 students, 2016",,,S9999990,Education prepack 1 for new SIB  (I),0030,S4410020,"Book,exercise,A5,5mm-sqre,48 pgs/PAC-20",2,PAC,
2011,S9935011,"School-in-a-carton,40 students, 2016",,,S9999990,Education prepack 1 for new SIB  (I),0040,S4460701,"Pencil,HB grade,black lead/BOX-10",8,BOX,
2012,S9935011,"School-in-a-carton,40 students, 2016",,,S9999990,Education prepack 1 for new SIB  (I),0050,S4460005,"Pen,ball-point,blue/BOX-10",8,BOX,
2013,S9935011,"School-in-a-carton,40 students, 2016",,,S9999990,Education prepack 1 for new SIB  (I),0060,S2584000,"Crayon,wax,packs of 8 colours/BOX-10x8",4,BOX,
2014,S9935011,"School-in-a-carton,40 students, 2016",,,S9999990,Education prepack 1 for new SIB  (I),0070,S4460007,"Pen,ball-point,black/BOX-10",8,BOX,
2015,S9935011,"School-in-a-carton,40 students, 2016",,,S9999990,Education prepack 1 for new SIB  (I),0080,S2687003,"Tape,adhesive,transp 1,5cm x 10m/BOX-20",2,BOX,
2016,S9935011,"School-in-a-carton,40 students, 2016",,,S9999990,Education prepack 1 for new SIB  (I),0090,S4461002,"White pencil for slates,BOX-20",2,BOX,
2017,S9935011,"School-in-a-carton,40 students, 2016",,,S9999990,Education prepack 1 for new SIB  (I),0100,S4520110,"Eraser,soft,for pencil/BOX-20",4,EA,
2018,S9935011,"School-in-a-carton,40 students, 2016",,,S9999990,Education prepack 1 for new SIB  (I),0110,S4552010,"Pencil sharpener,metal/PAC-20",2,PAC,
2019,S9935011,"School-in-a-carton,40 students, 2016",,,S9999991,Education prepack 2 for new SIB  (I),,S9999991,Education prepack 2 for new SIB  (I),0.000,,
2020,S9935011,"School-in-a-carton,40 students, 2016",,,S9999991,Education prepack 2 for new SIB  (I),0010,S8941505,"Pre-pack Carton, 32x24x20 cm, 0.015 m3",1,EA,
2021,S9935011,"School-in-a-carton,40 students, 2016",,,S9999991,Education prepack 2 for new SIB  (I),0020,S4416403,"Chalk,white/BOX-100",3,BOX,
2022,S9935011,"School-in-a-carton,40 students, 2016",,,S9999991,Education prepack 2 for new SIB  (I),0030,S4416397,"Chalk,assorted colours/BOX-100",3,BOX,
2023,S9935011,"School-in-a-carton,40 students, 2016",,,S9999991,Education prepack 2 for new SIB  (I),0040,S4465700,"Paint,chalkboard,black",2,EA,
2024,S9935011,"School-in-a-carton,40 students, 2016",,,S9999991,Education prepack 2 for new SIB  (I),0050,S4416504,"Brush,paint,for chalkboard,50-60mm",1,EA,
2025,S9935011,"School-in-a-carton,40 students, 2016",,,S9999991,Education prepack 2 for new SIB  (I),0060,S4416506,Duster/wiper for Blackboard,2,EA,
2026,S9935011,"School-in-a-carton,40 students, 2016",,,S9999991,Education prepack 2 for new SIB  (I),0070,S2270500,"Scissors,all purpose,sharp,180mm",1,EA,
2027,S9935011,"School-in-a-carton,40 students, 2016",,,S9999991,Education prepack 2 for new SIB  (I),0080,S4460006,"Pen,ball-point,red/BOX-10",1,BOX,
2028,S9935011,"School-in-a-carton,40 students, 2016",,,S9999991,Education prepack 2 for new SIB  (I),0090,S4325497,"Marker,flipchart,colours,tip-5mm/PAC-4",2,EA,
2029,S9935011,"School-in-a-carton,40 students, 2016",,,S9999991,Education prepack 2 for new SIB  (I),0100,S8794601,"Armband, Education, cyan blue, cloth.",2,EA,
2030,S9935011,"School-in-a-carton,40 students, 2016",,,S9999991,Education prepack 2 for new SIB  (I),0110,S4419001,"Globe,inflatable,dia.42cm,w/o stand,2024",1,EA,
2031,S9935011,"School-in-a-carton,40 students, 2016",,,S9999991,Education prepack 2 for new SIB  (I),0120,S1993320,Children w/ Disability Guide SIB Kit,1,EA,
2032,S9935011,"School-in-a-carton,40 students, 2016",,,S9999989,prepack 3 system-wise (not physical),,S9999989,prepack 3 system-wise (not physical),0.000,,
2033,S9935011,"School-in-a-carton,40 students, 2016",,,S9999989,prepack 3 system-wise (not physical),0010,S4467000,"Ruler,plastic,Blackboard,100cm",1,EA,
2034,S9935011,"School-in-a-carton,40 students, 2016",,,S9999989,prepack 3 system-wise (not physical),0020,S4491900,"Set Square,Blackboard,30-60-90 degrees",1,EA,
2035,S9935011,"School-in-a-carton,40 students, 2016",,,S9999989,prepack 3 system-wise (not physical),0030,S4491904,"Set Square, Blackboard,45-45-90 degrees",1,EA,
2036,S9935011,"School-in-a-carton,40 students, 2016",,,S9999989,prepack 3 system-wise (not physical),0040,S4462100,"Protractor,plastic,for Blackboard,44cm",1,EA,
2037,S9935011,"School-in-a-carton,40 students, 2016",,,S9999989,prepack 3 system-wise (not physical),0050,S1993323,"Education Kit feedback form, A4",1,EA,
2038,S9935019,"School-in-a-bag kit,40 student,1 teacher",,,,,0010,S9008034,"Double-wall ctn.60x40x33.3 cm, 0.08 m3",1,EA,
2039,S9935019,"School-in-a-bag kit,40 student,1 teacher",,,,,0020,S9999933,Prepack 1/1 School in a Bag,1,EA,
2040,S9935019,"School-in-a-bag kit,40 student,1 teacher",,,,,0030,S4411010,"Book,drawing,A5,plain,96 pgs/PAC-10",4,PAC,
2041,S9935019,"School-in-a-bag kit,40 student,1 teacher",,,,,0040,S4410021,"Book,exercise,A4,ruled-8mm,96 pgs/PAC-10",1,PAC,
2042,S9935019,"School-in-a-bag kit,40 student,1 teacher",,,,,0050,S2684006,"Colouring pencils,12 ass cols,in case",40,BOX,
2043,S9935019,"School-in-a-bag kit,40 student,1 teacher",,,,,0060,S4410010,"Book,exercise,A5,ruled-8mm,48 pgs/PAC-20",2,PAC,
2044,S9935019,"School-in-a-bag kit,40 student,1 teacher",,,,,0070,S4465700,"Paint,chalkboard,black",2,EA,
2045,S9935019,"School-in-a-bag kit,40 student,1 teacher",,,,,0080,S4410020,"Book,exercise,A5,5mm-sqre,48 pgs/PAC-20",2,PAC,
2046,S9935019,"School-in-a-bag kit,40 student,1 teacher",,,,,0090,S5001006,"Bag, plastic, interlock seal/PAC-20",2,PAC,
2047,S9935019,"School-in-a-bag kit,40 student,1 teacher",,,,,0100,S4416397,"Chalk,assorted colours/BOX-100",1,BOX,
2048,S9935019,"School-in-a-bag kit,40 student,1 teacher",,,,,0110,S4570005,"Ruler,plastic,c.30cm,set of 10",4,EA,
2049,S9935019,"School-in-a-bag kit,40 student,1 teacher",,,,,0120,S4416403,"Chalk,white/BOX-100",3,BOX,
2050,S9935019,"School-in-a-bag kit,40 student,1 teacher",,,S9999933,Prepack 1/1 School in a Bag,,S9999933,Prepack 1/1 School in a Bag,0.000,,
2051,S9935019,"School-in-a-bag kit,40 student,1 teacher",,,S9999933,Prepack 1/1 School in a Bag,0010,S8941501,"Pre-pack Carton, 32x24x10 cm, 0.007 m3",1,EA,
2052,S9935019,"School-in-a-bag kit,40 student,1 teacher",,,S9999933,Prepack 1/1 School in a Bag,0020,S0544211,"Register,A4,squared,80 pgs",1,EA,
2053,S9935019,"School-in-a-bag kit,40 student,1 teacher",,,S9999933,Prepack 1/1 School in a Bag,0030,S4460701,"Pencil,HB grade,black lead/BOX-10",8,BOX,
2054,S9935019,"School-in-a-bag kit,40 student,1 teacher",,,S9999933,Prepack 1/1 School in a Bag,0050,S4460007,"Pen,ball-point,black/BOX-10",5,BOX,
2055,S9935019,"School-in-a-bag kit,40 student,1 teacher",,,S9999933,Prepack 1/1 School in a Bag,0060,S4416504,"Brush,paint,for chalkboard,50-60mm",1,EA,
2056,S9935019,"School-in-a-bag kit,40 student,1 teacher",,,S9999933,Prepack 1/1 School in a Bag,0070,S4460006,"Pen,ball-point,red/BOX-10",1,BOX,
2057,S9935019,"School-in-a-bag kit,40 student,1 teacher",,,S9999933,Prepack 1/1 School in a Bag,0080,S4520110,"Eraser,soft,for pencil/BOX-20",2,EA,
2058,S9935019,"School-in-a-bag kit,40 student,1 teacher",,,S9999933,Prepack 1/1 School in a Bag,0090,S4552010,"Pencil sharpener,metal/PAC-20",2,PAC,
2059,S9935024,"Recreation kit, 2016",,,,,0010,S5001010,"Box,metal,lockable,for storage",1,EA,
2060,S9935024,"Recreation kit, 2016",,,,,0020,S5001000,"Bag,UNICEF,blue polyester,360x230x610mm",1,EA,
2061,S9935024,"Recreation kit, 2016",,,,,0030,S9999986,Prepack for Recreation kits 2016,1,EA,
2062,S9935024,"Recreation kit, 2016",,,,,0040,S2760001,"Skipping rope,polyester,3m/PAC-10",1,EA,
2063,S9935024,"Recreation kit, 2016",,,,,0050,S4416510,"Slate,fibreboard,double-sided,A4/BOX-20",1,EA,
2064,S9935024,"Recreation kit, 2016",,,,,0060,S2731220,"Hard surface Football, Size 4",4,EA,
2065,S9935024,"Recreation kit, 2016",,,,,0070,S2797701,"Tabards,red/blue,large(age 13+)/PAC-20",1,PAC,
2066,S9935024,"Recreation kit, 2016",,,,,0080,S2795800,"Volleyball net,9.5x1m,without posts",1,EA,
2067,S9935024,"Recreation kit, 2016",,,,,0090,S2795700,"Volleyball,professional model",2,EA,
2068,S9935024,"Recreation kit, 2016",,,,,0100,S2731222,"Hard surface Football, Size 3",2,EA,
2069,S9935024,"Recreation kit, 2016",,,,,0110,S2795802,"Board Games, box of 3 games",1,EA,
2070,S9935024,"Recreation kit, 2016",,,,,0120,S2703300,"Basketball,professional size",1,EA,
2071,S9935024,"Recreation kit, 2016",,,,,0130,S2795803,"Hackey Sack, Synthetic leather, pac/3",1,PAC,
2072,S9935024,"Recreation kit, 2016",,,,,0140,S1993323,"Education Kit feedback form, A4",1,EA,
2073,S9935024,"Recreation kit, 2016",,,S9999986,Prepack for Recreation kits 2016,,S9999986,Prepack for Recreation kits 2016,0.000,,
2074,S9935024,"Recreation kit, 2016",,,S9999986,Prepack for Recreation kits 2016,0010,S8941505,"Pre-pack Carton, 32x24x20 cm, 0.015 m3",1,EA,
2075,S9935024,"Recreation kit, 2016",,,S9999986,Prepack for Recreation kits 2016,0020,S4410021,"Book,exercise,A4,ruled-8mm,96 pgs/PAC-10",1,PAC,
2076,S9935024,"Recreation kit, 2016",,,S9999986,Prepack for Recreation kits 2016,0030,S1993554,"Users guide Recreation Kit, English",1,EA,
2077,S9935024,"Recreation kit, 2016",,,S9999986,Prepack for Recreation kits 2016,0040,S1993322,Children w/ Disability Guide REC Kit,1,EA,
2078,S9935024,"Recreation kit, 2016",,,S9999986,Prepack for Recreation kits 2016,0050,S1993555,"Users guide Recreation Kit, French",1,EA,
2079,S9935024,"Recreation kit, 2016",,,S9999986,Prepack for Recreation kits 2016,0060,S4416403,"Chalk,white/BOX-100",1,BOX,
2080,S9935024,"Recreation kit, 2016",,,S9999986,Prepack for Recreation kits 2016,0070,S2741600,Inflating-kit for balls,2,EA,
2081,S9935024,"Recreation kit, 2016",,,S9999986,Prepack for Recreation kits 2016,0080,S2702801,"Ball,sponge rubber,60mm diam./SET-5",1,SET,
2082,S9935024,"Recreation kit, 2016",,,S9999986,Prepack for Recreation kits 2016,0090,S2795801,"Beach Ball, inflatable, diameter 42cm",1,EA,
2083,S9935024,"Recreation kit, 2016",,,S9999986,Prepack for Recreation kits 2016,0100,S8794601,"Armband, Education, cyan blue, cloth.",2,EA,
2084,S9935024,"Recreation kit, 2016",,,S9999986,Prepack for Recreation kits 2016,0110,S4460007,"Pen,ball-point,black/BOX-10",1,BOX,
2085,S9935024,"Recreation kit, 2016",,,S9999986,Prepack for Recreation kits 2016,0120,S2797300,"Whistle,referee's,non-metalic",2,EA,
2086,S9935024,"Recreation kit, 2016",,,S9999986,Prepack for Recreation kits 2016,0130,S2797600,"Tape, measure, 5 m, retractable",1,EA,
2087,S9935024,"Recreation kit, 2016",,,S9999986,Prepack for Recreation kits 2016,0140,S2795804,"Play Parachute, 3.65 meters, with bag",1,EA,
2088,S9935030,Recreation kit mini version,,,,,0010,S9006014,"Double-wall ctn.60x40x25 cm, 0.060 m3",1,EA,
2089,S9935030,Recreation kit mini version,,,,,0020,S2797701,"Tabards,red/blue,large(age 13+)/PAC-20",2,PAC,
2090,S9935030,Recreation kit mini version,,,,,0030,S2795700,"Volleyball,professional model",4,EA,
2091,S9935030,Recreation kit mini version,,,,,0040,S2760001,"Skipping rope,polyester,3m/PAC-10",1,EA,
2092,S9935030,Recreation kit mini version,,,,,0050,S2731220,"Hard surface Football, Size 4",2,EA,
2093,S9935030,Recreation kit mini version,,,,,0060,S2795800,"Volleyball net,9.5x1m,without posts",1,EA,
2094,S9935030,Recreation kit mini version,,,,,0070,S2741600,Inflating-kit for balls,1,EA,
2095,S9935030,Recreation kit mini version,,,,,0080,S2702801,"Ball,sponge rubber,60mm diam./SET-5",1,SET,
2096,S9935030,Recreation kit mini version,,,,,0090,S2797300,"Whistle,referee's,non-metalic",1,EA,
2097,S9935034,"Recreation kit-in-a-carton, 2016",,,,,0010,S9008034,"Double-wall ctn.60x40x33.3 cm, 0.08 m3",1,EA,
2098,S9935034,"Recreation kit-in-a-carton, 2016",,,,,0020,S5001000,"Bag,UNICEF,blue polyester,360x230x610mm",1,EA,
2099,S9935034,"Recreation kit-in-a-carton, 2016",,,,,0030,S9999986,Prepack for Recreation kits 2016,1,EA,
2100,S9935034,"Recreation kit-in-a-carton, 2016",,,,,0040,S4416510,"Slate,fibreboard,double-sided,A4/BOX-20",1,EA,
2101,S9935034,"Recreation kit-in-a-carton, 2016",,,,,0050,S2760001,"Skipping rope,polyester,3m/PAC-10",1,EA,
2102,S9935034,"Recreation kit-in-a-carton, 2016",,,,,0060,S2795800,"Volleyball net,9.5x1m,without posts",1,EA,
2103,S9935034,"Recreation kit-in-a-carton, 2016",,,,,0070,S2731220,"Hard surface Football, Size 4",4,EA,
2104,S9935034,"Recreation kit-in-a-carton, 2016",,,,,0080,S2795700,"Volleyball,professional model",2,EA,
2105,S9935034,"Recreation kit-in-a-carton, 2016",,,,,0090,S2731222,"Hard surface Football, Size 3",2,EA,
2106,S9935034,"Recreation kit-in-a-carton, 2016",,,,,0100,S2703300,"Basketball,professional size",1,EA,
2107,S9935034,"Recreation kit-in-a-carton, 2016",,,,,0110,S2795802,"Board Games, box of 3 games",1,EA,
2108,S9935034,"Recreation kit-in-a-carton, 2016",,,,,0120,S2795803,"Hackey Sack, Synthetic leather, pac/3",1,PAC,
2109,S9935034,"Recreation kit-in-a-carton, 2016",,,,,0130,S1993323,"Education Kit feedback form, A4",1,EA,
2110,S9935034,"Recreation kit-in-a-carton, 2016",,,,,0140,S2797701,"Tabards,red/blue,large(age 13+)/PAC-20",1,PAC,
2111,S9935034,"Recreation kit-in-a-carton, 2016",,,S9999986,Prepack for Recreation kits 2016,,S9999986,Prepack for Recreation kits 2016,0.000,,
2112,S9935034,"Recreation kit-in-a-carton, 2016",,,S9999986,Prepack for Recreation kits 2016,0010,S8941505,"Pre-pack Carton, 32x24x20 cm, 0.015 m3",1,EA,
2113,S9935034,"Recreation kit-in-a-carton, 2016",,,S9999986,Prepack for Recreation kits 2016,0020,S4410021,"Book,exercise,A4,ruled-8mm,96 pgs/PAC-10",1,PAC,
2114,S9935034,"Recreation kit-in-a-carton, 2016",,,S9999986,Prepack for Recreation kits 2016,0030,S1993554,"Users guide Recreation Kit, English",1,EA,
2115,S9935034,"Recreation kit-in-a-carton, 2016",,,S9999986,Prepack for Recreation kits 2016,0040,S1993322,Children w/ Disability Guide REC Kit,1,EA,
2116,S9935034,"Recreation kit-in-a-carton, 2016",,,S9999986,Prepack for Recreation kits 2016,0050,S1993555,"Users guide Recreation Kit, French",1,EA,
2117,S9935034,"Recreation kit-in-a-carton, 2016",,,S9999986,Prepack for Recreation kits 2016,0060,S4416403,"Chalk,white/BOX-100",1,BOX,
2118,S9935034,"Recreation kit-in-a-carton, 2016",,,S9999986,Prepack for Recreation kits 2016,0070,S2741600,Inflating-kit for balls,2,EA,
2119,S9935034,"Recreation kit-in-a-carton, 2016",,,S9999986,Prepack for Recreation kits 2016,0080,S2702801,"Ball,sponge rubber,60mm diam./SET-5",1,SET,
2120,S9935034,"Recreation kit-in-a-carton, 2016",,,S9999986,Prepack for Recreation kits 2016,0090,S2795801,"Beach Ball, inflatable, diameter 42cm",1,EA,
2121,S9935034,"Recreation kit-in-a-carton, 2016",,,S9999986,Prepack for Recreation kits 2016,0100,S8794601,"Armband, Education, cyan blue, cloth.",2,EA,
2122,S9935034,"Recreation kit-in-a-carton, 2016",,,S9999986,Prepack for Recreation kits 2016,0110,S4460007,"Pen,ball-point,black/BOX-10",1,BOX,
2123,S9935034,"Recreation kit-in-a-carton, 2016",,,S9999986,Prepack for Recreation kits 2016,0120,S2797300,"Whistle,referee's,non-metalic",2,EA,
2124,S9935034,"Recreation kit-in-a-carton, 2016",,,S9999986,Prepack for Recreation kits 2016,0130,S2797600,"Tape, measure, 5 m, retractable",1,EA,
2125,S9935034,"Recreation kit-in-a-carton, 2016",,,S9999986,Prepack for Recreation kits 2016,0140,S2795804,"Play Parachute, 3.65 meters, with bag",1,EA,
2126,S9935051,"School-in-a-carton, Yemen",,,,,0010,S9012012,"Double-wall ctn.80x60x25 cm, 0.120 m3",1,EA,
2127,S9935051,"School-in-a-carton, Yemen",,,,,0020,S4420000,"Posters,plasticized paper,set of 3",1,EA,
2128,S9935051,"School-in-a-carton, Yemen",,,,,0030,S9012013,Corrugated ring for S9012012,1,EA,
2129,S9935051,"School-in-a-carton, Yemen",,,,,0040,S9999990,Education prepack 1 for new SIB  (I),1,EA,
2130,S9935051,"School-in-a-carton, Yemen",,,,,0050,S9999199,Education PP 2 for SIC/SIB no globe,1,EA,
2131,S9935051,"School-in-a-carton, Yemen",,,,,0060,S4416510,"Slate,fibreboard,double-sided,A4/BOX-20",2,EA,
2132,S9935051,"School-in-a-carton, Yemen",,,,,0070,S2687004,"Duct tape,50mm,silver",1,EA,
2133,S9935051,"School-in-a-carton, Yemen",,,,,0080,S1993550,"Users guide School in a Box Kit, English",1,EA,
2134,S9935051,"School-in-a-carton, Yemen",,,,,0090,S4516510,Student's Geometry set/BOX-20,2,BOX,
2135,S9935051,"School-in-a-carton, Yemen",,,,,0100,S2512000,"Cubes,wood or plast.,coloured,set of 100",1,EA,
2136,S9935051,"School-in-a-carton, Yemen",,,,,0110,S4410021,"Book,exercise,A4,ruled-8mm,96 pgs/PAC-10",1,PAC,
2137,S9935051,"School-in-a-carton, Yemen",,,,,0120,S4417230,"Clock,teaching,wood or plastic",1,EA,
2138,S9935051,"School-in-a-carton, Yemen",,,,,0130,S4410003,"A4 Bristol paper,assorted colors/PAC-100",1,EA,
2139,S9935051,"School-in-a-carton, Yemen",,,,,0140,S1993551,"Users guide School in a Box Kit, French",1,EA,
2140,S9935051,"School-in-a-carton, Yemen",,,,,0150,S0544210,"Register,A4,squared,80 pgs/PAC-10",1,PAC,
2141,S9935051,"School-in-a-carton, Yemen",,,,,0160,S5001006,"Bag, plastic, interlock seal/PAC-20",2,PAC,
2142,S9935051,"School-in-a-carton, Yemen",,,,,0170,S2555010,"Scissors,safety,school,B/B,135mm/BOX-10",4,BOX,
2143,S9935051,"School-in-a-carton, Yemen",,,,,0180,S4570005,"Ruler,plastic,c.30cm,set of 10",4,EA,
2144,S9935051,"School-in-a-carton, Yemen",,,,,0190,S4418400,"Compass,plastic, for Blackboard, 45cm",1,EA,
2145,S9935051,"School-in-a-carton, Yemen",,,,,0200,S9999989,prepack 3 system-wise (not physical),1,EA,
2146,S9935051,"School-in-a-carton, Yemen",,,S9999990,Education prepack 1 for new SIB  (I),,S9999990,Education prepack 1 for new SIB  (I),0.000,,
2147,S9935051,"School-in-a-carton, Yemen",,,S9999990,Education prepack 1 for new SIB  (I),0010,S8942200,"Pre-pack Ctn,  37.5x29x19.5 cm, 0.021 m3",1,EA,
2148,S9935051,"School-in-a-carton, Yemen",,,S9999990,Education prepack 1 for new SIB  (I),0020,S4410010,"Book,exercise,A5,ruled-8mm,48 pgs/PAC-20",2,PAC,
2149,S9935051,"School-in-a-carton, Yemen",,,S9999990,Education prepack 1 for new SIB  (I),0030,S4410020,"Book,exercise,A5,5mm-sqre,48 pgs/PAC-20",2,PAC,
2150,S9935051,"School-in-a-carton, Yemen",,,S9999990,Education prepack 1 for new SIB  (I),0040,S4460701,"Pencil,HB grade,black lead/BOX-10",8,BOX,
2151,S9935051,"School-in-a-carton, Yemen",,,S9999990,Education prepack 1 for new SIB  (I),0050,S4460005,"Pen,ball-point,blue/BOX-10",8,BOX,
2152,S9935051,"School-in-a-carton, Yemen",,,S9999990,Education prepack 1 for new SIB  (I),0060,S2584000,"Crayon,wax,packs of 8 colours/BOX-10x8",4,BOX,
2153,S9935051,"School-in-a-carton, Yemen",,,S9999990,Education prepack 1 for new SIB  (I),0070,S4460007,"Pen,ball-point,black/BOX-10",8,BOX,
2154,S9935051,"School-in-a-carton, Yemen",,,S9999990,Education prepack 1 for new SIB  (I),0080,S2687003,"Tape,adhesive,transp 1,5cm x 10m/BOX-20",2,BOX,
2155,S9935051,"School-in-a-carton, Yemen",,,S9999990,Education prepack 1 for new SIB  (I),0090,S4461002,"White pencil for slates,BOX-20",2,BOX,
2156,S9935051,"School-in-a-carton, Yemen",,,S9999990,Education prepack 1 for new SIB  (I),0100,S4520110,"Eraser,soft,for pencil/BOX-20",4,EA,
2157,S9935051,"School-in-a-carton, Yemen",,,S9999990,Education prepack 1 for new SIB  (I),0110,S4552010,"Pencil sharpener,metal/PAC-20",2,PAC,
2158,S9935051,"School-in-a-carton, Yemen",,,S9999199,Education PP 2 for SIC/SIB no globe,,S9999199,Education PP 2 for SIC/SIB no globe,0.000,,
2159,S9935051,"School-in-a-carton, Yemen",,,S9999199,Education PP 2 for SIC/SIB no globe,0010,S8941505,"Pre-pack Carton, 32x24x20 cm, 0.015 m3",1,EA,
2160,S9935051,"School-in-a-carton, Yemen",,,S9999199,Education PP 2 for SIC/SIB no globe,0020,S4416403,"Chalk,white/BOX-100",3,BOX,
2161,S9935051,"School-in-a-carton, Yemen",,,S9999199,Education PP 2 for SIC/SIB no globe,0030,S4416397,"Chalk,assorted colours/BOX-100",3,BOX,
2162,S9935051,"School-in-a-carton, Yemen",,,S9999199,Education PP 2 for SIC/SIB no globe,0040,S4465700,"Paint,chalkboard,black",2,EA,
2163,S9935051,"School-in-a-carton, Yemen",,,S9999199,Education PP 2 for SIC/SIB no globe,0050,S4416504,"Brush,paint,for chalkboard,50-60mm",1,EA,
2164,S9935051,"School-in-a-carton, Yemen",,,S9999199,Education PP 2 for SIC/SIB no globe,0060,S4416506,Duster/wiper for Blackboard,2,EA,
2165,S9935051,"School-in-a-carton, Yemen",,,S9999199,Education PP 2 for SIC/SIB no globe,0070,S2270500,"Scissors,all purpose,sharp,180mm",1,EA,
2166,S9935051,"School-in-a-carton, Yemen",,,S9999199,Education PP 2 for SIC/SIB no globe,0080,S4460006,"Pen,ball-point,red/BOX-10",1,BOX,
2167,S9935051,"School-in-a-carton, Yemen",,,S9999199,Education PP 2 for SIC/SIB no globe,0090,S4325497,"Marker,flipchart,colours,tip-5mm/PAC-4",2,EA,
2168,S9935051,"School-in-a-carton, Yemen",,,S9999199,Education PP 2 for SIC/SIB no globe,0100,S8794601,"Armband, Education, cyan blue, cloth.",2,EA,
2169,S9935051,"School-in-a-carton, Yemen",,,S9999199,Education PP 2 for SIC/SIB no globe,0120,S1993320,Children w/ Disability Guide SIB Kit,1,EA,
2170,S9935051,"School-in-a-carton, Yemen",,,S9999989,prepack 3 system-wise (not physical),,S9999989,prepack 3 system-wise (not physical),0.000,,
2171,S9935051,"School-in-a-carton, Yemen",,,S9999989,prepack 3 system-wise (not physical),0010,S4467000,"Ruler,plastic,Blackboard,100cm",1,EA,
2172,S9935051,"School-in-a-carton, Yemen",,,S9999989,prepack 3 system-wise (not physical),0020,S4491900,"Set Square,Blackboard,30-60-90 degrees",1,EA,
2173,S9935051,"School-in-a-carton, Yemen",,,S9999989,prepack 3 system-wise (not physical),0030,S4491904,"Set Square, Blackboard,45-45-90 degrees",1,EA,
2174,S9935051,"School-in-a-carton, Yemen",,,S9999989,prepack 3 system-wise (not physical),0040,S4462100,"Protractor,plastic,for Blackboard,44cm",1,EA,
2175,S9935051,"School-in-a-carton, Yemen",,,S9999989,prepack 3 system-wise (not physical),0050,S1993323,"Education Kit feedback form, A4",1,EA,
2176,S9935064,"Early Childhood Dvt (ECD) kit, 2016",,,,,0010,S5001010,"Box,metal,lockable,for storage",1,EA,
2177,S9935064,"Early Childhood Dvt (ECD) kit, 2016",,,,,0020,S2657208,"Paper,plain,70cm wide,25m/ROLL",1,ROL,
2178,S9935064,"Early Childhood Dvt (ECD) kit, 2016",,,,,0030,S2657311,"Drawing pad,white,A3,48 sheets/PAC-10",1,PAC,
2179,S9935064,"Early Childhood Dvt (ECD) kit, 2016",,,,,0040,S9999987,Prepack for ECD Kits  2016,1,EA,
2180,S9935064,"Early Childhood Dvt (ECD) kit, 2016",,,,,0050,S5007311,"Water-cont,LDPE,10l,collapsibl.,w/o logo",5,EA,
2181,S9935064,"Early Childhood Dvt (ECD) kit, 2016",,,,,0060,S2657207,"Pad,paper,coloured,A4,50 sheets/PAC-10",1,PAC,
2182,S9935064,"Early Childhood Dvt (ECD) kit, 2016",,,,,0070,S4410003,"A4 Bristol paper,assorted colors/PAC-100",1,EA,
2183,S9935064,"Early Childhood Dvt (ECD) kit, 2016",,,,,0080,S2587010,"Beads,wood,col,/BOX-50",1,BOX,
2184,S9935064,"Early Childhood Dvt (ECD) kit, 2016",,,,,0090,S4410002,"Book,exercise,A4,ruled,96pgs, PAC-5",1,EA,
2185,S9935064,"Early Childhood Dvt (ECD) kit, 2016",,,,,0100,S4492110,"ECD Activity Guide, ECD kit,French",1,EA,
2186,S9935064,"Early Childhood Dvt (ECD) kit, 2016",,,,,0110,S2535015,"Puppet,hand,diff characters/SET-6",1,EA,
2187,S9935064,"Early Childhood Dvt (ECD) kit, 2016",,,,,0120,S2512015,"Shape-sorter, app. 9 pcs",1,EA,
2188,S9935064,"Early Childhood Dvt (ECD) kit, 2016",,,,,0130,S2512025,"Sort & Stack Set,plastic,app.19 stack",1,EA,
2189,S9935064,"Early Childhood Dvt (ECD) kit, 2016",,,,,0140,S2684006,"Colouring pencils,12 ass cols,in case",10,BOX,
2190,S9935064,"Early Childhood Dvt (ECD) kit, 2016",,,,,0150,S4492100,"ECD Activity Guide, ECD kit,English",1,EA,
2191,S9935064,"Early Childhood Dvt (ECD) kit, 2016",,,,,0160,S2702802,"Ball,rubber/foam, app10cm diam/NET-5",1,SET,
2192,S9935064,"Early Childhood Dvt (ECD) kit, 2016",,,,,0170,S2521010,"Puzzle Blocks,6 sides,SET-12",1,EA,
2193,S9935064,"Early Childhood Dvt (ECD) kit, 2016",,,,,0180,S4492140,"ECD Activity Guide, ECD kit,Arabic",1,EA,
2194,S9935064,"Early Childhood Dvt (ECD) kit, 2016",,,,,0190,S2593010,"Building blocks,wood,coloured /set 50",1,EA,
2195,S9935064,"Early Childhood Dvt (ECD) kit, 2016",,,,,0200,S5001006,"Bag, plastic, interlock seal/PAC-20",1,PAC,
2196,S9935064,"Early Childhood Dvt (ECD) kit, 2016",,,S9999987,Prepack for ECD Kits  2016,,S9999987,Prepack for ECD Kits  2016,0.000,,
2197,S9935064,"Early Childhood Dvt (ECD) kit, 2016",,,S9999987,Prepack for ECD Kits  2016,0010,S8942200,"Pre-pack Ctn,  37.5x29x19.5 cm, 0.021 m3",1,EA,
2198,S9935064,"Early Childhood Dvt (ECD) kit, 2016",,,S9999987,Prepack for ECD Kits  2016,0020,S1993323,"Education Kit feedback form, A4",1,EA,
2199,S9935064,"Early Childhood Dvt (ECD) kit, 2016",,,S9999987,Prepack for ECD Kits  2016,0030,S2521030,"Jigsaw Puzzle,app. 24 pcs",1,EA,
2200,S9935064,"Early Childhood Dvt (ECD) kit, 2016",,,S9999987,Prepack for ECD Kits  2016,0040,S2521040,"Counting Circle,wood,app.20 pieces",1,EA,
2201,S9935064,"Early Childhood Dvt (ECD) kit, 2016",,,S9999987,Prepack for ECD Kits  2016,0050,S2608500,"Clay,modelling,assorted colour/BOX-6/8",5,BOX,
2202,S9935064,"Early Childhood Dvt (ECD) kit, 2016",,,S9999987,Prepack for ECD Kits  2016,0060,S2584000,"Crayon,wax,packs of 8 colours/BOX-10x8",3,BOX,
2203,S9935064,"Early Childhood Dvt (ECD) kit, 2016",,,S9999987,Prepack for ECD Kits  2016,0070,S2687004,"Duct tape,50mm,silver",1,EA,
2204,S9935064,"Early Childhood Dvt (ECD) kit, 2016",,,S9999987,Prepack for ECD Kits  2016,0080,S4460701,"Pencil,HB grade,black lead/BOX-10",2,BOX,
2205,S9935064,"Early Childhood Dvt (ECD) kit, 2016",,,S9999987,Prepack for ECD Kits  2016,0090,S0552000,"Soap,toilet,bar,approx.100-110g,wrapped",5,EA,
2206,S9935064,"Early Childhood Dvt (ECD) kit, 2016",,,S9999987,Prepack for ECD Kits  2016,0100,S4552010,"Pencil sharpener,metal/PAC-20",1,PAC,
2207,S9935064,"Early Childhood Dvt (ECD) kit, 2016",,,S9999987,Prepack for ECD Kits  2016,0110,S4432000,"Glue,classroom use,BOT-170ml",1,BOT,
2208,S9935064,"Early Childhood Dvt (ECD) kit, 2016",,,S9999987,Prepack for ECD Kits  2016,0120,S2512020,"Dominoes,plastic,colourd/SET-28",1,EA,
2209,S9935064,"Early Childhood Dvt (ECD) kit, 2016",,,S9999987,Prepack for ECD Kits  2016,0130,S2687003,"Tape,adhesive,transp 1,5cm x 10m/BOX-20",1,BOX,
2210,S9935064,"Early Childhood Dvt (ECD) kit, 2016",,,S9999987,Prepack for ECD Kits  2016,0140,S2584010,"Crayon,wax,jumbo,ass. colours/BOX-8",6,BOX,
2211,S9935064,"Early Childhood Dvt (ECD) kit, 2016",,,S9999987,Prepack for ECD Kits  2016,0150,S1993545,"Book, children's, cardboard",1,EA,
2212,S9935064,"Early Childhood Dvt (ECD) kit, 2016",,,S9999987,Prepack for ECD Kits  2016,0160,S4520110,"Eraser,soft,for pencil/BOX-20",2,EA,
2213,S9935064,"Early Childhood Dvt (ECD) kit, 2016",,,S9999987,Prepack for ECD Kits  2016,0170,S4325497,"Marker,flipchart,colours,tip-5mm/PAC-4",2,EA,
2214,S9935064,"Early Childhood Dvt (ECD) kit, 2016",,,S9999987,Prepack for ECD Kits  2016,0180,S2521060,"Chain Puzzle,wood,coloured,app.5 pieces",1,EA,
2215,S9935064,"Early Childhood Dvt (ECD) kit, 2016",,,S9999987,Prepack for ECD Kits  2016,0190,S4460007,"Pen,ball-point,black/BOX-10",1,BOX,
2216,S9935064,"Early Childhood Dvt (ECD) kit, 2016",,,S9999987,Prepack for ECD Kits  2016,0200,S8794601,"Armband, Education, cyan blue, cloth.",2,EA,
2217,S9935064,"Early Childhood Dvt (ECD) kit, 2016",,,S9999987,Prepack for ECD Kits  2016,0210,S1993321,Children w/ Disability Guide ECD Kit,1,EA,
2218,S9935064,"Early Childhood Dvt (ECD) kit, 2016",,,S9999987,Prepack for ECD Kits  2016,0220,S2511000,"Memory Game,card/BOX app 16 pairs",1,EA,
2219,S9935064,"Early Childhood Dvt (ECD) kit, 2016",,,S9999987,Prepack for ECD Kits  2016,0230,S2535010,"Puppet,finger,diff characters/SET-6",1,EA,
2220,S9935064,"Early Childhood Dvt (ECD) kit, 2016",,,S9999987,Prepack for ECD Kits  2016,0240,S2521020,"Board Puzzle, 4-8 pcs w/out pegs",1,EA,
2221,S9935064,"Early Childhood Dvt (ECD) kit, 2016",,,S9999987,Prepack for ECD Kits  2016,0250,S2555010,"Scissors,safety,school,B/B,135mm/BOX-10",1,BOX,
2222,S9935065,"ECD kit-in-a-carton, 2016",,,,,0010,S9012012,"Double-wall ctn.80x60x25 cm, 0.120 m3",1,EA,
2223,S9935065,"ECD kit-in-a-carton, 2016",,,,,0020,S9012013,Corrugated ring for S9012012,1,EA,
2224,S9935065,"ECD kit-in-a-carton, 2016",,,,,0030,S2512015,"Shape-sorter, app. 9 pcs",1,EA,
2225,S9935065,"ECD kit-in-a-carton, 2016",,,,,0040,S2512025,"Sort & Stack Set,plastic,app.19 stack",1,EA,
2226,S9935065,"ECD kit-in-a-carton, 2016",,,,,0090,S2521010,"Puzzle Blocks,6 sides,SET-12",1,EA,
2227,S9935065,"ECD kit-in-a-carton, 2016",,,,,0150,S2535015,"Puppet,hand,diff characters/SET-6",1,EA,
2228,S9935065,"ECD kit-in-a-carton, 2016",,,,,0190,S2587010,"Beads,wood,col,/BOX-50",1,BOX,
2229,S9935065,"ECD kit-in-a-carton, 2016",,,,,0200,S2593010,"Building blocks,wood,coloured /set 50",1,EA,
2230,S9935065,"ECD kit-in-a-carton, 2016",,,,,0210,S2657207,"Pad,paper,coloured,A4,50 sheets/PAC-10",1,PAC,
2231,S9935065,"ECD kit-in-a-carton, 2016",,,,,0220,S2657208,"Paper,plain,70cm wide,25m/ROLL",1,ROL,
2232,S9935065,"ECD kit-in-a-carton, 2016",,,,,0230,S2657311,"Drawing pad,white,A3,48 sheets/PAC-10",1,PAC,
2233,S9935065,"ECD kit-in-a-carton, 2016",,,,,0240,S2684006,"Colouring pencils,12 ass cols,in case",10,BOX,
2234,S9935065,"ECD kit-in-a-carton, 2016",,,,,0260,S2702802,"Ball,rubber/foam, app10cm diam/NET-5",1,SET,
2235,S9935065,"ECD kit-in-a-carton, 2016",,,,,0330,S5007311,"Water-cont,LDPE,10l,collapsibl.,w/o logo",5,EA,
2236,S9935065,"ECD kit-in-a-carton, 2016",,,,,0340,S4492110,"ECD Activity Guide, ECD kit,French",1,EA,
2237,S9935065,"ECD kit-in-a-carton, 2016",,,,,0350,S4492100,"ECD Activity Guide, ECD kit,English",1,EA,
2238,S9935065,"ECD kit-in-a-carton, 2016",,,,,0360,S4492140,"ECD Activity Guide, ECD kit,Arabic",1,EA,
2239,S9935065,"ECD kit-in-a-carton, 2016",,,,,0410,S4410002,"Book,exercise,A4,ruled,96pgs, PAC-5",1,EA,
2240,S9935065,"ECD kit-in-a-carton, 2016",,,,,0420,S4410003,"A4 Bristol paper,assorted colors/PAC-100",1,EA,
2241,S9935065,"ECD kit-in-a-carton, 2016",,,,,0450,S9999987,Prepack for ECD Kits  2016,1,EA,
2242,S9935065,"ECD kit-in-a-carton, 2016",,,,,0460,S5001006,"Bag, plastic, interlock seal/PAC-20",1,PAC,
2243,S9935065,"ECD kit-in-a-carton, 2016",,,S9999987,Prepack for ECD Kits  2016,,S9999987,Prepack for ECD Kits  2016,0.000,,
2244,S9935065,"ECD kit-in-a-carton, 2016",,,S9999987,Prepack for ECD Kits  2016,0010,S8942200,"Pre-pack Ctn,  37.5x29x19.5 cm, 0.021 m3",1,EA,
2245,S9935065,"ECD kit-in-a-carton, 2016",,,S9999987,Prepack for ECD Kits  2016,0020,S1993323,"Education Kit feedback form, A4",1,EA,
2246,S9935065,"ECD kit-in-a-carton, 2016",,,S9999987,Prepack for ECD Kits  2016,0030,S2521030,"Jigsaw Puzzle,app. 24 pcs",1,EA,
2247,S9935065,"ECD kit-in-a-carton, 2016",,,S9999987,Prepack for ECD Kits  2016,0040,S2521040,"Counting Circle,wood,app.20 pieces",1,EA,
2248,S9935065,"ECD kit-in-a-carton, 2016",,,S9999987,Prepack for ECD Kits  2016,0050,S2608500,"Clay,modelling,assorted colour/BOX-6/8",5,BOX,
2249,S9935065,"ECD kit-in-a-carton, 2016",,,S9999987,Prepack for ECD Kits  2016,0060,S2584000,"Crayon,wax,packs of 8 colours/BOX-10x8",3,BOX,
2250,S9935065,"ECD kit-in-a-carton, 2016",,,S9999987,Prepack for ECD Kits  2016,0070,S2687004,"Duct tape,50mm,silver",1,EA,
2251,S9935065,"ECD kit-in-a-carton, 2016",,,S9999987,Prepack for ECD Kits  2016,0080,S4460701,"Pencil,HB grade,black lead/BOX-10",2,BOX,
2252,S9935065,"ECD kit-in-a-carton, 2016",,,S9999987,Prepack for ECD Kits  2016,0090,S0552000,"Soap,toilet,bar,approx.100-110g,wrapped",5,EA,
2253,S9935065,"ECD kit-in-a-carton, 2016",,,S9999987,Prepack for ECD Kits  2016,0100,S4552010,"Pencil sharpener,metal/PAC-20",1,PAC,
2254,S9935065,"ECD kit-in-a-carton, 2016",,,S9999987,Prepack for ECD Kits  2016,0110,S4432000,"Glue,classroom use,BOT-170ml",1,BOT,
2255,S9935065,"ECD kit-in-a-carton, 2016",,,S9999987,Prepack for ECD Kits  2016,0120,S2512020,"Dominoes,plastic,colourd/SET-28",1,EA,
2256,S9935065,"ECD kit-in-a-carton, 2016",,,S9999987,Prepack for ECD Kits  2016,0130,S2687003,"Tape,adhesive,transp 1,5cm x 10m/BOX-20",1,BOX,
2257,S9935065,"ECD kit-in-a-carton, 2016",,,S9999987,Prepack for ECD Kits  2016,0140,S2584010,"Crayon,wax,jumbo,ass. colours/BOX-8",6,BOX,
2258,S9935065,"ECD kit-in-a-carton, 2016",,,S9999987,Prepack for ECD Kits  2016,0150,S1993545,"Book, children's, cardboard",1,EA,
2259,S9935065,"ECD kit-in-a-carton, 2016",,,S9999987,Prepack for ECD Kits  2016,0160,S4520110,"Eraser,soft,for pencil/BOX-20",2,EA,
2260,S9935065,"ECD kit-in-a-carton, 2016",,,S9999987,Prepack for ECD Kits  2016,0170,S4325497,"Marker,flipchart,colours,tip-5mm/PAC-4",2,EA,
2261,S9935065,"ECD kit-in-a-carton, 2016",,,S9999987,Prepack for ECD Kits  2016,0180,S2521060,"Chain Puzzle,wood,coloured,app.5 pieces",1,EA,
2262,S9935065,"ECD kit-in-a-carton, 2016",,,S9999987,Prepack for ECD Kits  2016,0190,S4460007,"Pen,ball-point,black/BOX-10",1,BOX,
2263,S9935065,"ECD kit-in-a-carton, 2016",,,S9999987,Prepack for ECD Kits  2016,0200,S8794601,"Armband, Education, cyan blue, cloth.",2,EA,
2264,S9935065,"ECD kit-in-a-carton, 2016",,,S9999987,Prepack for ECD Kits  2016,0210,S1993321,Children w/ Disability Guide ECD Kit,1,EA,
2265,S9935065,"ECD kit-in-a-carton, 2016",,,S9999987,Prepack for ECD Kits  2016,0220,S2511000,"Memory Game,card/BOX app 16 pairs",1,EA,
2266,S9935065,"ECD kit-in-a-carton, 2016",,,S9999987,Prepack for ECD Kits  2016,0230,S2535010,"Puppet,finger,diff characters/SET-6",1,EA,
2267,S9935065,"ECD kit-in-a-carton, 2016",,,S9999987,Prepack for ECD Kits  2016,0240,S2521020,"Board Puzzle, 4-8 pcs w/out pegs",1,EA,
2268,S9935065,"ECD kit-in-a-carton, 2016",,,S9999987,Prepack for ECD Kits  2016,0250,S2555010,"Scissors,safety,school,B/B,135mm/BOX-10",1,BOX,
2269,S9935080,Arabic Student Kit Grade 1-4,,,,,0010,S9010633,"Double-wall ctn.80x40x33 cm, 0.106 m3",1,EA,
2270,S9935080,Arabic Student Kit Grade 1-4,,,,,0020,S5001300,"Bag,school,UNICEF,ARABIC,400x270x100mm",20,EA,
2271,S9935080,Arabic Student Kit Grade 1-4,,,,,0030,S4520110,"Eraser,soft,for pencil/BOX-20",2,EA,
2272,S9935080,Arabic Student Kit Grade 1-4,,,,,0040,S4410040,"Book,exercise,A5,ruled,48pgs,ARABIC/P-20",5,PAC,
2273,S9935080,Arabic Student Kit Grade 1-4,,,,,0050,S4552010,"Pencil sharpener,metal/PAC-20",2,PAC,
2274,S9935080,Arabic Student Kit Grade 1-4,,,,,0060,S4410030,"Book,exercise,A5,sqre,48 pgs,ARABIC/P-20",5,PAC,
2275,S9935080,Arabic Student Kit Grade 1-4,,,,,0070,S2684006,"Colouring pencils,12 ass cols,in case",20,BOX,
2276,S9935080,Arabic Student Kit Grade 1-4,,,,,0080,S4460701,"Pencil,HB grade,black lead/BOX-10",20,BOX,
2277,S9935080,Arabic Student Kit Grade 1-4,,,,,0090,S4416515,"Slate, plastic, A4/BOX-20",1,EA,
2278,S9935080,Arabic Student Kit Grade 1-4,,,,,0100,S4570005,"Ruler,plastic,c.30cm,set of 10",2,EA,
2279,S9935081,Arabic Student Kit Grade 5-8,,,,,0010,S9010633,"Double-wall ctn.80x40x33 cm, 0.106 m3",1,EA,
2280,S9935081,Arabic Student Kit Grade 5-8,,,,,0020,S5001300,"Bag,school,UNICEF,ARABIC,400x270x100mm",20,EA,
2281,S9935081,Arabic Student Kit Grade 5-8,,,,,0030,S4520110,"Eraser,soft,for pencil/BOX-20",1,EA,
2282,S9935081,Arabic Student Kit Grade 5-8,,,,,0040,S4410031,"Book,exercise,A4,ruled,96pgs,ARABIC/P-10",4,PAC,
2283,S9935081,Arabic Student Kit Grade 5-8,,,,,0050,S4516510,Student's Geometry set/BOX-20,1,BOX,
2284,S9935081,Arabic Student Kit Grade 5-8,,,,,0060,S4410030,"Book,exercise,A5,sqre,48 pgs,ARABIC/P-20",4,PAC,
2285,S9935081,Arabic Student Kit Grade 5-8,,,,,0070,S4460009,"Pen,ball-point,green/BOX-10",10,BOX,
2286,S9935081,Arabic Student Kit Grade 5-8,,,,,0080,S4410040,"Book,exercise,A5,ruled,48pgs,ARABIC/P-20",4,PAC,
2287,S9935081,Arabic Student Kit Grade 5-8,,,,,0090,S4460005,"Pen,ball-point,blue/BOX-10",10,BOX,
2288,S9935081,Arabic Student Kit Grade 5-8,,,,,0100,S4552010,"Pencil sharpener,metal/PAC-20",1,PAC,
2289,S9935081,Arabic Student Kit Grade 5-8,,,,,0110,S4460701,"Pencil,HB grade,black lead/BOX-10",10,BOX,
2290,S9935082,Arabic Teacher's Kit,,,,,0010,S9008013,"Double-wall ctn.80x40x25 cm, 0.080 m3",1,EA,
2291,S9935082,Arabic Teacher's Kit,,,,,0020,S4420001,"Posters, Arabic, 50x70cm",1,EA,
2292,S9935082,Arabic Teacher's Kit,,,,,0030,S4416403,"Chalk,white/BOX-100",4,BOX,
2293,S9935082,Arabic Teacher's Kit,,,,,0040,S4417231,"Clock,teaching,wood or plastic,ARABIC",2,EA,
2294,S9935082,Arabic Teacher's Kit,,,,,0050,S2687004,"Duct tape,50mm,silver",1,EA,
2295,S9935082,Arabic Teacher's Kit,,,,,0060,S4410031,"Book,exercise,A4,ruled,96pgs,ARABIC/P-10",1,PAC,
2296,S9935082,Arabic Teacher's Kit,,,,,0070,S4416506,Duster/wiper for Blackboard,5,EA,
2297,S9935082,Arabic Teacher's Kit,,,,,0080,S4460006,"Pen,ball-point,red/BOX-10",5,BOX,
2298,S9935082,Arabic Teacher's Kit,,,,,0090,S4325497,"Marker,flipchart,colours,tip-5mm/PAC-4",2,EA,
2299,S9935082,Arabic Teacher's Kit,,,,,0100,S4467000,"Ruler,plastic,Blackboard,100cm",4,EA,
2300,S9935082,Arabic Teacher's Kit,,,,,0110,S4460005,"Pen,ball-point,blue/BOX-10",5,BOX,
2301,S9935082,Arabic Teacher's Kit,,,,,0120,S4416397,"Chalk,assorted colours/BOX-100",4,BOX,
2302,S9935082,Arabic Teacher's Kit,,,,,0130,S4460701,"Pencil,HB grade,black lead/BOX-10",4,BOX,
2303,S9935082,Arabic Teacher's Kit,,,,,0140,S4418400,"Compass,plastic, for Blackboard, 45cm",4,EA,
2304,S9935082,Arabic Teacher's Kit,,,,,0150,S4460009,"Pen,ball-point,green/BOX-10",5,BOX,
2305,S9935082,Arabic Teacher's Kit,,,,,0160,S4552010,"Pencil sharpener,metal/PAC-20",1,PAC,
2306,S9935082,Arabic Teacher's Kit,,,,,0170,S4520110,"Eraser,soft,for pencil/BOX-20",1,EA,
2307,S9935082,Arabic Teacher's Kit,,,,,0180,S2657209,"A1 Manila paper,assorted colors/PAC-80",1,PAC,
2308,S9935084,Syria Emergency School in a Carton Kit,,,,,0010,S9012012,"Double-wall ctn.80x60x25 cm, 0.120 m3",1,EA,
2309,S9935084,Syria Emergency School in a Carton Kit,,,,,0020,S9012013,Corrugated ring for S9012012,1,EA,
2310,S9935084,Syria Emergency School in a Carton Kit,,,,,0030,S4420000,"Posters,plasticized paper,set of 3",1,EA,
2311,S9935084,Syria Emergency School in a Carton Kit,,,,,0040,S4420001,"Posters, Arabic, 50x70cm",1,EA,
2312,S9935084,Syria Emergency School in a Carton Kit,,,,,0050,S4416510,"Slate,fibreboard,double-sided,A4/BOX-20",2,EA,
2313,S9935084,Syria Emergency School in a Carton Kit,,,,,0060,S0544210,"Register,A4,squared,80 pgs/PAC-10",1,PAC,
2314,S9935084,Syria Emergency School in a Carton Kit,,,,,0070,S4410021,"Book,exercise,A4,ruled-8mm,96 pgs/PAC-10",1,PAC,
2315,S9935084,Syria Emergency School in a Carton Kit,,,,,0080,S4418400,"Compass,plastic, for Blackboard, 45cm",1,EA,
2316,S9935084,Syria Emergency School in a Carton Kit,,,,,0090,S4467000,"Ruler,plastic,Blackboard,100cm",1,EA,
2317,S9935084,Syria Emergency School in a Carton Kit,,,,,0100,S2512000,"Cubes,wood or plast.,coloured,set of 100",1,EA,
2318,S9935084,Syria Emergency School in a Carton Kit,,,,,0110,S5001006,"Bag, plastic, interlock seal/PAC-20",2,PAC,
2319,S9935084,Syria Emergency School in a Carton Kit,,,,,0120,S2555010,"Scissors,safety,school,B/B,135mm/BOX-10",4,BOX,
2320,S9935084,Syria Emergency School in a Carton Kit,,,,,0130,S4570005,"Ruler,plastic,c.30cm,set of 10",4,EA,
2321,S9935084,Syria Emergency School in a Carton Kit,,,,,0140,S4417230,"Clock,teaching,wood or plastic",1,EA,
2322,S9935084,Syria Emergency School in a Carton Kit,,,,,0150,S4491900,"Set Square,Blackboard,30-60-90 degrees",1,EA,
2323,S9935084,Syria Emergency School in a Carton Kit,,,,,0160,S4491904,"Set Square, Blackboard,45-45-90 degrees",1,EA,
2324,S9935084,Syria Emergency School in a Carton Kit,,,,,0170,S9999990,Education prepack 1 for new SIB  (I),1,EA,
2325,S9935084,Syria Emergency School in a Carton Kit,,,,,0180,S9999979,"E-p for S9935095, 84, 12, 98",1,EA,
2326,S9935084,Syria Emergency School in a Carton Kit,,,S9999990,Education prepack 1 for new SIB  (I),,S9999990,Education prepack 1 for new SIB  (I),0,,
2327,S9935084,Syria Emergency School in a Carton Kit,,,S9999990,Education prepack 1 for new SIB  (I),0010,S8942200,"Pre-pack Ctn,  37.5x29x19.5 cm, 0.021 m3",1,EA,
2328,S9935084,Syria Emergency School in a Carton Kit,,,S9999990,Education prepack 1 for new SIB  (I),0020,S4410010,"Book,exercise,A5,ruled-8mm,48 pgs/PAC-20",2,PAC,
2329,S9935084,Syria Emergency School in a Carton Kit,,,S9999990,Education prepack 1 for new SIB  (I),0030,S4410020,"Book,exercise,A5,5mm-sqre,48 pgs/PAC-20",2,PAC,
2330,S9935084,Syria Emergency School in a Carton Kit,,,S9999990,Education prepack 1 for new SIB  (I),0040,S4460701,"Pencil,HB grade,black lead/BOX-10",8,BOX,
2331,S9935084,Syria Emergency School in a Carton Kit,,,S9999990,Education prepack 1 for new SIB  (I),0050,S4460005,"Pen,ball-point,blue/BOX-10",8,BOX,
2332,S9935084,Syria Emergency School in a Carton Kit,,,S9999990,Education prepack 1 for new SIB  (I),0060,S2584000,"Crayon,wax,packs of 8 colours/BOX-10x8",4,BOX,
2333,S9935084,Syria Emergency School in a Carton Kit,,,S9999990,Education prepack 1 for new SIB  (I),0070,S4460007,"Pen,ball-point,black/BOX-10",8,BOX,
2334,S9935084,Syria Emergency School in a Carton Kit,,,S9999990,Education prepack 1 for new SIB  (I),0080,S2687003,"Tape,adhesive,transp 1,5cm x 10m/BOX-20",2,BOX,
2335,S9935084,Syria Emergency School in a Carton Kit,,,S9999990,Education prepack 1 for new SIB  (I),0090,S4461002,"White pencil for slates,BOX-20",2,BOX,
2336,S9935084,Syria Emergency School in a Carton Kit,,,S9999990,Education prepack 1 for new SIB  (I),0100,S4520110,"Eraser,soft,for pencil/BOX-20",4,EA,
2337,S9935084,Syria Emergency School in a Carton Kit,,,S9999990,Education prepack 1 for new SIB  (I),0110,S4552010,"Pencil sharpener,metal/PAC-20",2,PAC,
2338,S9935084,Syria Emergency School in a Carton Kit,,,S9999979,"E-p for S9935095, 84, 12, 98",,S9999979,"E-p for S9935095, 84, 12, 98",0,,
2339,S9935084,Syria Emergency School in a Carton Kit,,,S9999979,"E-p for S9935095, 84, 12, 98",0010,S8941505,"Pre-pack Carton, 32x24x20 cm, 0.015 m3",1,EA,
2340,S9935084,Syria Emergency School in a Carton Kit,,,S9999979,"E-p for S9935095, 84, 12, 98",0020,S4416403,"Chalk,white/BOX-100",3,BOX,
2341,S9935084,Syria Emergency School in a Carton Kit,,,S9999979,"E-p for S9935095, 84, 12, 98",0030,S4416397,"Chalk,assorted colours/BOX-100",3,BOX,
2342,S9935084,Syria Emergency School in a Carton Kit,,,S9999979,"E-p for S9935095, 84, 12, 98",0040,S4465700,"Paint,chalkboard,black",2,EA,
2343,S9935084,Syria Emergency School in a Carton Kit,,,S9999979,"E-p for S9935095, 84, 12, 98",0050,S4416504,"Brush,paint,for chalkboard,50-60mm",1,EA,
2344,S9935084,Syria Emergency School in a Carton Kit,,,S9999979,"E-p for S9935095, 84, 12, 98",0060,S4416506,Duster/wiper for Blackboard,2,EA,
2345,S9935084,Syria Emergency School in a Carton Kit,,,S9999979,"E-p for S9935095, 84, 12, 98",0070,S2270500,"Scissors,all purpose,sharp,180mm",1,EA,
2346,S9935084,Syria Emergency School in a Carton Kit,,,S9999979,"E-p for S9935095, 84, 12, 98",0080,S4460006,"Pen,ball-point,red/BOX-10",1,BOX,
2347,S9935084,Syria Emergency School in a Carton Kit,,,S9999979,"E-p for S9935095, 84, 12, 98",0090,S4325497,"Marker,flipchart,colours,tip-5mm/PAC-4",2,EA,
2348,S9935090,"Syria Paediatric Kit, 2019",,,,,0010,S9016023,"Double-wall ctn.80x40x50 cm, 0.160 m3",1,EA,
2349,S9935090,"Syria Paediatric Kit, 2019",,,,,0020,S9999591,"1/3PP Syria Paediatric Kit,2019 S9935090",1,EA,X
2350,S9935090,"Syria Paediatric Kit, 2019",,,,,0040,S9999592,"2/3PP Syria Paediatric Kit,2019 S9935090",1,EA,X
2351,S9935090,"Syria Paediatric Kit, 2019",,,,,0060,S9999593,"3/3PP Syria Paediatric Kit,2019 S9935090",1,EA,X
2352,S9935090,"Syria Paediatric Kit, 2019",,,,,0070,S1523000,Calamine lotion/BOT-500ml,3,BOT,X
2353,S9935090,"Syria Paediatric Kit, 2019",,,,,0080,S1531510,Chlorhexidine conc. sol. 5%/BOT-100ml,10,BOT,X
2354,S9935090,"Syria Paediatric Kit, 2019",,,,,0090,S1537135,Sul.200mg+Trim.40mg/5ml or.sus/BOT-100ml,10,BOT,X
2355,S9935090,"Syria Paediatric Kit, 2019",,,,,0130,S1550180,Ferrous sulp.oral sol. 125mg/ml/BOT-30ml,50,BOT,X
2356,S9935090,"Syria Paediatric Kit, 2019",,,,,0140,S1580022,ORS fl.1Lx2+ Zinc 20mg 10tabs.kit/PAC,100,PAC,X
2357,S9935090,"Syria Paediatric Kit, 2019",,,,,0150,S1555370,Albendazole 400mg chewable tabs/PAC-100,1,PAC,X
2358,S9935090,"Syria Paediatric Kit, 2019",,,S9999591,"1/3PP Syria Paediatric Kit,2019 S9935090",,S9999591,"1/3PP Syria Paediatric Kit,2019 S9935090",0.000,,
2359,S9935090,"Syria Paediatric Kit, 2019",,,S9999591,"1/3PP Syria Paediatric Kit,2019 S9935090",0010,S8942200,"Pre-pack Ctn,  37.5x29x19.5 cm, 0.021 m3",1,EA,
2360,S9935090,"Syria Paediatric Kit, 2019",,,S9999591,"1/3PP Syria Paediatric Kit,2019 S9935090",0020,S1552510,Zinc oxide ointment 10%/TBE-100g,5,TBE,X
2361,S9935090,"Syria Paediatric Kit, 2019",,,S9999591,"1/3PP Syria Paediatric Kit,2019 S9935090",0030,S1555979,Paracetamol 100mg disp. tabs/PAC-100,1,PAC,X
2362,S9935090,"Syria Paediatric Kit, 2019",,,S9999591,"1/3PP Syria Paediatric Kit,2019 S9935090",0040,S1504003,Cefixime pwd.for sus.100mg/5ml/BOT50ml,5,BOT,X
2363,S9935090,"Syria Paediatric Kit, 2019",,,S9999591,"1/3PP Syria Paediatric Kit,2019 S9935090",0050,S1562020,Salbutamol oral inh. 0.1mg/ds 200ds,5,EA,X
2364,S9935090,"Syria Paediatric Kit, 2019",,,S9999591,"1/3PP Syria Paediatric Kit,2019 S9935090",0060,S1555966,Paracetamol 250mg disp. tabs/PAC-10x10,1,PAC,X
2365,S9935090,"Syria Paediatric Kit, 2019",,,S9999591,"1/3PP Syria Paediatric Kit,2019 S9935090",0070,S1511500,Beclometa.oral inh. 0.05mg/ds 200ds,5,EA,X
2366,S9935090,"Syria Paediatric Kit, 2019",,,S9999591,"1/3PP Syria Paediatric Kit,2019 S9935090",0080,S1533002,Co-Amoxiclav 125mg+ 31.25mg BOT/100ml,5,EA,X
2367,S9935090,"Syria Paediatric Kit, 2019",,,S9999591,"1/3PP Syria Paediatric Kit,2019 S9935090",0090,S1505115,"Co-amoxiclav 250mg+62,5mg DT PAC-5x10",5,EA,X
2368,S9935090,"Syria Paediatric Kit, 2019",,,S9999591,"1/3PP Syria Paediatric Kit,2019 S9935090",0100,S1531705,Loratadine 10mg tabs/PAC-10x10,1,EA,X
2369,S9935090,"Syria Paediatric Kit, 2019",,,S9999591,"1/3PP Syria Paediatric Kit,2019 S9935090",0110,S1562017,Salbutamol 4mg tabs/PAC-100,2,PAC,X
2370,S9935090,"Syria Paediatric Kit, 2019",,,S9999591,"1/3PP Syria Paediatric Kit,2019 S9935090",0120,S1537150,Sulf.100mg+Trimet.20mg disp.tab/PAC10x10,2,PAC,X
2371,S9935090,"Syria Paediatric Kit, 2019",,,S9999592,"2/3PP Syria Paediatric Kit,2019 S9935090",,S9999592,"2/3PP Syria Paediatric Kit,2019 S9935090",0.000,,
2372,S9935090,"Syria Paediatric Kit, 2019",,,S9999592,"2/3PP Syria Paediatric Kit,2019 S9935090",0010,S8942200,"Pre-pack Ctn,  37.5x29x19.5 cm, 0.021 m3",1,EA,
2373,S9935090,"Syria Paediatric Kit, 2019",,,S9999592,"2/3PP Syria Paediatric Kit,2019 S9935090",0020,S1531011,Azithromycin pdr/or s 200mg/5ml/BOT-15ml,15,BOT,X
2374,S9935090,"Syria Paediatric Kit, 2019",,,S9999592,"2/3PP Syria Paediatric Kit,2019 S9935090",0030,S1533001,Co-Amoxiclav 500mg+125mg tabs/PAC3x5,5,EA,X
2375,S9935090,"Syria Paediatric Kit, 2019",,,S9999592,"2/3PP Syria Paediatric Kit,2019 S9935090",0040,S1515060,Miconazole nitrate cream 2%/TBE-30g,5,TBE,X
2376,S9935090,"Syria Paediatric Kit, 2019",,,S9999592,"2/3PP Syria Paediatric Kit,2019 S9935090",0050,S1551981,Gentamicin 0.3% eye/ear drops/BOT-10ml,10,BOT,X
2377,S9935090,"Syria Paediatric Kit, 2019",,,S9999592,"2/3PP Syria Paediatric Kit,2019 S9935090",0060,S1555964,Paracetamol 500mg tabs/PAC-10x10,1,PAC,X
2378,S9935090,"Syria Paediatric Kit, 2019",,,S9999592,"2/3PP Syria Paediatric Kit,2019 S9935090",0090,S1531003,Cefixime 200mg tabs/PAC-10x10,1,PAC,X
2379,S9935090,"Syria Paediatric Kit, 2019",,,S9999593,"3/3PP Syria Paediatric Kit,2019 S9935090",,S9999593,"3/3PP Syria Paediatric Kit,2019 S9935090",0.000,,
2380,S9935090,"Syria Paediatric Kit, 2019",,,S9999593,"3/3PP Syria Paediatric Kit,2019 S9935090",0010,S8941505,"Pre-pack Carton, 32x24x20 cm, 0.015 m3",1,EA,
2381,S9935090,"Syria Paediatric Kit, 2019",,,S9999593,"3/3PP Syria Paediatric Kit,2019 S9935090",0020,S1555690,Metronidazol pdr/o.s.200mg/5ml/BOT-100ml,10,BOT,X
2382,S9935090,"Syria Paediatric Kit, 2019",,,S9999593,"3/3PP Syria Paediatric Kit,2019 S9935090",0030,S1585009,Paracetamol 120mg/5ml or.liq/BOT-60ml,20,BOT,X
2383,S9935090,"Syria Paediatric Kit, 2019",,,S9999593,"3/3PP Syria Paediatric Kit,2019 S9935090",0040,S1505046,Amoxicillin 125mg/5ml pdr.or.s/BOT-100ml,5,BOT,X
2384,S9935090,"Syria Paediatric Kit, 2019",,,S9999593,"3/3PP Syria Paediatric Kit,2019 S9935090",0050,S1550180,Ferrous sulp.oral sol. 125mg/ml/BOT-30ml,5,BOT,X
2385,S9935095,Replenishment kit for School-in-a-box,,,,,0010,S9006014,"Double-wall ctn.60x40x25 cm, 0.060 m3",1,EA,
2386,S9935095,Replenishment kit for School-in-a-box,,,,,0020,S9999990,Education prepack 1 for new SIB  (I),1,EA,
2387,S9935095,Replenishment kit for School-in-a-box,,,,,0030,S9999979,"E-p for S9935095, 84, 12, 98",1,EA,
2388,S9935095,Replenishment kit for School-in-a-box,,,,,0040,S0544210,"Register,A4,squared,80 pgs/PAC-10",1,PAC,
2389,S9935095,Replenishment kit for School-in-a-box,,,,,0050,S4410021,"Book,exercise,A4,ruled-8mm,96 pgs/PAC-10",1,PAC,
2390,S9935095,Replenishment kit for School-in-a-box,,,S9999990,Education prepack 1 for new SIB  (I),,S9999990,Education prepack 1 for new SIB  (I),0.000,,
2391,S9935095,Replenishment kit for School-in-a-box,,,S9999990,Education prepack 1 for new SIB  (I),0010,S8942200,"Pre-pack Ctn,  37.5x29x19.5 cm, 0.021 m3",1,EA,
2392,S9935095,Replenishment kit for School-in-a-box,,,S9999990,Education prepack 1 for new SIB  (I),0020,S4410010,"Book,exercise,A5,ruled-8mm,48 pgs/PAC-20",2,PAC,
2393,S9935095,Replenishment kit for School-in-a-box,,,S9999990,Education prepack 1 for new SIB  (I),0030,S4410020,"Book,exercise,A5,5mm-sqre,48 pgs/PAC-20",2,PAC,
2394,S9935095,Replenishment kit for School-in-a-box,,,S9999990,Education prepack 1 for new SIB  (I),0040,S4460701,"Pencil,HB grade,black lead/BOX-10",8,BOX,
2395,S9935095,Replenishment kit for School-in-a-box,,,S9999990,Education prepack 1 for new SIB  (I),0050,S4460005,"Pen,ball-point,blue/BOX-10",8,BOX,
2396,S9935095,Replenishment kit for School-in-a-box,,,S9999990,Education prepack 1 for new SIB  (I),0060,S2584000,"Crayon,wax,packs of 8 colours/BOX-10x8",4,BOX,
2397,S9935095,Replenishment kit for School-in-a-box,,,S9999990,Education prepack 1 for new SIB  (I),0070,S4460007,"Pen,ball-point,black/BOX-10",8,BOX,
2398,S9935095,Replenishment kit for School-in-a-box,,,S9999990,Education prepack 1 for new SIB  (I),0080,S2687003,"Tape,adhesive,transp 1,5cm x 10m/BOX-20",2,BOX,
2399,S9935095,Replenishment kit for School-in-a-box,,,S9999990,Education prepack 1 for new SIB  (I),0090,S4461002,"White pencil for slates,BOX-20",2,BOX,
2400,S9935095,Replenishment kit for School-in-a-box,,,S9999990,Education prepack 1 for new SIB  (I),0100,S4520110,"Eraser,soft,for pencil/BOX-20",4,EA,
2401,S9935095,Replenishment kit for School-in-a-box,,,S9999990,Education prepack 1 for new SIB  (I),0110,S4552010,"Pencil sharpener,metal/PAC-20",2,PAC,
2402,S9935095,Replenishment kit for School-in-a-box,,,S9999979,"E-p for S9935095, 84, 12, 98",,S9999979,"E-p for S9935095, 84, 12, 98",0.000,,
2403,S9935095,Replenishment kit for School-in-a-box,,,S9999979,"E-p for S9935095, 84, 12, 98",0010,S8941505,"Pre-pack Carton, 32x24x20 cm, 0.015 m3",1,EA,
2404,S9935095,Replenishment kit for School-in-a-box,,,S9999979,"E-p for S9935095, 84, 12, 98",0020,S4416403,"Chalk,white/BOX-100",3,BOX,
2405,S9935095,Replenishment kit for School-in-a-box,,,S9999979,"E-p for S9935095, 84, 12, 98",0030,S4416397,"Chalk,assorted colours/BOX-100",3,BOX,
2406,S9935095,Replenishment kit for School-in-a-box,,,S9999979,"E-p for S9935095, 84, 12, 98",0040,S4465700,"Paint,chalkboard,black",2,EA,
2407,S9935095,Replenishment kit for School-in-a-box,,,S9999979,"E-p for S9935095, 84, 12, 98",0050,S4416504,"Brush,paint,for chalkboard,50-60mm",1,EA,
2408,S9935095,Replenishment kit for School-in-a-box,,,S9999979,"E-p for S9935095, 84, 12, 98",0060,S4416506,Duster/wiper for Blackboard,2,EA,
2409,S9935095,Replenishment kit for School-in-a-box,,,S9999979,"E-p for S9935095, 84, 12, 98",0070,S2270500,"Scissors,all purpose,sharp,180mm",1,EA,
2410,S9935095,Replenishment kit for School-in-a-box,,,S9999979,"E-p for S9935095, 84, 12, 98",0080,S4460006,"Pen,ball-point,red/BOX-10",1,BOX,
2411,S9935095,Replenishment kit for School-in-a-box,,,S9999979,"E-p for S9935095, 84, 12, 98",0090,S4325497,"Marker,flipchart,colours,tip-5mm/PAC-4",2,EA,
2412,S9935097,"School-in-a-box,40 students, 2016",,,,,0010,S5001010,"Box,metal,lockable,for storage",1,EA,
2413,S9935097,"School-in-a-box,40 students, 2016",,,,,0020,S4420000,"Posters,plasticized paper,set of 3",1,EA,
2414,S9935097,"School-in-a-box,40 students, 2016",,,,,0030,S9999990,Education prepack 1 for new SIB  (I),1,EA,
2415,S9935097,"School-in-a-box,40 students, 2016",,,,,0040,S9999991,Education prepack 2 for new SIB  (I),1,EA,
2416,S9935097,"School-in-a-box,40 students, 2016",,,,,0050,S4416510,"Slate,fibreboard,double-sided,A4/BOX-20",2,EA,
2417,S9935097,"School-in-a-box,40 students, 2016",,,,,0060,S2687004,"Duct tape,50mm,silver",1,EA,
2418,S9935097,"School-in-a-box,40 students, 2016",,,,,0070,S0544210,"Register,A4,squared,80 pgs/PAC-10",1,PAC,
2419,S9935097,"School-in-a-box,40 students, 2016",,,,,0080,S1993550,"Users guide School in a Box Kit, English",1,EA,
2420,S9935097,"School-in-a-box,40 students, 2016",,,,,0090,S4410003,"A4 Bristol paper,assorted colors/PAC-100",1,EA,
2421,S9935097,"School-in-a-box,40 students, 2016",,,,,0100,S4410021,"Book,exercise,A4,ruled-8mm,96 pgs/PAC-10",1,PAC,
2422,S9935097,"School-in-a-box,40 students, 2016",,,,,0110,S2512000,"Cubes,wood or plast.,coloured,set of 100",1,EA,
2423,S9935097,"School-in-a-box,40 students, 2016",,,,,0120,S4516510,Student's Geometry set/BOX-20,2,BOX,
2424,S9935097,"School-in-a-box,40 students, 2016",,,,,0130,S4417230,"Clock,teaching,wood or plastic",1,EA,
2425,S9935097,"School-in-a-box,40 students, 2016",,,,,0140,S1993551,"Users guide School in a Box Kit, French",1,EA,
2426,S9935097,"School-in-a-box,40 students, 2016",,,,,0150,S2555010,"Scissors,safety,school,B/B,135mm/BOX-10",4,BOX,
2427,S9935097,"School-in-a-box,40 students, 2016",,,,,0160,S5001006,"Bag, plastic, interlock seal/PAC-20",2,PAC,
2428,S9935097,"School-in-a-box,40 students, 2016",,,,,0170,S4570005,"Ruler,plastic,c.30cm,set of 10",4,EA,
2429,S9935097,"School-in-a-box,40 students, 2016",,,,,0180,S4418400,"Compass,plastic, for Blackboard, 45cm",1,EA,
2430,S9935097,"School-in-a-box,40 students, 2016",,,,,0190,S9999989,prepack 3 system-wise (not physical),1,EA,
2431,S9935097,"School-in-a-box,40 students, 2016",,,S9999990,Education prepack 1 for new SIB  (I),,S9999990,Education prepack 1 for new SIB  (I),0.000,,
2432,S9935097,"School-in-a-box,40 students, 2016",,,S9999990,Education prepack 1 for new SIB  (I),0010,S8942200,"Pre-pack Ctn,  37.5x29x19.5 cm, 0.021 m3",1,EA,
2433,S9935097,"School-in-a-box,40 students, 2016",,,S9999990,Education prepack 1 for new SIB  (I),0020,S4410010,"Book,exercise,A5,ruled-8mm,48 pgs/PAC-20",2,PAC,
2434,S9935097,"School-in-a-box,40 students, 2016",,,S9999990,Education prepack 1 for new SIB  (I),0030,S4410020,"Book,exercise,A5,5mm-sqre,48 pgs/PAC-20",2,PAC,
2435,S9935097,"School-in-a-box,40 students, 2016",,,S9999990,Education prepack 1 for new SIB  (I),0040,S4460701,"Pencil,HB grade,black lead/BOX-10",8,BOX,
2436,S9935097,"School-in-a-box,40 students, 2016",,,S9999990,Education prepack 1 for new SIB  (I),0050,S4460005,"Pen,ball-point,blue/BOX-10",8,BOX,
2437,S9935097,"School-in-a-box,40 students, 2016",,,S9999990,Education prepack 1 for new SIB  (I),0060,S2584000,"Crayon,wax,packs of 8 colours/BOX-10x8",4,BOX,
2438,S9935097,"School-in-a-box,40 students, 2016",,,S9999990,Education prepack 1 for new SIB  (I),0070,S4460007,"Pen,ball-point,black/BOX-10",8,BOX,
2439,S9935097,"School-in-a-box,40 students, 2016",,,S9999990,Education prepack 1 for new SIB  (I),0080,S2687003,"Tape,adhesive,transp 1,5cm x 10m/BOX-20",2,BOX,
2440,S9935097,"School-in-a-box,40 students, 2016",,,S9999990,Education prepack 1 for new SIB  (I),0090,S4461002,"White pencil for slates,BOX-20",2,BOX,
2441,S9935097,"School-in-a-box,40 students, 2016",,,S9999990,Education prepack 1 for new SIB  (I),0100,S4520110,"Eraser,soft,for pencil/BOX-20",4,EA,
2442,S9935097,"School-in-a-box,40 students, 2016",,,S9999990,Education prepack 1 for new SIB  (I),0110,S4552010,"Pencil sharpener,metal/PAC-20",2,PAC,
2443,S9935097,"School-in-a-box,40 students, 2016",,,S9999991,Education prepack 2 for new SIB  (I),,S9999991,Education prepack 2 for new SIB  (I),0.000,,
2444,S9935097,"School-in-a-box,40 students, 2016",,,S9999991,Education prepack 2 for new SIB  (I),0010,S8941505,"Pre-pack Carton, 32x24x20 cm, 0.015 m3",1,EA,
2445,S9935097,"School-in-a-box,40 students, 2016",,,S9999991,Education prepack 2 for new SIB  (I),0020,S4416403,"Chalk,white/BOX-100",3,BOX,
2446,S9935097,"School-in-a-box,40 students, 2016",,,S9999991,Education prepack 2 for new SIB  (I),0030,S4416397,"Chalk,assorted colours/BOX-100",3,BOX,
2447,S9935097,"School-in-a-box,40 students, 2016",,,S9999991,Education prepack 2 for new SIB  (I),0040,S4465700,"Paint,chalkboard,black",2,EA,
2448,S9935097,"School-in-a-box,40 students, 2016",,,S9999991,Education prepack 2 for new SIB  (I),0050,S4416504,"Brush,paint,for chalkboard,50-60mm",1,EA,
2449,S9935097,"School-in-a-box,40 students, 2016",,,S9999991,Education prepack 2 for new SIB  (I),0060,S4416506,Duster/wiper for Blackboard,2,EA,
2450,S9935097,"School-in-a-box,40 students, 2016",,,S9999991,Education prepack 2 for new SIB  (I),0070,S2270500,"Scissors,all purpose,sharp,180mm",1,EA,
2451,S9935097,"School-in-a-box,40 students, 2016",,,S9999991,Education prepack 2 for new SIB  (I),0080,S4460006,"Pen,ball-point,red/BOX-10",1,BOX,
2452,S9935097,"School-in-a-box,40 students, 2016",,,S9999991,Education prepack 2 for new SIB  (I),0090,S4325497,"Marker,flipchart,colours,tip-5mm/PAC-4",2,EA,
2453,S9935097,"School-in-a-box,40 students, 2016",,,S9999991,Education prepack 2 for new SIB  (I),0100,S8794601,"Armband, Education, cyan blue, cloth.",2,EA,
2454,S9935097,"School-in-a-box,40 students, 2016",,,S9999991,Education prepack 2 for new SIB  (I),0110,S4419001,"Globe,inflatable,dia.42cm,w/o stand,2024",1,EA,
2455,S9935097,"School-in-a-box,40 students, 2016",,,S9999991,Education prepack 2 for new SIB  (I),0120,S1993320,Children w/ Disability Guide SIB Kit,1,EA,
2456,S9935097,"School-in-a-box,40 students, 2016",,,S9999989,prepack 3 system-wise (not physical),,S9999989,prepack 3 system-wise (not physical),0.000,,
2457,S9935097,"School-in-a-box,40 students, 2016",,,S9999989,prepack 3 system-wise (not physical),0010,S4467000,"Ruler,plastic,Blackboard,100cm",1,EA,
2458,S9935097,"School-in-a-box,40 students, 2016",,,S9999989,prepack 3 system-wise (not physical),0020,S4491900,"Set Square,Blackboard,30-60-90 degrees",1,EA,
2459,S9935097,"School-in-a-box,40 students, 2016",,,S9999989,prepack 3 system-wise (not physical),0030,S4491904,"Set Square, Blackboard,45-45-90 degrees",1,EA,
2460,S9935097,"School-in-a-box,40 students, 2016",,,S9999989,prepack 3 system-wise (not physical),0040,S4462100,"Protractor,plastic,for Blackboard,44cm",1,EA,
2461,S9935097,"School-in-a-box,40 students, 2016",,,S9999989,prepack 3 system-wise (not physical),0050,S1993323,"Education Kit feedback form, A4",1,EA,
2462,S9935099,Extra materials for School-in-a-box,,,,,0010,S9006014,"Double-wall ctn.60x40x25 cm, 0.060 m3",1,EA,
2463,S9935099,Extra materials for School-in-a-box,,,,,0020,S9999990,Education prepack 1 for new SIB  (I),1,EA,
2464,S9935099,Extra materials for School-in-a-box,,,,,0030,S4416510,"Slate,fibreboard,double-sided,A4/BOX-20",2,EA,
2465,S9935099,Extra materials for School-in-a-box,,,,,0040,S0544210,"Register,A4,squared,80 pgs/PAC-10",1,PAC,
2466,S9935099,Extra materials for School-in-a-box,,,,,0050,S5001006,"Bag, plastic, interlock seal/PAC-20",2,PAC,
2467,S9935099,Extra materials for School-in-a-box,,,,,0060,S4410021,"Book,exercise,A4,ruled-8mm,96 pgs/PAC-10",1,PAC,
2468,S9935099,Extra materials for School-in-a-box,,,,,0070,S4570005,"Ruler,plastic,c.30cm,set of 10",4,EA,
2469,S9935099,Extra materials for School-in-a-box,,,,,0080,S2555010,"Scissors,safety,school,B/B,135mm/BOX-10",4,BOX,
2470,S9935099,Extra materials for School-in-a-box,,,S9999990,Education prepack 1 for new SIB  (I),,S9999990,Education prepack 1 for new SIB  (I),0.000,,
2471,S9935099,Extra materials for School-in-a-box,,,S9999990,Education prepack 1 for new SIB  (I),0010,S8942200,"Pre-pack Ctn,  37.5x29x19.5 cm, 0.021 m3",1,EA,
2472,S9935099,Extra materials for School-in-a-box,,,S9999990,Education prepack 1 for new SIB  (I),0020,S4410010,"Book,exercise,A5,ruled-8mm,48 pgs/PAC-20",2,PAC,
2473,S9935099,Extra materials for School-in-a-box,,,S9999990,Education prepack 1 for new SIB  (I),0030,S4410020,"Book,exercise,A5,5mm-sqre,48 pgs/PAC-20",2,PAC,
2474,S9935099,Extra materials for School-in-a-box,,,S9999990,Education prepack 1 for new SIB  (I),0040,S4460701,"Pencil,HB grade,black lead/BOX-10",8,BOX,
2475,S9935099,Extra materials for School-in-a-box,,,S9999990,Education prepack 1 for new SIB  (I),0050,S4460005,"Pen,ball-point,blue/BOX-10",8,BOX,
2476,S9935099,Extra materials for School-in-a-box,,,S9999990,Education prepack 1 for new SIB  (I),0060,S2584000,"Crayon,wax,packs of 8 colours/BOX-10x8",4,BOX,
2477,S9935099,Extra materials for School-in-a-box,,,S9999990,Education prepack 1 for new SIB  (I),0070,S4460007,"Pen,ball-point,black/BOX-10",8,BOX,
2478,S9935099,Extra materials for School-in-a-box,,,S9999990,Education prepack 1 for new SIB  (I),0080,S2687003,"Tape,adhesive,transp 1,5cm x 10m/BOX-20",2,BOX,
2479,S9935099,Extra materials for School-in-a-box,,,S9999990,Education prepack 1 for new SIB  (I),0090,S4461002,"White pencil for slates,BOX-20",2,BOX,
2480,S9935099,Extra materials for School-in-a-box,,,S9999990,Education prepack 1 for new SIB  (I),0100,S4520110,"Eraser,soft,for pencil/BOX-20",4,EA,
2481,S9935099,Extra materials for School-in-a-box,,,S9999990,Education prepack 1 for new SIB  (I),0110,S4552010,"Pencil sharpener,metal/PAC-20",2,PAC,
2482,S9935100,"School-in-a-carton, Ukraine",,,,,0010,S9012012,"Double-wall ctn.80x60x25 cm, 0.120 m3",1,EA,
2483,S9935100,"School-in-a-carton, Ukraine",,,,,0020,S4420000,"Posters,plasticized paper,set of 3",1,EA,
2484,S9935100,"School-in-a-carton, Ukraine",,,,,0030,S9012013,Corrugated ring for S9012012,1,EA,
2485,S9935100,"School-in-a-carton, Ukraine",,,,,0040,S9999990,Education prepack 1 for new SIB  (I),1,EA,
2486,S9935100,"School-in-a-carton, Ukraine",,,,,0050,S4416510,"Slate,fibreboard,double-sided,A4/BOX-20",2,EA,
2487,S9935100,"School-in-a-carton, Ukraine",,,,,0060,S9999199,Education PP 2 for SIC/SIB no globe,1,EA,
2488,S9935100,"School-in-a-carton, Ukraine",,,,,0070,S2687004,"Duct tape,50mm,silver",1,EA,
2489,S9935100,"School-in-a-carton, Ukraine",,,,,0080,S0544210,"Register,A4,squared,80 pgs/PAC-10",1,PAC,
2490,S9935100,"School-in-a-carton, Ukraine",,,,,0090,S1993550,"Users guide School in a Box Kit, English",1,EA,
2491,S9935100,"School-in-a-carton, Ukraine",,,,,0100,S4410021,"Book,exercise,A4,ruled-8mm,96 pgs/PAC-10",1,PAC,
2492,S9935100,"School-in-a-carton, Ukraine",,,,,0110,S4417230,"Clock,teaching,wood or plastic",1,EA,
2493,S9935100,"School-in-a-carton, Ukraine",,,,,0120,S4410003,"A4 Bristol paper,assorted colors/PAC-100",1,EA,
2494,S9935100,"School-in-a-carton, Ukraine",,,,,0130,S4516510,Student's Geometry set/BOX-20,2,BOX,
2495,S9935100,"School-in-a-carton, Ukraine",,,,,0140,S2512000,"Cubes,wood or plast.,coloured,set of 100",1,EA,
2496,S9935100,"School-in-a-carton, Ukraine",,,,,0150,S1993551,"Users guide School in a Box Kit, French",1,EA,
2497,S9935100,"School-in-a-carton, Ukraine",,,,,0160,S2555010,"Scissors,safety,school,B/B,135mm/BOX-10",4,BOX,
2498,S9935100,"School-in-a-carton, Ukraine",,,,,0170,S5001006,"Bag, plastic, interlock seal/PAC-20",2,PAC,
2499,S9935100,"School-in-a-carton, Ukraine",,,,,0180,S4570005,"Ruler,plastic,c.30cm,set of 10",4,EA,
2500,S9935100,"School-in-a-carton, Ukraine",,,,,0190,S4418400,"Compass,plastic, for Blackboard, 45cm",1,EA,
2501,S9935100,"School-in-a-carton, Ukraine",,,,,0200,S9999989,prepack 3 system-wise (not physical),1,EA,
2502,S9935100,"School-in-a-carton, Ukraine",,,,,0210,S4420002,A3 Ukrainian Alphabet Posters,2,EA,
2503,S9935100,"School-in-a-carton, Ukraine",,,S9999990,Education prepack 1 for new SIB  (I),,S9999990,Education prepack 1 for new SIB  (I),0.000,,
2504,S9935100,"School-in-a-carton, Ukraine",,,S9999990,Education prepack 1 for new SIB  (I),0010,S8942200,"Pre-pack Ctn,  37.5x29x19.5 cm, 0.021 m3",1,EA,
2505,S9935100,"School-in-a-carton, Ukraine",,,S9999990,Education prepack 1 for new SIB  (I),0020,S4410010,"Book,exercise,A5,ruled-8mm,48 pgs/PAC-20",2,PAC,
2506,S9935100,"School-in-a-carton, Ukraine",,,S9999990,Education prepack 1 for new SIB  (I),0030,S4410020,"Book,exercise,A5,5mm-sqre,48 pgs/PAC-20",2,PAC,
2507,S9935100,"School-in-a-carton, Ukraine",,,S9999990,Education prepack 1 for new SIB  (I),0040,S4460701,"Pencil,HB grade,black lead/BOX-10",8,BOX,
2508,S9935100,"School-in-a-carton, Ukraine",,,S9999990,Education prepack 1 for new SIB  (I),0050,S4460005,"Pen,ball-point,blue/BOX-10",8,BOX,
2509,S9935100,"School-in-a-carton, Ukraine",,,S9999990,Education prepack 1 for new SIB  (I),0060,S2584000,"Crayon,wax,packs of 8 colours/BOX-10x8",4,BOX,
2510,S9935100,"School-in-a-carton, Ukraine",,,S9999990,Education prepack 1 for new SIB  (I),0070,S4460007,"Pen,ball-point,black/BOX-10",8,BOX,
2511,S9935100,"School-in-a-carton, Ukraine",,,S9999990,Education prepack 1 for new SIB  (I),0080,S2687003,"Tape,adhesive,transp 1,5cm x 10m/BOX-20",2,BOX,
2512,S9935100,"School-in-a-carton, Ukraine",,,S9999990,Education prepack 1 for new SIB  (I),0090,S4461002,"White pencil for slates,BOX-20",2,BOX,
2513,S9935100,"School-in-a-carton, Ukraine",,,S9999990,Education prepack 1 for new SIB  (I),0100,S4520110,"Eraser,soft,for pencil/BOX-20",4,EA,
2514,S9935100,"School-in-a-carton, Ukraine",,,S9999990,Education prepack 1 for new SIB  (I),0110,S4552010,"Pencil sharpener,metal/PAC-20",2,PAC,
2515,S9935100,"School-in-a-carton, Ukraine",,,S9999199,Education PP 2 for SIC/SIB no globe,,S9999199,Education PP 2 for SIC/SIB no globe,0.000,,
2516,S9935100,"School-in-a-carton, Ukraine",,,S9999199,Education PP 2 for SIC/SIB no globe,0010,S8941505,"Pre-pack Carton, 32x24x20 cm, 0.015 m3",1,EA,
2517,S9935100,"School-in-a-carton, Ukraine",,,S9999199,Education PP 2 for SIC/SIB no globe,0020,S4416403,"Chalk,white/BOX-100",3,BOX,
2518,S9935100,"School-in-a-carton, Ukraine",,,S9999199,Education PP 2 for SIC/SIB no globe,0030,S4416397,"Chalk,assorted colours/BOX-100",3,BOX,
2519,S9935100,"School-in-a-carton, Ukraine",,,S9999199,Education PP 2 for SIC/SIB no globe,0040,S4465700,"Paint,chalkboard,black",2,EA,
2520,S9935100,"School-in-a-carton, Ukraine",,,S9999199,Education PP 2 for SIC/SIB no globe,0050,S4416504,"Brush,paint,for chalkboard,50-60mm",1,EA,
2521,S9935100,"School-in-a-carton, Ukraine",,,S9999199,Education PP 2 for SIC/SIB no globe,0060,S4416506,Duster/wiper for Blackboard,2,EA,
2522,S9935100,"School-in-a-carton, Ukraine",,,S9999199,Education PP 2 for SIC/SIB no globe,0070,S2270500,"Scissors,all purpose,sharp,180mm",1,EA,
2523,S9935100,"School-in-a-carton, Ukraine",,,S9999199,Education PP 2 for SIC/SIB no globe,0080,S4460006,"Pen,ball-point,red/BOX-10",1,BOX,
2524,S9935100,"School-in-a-carton, Ukraine",,,S9999199,Education PP 2 for SIC/SIB no globe,0090,S4325497,"Marker,flipchart,colours,tip-5mm/PAC-4",2,EA,
2525,S9935100,"School-in-a-carton, Ukraine",,,S9999199,Education PP 2 for SIC/SIB no globe,0100,S8794601,"Armband, Education, cyan blue, cloth.",2,EA,
2526,S9935100,"School-in-a-carton, Ukraine",,,S9999199,Education PP 2 for SIC/SIB no globe,0120,S1993320,Children w/ Disability Guide SIB Kit,1,EA,
2527,S9935100,"School-in-a-carton, Ukraine",,,S9999989,prepack 3 system-wise (not physical),,S9999989,prepack 3 system-wise (not physical),0.000,,
2528,S9935100,"School-in-a-carton, Ukraine",,,S9999989,prepack 3 system-wise (not physical),0010,S4467000,"Ruler,plastic,Blackboard,100cm",1,EA,
2529,S9935100,"School-in-a-carton, Ukraine",,,S9999989,prepack 3 system-wise (not physical),0020,S4491900,"Set Square,Blackboard,30-60-90 degrees",1,EA,
2530,S9935100,"School-in-a-carton, Ukraine",,,S9999989,prepack 3 system-wise (not physical),0030,S4491904,"Set Square, Blackboard,45-45-90 degrees",1,EA,
2531,S9935100,"School-in-a-carton, Ukraine",,,S9999989,prepack 3 system-wise (not physical),0040,S4462100,"Protractor,plastic,for Blackboard,44cm",1,EA,
2532,S9935100,"School-in-a-carton, Ukraine",,,S9999989,prepack 3 system-wise (not physical),0050,S1993323,"Education Kit feedback form, A4",1,EA,
2533,S9935101,"School-in-a-box, Ukraine",,,,,0010,S5001010,"Box,metal,lockable,for storage",1,EA,
2534,S9935101,"School-in-a-box, Ukraine",,,,,0020,S4420000,"Posters,plasticized paper,set of 3",1,EA,
2535,S9935101,"School-in-a-box, Ukraine",,,,,0030,S9999990,Education prepack 1 for new SIB  (I),1,EA,
2536,S9935101,"School-in-a-box, Ukraine",,,,,0040,S9999199,Education PP 2 for SIC/SIB no globe,1,EA,
2537,S9935101,"School-in-a-box, Ukraine",,,,,0050,S4416510,"Slate,fibreboard,double-sided,A4/BOX-20",2,EA,
2538,S9935101,"School-in-a-box, Ukraine",,,,,0060,S2687004,"Duct tape,50mm,silver",1,EA,
2539,S9935101,"School-in-a-box, Ukraine",,,,,0070,S0544210,"Register,A4,squared,80 pgs/PAC-10",1,PAC,
2540,S9935101,"School-in-a-box, Ukraine",,,,,0080,S1993550,"Users guide School in a Box Kit, English",1,EA,
2541,S9935101,"School-in-a-box, Ukraine",,,,,0090,S4410003,"A4 Bristol paper,assorted colors/PAC-100",1,EA,
2542,S9935101,"School-in-a-box, Ukraine",,,,,0100,S4410021,"Book,exercise,A4,ruled-8mm,96 pgs/PAC-10",1,PAC,
2543,S9935101,"School-in-a-box, Ukraine",,,,,0110,S2512000,"Cubes,wood or plast.,coloured,set of 100",1,EA,
2544,S9935101,"School-in-a-box, Ukraine",,,,,0120,S4516510,Student's Geometry set/BOX-20,2,BOX,
2545,S9935101,"School-in-a-box, Ukraine",,,,,0130,S4417230,"Clock,teaching,wood or plastic",1,EA,
2546,S9935101,"School-in-a-box, Ukraine",,,,,0140,S1993551,"Users guide School in a Box Kit, French",1,EA,
2547,S9935101,"School-in-a-box, Ukraine",,,,,0150,S2555010,"Scissors,safety,school,B/B,135mm/BOX-10",4,BOX,
2548,S9935101,"School-in-a-box, Ukraine",,,,,0160,S5001006,"Bag, plastic, interlock seal/PAC-20",2,PAC,
2549,S9935101,"School-in-a-box, Ukraine",,,,,0170,S4570005,"Ruler,plastic,c.30cm,set of 10",4,EA,
2550,S9935101,"School-in-a-box, Ukraine",,,,,0180,S4418400,"Compass,plastic, for Blackboard, 45cm",1,EA,
2551,S9935101,"School-in-a-box, Ukraine",,,,,0190,S9999989,prepack 3 system-wise (not physical),1,EA,
2552,S9935101,"School-in-a-box, Ukraine",,,,,0200,S4420002,A3 Ukrainian Alphabet Posters,2,EA,
2553,S9935101,"School-in-a-box, Ukraine",,,S9999990,Education prepack 1 for new SIB  (I),,S9999990,Education prepack 1 for new SIB  (I),0.000,,
2554,S9935101,"School-in-a-box, Ukraine",,,S9999990,Education prepack 1 for new SIB  (I),0010,S8942200,"Pre-pack Ctn,  37.5x29x19.5 cm, 0.021 m3",1,EA,
2555,S9935101,"School-in-a-box, Ukraine",,,S9999990,Education prepack 1 for new SIB  (I),0020,S4410010,"Book,exercise,A5,ruled-8mm,48 pgs/PAC-20",2,PAC,
2556,S9935101,"School-in-a-box, Ukraine",,,S9999990,Education prepack 1 for new SIB  (I),0030,S4410020,"Book,exercise,A5,5mm-sqre,48 pgs/PAC-20",2,PAC,
2557,S9935101,"School-in-a-box, Ukraine",,,S9999990,Education prepack 1 for new SIB  (I),0040,S4460701,"Pencil,HB grade,black lead/BOX-10",8,BOX,
2558,S9935101,"School-in-a-box, Ukraine",,,S9999990,Education prepack 1 for new SIB  (I),0050,S4460005,"Pen,ball-point,blue/BOX-10",8,BOX,
2559,S9935101,"School-in-a-box, Ukraine",,,S9999990,Education prepack 1 for new SIB  (I),0060,S2584000,"Crayon,wax,packs of 8 colours/BOX-10x8",4,BOX,
2560,S9935101,"School-in-a-box, Ukraine",,,S9999990,Education prepack 1 for new SIB  (I),0070,S4460007,"Pen,ball-point,black/BOX-10",8,BOX,
2561,S9935101,"School-in-a-box, Ukraine",,,S9999990,Education prepack 1 for new SIB  (I),0080,S2687003,"Tape,adhesive,transp 1,5cm x 10m/BOX-20",2,BOX,
2562,S9935101,"School-in-a-box, Ukraine",,,S9999990,Education prepack 1 for new SIB  (I),0090,S4461002,"White pencil for slates,BOX-20",2,BOX,
2563,S9935101,"School-in-a-box, Ukraine",,,S9999990,Education prepack 1 for new SIB  (I),0100,S4520110,"Eraser,soft,for pencil/BOX-20",4,EA,
2564,S9935101,"School-in-a-box, Ukraine",,,S9999990,Education prepack 1 for new SIB  (I),0110,S4552010,"Pencil sharpener,metal/PAC-20",2,PAC,
2565,S9935101,"School-in-a-box, Ukraine",,,S9999199,Education PP 2 for SIC/SIB no globe,,S9999199,Education PP 2 for SIC/SIB no globe,0.000,,
2566,S9935101,"School-in-a-box, Ukraine",,,S9999199,Education PP 2 for SIC/SIB no globe,0010,S8941505,"Pre-pack Carton, 32x24x20 cm, 0.015 m3",1,EA,
2567,S9935101,"School-in-a-box, Ukraine",,,S9999199,Education PP 2 for SIC/SIB no globe,0020,S4416403,"Chalk,white/BOX-100",3,BOX,
2568,S9935101,"School-in-a-box, Ukraine",,,S9999199,Education PP 2 for SIC/SIB no globe,0030,S4416397,"Chalk,assorted colours/BOX-100",3,BOX,
2569,S9935101,"School-in-a-box, Ukraine",,,S9999199,Education PP 2 for SIC/SIB no globe,0040,S4465700,"Paint,chalkboard,black",2,EA,
2570,S9935101,"School-in-a-box, Ukraine",,,S9999199,Education PP 2 for SIC/SIB no globe,0050,S4416504,"Brush,paint,for chalkboard,50-60mm",1,EA,
2571,S9935101,"School-in-a-box, Ukraine",,,S9999199,Education PP 2 for SIC/SIB no globe,0060,S4416506,Duster/wiper for Blackboard,2,EA,
2572,S9935101,"School-in-a-box, Ukraine",,,S9999199,Education PP 2 for SIC/SIB no globe,0070,S2270500,"Scissors,all purpose,sharp,180mm",1,EA,
2573,S9935101,"School-in-a-box, Ukraine",,,S9999199,Education PP 2 for SIC/SIB no globe,0080,S4460006,"Pen,ball-point,red/BOX-10",1,BOX,
2574,S9935101,"School-in-a-box, Ukraine",,,S9999199,Education PP 2 for SIC/SIB no globe,0090,S4325497,"Marker,flipchart,colours,tip-5mm/PAC-4",2,EA,
2575,S9935101,"School-in-a-box, Ukraine",,,S9999199,Education PP 2 for SIC/SIB no globe,0100,S8794601,"Armband, Education, cyan blue, cloth.",2,EA,
2576,S9935101,"School-in-a-box, Ukraine",,,S9999199,Education PP 2 for SIC/SIB no globe,0120,S1993320,Children w/ Disability Guide SIB Kit,1,EA,
2577,S9935101,"School-in-a-box, Ukraine",,,S9999989,prepack 3 system-wise (not physical),,S9999989,prepack 3 system-wise (not physical),0.000,,
2578,S9935101,"School-in-a-box, Ukraine",,,S9999989,prepack 3 system-wise (not physical),0010,S4467000,"Ruler,plastic,Blackboard,100cm",1,EA,
2579,S9935101,"School-in-a-box, Ukraine",,,S9999989,prepack 3 system-wise (not physical),0020,S4491900,"Set Square,Blackboard,30-60-90 degrees",1,EA,
2580,S9935101,"School-in-a-box, Ukraine",,,S9999989,prepack 3 system-wise (not physical),0030,S4491904,"Set Square, Blackboard,45-45-90 degrees",1,EA,
2581,S9935101,"School-in-a-box, Ukraine",,,S9999989,prepack 3 system-wise (not physical),0040,S4462100,"Protractor,plastic,for Blackboard,44cm",1,EA,
2582,S9935101,"School-in-a-box, Ukraine",,,S9999989,prepack 3 system-wise (not physical),0050,S1993323,"Education Kit feedback form, A4",1,EA,
2583,S9975020,First aid kit class A,,,,,0010,S8940100,"Pre-pack Carton, 45x35x15 cm, 0.024 m3",1,EA,
2584,S9975020,First aid kit class A,,,,,0020,S0516110,"First Aid bag,UNICEF,blue,410x280x170mm",1,EA,
2585,S9975020,First aid kit class A,,,,,0030,S0969025,"Gloves,exam,nitrile,pwdfree,M,BOX-100",1,EA,X
2586,S9975020,First aid kit class A,,,,,0040,S0523050,"Compress,paraffin,10x10cm,ster/BOX-10",1,EA,X
2587,S9975020,First aid kit class A,,,,,0050,S0523015,"Compress,gauze,10x10cm,n/ster/PAC-100",1,EA,X
2588,S9975020,First aid kit class A,,,,,0060,S0503020,"Medical tape,perforated,10cmx5m,roll",1,EA,X
2589,S9975020,First aid kit class A,,,,,0070,S1531510,Chlorhexidine conc. sol. 5%/BOT-100ml,1,BOT,X
2590,S9975020,First aid kit class A,,,,,0080,S1533010,Ibuprofen 200mg tabs/PAC 10x10,1,EA,X
2591,S9975020,First aid kit class A,,,,,0090,S0503015,"Medical tape,2.5cmx5m,roll",2,EA,X
2592,S9975020,First aid kit class A,,,,,0100,S0512015,"Bandage,elastic,7.5cmx5m,roll",2,EA,X
2593,S9975020,First aid kit class A,,,,,0110,S0512025,"Bandage,gauze,8cmx4m,roll",10,EA,X
2594,S9975020,First aid kit class A,,,,,0120,S0572510,"Blanket,survival,220x140cm",1,EA,
2595,S9975020,First aid kit class A,,,,,0130,S0552000,"Soap,toilet,bar,approx.100-110g,wrapped",1,EA,
2596,S9975020,First aid kit class A,,,,,0140,S9999992,First Aid kit-prepack for S9975020   (I),1,EA,X
2597,S9975020,First aid kit class A,,,,,0150,S0523055,"Compress,gauze,10x10cm,ster/PAC-5",10,PAC,X
2598,S9975020,First aid kit class A,,,,,0170,S1521012,Erythromycin 0.5% eye ointment/TBE-3.5g,1,TBE,X
2599,S9975020,First aid kit class A,,,S9999992,First Aid kit-prepack for S9975020   (I),,S9999992,First Aid kit-prepack for S9975020   (I),0.000,,
2600,S9975020,First aid kit class A,,,S9999992,First Aid kit-prepack for S9975020   (I),0010,S0721000,"Forceps,dressing,standard,155mm,str",1,EA,
2601,S9975020,First aid kit class A,,,S9999992,First Aid kit-prepack for S9975020   (I),0020,S0773500,"Scissors,Deaver,140mm,str,s/b",1,EA,
2602,S9975020,First aid kit class A,,,S9999992,First Aid kit-prepack for S9975020   (I),0030,S0539000,"Pin,safety,medium size/PAC-12",1,EA,
2603,S9975020,First aid kit class A,,,S9999992,First Aid kit-prepack for S9975020   (I),0040,S0746510,"Scalpel blade,ster,disp,no.22",5,EA,X
2604,S9975020,First aid kit class A,,,S9999992,First Aid kit-prepack for S9975020   (I),0050,S0726000,"Forceps,artery,Kocher,140mm,str",1,EA,
2605,S7901051,"ECHO IEHK 2024,Suppl Equipment UNIT",S7998051,"ECHO IEHK 2024,Suppl Equipment UNIT S1/2",,,10,S9016023,"Double-wall ctn.80x40x50 cm, 0.160 m3",1,EA,
2606,S7901051,"ECHO IEHK 2024,Suppl Equipment UNIT",S7998051,"ECHO IEHK 2024,Suppl Equipment UNIT S1/2",,,20,S5619903,"Filter, drinking, approx. 10L container",3,EA,
2607,S7901051,"ECHO IEHK 2024,Suppl Equipment UNIT",S7998051,"ECHO IEHK 2024,Suppl Equipment UNIT S1/2",,,30,S0845157,"Otoscope, set.",1,EA,X
2608,S7901051,"ECHO IEHK 2024,Suppl Equipment UNIT",S7998051,"ECHO IEHK 2024,Suppl Equipment UNIT S1/2",,,40,S0145555,"Scale,spring type,infant,25kgx100g",1,EA,
2609,S7901051,"ECHO IEHK 2024,Suppl Equipment UNIT",S7998051,"ECHO IEHK 2024,Suppl Equipment UNIT S1/2",,,50,S0557200,"Weighing sling,infant,5kg",5,EA,
2610,S7901051,"ECHO IEHK 2024,Suppl Equipment UNIT",S7998051,"ECHO IEHK 2024,Suppl Equipment UNIT S1/2",,,60,S0141025,"Scale,survey,mother/child,bat,150kg",1,EA,X
2611,S7901051,"ECHO IEHK 2024,Suppl Equipment UNIT",S7998051,"ECHO IEHK 2024,Suppl Equipment UNIT S1/2",,,70,S0683200,"Sphygmomanometer,(adult),aneroid",4,EA,
2612,S7901051,"ECHO IEHK 2024,Suppl Equipment UNIT",S7998051,"ECHO IEHK 2024,Suppl Equipment UNIT S1/2",,,80,S0845183,"Cuffs, blood pressure, set 5 sizes",4,EA,
2613,S7901051,"ECHO IEHK 2024,Suppl Equipment UNIT",S7998051,"ECHO IEHK 2024,Suppl Equipment UNIT S1/2",,,90,S0686000,"Stethoscope,binaural,complete",4,EA,
2614,S7901051,"ECHO IEHK 2024,Suppl Equipment UNIT",S7998051,"ECHO IEHK 2024,Suppl Equipment UNIT S1/2",,,100,S0170000,"Stove,kerosene,single-burner,pressure",1,EA,
2615,S7901051,"ECHO IEHK 2024,Suppl Equipment UNIT",S7998051,"ECHO IEHK 2024,Suppl Equipment UNIT S1/2",,,110,S0145590,"User feedback sheet, IEHK",1,EA,
2616,S7901051,"ECHO IEHK 2024,Suppl Equipment UNIT",S7998051,"ECHO IEHK 2024,Suppl Equipment UNIT S1/2",,,120,S9998053,"PP 1/1 IEHK 2024,Suppl. Equipment UNIT",1,EA,X
2617,S7901051,"ECHO IEHK 2024,Suppl Equipment UNIT",S7998051,"ECHO IEHK 2024,Suppl Equipment UNIT S1/2",S9998053,"PP 1/1 IEHK 2024,Suppl. Equipment UNIT",10,S8941505,"Pre-pack Carton, 32x24x20 cm, 0.015 m3",1,EA,
2618,S7901051,"ECHO IEHK 2024,Suppl Equipment UNIT",S7998051,"ECHO IEHK 2024,Suppl Equipment UNIT S1/2",S9998053,"PP 1/1 IEHK 2024,Suppl. Equipment UNIT",20,S0211000,"Basin,kidney,stainless steel,825ml",2,EA,
2619,S7901051,"ECHO IEHK 2024,Suppl Equipment UNIT",S7998051,"ECHO IEHK 2024,Suppl Equipment UNIT S1/2",S9998053,"PP 1/1 IEHK 2024,Suppl. Equipment UNIT",30,S0237000,"Bowl,stainless steel,180ml",2,EA,
2620,S7901051,"ECHO IEHK 2024,Suppl Equipment UNIT",S7998051,"ECHO IEHK 2024,Suppl Equipment UNIT S1/2",S9998053,"PP 1/1 IEHK 2024,Suppl. Equipment UNIT",40,S0514000,"Brush,hand,scrubbing,plastic",2,EA,
2621,S7901051,"ECHO IEHK 2024,Suppl Equipment UNIT",S7998051,"ECHO IEHK 2024,Suppl Equipment UNIT S1/2",S9998053,"PP 1/1 IEHK 2024,Suppl. Equipment UNIT",50,S1802209,"Battery,drycell,alkaline,'AA',1.5V/PAC-4",3,PAC,X
2622,S7901051,"ECHO IEHK 2024,Suppl Equipment UNIT",S7998051,"ECHO IEHK 2024,Suppl Equipment UNIT S1/2",S9998053,"PP 1/1 IEHK 2024,Suppl. Equipment UNIT",60,S0361020,"Drawsheet,plastic,90x180cm",2,EA,
2623,S7901051,"ECHO IEHK 2024,Suppl Equipment UNIT",S7998051,"ECHO IEHK 2024,Suppl Equipment UNIT S1/2",S9998053,"PP 1/1 IEHK 2024,Suppl. Equipment UNIT",70,S0726000,"Forceps,artery,Kocher,140mm,str",2,EA,
2624,S7901051,"ECHO IEHK 2024,Suppl Equipment UNIT",S7998051,"ECHO IEHK 2024,Suppl Equipment UNIT S1/2",S9998053,"PP 1/1 IEHK 2024,Suppl. Equipment UNIT",80,S0845013,"Pulseoximeter,spot-check,w/accessories",1,EA,X
2625,S7901051,"ECHO IEHK 2024,Suppl Equipment UNIT",S7998051,"ECHO IEHK 2024,Suppl Equipment UNIT S1/2",S9998053,"PP 1/1 IEHK 2024,Suppl. Equipment UNIT",90,S0773500,"Scissors,Deaver,140mm,str,s/b",2,EA,
2626,S7901051,"ECHO IEHK 2024,Suppl Equipment UNIT",S7998051,"ECHO IEHK 2024,Suppl Equipment UNIT S1/2",S9998053,"PP 1/1 IEHK 2024,Suppl. Equipment UNIT",100,S0686500,"Stethoscope,foetal,Pinard",1,EA,
2627,S7901051,"ECHO IEHK 2024,Suppl Equipment UNIT",S7998051,"ECHO IEHK 2024,Suppl Equipment UNIT S1/2",S9998053,"PP 1/1 IEHK 2024,Suppl. Equipment UNIT",110,S9910003,"Surg.inst.,delivery /SET",1,SET,
2628,S7901051,"ECHO IEHK 2024,Suppl Equipment UNIT",S7998051,"ECHO IEHK 2024,Suppl Equipment UNIT S1/2",S9998053,"PP 1/1 IEHK 2024,Suppl. Equipment UNIT",120,S9910005,"Surg.inst.,dressing /SET",5,SET,
2629,S7901051,"ECHO IEHK 2024,Suppl Equipment UNIT",S7998051,"ECHO IEHK 2024,Suppl Equipment UNIT S1/2",S9998053,"PP 1/1 IEHK 2024,Suppl. Equipment UNIT",130,S9910004,"Surg.inst.,suture /SET",2,SET,
2630,S7901051,"ECHO IEHK 2024,Suppl Equipment UNIT",S7998051,"ECHO IEHK 2024,Suppl Equipment UNIT S1/2",S9998053,"PP 1/1 IEHK 2024,Suppl. Equipment UNIT",140,S0145620,"MUAC,Child 11.5 Red,PAC-50,English",1,PAC,
2631,S7901051,"ECHO IEHK 2024,Suppl Equipment UNIT",S7998051,"ECHO IEHK 2024,Suppl Equipment UNIT S1/2",S9998053,"PP 1/1 IEHK 2024,Suppl. Equipment UNIT",150,S0567000,"Tape measure,tailor's,fibreglass,1.5m",5,EA,
2632,S7901051,"ECHO IEHK 2024,Suppl Equipment UNIT",S7998051,"ECHO IEHK 2024,Suppl Equipment UNIT S1/2",S9998053,"PP 1/1 IEHK 2024,Suppl. Equipment UNIT",160,S0481056,"Thermometer,clinical,digital,waterproof",10,EA,X
2633,S7901051,"ECHO IEHK 2024,Suppl Equipment UNIT",S7998051,"ECHO IEHK 2024,Suppl Equipment UNIT S1/2",S9998053,"PP 1/1 IEHK 2024,Suppl. Equipment UNIT",170,S0983400,"Timer,60 min",1,EA,
2634,S7901051,"ECHO IEHK 2024,Suppl Equipment UNIT",S7998051,"ECHO IEHK 2024,Suppl Equipment UNIT S1/2",S9998053,"PP 1/1 IEHK 2024,Suppl. Equipment UNIT",180,S0385010,"Tourniquet,latex-free,50cm",4,EA,
2635,S7901051,"ECHO IEHK 2024,Suppl Equipment UNIT",S7998051,"ECHO IEHK 2024,Suppl Equipment UNIT S1/2",S9998053,"PP 1/1 IEHK 2024,Suppl. Equipment UNIT",190,S0279000,"Tray,dressing,ss,300x200x30mm",1,EA,
2636,S7901051,"ECHO IEHK 2024,Suppl Equipment UNIT",S7998051,"ECHO IEHK 2024,Suppl Equipment UNIT S1/2",S9998053,"PP 1/1 IEHK 2024,Suppl. Equipment UNIT",200,S0921601,"Cutter, tablets, plastic",1,EA,
2637,S7901051,"ECHO IEHK 2024,Suppl Equipment UNIT",S7998052,"ECHO IEHK 2024,Suppl Equipment UNIT S2/2",,,10,S0157000,"Sterilizer,steam,24L",1,EA,
2638,S7901044,"ECHO IEHK 2024,Suppl Med Inj UNIT",S7991145,"ECHO IEHK 2024,Suppl Med Inj UNIT S 1/5",,,10,S9012024,"Double-wall ctn.60x40x50 cm, 0.120 m3",1,EA,
2639,S7901044,"ECHO IEHK 2024,Suppl Med Inj UNIT",S7991145,"ECHO IEHK 2024,Suppl Med Inj UNIT S 1/5",,,20,S1551960,Gentamicin inj 40mg/ml 2ml amp/BOX-50,2,BOX,X
2640,S7901044,"ECHO IEHK 2024,Suppl Med Inj UNIT",S7991145,"ECHO IEHK 2024,Suppl Med Inj UNIT S 1/5",,,30,S1560832,Water for injection 10ml amp/BOX-50,15,EA,X
2641,S7901044,"ECHO IEHK 2024,Suppl Med Inj UNIT",S7991145,"ECHO IEHK 2024,Suppl Med Inj UNIT S 1/5",,,40,S1560202,Phytomenadione 2mg/0.2ml inj. amp/BOX-5,6,BOX,X
2642,S7901044,"ECHO IEHK 2024,Suppl Med Inj UNIT",S7991145,"ECHO IEHK 2024,Suppl Med Inj UNIT S 1/5",,,50,S0145590,"User feedback sheet, IEHK",1,EA,
2643,S7901044,"ECHO IEHK 2024,Suppl Med Inj UNIT",S7991145,"ECHO IEHK 2024,Suppl Med Inj UNIT S 1/5",,,60,S0531990,"Infusion giving set,w/burette,ster,s.u.",30,EA,X
2644,S7901044,"ECHO IEHK 2024,Suppl Med Inj UNIT",S7991145,"ECHO IEHK 2024,Suppl Med Inj UNIT S 1/5",,,70,S9991150,"PP 1/2 ml IEHK 2024,Suppl. Medicine Inj.",1,EA,X
2645,S7901044,"ECHO IEHK 2024,Suppl Med Inj UNIT",S7991145,"ECHO IEHK 2024,Suppl Med Inj UNIT S 1/5",S9991150,"PP 1/2 ml IEHK 2024,Suppl. Medicine Inj.",10,S8941505,"Pre-pack Carton, 32x24x20 cm, 0.015 m3",1,EA,
2646,S7901044,"ECHO IEHK 2024,Suppl Med Inj UNIT",S7991145,"ECHO IEHK 2024,Suppl Med Inj UNIT S 1/5",S9991150,"PP 1/2 ml IEHK 2024,Suppl. Medicine Inj.",20,S1514010,Atropine inj 1mg/ml 1ml amp/BOX-10,5,BOX,X
2647,S7901044,"ECHO IEHK 2024,Suppl Med Inj UNIT",S7991145,"ECHO IEHK 2024,Suppl Med Inj UNIT S 1/5",S9991150,"PP 1/2 ml IEHK 2024,Suppl. Medicine Inj.",30,S1585000,Calc.glucon.inj 100mg/ml 10ml amp/BOX-10,1,BOX,X
2648,S7901044,"ECHO IEHK 2024,Suppl Med Inj UNIT",S7991145,"ECHO IEHK 2024,Suppl Med Inj UNIT S 1/5",S9991150,"PP 1/2 ml IEHK 2024,Suppl. Medicine Inj.",40,S1501000,Epinephrine inj 1mg/ml 1ml amp/BOX-10,5,BOX,X
2649,S7901044,"ECHO IEHK 2024,Suppl Med Inj UNIT",S7991145,"ECHO IEHK 2024,Suppl Med Inj UNIT S 1/5",S9991150,"PP 1/2 ml IEHK 2024,Suppl. Medicine Inj.",50,S1550525,Furosemide inj 10mg/ml 2ml amp/BOX-10,2,BOX,X
2650,S7901044,"ECHO IEHK 2024,Suppl Med Inj UNIT",S7991145,"ECHO IEHK 2024,Suppl Med Inj UNIT S 1/5",S9991150,"PP 1/2 ml IEHK 2024,Suppl. Medicine Inj.",60,S1551050,"Heparin 5000IU/ml inj, 5ml vial/PAC-10",3,EA,X
2651,S7901044,"ECHO IEHK 2024,Suppl Med Inj UNIT",S7991145,"ECHO IEHK 2024,Suppl Med Inj UNIT S 1/5",S9991150,"PP 1/2 ml IEHK 2024,Suppl. Medicine Inj.",70,S1552416,Hydralazine pdr/inj 20mg amp/BOX-5,4,BOX,X
2652,S7901044,"ECHO IEHK 2024,Suppl Med Inj UNIT",S7991145,"ECHO IEHK 2024,Suppl Med Inj UNIT S 1/5",S9991150,"PP 1/2 ml IEHK 2024,Suppl. Medicine Inj.",80,S1564337,Sodium Chloride 0.9% inj 10ml amp/BOX-20,1,EA,X
2653,S7901044,"ECHO IEHK 2024,Suppl Med Inj UNIT",S7991145,"ECHO IEHK 2024,Suppl Med Inj UNIT S 1/5",S9991150,"PP 1/2 ml IEHK 2024,Suppl. Medicine Inj.",90,S1552610,Hydrocortisone pdr/inj 100mg vial/BOX-10,5,BOX,X
2654,S7901044,"ECHO IEHK 2024,Suppl Med Inj UNIT",S7991145,"ECHO IEHK 2024,Suppl Med Inj UNIT S 1/5",S9991150,"PP 1/2 ml IEHK 2024,Suppl. Medicine Inj.",100,S1552305,Protamine sulfate 10mg/ml inj 5ml/BOX-10,1,PAC,X
2655,S7901044,"ECHO IEHK 2024,Suppl Med Inj UNIT",S7991145,"ECHO IEHK 2024,Suppl Med Inj UNIT S 1/5",S9991150,"PP 1/2 ml IEHK 2024,Suppl. Medicine Inj.",110,S1569650,Naloxone inj 400mcg/ml 1ml amp/BOX-10,1,BOX,X
2656,S7901044,"ECHO IEHK 2024,Suppl Med Inj UNIT",S7991145,"ECHO IEHK 2024,Suppl Med Inj UNIT S 1/5",S9991150,"PP 1/2 ml IEHK 2024,Suppl. Medicine Inj.",120,S1552306,Tranexamic acid 100mg/ml inj 5ml/BOX-5,4,PAC,X
2657,S7901044,"ECHO IEHK 2024,Suppl Med Inj UNIT",S7991146,"ECHO IEHK 2024,Suppl Med Inj UNIT S 2/5",,,10,S9006014,"Double-wall ctn.60x40x25 cm, 0.060 m3",1,EA,
2658,S7901044,"ECHO IEHK 2024,Suppl Med Inj UNIT",S7991146,"ECHO IEHK 2024,Suppl Med Inj UNIT S 2/5",,,20,S1520011,Benzylpenicillin pdr/inj 5MIUvial/BOX-50,5,BOX,X
2659,S7901044,"ECHO IEHK 2024,Suppl Med Inj UNIT",S7991146,"ECHO IEHK 2024,Suppl Med Inj UNIT S 2/5",,,30,S1560832,Water for injection 10ml amp/BOX-50,10,EA,X
2660,S7901044,"ECHO IEHK 2024,Suppl Med Inj UNIT",S7991147,"ECHO IEHK 2024,Suppl Med Inj UNIT S 3/5",,,10,S9006014,"Double-wall ctn.60x40x25 cm, 0.060 m3",1,EA,
2661,S7901044,"ECHO IEHK 2024,Suppl Med Inj UNIT",S7991147,"ECHO IEHK 2024,Suppl Med Inj UNIT S 3/5",,,20,S1559355,Magn.sulph.inj 500mg/ml 10ml amp/BOX-10,3,BOX,X
2662,S7901044,"ECHO IEHK 2024,Suppl Med Inj UNIT",S7991147,"ECHO IEHK 2024,Suppl Med Inj UNIT S 3/5",,,30,S1560832,Water for injection 10ml amp/BOX-50,15,EA,X
2663,S7901044,"ECHO IEHK 2024,Suppl Med Inj UNIT",S7991148,"ECHO IEHK 2024,Suppl Med Inj UNIT S 4/5",,,10,S9006014,"Double-wall ctn.60x40x25 cm, 0.060 m3",1,EA,
2664,S7901044,"ECHO IEHK 2024,Suppl Med Inj UNIT",S7991148,"ECHO IEHK 2024,Suppl Med Inj UNIT S 4/5",,,20,S1505099,Ampicillin pdr/inj 500mg vial/BOX-50,2,BOX,X
2665,S7901044,"ECHO IEHK 2024,Suppl Med Inj UNIT",S7991148,"ECHO IEHK 2024,Suppl Med Inj UNIT S 4/5",,,30,S1559005,Benzabenzylpen.pdr/inj 2.4MIUvl/BOX-50,1,BOX,X
2666,S7901044,"ECHO IEHK 2024,Suppl Med Inj UNIT",S7991148,"ECHO IEHK 2024,Suppl Med Inj UNIT S 4/5",,,40,S1552115,Glucose hyperton.inj 50% 50mL vl/BOX-20,5,BOX,X
2667,S7901044,"ECHO IEHK 2024,Suppl Med Inj UNIT",S7991148,"ECHO IEHK 2024,Suppl Med Inj UNIT S 4/5",,,50,S1555206,Lidocaine inj 1% 20ml ampl/BOX-20,3,BOX,X
2668,S7901044,"ECHO IEHK 2024,Suppl Med Inj UNIT",S7991149,"ECHO IEHK 2024,Suppl Med Inj UNIT S 5/5",,,10,S1560826,Compound Sodium Lactate 500ml bot/BOX-20,10,EA,X
2669,S7901044,"ECHO IEHK 2024,Suppl Med Inj UNIT",S7991149,"ECHO IEHK 2024,Suppl Med Inj UNIT S 5/5",,,20,S1552117,Glucose 5% 500ml bot/BOX-20,5,BOX,X
2670,S7901044,"ECHO IEHK 2024,Suppl Med Inj UNIT",S7991149,"ECHO IEHK 2024,Suppl Med Inj UNIT S 5/5",,,30,S7991151,"ECHO IEHK 2024,Suppl Med Inj UNIT P 2/2",2,EA,X
2671,S7901044,"ECHO IEHK 2024,Suppl Med Inj UNIT",S7991149,"ECHO IEHK 2024,Suppl Med Inj UNIT S 5/5",S7991151,"ECHO IEHK 2024,Suppl Med Inj UNIT P 2/2",10,S9008013,"Double-wall ctn.80x40x25 cm, 0.080 m3",2,EA,
2672,S7901044,"ECHO IEHK 2024,Suppl Med Inj UNIT",S7991149,"ECHO IEHK 2024,Suppl Med Inj UNIT S 5/5",S7991151,"ECHO IEHK 2024,Suppl Med Inj UNIT P 2/2",20,S1531005,Ceftriaxone pdr/inj 1g vial/BOX-10,80,BOX,X
2673,S7901044,"ECHO IEHK 2024,Suppl Med Inj UNIT",S7991149,"ECHO IEHK 2024,Suppl Med Inj UNIT S 5/5",S7991151,"ECHO IEHK 2024,Suppl Med Inj UNIT P 2/2",30,S0531991,"Infusion giving set,sterile,s.u.",300,EA,X
2674,S7901040,"ECHO IEHK 2024,Basic Med&Renewable UNIT",S7991040,"ECHO IEHK 2024,Basic Med&Renewable S 1/3",,,10,S9010633,"Double-wall ctn.80x40x33 cm, 0.106 m3",1,EA,
2675,S7901040,"ECHO IEHK 2024,Basic Med&Renewable UNIT",S7991040,"ECHO IEHK 2024,Basic Med&Renewable S 1/3",,,20,S0512015,"Bandage,elastic,7.5cmx5m,roll",150,EA,X
2676,S7901040,"ECHO IEHK 2024,Basic Med&Renewable UNIT",S7991040,"ECHO IEHK 2024,Basic Med&Renewable S 1/3",,,30,S0523015,"Compress,gauze,10x10cm,n/ster/PAC-100",5,EA,X
2677,S7901040,"ECHO IEHK 2024,Basic Med&Renewable UNIT",S7991040,"ECHO IEHK 2024,Basic Med&Renewable S 1/3",,,40,S1555964,Paracetamol 500mg tabs/PAC-10x10,30,PAC,X
2678,S7901040,"ECHO IEHK 2024,Basic Med&Renewable UNIT",S7991040,"ECHO IEHK 2024,Basic Med&Renewable S 1/3",,,50,S1561120,ORS low osm. 20.5g/1L CAR/10x10,2,BOX,X
2679,S7901040,"ECHO IEHK 2024,Basic Med&Renewable UNIT",S7991040,"ECHO IEHK 2024,Basic Med&Renewable S 1/3",,,60,S1568201,Permethrin 5% cream/TBE 30g,20,EA,X
2680,S7901040,"ECHO IEHK 2024,Basic Med&Renewable UNIT",S7991040,"ECHO IEHK 2024,Basic Med&Renewable S 1/3",,,70,S1580020,Zinc 20mg tablets/PAC-10x10,10,PAC,X
2681,S7901040,"ECHO IEHK 2024,Basic Med&Renewable UNIT",S7991040,"ECHO IEHK 2024,Basic Med&Renewable S 1/3",,,80,S9991044,"PP 1/2 IEHK 2024,Basic Medicine&Renewabl",1,EA,X
2682,S7901040,"ECHO IEHK 2024,Basic Med&Renewable UNIT",S7991040,"ECHO IEHK 2024,Basic Med&Renewable S 1/3",,,90,S1523091,USB flash drive -IEHK 2024 documentation,1,BOX,
2683,S7901040,"ECHO IEHK 2024,Basic Med&Renewable UNIT",S7991040,"ECHO IEHK 2024,Basic Med&Renewable S 1/3",S9991044,"PP 1/2 IEHK 2024,Basic Medicine&Renewabl",10,S8941505,"Pre-pack Carton, 32x24x20 cm, 0.015 m3",1,EA,
2684,S7901040,"ECHO IEHK 2024,Basic Med&Renewable UNIT",S7991040,"ECHO IEHK 2024,Basic Med&Renewable S 1/3",S9991044,"PP 1/2 IEHK 2024,Basic Medicine&Renewabl",20,S0512025,"Bandage,gauze,8cmx4m,roll",50,EA,X
2685,S7901040,"ECHO IEHK 2024,Basic Med&Renewable UNIT",S7991040,"ECHO IEHK 2024,Basic Med&Renewable S 1/3",S9991044,"PP 1/2 IEHK 2024,Basic Medicine&Renewabl",30,S0552000,"Soap,toilet,bar,approx.100-110g,wrapped",10,EA,
2686,S7901040,"ECHO IEHK 2024,Basic Med&Renewable UNIT",S7991040,"ECHO IEHK 2024,Basic Med&Renewable S 1/3",S9991044,"PP 1/2 IEHK 2024,Basic Medicine&Renewabl",40,S1504008,Omeprazole 20mg capsules (e/c) PAC/10x10,5,PAC,X
2687,S7901040,"ECHO IEHK 2024,Basic Med&Renewable UNIT",S7991040,"ECHO IEHK 2024,Basic Med&Renewable S 1/3",S9991044,"PP 1/2 IEHK 2024,Basic Medicine&Renewabl",50,S1555370,Albendazole 400mg chewable tabs/PAC-100,2,PAC,X
2688,S7901040,"ECHO IEHK 2024,Basic Med&Renewable UNIT",S7991041,"ECHO IEHK 2024,Basic Med&Renewable S 2/3",,,10,S9008034,"Double-wall ctn.60x40x33.3 cm, 0.08 m3",1,EA,
2689,S7901040,"ECHO IEHK 2024,Basic Med&Renewable UNIT",S7991041,"ECHO IEHK 2024,Basic Med&Renewable S 2/3",,,20,S0145575,"Health card,white/BOX-500",1,BOX,
2690,S7901040,"ECHO IEHK 2024,Basic Med&Renewable UNIT",S7991041,"ECHO IEHK 2024,Basic Med&Renewable S 2/3",,,30,S0519000,"Cotton wool,500g,roll,non-ster",2,EA,X
2691,S7901040,"ECHO IEHK 2024,Basic Med&Renewable UNIT",S7991041,"ECHO IEHK 2024,Basic Med&Renewable S 2/3",,,40,S1531505,Chlorhexidine conc. sol. 5%/BOT-1000ml,1,BOT,X
2692,S7901040,"ECHO IEHK 2024,Basic Med&Renewable UNIT",S7991041,"ECHO IEHK 2024,Basic Med&Renewable S 2/3",,,50,S0969025,"Gloves,exam,nitrile,pwdfree,M,BOX-100",2,EA,X
2693,S7901040,"ECHO IEHK 2024,Basic Med&Renewable UNIT",S7991041,"ECHO IEHK 2024,Basic Med&Renewable S 2/3",,,60,S1533010,Ibuprofen 200mg tabs/PAC 10x10,60,EA,X
2694,S7901040,"ECHO IEHK 2024,Basic Med&Renewable UNIT",S7991041,"ECHO IEHK 2024,Basic Med&Renewable S 2/3",,,70,S1553110,Povidone iodine sol 10%/BOT-200ml,12,BOT,X
2695,S7901040,"ECHO IEHK 2024,Basic Med&Renewable UNIT",S7991041,"ECHO IEHK 2024,Basic Med&Renewable S 2/3",,,80,S9991045,"PP 2/2 IEHK 2024,Basic Medicine&Renewabl",1,EA,X
2696,S7901040,"ECHO IEHK 2024,Basic Med&Renewable UNIT",S7991041,"ECHO IEHK 2024,Basic Med&Renewable S 2/3",S9991045,"PP 2/2 IEHK 2024,Basic Medicine&Renewabl",10,S8941505,"Pre-pack Carton, 32x24x20 cm, 0.015 m3",1,EA,
2697,S7901040,"ECHO IEHK 2024,Basic Med&Renewable UNIT",S7991041,"ECHO IEHK 2024,Basic Med&Renewable S 2/3",S9991045,"PP 2/2 IEHK 2024,Basic Medicine&Renewabl",20,S0503015,"Medical tape,2.5cmx5m,roll",30,EA,X
2698,S7901040,"ECHO IEHK 2024,Basic Med&Renewable UNIT",S7991041,"ECHO IEHK 2024,Basic Med&Renewable S 2/3",S9991045,"PP 2/2 IEHK 2024,Basic Medicine&Renewabl",30,S1515060,Miconazole nitrate cream 2%/TBE-30g,20,TBE,X
2699,S7901040,"ECHO IEHK 2024,Basic Med&Renewable UNIT",S7991041,"ECHO IEHK 2024,Basic Med&Renewable S 2/3",S9991045,"PP 2/2 IEHK 2024,Basic Medicine&Renewabl",40,S0846022,"Bag,drugs,plastic,6x8,pictogram/PAC-1000",2,PAC,
2700,S7901040,"ECHO IEHK 2024,Basic Med&Renewable UNIT",S7991041,"ECHO IEHK 2024,Basic Med&Renewable S 2/3",S9991045,"PP 2/2 IEHK 2024,Basic Medicine&Renewabl",50,S1555979,Paracetamol 100mg disp. tabs/PAC-100,10,PAC,X
2701,S7901040,"ECHO IEHK 2024,Basic Med&Renewable UNIT",S7991042,"ECHO IEHK 2024,Basic Med&Renewable S 3/3",,,10,S9010633,"Double-wall ctn.80x40x33 cm, 0.106 m3",1,EA,
2702,S7901040,"ECHO IEHK 2024,Basic Med&Renewable UNIT",S7991042,"ECHO IEHK 2024,Basic Med&Renewable S 3/3",,,20,S1550030,Iron 60mg + Folic ac. 400mcg tab/PAC-100,40,PAC,X
2703,S7901040,"ECHO IEHK 2024,Basic Med&Renewable UNIT",S7991042,"ECHO IEHK 2024,Basic Med&Renewable S 3/3",,,30,S0969026,"Gloves,exam,nitrile,pwdfree,L,BOX-100",2,EA,X
2704,S7901040,"ECHO IEHK 2024,Basic Med&Renewable UNIT",S7991042,"ECHO IEHK 2024,Basic Med&Renewable S 3/3",,,40,S0145576,"Sachet,health card,160x220mm/BOX-500",1,BOX,
2705,S7901040,"ECHO IEHK 2024,Basic Med&Renewable UNIT",S7991042,"ECHO IEHK 2024,Basic Med&Renewable S 3/3",,,50,S1505043,Amoxicillin 250mg disp.tab/PAC-(10x10),30,PAC,X
2706,S7901040,"ECHO IEHK 2024,Basic Med&Renewable UNIT",S7991042,"ECHO IEHK 2024,Basic Med&Renewable S 3/3",,,60,S1505075,Amoxicillin 500mg disp.tab/PAC-100,10,PAC,X
2707,S7901040,"ECHO IEHK 2024,Basic Med&Renewable UNIT",S7991042,"ECHO IEHK 2024,Basic Med&Renewable S 3/3",,,70,S1521012,Erythromycin 0.5% eye ointment/TBE-3.5g,50,TBE,X
2708,S7901040,"ECHO IEHK 2024,Basic Med&Renewable UNIT",S7991042,"ECHO IEHK 2024,Basic Med&Renewable S 3/3",,,80,S0552003,Soap box,1,EA,
2709,S7901050,"ECHO IEHK 2024,Suppl Renewable UNIT",S7991052,"ECHO IEHK 2024,Suppl Renewable UNIT S1/6",,,10,S9016023,"Double-wall ctn.80x40x50 cm, 0.160 m3",1,EA,
2710,S7901050,"ECHO IEHK 2024,Suppl Renewable UNIT",S7991052,"ECHO IEHK 2024,Suppl Renewable UNIT S1/6",,,20,S0327500,"Gloves,surg,pwdfree,6.5,ster,s.u.,pair",50,EA,X
2711,S7901050,"ECHO IEHK 2024,Suppl Renewable UNIT",S7991052,"ECHO IEHK 2024,Suppl Renewable UNIT S1/6",,,30,S0327520,"Gloves,surg,pwdfree,7.5,ster,s.u.,pair",150,EA,X
2712,S7901050,"ECHO IEHK 2024,Suppl Renewable UNIT",S7991052,"ECHO IEHK 2024,Suppl Renewable UNIT S1/6",,,40,S0327540,"Gloves,surg,pwdfree,8.5,ster,s.u.,pair",50,EA,X
2713,S7901050,"ECHO IEHK 2024,Suppl Renewable UNIT",S7991052,"ECHO IEHK 2024,Suppl Renewable UNIT S1/6",,,50,S0747432,"Needle,disp,21G,ster/BOX-100",15,BOX,X
2714,S7901050,"ECHO IEHK 2024,Suppl Renewable UNIT",S7991052,"ECHO IEHK 2024,Suppl Renewable UNIT S1/6",,,60,S0782403,"Cannula,IV short,18G,SIP,ster,disp,BOX50",2,BOX,X
2715,S7901050,"ECHO IEHK 2024,Suppl Renewable UNIT",S7991052,"ECHO IEHK 2024,Suppl Renewable UNIT S1/6",,,70,S0782413,"Syringe,disp,10ml,ster/BOX-100",6,BOX,X
2716,S7901050,"ECHO IEHK 2024,Suppl Renewable UNIT",S7991052,"ECHO IEHK 2024,Suppl Renewable UNIT S1/6",,,80,S0782425,"Syringe,disp,20ml,ster/BOX-100",1,BOX,X
2717,S7901050,"ECHO IEHK 2024,Suppl Renewable UNIT",S7991052,"ECHO IEHK 2024,Suppl Renewable UNIT S1/6",,,90,S0969026,"Gloves,exam,nitrile,pwdfree,L,BOX-100",1,EA,X
2718,S7901050,"ECHO IEHK 2024,Suppl Renewable UNIT",S7991052,"ECHO IEHK 2024,Suppl Renewable UNIT S1/6",,,100,S0145590,"User feedback sheet, IEHK",1,EA,
2719,S7901050,"ECHO IEHK 2024,Suppl Renewable UNIT",S7991052,"ECHO IEHK 2024,Suppl Renewable UNIT S1/6",,,110,S9991059,"PP 2/2 IEHK 2024,Suppl. Renewable UNIT",1,EA,X
2720,S7901050,"ECHO IEHK 2024,Suppl Renewable UNIT",S7991052,"ECHO IEHK 2024,Suppl Renewable UNIT S1/6",S9991059,"PP 2/2 IEHK 2024,Suppl. Renewable UNIT",10,S8941500,"Pre-pack Carton, 70x19x10 cm, 0.014 m3",1,EA,
2721,S7901050,"ECHO IEHK 2024,Suppl Renewable UNIT",S7991052,"ECHO IEHK 2024,Suppl Renewable UNIT S1/6",S9991059,"PP 2/2 IEHK 2024,Suppl. Renewable UNIT",20,S0323301,"Catheter,Foley,CH12,ster,disp",10,EA,X
2722,S7901050,"ECHO IEHK 2024,Suppl Renewable UNIT",S7991052,"ECHO IEHK 2024,Suppl Renewable UNIT S1/6",S9991059,"PP 2/2 IEHK 2024,Suppl. Renewable UNIT",30,S0323302,"Catheter,Foley,CH14,ster,disp",5,EA,X
2723,S7901050,"ECHO IEHK 2024,Suppl Renewable UNIT",S7991052,"ECHO IEHK 2024,Suppl Renewable UNIT S1/6",S9991059,"PP 2/2 IEHK 2024,Suppl. Renewable UNIT",40,S0323304,"Catheter,Foley,CH16,ster,disp",5,EA,X
2724,S7901050,"ECHO IEHK 2024,Suppl Renewable UNIT",S7991052,"ECHO IEHK 2024,Suppl Renewable UNIT S1/6",S9991059,"PP 2/2 IEHK 2024,Suppl. Renewable UNIT",50,S0370500,"Tube,asp/feed,CH16,L125cm,ster,disp",10,EA,X
2725,S7901050,"ECHO IEHK 2024,Suppl Renewable UNIT",S7991053,"ECHO IEHK 2024,Suppl Renewable UNIT S2/6",,,10,S9019200,"Double-wall ctn.100x40x48cm, 0.192 m3",1,EA,
2726,S7901050,"ECHO IEHK 2024,Suppl Renewable UNIT",S7991053,"ECHO IEHK 2024,Suppl Renewable UNIT S2/6",,,20,S0845177,"Papersheet,crepe,ster.pack. /PAC-250/252",1,EA,X
2727,S7901050,"ECHO IEHK 2024,Suppl Renewable UNIT",S7991053,"ECHO IEHK 2024,Suppl Renewable UNIT S2/6",,,30,S0373510,"Tube,feeding,CH08,L40-60cm,ENFit,blue",20,EA,X
2728,S7901050,"ECHO IEHK 2024,Suppl Renewable UNIT",S7991053,"ECHO IEHK 2024,Suppl Renewable UNIT S2/6",,,40,S0373520,"Tube,feeding,CH10,L40-60cm,ENFit,black",60,EA,X
2729,S7901050,"ECHO IEHK 2024,Suppl Renewable UNIT",S7991053,"ECHO IEHK 2024,Suppl Renewable UNIT S2/6",,,50,S0523055,"Compress,gauze,10x10cm,ster/PAC-5",300,PAC,X
2730,S7901050,"ECHO IEHK 2024,Suppl Renewable UNIT",S7991053,"ECHO IEHK 2024,Suppl Renewable UNIT S2/6",,,60,S0782400,"Cannula,IV short,24G,SIP,ster,disp,BOX50",1,BOX,X
2731,S7901050,"ECHO IEHK 2024,Suppl Renewable UNIT",S7991054,"ECHO IEHK 2024,Suppl Renewable UNIT S3/6",,,10,S9012024,"Double-wall ctn.60x40x50 cm, 0.120 m3",1,EA,
2732,S7901050,"ECHO IEHK 2024,Suppl Renewable UNIT",S7991054,"ECHO IEHK 2024,Suppl Renewable UNIT S3/6",,,20,S9991058,"PP 1/2 IEHK 2024,Suppl. Renewable UNIT",1,EA,X
2733,S7901050,"ECHO IEHK 2024,Suppl Renewable UNIT",S7991054,"ECHO IEHK 2024,Suppl Renewable UNIT S3/6",,,30,S0782205,"Syringe,disp,2ml,ster/BOX-100",7,BOX,X
2734,S7901050,"ECHO IEHK 2024,Suppl Renewable UNIT",S7991054,"ECHO IEHK 2024,Suppl Renewable UNIT S3/6",,,40,S0366030,"Syringe,feeding,20ml,ENFit,sterile",100,EA,X
2735,S7901050,"ECHO IEHK 2024,Suppl Renewable UNIT",S7991054,"ECHO IEHK 2024,Suppl Renewable UNIT S3/6",,,50,S0747420,"Needle,disp,19G,ster/BOX-100",20,BOX,X
2736,S7901050,"ECHO IEHK 2024,Suppl Renewable UNIT",S7991054,"ECHO IEHK 2024,Suppl Renewable UNIT S3/6",,,60,S0845203,"Apron,protection,plastic,disp,PAC-100",1,PAC,X
2737,S7901050,"ECHO IEHK 2024,Suppl Renewable UNIT",S7991054,"ECHO IEHK 2024,Suppl Renewable UNIT S3/6",,,70,S0512015,"Bandage,elastic,7.5cmx5m,roll",50,EA,X
2738,S7901050,"ECHO IEHK 2024,Suppl Renewable UNIT",S7991054,"ECHO IEHK 2024,Suppl Renewable UNIT S3/6",,,80,S0366010,"Syringe,feeding,50ml,catheter tip,ster",10,EA,X
2739,S7901050,"ECHO IEHK 2024,Suppl Renewable UNIT",S7991054,"ECHO IEHK 2024,Suppl Renewable UNIT S3/6",S9991058,"PP 1/2 IEHK 2024,Suppl. Renewable UNIT",90,S0558100,"Indicator,TST control spot/PAC-300",1,PAC,X
2740,S7901050,"ECHO IEHK 2024,Suppl Renewable UNIT",S7991054,"ECHO IEHK 2024,Suppl Renewable UNIT S3/6",S9991058,"PP 1/2 IEHK 2024,Suppl. Renewable UNIT",10,S8941505,"Pre-pack Carton, 32x24x20 cm, 0.015 m3",1,EA,
2741,S7901050,"ECHO IEHK 2024,Suppl Renewable UNIT",S7991054,"ECHO IEHK 2024,Suppl Renewable UNIT S3/6",S9991058,"PP 1/2 IEHK 2024,Suppl. Renewable UNIT",20,S0845176,"Masking tape, type 1 steam indicator",1,EA,X
2742,S7901050,"ECHO IEHK 2024,Suppl Renewable UNIT",S7991054,"ECHO IEHK 2024,Suppl Renewable UNIT S3/6",S9991058,"PP 1/2 IEHK 2024,Suppl. Renewable UNIT",30,S0327530,"Gloves,surg,pwdfree,8,ster,s.u.,pair",25,EA,X
2743,S7901050,"ECHO IEHK 2024,Suppl Renewable UNIT",S7991054,"ECHO IEHK 2024,Suppl Renewable UNIT S3/6",S9991058,"PP 1/2 IEHK 2024,Suppl. Renewable UNIT",40,S0503016,"Tape, medical, paper, 2.5cm x 5m, roll",12,EA,X
2744,S7901050,"ECHO IEHK 2024,Suppl Renewable UNIT",S7991054,"ECHO IEHK 2024,Suppl Renewable UNIT S3/6",S9991058,"PP 1/2 IEHK 2024,Suppl. Renewable UNIT",50,S0746510,"Scalpel blade,ster,disp,no.22",100,EA,X
2745,S7901050,"ECHO IEHK 2024,Suppl Renewable UNIT",S7991054,"ECHO IEHK 2024,Suppl Renewable UNIT S3/6",S9991058,"PP 1/2 IEHK 2024,Suppl. Renewable UNIT",60,S0747445,"Needle,disp,25G,ster/BOX-100",1,BOX,X
2746,S7901050,"ECHO IEHK 2024,Suppl Renewable UNIT",S7991054,"ECHO IEHK 2024,Suppl Renewable UNIT S3/6",S9991058,"PP 1/2 IEHK 2024,Suppl. Renewable UNIT",70,S0845162,"Tongue depressor,wooden,disp/BOX-100",5,EA,X
2747,S7901050,"ECHO IEHK 2024,Suppl Renewable UNIT",S7991054,"ECHO IEHK 2024,Suppl Renewable UNIT S3/6",S9991058,"PP 1/2 IEHK 2024,Suppl. Renewable UNIT",80,S0904991,"Test strip, urine, 10 parameter, box/100",1,EA,X
2748,S7901050,"ECHO IEHK 2024,Suppl Renewable UNIT",S7991054,"ECHO IEHK 2024,Suppl Renewable UNIT S3/6",S9991058,"PP 1/2 IEHK 2024,Suppl. Renewable UNIT",90,S0745500,"Scalpel handle,no.4",2,EA,
2749,S7901050,"ECHO IEHK 2024,Suppl Renewable UNIT",S7991055,"ECHO IEHK 2024,Suppl Renewable UNIT S4/6",,,10,S9010633,"Double-wall ctn.80x40x33 cm, 0.106 m3",1,EA,
2750,S7901050,"ECHO IEHK 2024,Suppl Renewable UNIT",S7991055,"ECHO IEHK 2024,Suppl Renewable UNIT S4/6",,,20,S0523015,"Compress,gauze,10x10cm,n/ster/PAC-100",20,EA,X
2751,S7901050,"ECHO IEHK 2024,Suppl Renewable UNIT",S7991055,"ECHO IEHK 2024,Suppl Renewable UNIT S4/6",,,30,S0523050,"Compress,paraffin,10x10cm,ster/BOX-10",10,EA,X
2752,S7901050,"ECHO IEHK 2024,Suppl Renewable UNIT",S7991055,"ECHO IEHK 2024,Suppl Renewable UNIT S4/6",,,40,S0564004,"Sut,abs,DEC2,need 3/8 26mm,tri/BOX-36",4,BOX,X
2753,S7901050,"ECHO IEHK 2024,Suppl Renewable UNIT",S7991055,"ECHO IEHK 2024,Suppl Renewable UNIT S4/6",,,50,S0566010,"Clamp,umbilical cord,ster,s.u.",100,EA,X
2754,S7901050,"ECHO IEHK 2024,Suppl Renewable UNIT",S7991055,"ECHO IEHK 2024,Suppl Renewable UNIT S4/6",,,60,S0709237,"Needle scalp vein 25G, ster, disp,BOX-50",6,EA,X
2755,S7901050,"ECHO IEHK 2024,Suppl Renewable UNIT",S7991055,"ECHO IEHK 2024,Suppl Renewable UNIT S4/6",,,70,S0782203,"Syringe,disp,1ml,ster/BOX-100",2,BOX,X
2756,S7901050,"ECHO IEHK 2024,Suppl Renewable UNIT",S7991055,"ECHO IEHK 2024,Suppl Renewable UNIT S4/6",,,80,S0782401,"Cannula,IV short,22G,SIP,ster,disp,BOX50",1,BOX,X
2757,S7901050,"ECHO IEHK 2024,Suppl Renewable UNIT",S7991055,"ECHO IEHK 2024,Suppl Renewable UNIT S4/6",,,90,S0782440,"Syringe,insulin,1ml,U-100,30-31G/BOX-100",4,BOX,X
2758,S7901050,"ECHO IEHK 2024,Suppl Renewable UNIT",S7991055,"ECHO IEHK 2024,Suppl Renewable UNIT S4/6",,,100,S0969021,"Gloves,exam,nitrile,pwdfree,S,BOX-100",1,EA,X
2759,S7901050,"ECHO IEHK 2024,Suppl Renewable UNIT",S7991056,"ECHO IEHK 2024,Suppl Renewable UNIT S5/6",,,10,S9008034,"Double-wall ctn.60x40x33.3 cm, 0.08 m3",1,EA,
2760,S7901050,"ECHO IEHK 2024,Suppl Renewable UNIT",S7991056,"ECHO IEHK 2024,Suppl Renewable UNIT S5/6",,,20,S0330501,"Bag,urine collecting,2L,drain.,sterile",10,EA,X
2761,S7901050,"ECHO IEHK 2024,Suppl Renewable UNIT",S7991056,"ECHO IEHK 2024,Suppl Renewable UNIT S5/6",,,30,S0565050,"Sut,nonabs,DEC1,3/8,13-16mm,taper/BOX 36",1,EA,X
2762,S7901050,"ECHO IEHK 2024,Suppl Renewable UNIT",S7991056,"ECHO IEHK 2024,Suppl Renewable UNIT S5/6",,,40,S0747452,"Needle,disp,23G,ster/BOX-100",15,BOX,X
2763,S7901050,"ECHO IEHK 2024,Suppl Renewable UNIT",S7991056,"ECHO IEHK 2024,Suppl Renewable UNIT S5/6",,,50,S0747997,"NeedleSpinal22G(0.7x40mm)Ster,disp,BOX25",2,BOX,X
2764,S7901050,"ECHO IEHK 2024,Suppl Renewable UNIT",S7991056,"ECHO IEHK 2024,Suppl Renewable UNIT S5/6",,,60,S0782379,"Safety box f.used syrg/ndl5L,Smur/BOX-25",2,BOX,X
2765,S7901050,"ECHO IEHK 2024,Suppl Renewable UNIT",S7991056,"ECHO IEHK 2024,Suppl Renewable UNIT S5/6",,,70,S0845242,"Hanger, urine bag, two hooks/PAC-10",1,PAC,X
2766,S7901050,"ECHO IEHK 2024,Suppl Renewable UNIT",S7991056,"ECHO IEHK 2024,Suppl Renewable UNIT S5/6",,,80,S0969025,"Gloves,exam,nitrile,pwdfree,M,BOX-100",1,EA,X
2767,S7901050,"ECHO IEHK 2024,Suppl Renewable UNIT",S7991056,"ECHO IEHK 2024,Suppl Renewable UNIT S5/6",,,90,S0565850,"Razor,single edge,plastic,s.u./PAC-10",10,PAC,
2768,S7901050,"ECHO IEHK 2024,Suppl Renewable UNIT",S7991056,"ECHO IEHK 2024,Suppl Renewable UNIT S5/6",,,100,S0846022,"Bag,drugs,plastic,6x8,pictogram/PAC-1000",1,PAC,
2769,S7901050,"ECHO IEHK 2024,Suppl Renewable UNIT",S7991057,"ECHO IEHK 2024,Suppl Renewable UNIT S6/6",,,10,S0782405,"Syringe,disp,5ml,ster/BOX-100",20,BOX,X
2770,S7901050,"ECHO IEHK 2024,Suppl Renewable UNIT",S7991057,"ECHO IEHK 2024,Suppl Renewable UNIT S6/6",,,20,S8760025,"Decal,UNICEF,round,diameter 205mm",2,EA,
2771,S9906805,"Yemen PHC kit 2025, Supp. Medicines",S9996823,"Yemen PHC kit 2025, Supp. Medicines s1/5",,,10,S1531003,Cefixime 200mg tabs/PAC-10x10,4,PAC,X
2772,S9906805,"Yemen PHC kit 2025, Supp. Medicines",S9996823,"Yemen PHC kit 2025, Supp. Medicines s1/5",,,20,S1555945,Clotrimazole 500mg vag.tabs/applicator,100,EA,X
2773,S9906805,"Yemen PHC kit 2025, Supp. Medicines",S9996823,"Yemen PHC kit 2025, Supp. Medicines s1/5",,,30,S1555690,Metronidazol pdr/o.s.200mg/5ml/BOT-100ml,2,BOT,X
2774,S9906805,"Yemen PHC kit 2025, Supp. Medicines",S9996823,"Yemen PHC kit 2025, Supp. Medicines s1/5",,,40,S1555653,Metronidazole 250mg tabs PAC/10x10,10,EA,X
2775,S9906805,"Yemen PHC kit 2025, Supp. Medicines",S9996823,"Yemen PHC kit 2025, Supp. Medicines s1/5",,,50,S1555930,"Nystatin oral sus 100,000IU/ml/BOT-30ml",60,BOT,X
2776,S9906805,"Yemen PHC kit 2025, Supp. Medicines",S9996823,"Yemen PHC kit 2025, Supp. Medicines s1/5",,,60,S1514135,Benzabenzylpen pdr.inj 1.2MIUv/sol/PAC-1,60,PAC,X
2777,S9906805,"Yemen PHC kit 2025, Supp. Medicines",S9996823,"Yemen PHC kit 2025, Supp. Medicines s1/5",,,70,S1555710,Ciprofloxacin 500mg tabs/PAC-10,100,PAC,X
2778,S9906805,"Yemen PHC kit 2025, Supp. Medicines",S9996823,"Yemen PHC kit 2025, Supp. Medicines s1/5",,,80,S1504014,Metoclopramide inj 5mg/ml 2ml amp/BOX-10,10,BOX,X
2779,S9906805,"Yemen PHC kit 2025, Supp. Medicines",S9996823,"Yemen PHC kit 2025, Supp. Medicines s1/5",,,90,S1562017,Salbutamol 4mg tabs/PAC-100,10,PAC,X
2780,S9906805,"Yemen PHC kit 2025, Supp. Medicines",S9996823,"Yemen PHC kit 2025, Supp. Medicines s1/5",,,100,S1562020,Salbutamol oral inh. 0.1mg/ds 200ds,50,EA,X
2781,S9906805,"Yemen PHC kit 2025, Supp. Medicines",S9996823,"Yemen PHC kit 2025, Supp. Medicines s1/5",,,110,S9010633,"Double-wall ctn.80x40x33 cm, 0.106 m3",1,EA,
2782,S9906805,"Yemen PHC kit 2025, Supp. Medicines",S9996824,"Yemen PHC kit 2025, Supp. Medicines s2/5",,,10,S1533002,Co-Amoxiclav 125mg+ 31.25mg BOT/100ml,80,EA,X
2783,S9906805,"Yemen PHC kit 2025, Supp. Medicines",S9996824,"Yemen PHC kit 2025, Supp. Medicines s2/5",,,20,S1504008,Omeprazole 20mg capsules (e/c) PAC/10x10,16,PAC,X
2784,S9906805,"Yemen PHC kit 2025, Supp. Medicines",S9996824,"Yemen PHC kit 2025, Supp. Medicines s2/5",,,30,S9006014,"Double-wall ctn.60x40x25 cm, 0.060 m3",1,EA,
2785,S9906805,"Yemen PHC kit 2025, Supp. Medicines",S9996825,"Yemen PHC kit 2025, Supp. Medicines s3/5",,,10,S1555690,Metronidazol pdr/o.s.200mg/5ml/BOT-100ml,198,BOT,X
2786,S9906805,"Yemen PHC kit 2025, Supp. Medicines",S9996826,"Yemen PHC kit 2025, Supp. Medicines s4/5",,,10,S1533002,Co-Amoxiclav 125mg+ 31.25mg BOT/100ml,120,EA,X
2787,S9906805,"Yemen PHC kit 2025, Supp. Medicines",S9996827,"Yemen PHC kit 2025, Supp. Medicines s5/5",,,10,S1533001,Co-Amoxiclav 500mg+125mg tabs/PAC3x5,150,EA,X
2788,S9906804,"Yemen PHC kit 2025, Basic Medicines",S9996800,"SUB 1/15 Yemen PHC kit 2025, Basic Medi",,,10,S1551005,Folic acid 5mg tabs/PAC-1000,16,PAC,X
2789,S9906804,"Yemen PHC kit 2025, Basic Medicines",S9996800,"SUB 1/15 Yemen PHC kit 2025, Basic Medi",,,20,S0521425,"Sachet,tablet,plastic,10x16cm/PAC-100",10,EA,
2790,S9906804,"Yemen PHC kit 2025, Basic Medicines",S9996800,"SUB 1/15 Yemen PHC kit 2025, Basic Medi",,,30,S1537135,Sul.200mg+Trim.40mg/5ml or.sus/BOT-100ml,100,BOT,X
2791,S9906804,"Yemen PHC kit 2025, Basic Medicines",S9996800,"SUB 1/15 Yemen PHC kit 2025, Basic Medi",,,40,S9008034,"Double-wall ctn.60x40x33.3 cm, 0.08 m3",1,EA,
2792,S9906804,"Yemen PHC kit 2025, Basic Medicines",S9996801,"SUB 2/15 Yemen PHC kit 2025, Basic Medi",,,10,S1505075,Amoxicillin 500mg disp.tab/PAC-100,60,PAC,X
2793,S9906804,"Yemen PHC kit 2025, Basic Medicines",S9996801,"SUB 2/15 Yemen PHC kit 2025, Basic Medi",,,20,S1533010,Ibuprofen 200mg tabs/PAC 10x10,50,EA,X
2794,S9906804,"Yemen PHC kit 2025, Basic Medicines",S9996801,"SUB 2/15 Yemen PHC kit 2025, Basic Medi",,,30,S1580020,Zinc 20mg tablets/PAC-10x10,70,PAC,X
2795,S9906804,"Yemen PHC kit 2025, Basic Medicines",S9996801,"SUB 2/15 Yemen PHC kit 2025, Basic Medi",,,40,S9008034,"Double-wall ctn.60x40x33.3 cm, 0.08 m3",1,EA,
2796,S9906804,"Yemen PHC kit 2025, Basic Medicines",S9996802,"SUB 3/15 Yemen PHC kit 2025, Basic Medi",,,10,S1555966,Paracetamol 250mg disp. tabs/PAC-10x10,160,PAC,X
2797,S9906804,"Yemen PHC kit 2025, Basic Medicines",S9996802,"SUB 3/15 Yemen PHC kit 2025, Basic Medi",,,20,S9008013,"Double-wall ctn.80x40x25 cm, 0.080 m3",1,EA,
2798,S9906804,"Yemen PHC kit 2025, Basic Medicines",S9996802,"SUB 3/15 Yemen PHC kit 2025, Basic Medi",,,30,S1585009,Paracetamol 120mg/5ml or.liq/BOT-60ml,34,BOT,X
2799,S9906804,"Yemen PHC kit 2025, Basic Medicines",S9996803,"SUB 4/15 Yemen PHC kit 2025, Basic Medi",,,10,S1519500,Benzyl benzoate 25% lotion /BOT-1000ml,4,BOT,X
2800,S9906804,"Yemen PHC kit 2025, Basic Medicines",S9996803,"SUB 4/15 Yemen PHC kit 2025, Basic Medi",,,20,S1552500,Hydrocortisone ointment 1%/TBE-15g,80,TBE,X
2801,S9906804,"Yemen PHC kit 2025, Basic Medicines",S9996803,"SUB 4/15 Yemen PHC kit 2025, Basic Medi",,,30,S1531705,Loratadine 10mg tabs/PAC-10x10,50,EA,X
2802,S9906804,"Yemen PHC kit 2025, Basic Medicines",S9996803,"SUB 4/15 Yemen PHC kit 2025, Basic Medi",,,40,S1515060,Miconazole nitrate cream 2%/TBE-30g,80,TBE,X
2803,S9906804,"Yemen PHC kit 2025, Basic Medicines",S9996803,"SUB 4/15 Yemen PHC kit 2025, Basic Medi",,,50,S1560720,Phenox.meth.penicil.250mg tabs/PAC-10x10,20,EA,X
2804,S9906804,"Yemen PHC kit 2025, Basic Medicines",S9996803,"SUB 4/15 Yemen PHC kit 2025, Basic Medi",,,60,S1537110,Sulf.400mg+Trimet.80mg tabs/PAC-10x10,14,PAC,X
2805,S9906804,"Yemen PHC kit 2025, Basic Medicines",S9996803,"SUB 4/15 Yemen PHC kit 2025, Basic Medi",,,70,S9008034,"Double-wall ctn.60x40x33.3 cm, 0.08 m3",1,EA,
2806,S9906804,"Yemen PHC kit 2025, Basic Medicines",S9996804,"SUB 5/15 Yemen PHC kit 2025, Basic Medi",,,10,S1555964,Paracetamol 500mg tabs/PAC-10x10,120,PAC,X
2807,S9906804,"Yemen PHC kit 2025, Basic Medicines",S9996804,"SUB 5/15 Yemen PHC kit 2025, Basic Medi",,,20,S1505122,Silver Sulfadiaz. 1% cream 50g unsterile,20,EA,X
2808,S9906804,"Yemen PHC kit 2025, Basic Medicines",S9996804,"SUB 5/15 Yemen PHC kit 2025, Basic Medi",,,30,S9012024,"Double-wall ctn.60x40x50 cm, 0.120 m3",1,EA,
2809,S9906804,"Yemen PHC kit 2025, Basic Medicines",S9996804,"SUB 5/15 Yemen PHC kit 2025, Basic Medi",,,40,S1585009,Paracetamol 120mg/5ml or.liq/BOT-60ml,160,BOT,X
2810,S9906804,"Yemen PHC kit 2025, Basic Medicines",S9996805,"SUB 6/15 Yemen PHC kit 2025, Basic Medi",,,10,S1550180,Ferrous sulp.oral sol. 125mg/ml/BOT-30ml,250,BOT,X
2811,S9906804,"Yemen PHC kit 2025, Basic Medicines",S9996805,"SUB 6/15 Yemen PHC kit 2025, Basic Medi",,,20,S9006014,"Double-wall ctn.60x40x25 cm, 0.060 m3",1,EA,
2812,S9906804,"Yemen PHC kit 2025, Basic Medicines",S9996806,"SUB 7/15 Yemen PHC kit 2025, Basic Medi",,,10,S1505046,Amoxicillin 125mg/5ml pdr.or.s/BOT-100ml,120,BOT,X
2813,S9906804,"Yemen PHC kit 2025, Basic Medicines",S9996806,"SUB 7/15 Yemen PHC kit 2025, Basic Medi",,,20,S9010633,"Double-wall ctn.80x40x33 cm, 0.106 m3",1,EA,
2814,S9906804,"Yemen PHC kit 2025, Basic Medicines",S9996811,"SUB 8/15 Yemen PHC kit 2025, Basic Medi",,,10,S1505046,Amoxicillin 125mg/5ml pdr.or.s/BOT-100ml,120,BOT,X
2815,S9906804,"Yemen PHC kit 2025, Basic Medicines",S9996811,"SUB 8/15 Yemen PHC kit 2025, Basic Medi",,,20,S9010633,"Double-wall ctn.80x40x33 cm, 0.106 m3",1,EA,
2816,S9906804,"Yemen PHC kit 2025, Basic Medicines",S9996822,"SUB 9/15 Yemen PHC kit 2025, Basic Medi",,,10,S1550030,Iron 60mg + Folic ac. 400mcg tab/PAC-100,500,PAC,X
2817,S9906804,"Yemen PHC kit 2025, Basic Medicines",S9996822,"SUB 9/15 Yemen PHC kit 2025, Basic Medi",,,20,S9006014,"Double-wall ctn.60x40x25 cm, 0.060 m3",1,EA,
2818,S9906804,"Yemen PHC kit 2025, Basic Medicines",S9996812,"SUB 10/15 Yemen PHC kit 2025, Basic Medi",,,10,S1505043,Amoxicillin 250mg disp.tab/PAC-(10x10),220,PAC,X
2819,S9906804,"Yemen PHC kit 2025, Basic Medicines",S9996813,"SUB 11/15 Yemen PHC kit 2025, Basic Medi",,,10,S1585009,Paracetamol 120mg/5ml or.liq/BOT-60ml,288,BOT,X
2820,S9906804,"Yemen PHC kit 2025, Basic Medicines",S9996814,"SUB 12/15 Yemen PHC kit 2025, Basic Medi",,,10,S1585009,Paracetamol 120mg/5ml or.liq/BOT-60ml,288,BOT,X
2821,S9906804,"Yemen PHC kit 2025, Basic Medicines",S9996815,"SUB 13/15 Yemen PHC kit 2025, Basic Medi",,,10,S1585009,Paracetamol 120mg/5ml or.liq/BOT-60ml,288,BOT,X
2822,S9906804,"Yemen PHC kit 2025, Basic Medicines",S9996820,"SUB 14/15 Yemen PHC kit 2025, Basic Medi",,,10,S1585009,Paracetamol 120mg/5ml or.liq/BOT-60ml,288,BOT,X
2823,S9906804,"Yemen PHC kit 2025, Basic Medicines",S9996821,"SUB 15/15 Yemen PHC kit 2025, Basic Medi",,,10,S1585009,Paracetamol 120mg/5ml or.liq/BOT-60ml,288,BOT,X
2824,S9906806,"Yemen PHC kit 2025, Consumables",S9996816,"Yemen PHC kit 2025, Consumables sub 1/3",,,10,S9010633,"Double-wall ctn.80x40x33 cm, 0.106 m3",1,EA,
2825,S9906806,"Yemen PHC kit 2025, Consumables",S9996816,"Yemen PHC kit 2025, Consumables sub 1/3",,,20,S0330025,"Gloves,exam,latex,pwdfree,M,BOX-100",6,EA,X
2826,S9906806,"Yemen PHC kit 2025, Consumables",S9996816,"Yemen PHC kit 2025, Consumables sub 1/3",,,30,S0512020,"Bandage,gauze,5cmx5m,roll",40,EA,X
2827,S9906806,"Yemen PHC kit 2025, Consumables",S9996816,"Yemen PHC kit 2025, Consumables sub 1/3",,,40,S0523015,"Compress,gauze,10x10cm,n/ster/PAC-100",6,EA,X
2828,S9906806,"Yemen PHC kit 2025, Consumables",S9996816,"Yemen PHC kit 2025, Consumables sub 1/3",,,50,S0782111,"Syringe,disp,5ml,w/ndl,21G/BOX-100",4,BOX,X
2829,S9906806,"Yemen PHC kit 2025, Consumables",S9996816,"Yemen PHC kit 2025, Consumables sub 1/3",,,60,S0782371,"Safety box f.used syrg/ndl5L,HMD/BOX-25",1,BOX,X
2830,S9906806,"Yemen PHC kit 2025, Consumables",S9996817,"Yemen PHC kit 2025, Consumables sub 2/3",,,10,S9012024,"Double-wall ctn.60x40x50 cm, 0.120 m3",1,EA,
2831,S9906806,"Yemen PHC kit 2025, Consumables",S9996817,"Yemen PHC kit 2025, Consumables sub 2/3",,,20,S0305135,"Mask,surgic,typeIIR,tiestrap,disp.pack50",2,EA,X
2832,S9906806,"Yemen PHC kit 2025, Consumables",S9996817,"Yemen PHC kit 2025, Consumables sub 2/3",,,30,S0519000,"Cotton wool,500g,roll,non-ster",10,EA,X
2833,S9906806,"Yemen PHC kit 2025, Consumables",S9996817,"Yemen PHC kit 2025, Consumables sub 2/3",,,40,S0565020,"Sut,nonabs,DEC1,need 1/2 13mm,rnd/BOX-36",6,BOX,X
2834,S9906806,"Yemen PHC kit 2025, Consumables",S9996817,"Yemen PHC kit 2025, Consumables sub 2/3",,,50,S0709233,"Cannula IV short 22G, ster, disp, BOX-50",14,EA,X
2835,S9906806,"Yemen PHC kit 2025, Consumables",S9996817,"Yemen PHC kit 2025, Consumables sub 2/3",,,60,S0782371,"Safety box f.used syrg/ndl5L,HMD/BOX-25",1,BOX,X
2836,S9906806,"Yemen PHC kit 2025, Consumables",S9996818,"Yemen PHC kit 2025, Consumables sub 3/3",,,10,S9010633,"Double-wall ctn.80x40x33 cm, 0.106 m3",1,EA,
2837,S9906806,"Yemen PHC kit 2025, Consumables",S9996818,"Yemen PHC kit 2025, Consumables sub 3/3",,,20,S0503020,"Medical tape,perforated,10cmx5m,roll",6,EA,X
2838,S9906806,"Yemen PHC kit 2025, Consumables",S9996818,"Yemen PHC kit 2025, Consumables sub 3/3",,,30,S0523058,"Swab,alcohol,6x3cm,BOX-100",6,EA,X
2839,S9906806,"Yemen PHC kit 2025, Consumables",S9996818,"Yemen PHC kit 2025, Consumables sub 3/3",,,40,S0709234,"Cannula IV short 24G, ster, disp, BOX-50",14,EA,X
2840,S9906806,"Yemen PHC kit 2025, Consumables",S9996818,"Yemen PHC kit 2025, Consumables sub 3/3",,,50,S0782371,"Safety box f.used syrg/ndl5L,HMD/BOX-25",2,BOX,X
2841,S9906712,"SD, Primary Healthcare kit, 2016",S9999490,Sub 4/4 SD Primary Healthcare2016,,,10,S1560826,Compound Sodium Lactate 500ml bot/BOX-20,1,EA,X
2842,S9901044,"IEHK 2024,Suppl. Medicine Inj. UNIT",S9991145,"SUB 1/5 IEHK 2024,Suppl. Medicine Inj.",,,10,S9012024,"Double-wall ctn.60x40x50 cm, 0.120 m3",1,EA,
2843,S9901044,"IEHK 2024,Suppl. Medicine Inj. UNIT",S9991145,"SUB 1/5 IEHK 2024,Suppl. Medicine Inj.",,,20,S1551960,Gentamicin inj 40mg/ml 2ml amp/BOX-50,2,BOX,X
2844,S9901044,"IEHK 2024,Suppl. Medicine Inj. UNIT",S9991145,"SUB 1/5 IEHK 2024,Suppl. Medicine Inj.",,,50,S1560832,Water for injection 10ml amp/BOX-50,15,EA,X
2845,S9901044,"IEHK 2024,Suppl. Medicine Inj. UNIT",S9991145,"SUB 1/5 IEHK 2024,Suppl. Medicine Inj.",,,60,S1560202,Phytomenadione 2mg/0.2ml inj. amp/BOX-5,6,BOX,X
2846,S9901044,"IEHK 2024,Suppl. Medicine Inj. UNIT",S9991145,"SUB 1/5 IEHK 2024,Suppl. Medicine Inj.",,,70,S0145590,"User feedback sheet, IEHK",1,EA,
2847,S9901044,"IEHK 2024,Suppl. Medicine Inj. UNIT",S9991145,"SUB 1/5 IEHK 2024,Suppl. Medicine Inj.",,,90,S0531990,"Infusion giving set,w/burette,ster,s.u.",30,EA,X
2848,S9901044,"IEHK 2024,Suppl. Medicine Inj. UNIT",S9991145,"SUB 1/5 IEHK 2024,Suppl. Medicine Inj.",,,100,S9991150,"PP 1/2 ml IEHK 2024,Suppl. Medicine Inj.",1,EA,X
2849,S9901044,"IEHK 2024,Suppl. Medicine Inj. UNIT",S9991145,"SUB 1/5 IEHK 2024,Suppl. Medicine Inj.",S9991150,"PP 1/2 ml IEHK 2024,Suppl. Medicine Inj.",10,S8941505,"Pre-pack Carton, 32x24x20 cm, 0.015 m3",1,EA,
2850,S9901044,"IEHK 2024,Suppl. Medicine Inj. UNIT",S9991145,"SUB 1/5 IEHK 2024,Suppl. Medicine Inj.",S9991150,"PP 1/2 ml IEHK 2024,Suppl. Medicine Inj.",20,S1514010,Atropine inj 1mg/ml 1ml amp/BOX-10,5,BOX,X
2851,S9901044,"IEHK 2024,Suppl. Medicine Inj. UNIT",S9991145,"SUB 1/5 IEHK 2024,Suppl. Medicine Inj.",S9991150,"PP 1/2 ml IEHK 2024,Suppl. Medicine Inj.",30,S1585000,Calc.glucon.inj 100mg/ml 10ml amp/BOX-10,1,BOX,X
2852,S9901044,"IEHK 2024,Suppl. Medicine Inj. UNIT",S9991145,"SUB 1/5 IEHK 2024,Suppl. Medicine Inj.",S9991150,"PP 1/2 ml IEHK 2024,Suppl. Medicine Inj.",40,S1501000,Epinephrine inj 1mg/ml 1ml amp/BOX-10,5,BOX,X
2853,S9901044,"IEHK 2024,Suppl. Medicine Inj. UNIT",S9991145,"SUB 1/5 IEHK 2024,Suppl. Medicine Inj.",S9991150,"PP 1/2 ml IEHK 2024,Suppl. Medicine Inj.",50,S1550525,Furosemide inj 10mg/ml 2ml amp/BOX-10,2,BOX,X
2854,S9901044,"IEHK 2024,Suppl. Medicine Inj. UNIT",S9991145,"SUB 1/5 IEHK 2024,Suppl. Medicine Inj.",S9991150,"PP 1/2 ml IEHK 2024,Suppl. Medicine Inj.",60,S1551050,"Heparin 5000IU/ml inj, 5ml vial/PAC-10",3,EA,X
2855,S9901044,"IEHK 2024,Suppl. Medicine Inj. UNIT",S9991145,"SUB 1/5 IEHK 2024,Suppl. Medicine Inj.",S9991150,"PP 1/2 ml IEHK 2024,Suppl. Medicine Inj.",70,S1552416,Hydralazine pdr/inj 20mg amp/BOX-5,4,BOX,X
2856,S9901044,"IEHK 2024,Suppl. Medicine Inj. UNIT",S9991145,"SUB 1/5 IEHK 2024,Suppl. Medicine Inj.",S9991150,"PP 1/2 ml IEHK 2024,Suppl. Medicine Inj.",80,S1564337,Sodium Chloride 0.9% inj 10ml amp/BOX-20,1,EA,X
2857,S9901044,"IEHK 2024,Suppl. Medicine Inj. UNIT",S9991145,"SUB 1/5 IEHK 2024,Suppl. Medicine Inj.",S9991150,"PP 1/2 ml IEHK 2024,Suppl. Medicine Inj.",90,S1552610,Hydrocortisone pdr/inj 100mg vial/BOX-10,5,BOX,X
2858,S9901044,"IEHK 2024,Suppl. Medicine Inj. UNIT",S9991145,"SUB 1/5 IEHK 2024,Suppl. Medicine Inj.",S9991150,"PP 1/2 ml IEHK 2024,Suppl. Medicine Inj.",100,S1552305,Protamine sulfate 10mg/ml inj 5ml/BOX-10,1,PAC,X
2859,S9901044,"IEHK 2024,Suppl. Medicine Inj. UNIT",S9991145,"SUB 1/5 IEHK 2024,Suppl. Medicine Inj.",S9991150,"PP 1/2 ml IEHK 2024,Suppl. Medicine Inj.",110,S1569650,Naloxone inj 400mcg/ml 1ml amp/BOX-10,1,BOX,X
2860,S9901044,"IEHK 2024,Suppl. Medicine Inj. UNIT",S9991145,"SUB 1/5 IEHK 2024,Suppl. Medicine Inj.",S9991150,"PP 1/2 ml IEHK 2024,Suppl. Medicine Inj.",120,S1552306,Tranexamic acid 100mg/ml inj 5ml/BOX-5,4,PAC,X
2861,S9901044,"IEHK 2024,Suppl. Medicine Inj. UNIT",S9991146,"SUB 2/5 IEHK 2024,Suppl. Medicine Inj.",,,10,S9006014,"Double-wall ctn.60x40x25 cm, 0.060 m3",1,EA,
2862,S9901044,"IEHK 2024,Suppl. Medicine Inj. UNIT",S9991146,"SUB 2/5 IEHK 2024,Suppl. Medicine Inj.",,,20,S1520011,Benzylpenicillin pdr/inj 5MIUvial/BOX-50,5,BOX,X
2863,S9901044,"IEHK 2024,Suppl. Medicine Inj. UNIT",S9991146,"SUB 2/5 IEHK 2024,Suppl. Medicine Inj.",,,30,S1560832,Water for injection 10ml amp/BOX-50,10,EA,X
2864,S9901044,"IEHK 2024,Suppl. Medicine Inj. UNIT",S9991147,"SUB 3/5 IEHK 2024,Suppl. Medicine Inj.",,,10,S9006014,"Double-wall ctn.60x40x25 cm, 0.060 m3",1,EA,
2865,S9901044,"IEHK 2024,Suppl. Medicine Inj. UNIT",S9991147,"SUB 3/5 IEHK 2024,Suppl. Medicine Inj.",,,20,S1559355,Magn.sulph.inj 500mg/ml 10ml amp/BOX-10,3,BOX,X
2866,S9901044,"IEHK 2024,Suppl. Medicine Inj. UNIT",S9991147,"SUB 3/5 IEHK 2024,Suppl. Medicine Inj.",,,30,S1560832,Water for injection 10ml amp/BOX-50,15,EA,X
2867,S9901044,"IEHK 2024,Suppl. Medicine Inj. UNIT",S9991148,"SUB 4/5 IEHK 2024,Suppl. Medicine Inj.",,,10,S9006014,"Double-wall ctn.60x40x25 cm, 0.060 m3",1,EA,
2868,S9901044,"IEHK 2024,Suppl. Medicine Inj. UNIT",S9991148,"SUB 4/5 IEHK 2024,Suppl. Medicine Inj.",,,20,S1505099,Ampicillin pdr/inj 500mg vial/BOX-50,2,BOX,X
2869,S9901044,"IEHK 2024,Suppl. Medicine Inj. UNIT",S9991148,"SUB 4/5 IEHK 2024,Suppl. Medicine Inj.",,,30,S1559005,Benzabenzylpen.pdr/inj 2.4MIUvl/BOX-50,1,BOX,X
2870,S9901044,"IEHK 2024,Suppl. Medicine Inj. UNIT",S9991148,"SUB 4/5 IEHK 2024,Suppl. Medicine Inj.",,,40,S1552115,Glucose hyperton.inj 50% 50mL vl/BOX-20,5,BOX,X
2871,S9901044,"IEHK 2024,Suppl. Medicine Inj. UNIT",S9991148,"SUB 4/5 IEHK 2024,Suppl. Medicine Inj.",,,50,S1555206,Lidocaine inj 1% 20ml ampl/BOX-20,3,BOX,X
2872,S9901044,"IEHK 2024,Suppl. Medicine Inj. UNIT",S9991149,"IEHK 2024,Suppl. Medicine Inj. S9901044",,,20,S1560826,Compound Sodium Lactate 500ml bot/BOX-20,10,EA,X
2873,S9901044,"IEHK 2024,Suppl. Medicine Inj. UNIT",S9991149,"IEHK 2024,Suppl. Medicine Inj. S9901044",,,30,S1552117,Glucose 5% 500ml bot/BOX-20,5,BOX,X
2874,S9901044,"IEHK 2024,Suppl. Medicine Inj. UNIT",S9991149,"IEHK 2024,Suppl. Medicine Inj. S9901044",,,50,S9991151,"PP 2/2 LL IEHK 2024,Suppl. Medicine Inj.",2,EA,X
2875,S9901044,"IEHK 2024,Suppl. Medicine Inj. UNIT",S9991149,"IEHK 2024,Suppl. Medicine Inj. S9901044",S9991151,"PP 2/2 LL IEHK 2024,Suppl. Medicine Inj.",10,S9008013,"Double-wall ctn.80x40x25 cm, 0.080 m3",2,EA,
2876,S9901044,"IEHK 2024,Suppl. Medicine Inj. UNIT",S9991149,"IEHK 2024,Suppl. Medicine Inj. S9901044",S9991151,"PP 2/2 LL IEHK 2024,Suppl. Medicine Inj.",20,S1531005,Ceftriaxone pdr/inj 1g vial/BOX-10,80,BOX,X
2877,S9901044,"IEHK 2024,Suppl. Medicine Inj. UNIT",S9991149,"IEHK 2024,Suppl. Medicine Inj. S9901044",S9991151,"PP 2/2 LL IEHK 2024,Suppl. Medicine Inj.",30,S0531991,"Infusion giving set,sterile,s.u.",300,EA,X
2878,S7903003,"ECHO AWD, Periphery kit, Renewable",S7993013,"AWD, Periphery kit, Renewable sub 1/3",,,10,S9012024,"Double-wall ctn.60x40x50 cm, 0.120 m3",1,EA,
2879,S7903003,"ECHO AWD, Periphery kit, Renewable",S7993013,"AWD, Periphery kit, Renewable sub 1/3",,,20,S0969025,"Gloves,exam,nitrile,pwdfree,M,BOX-100",7,EA,X
2880,S7903003,"ECHO AWD, Periphery kit, Renewable",S7993013,"AWD, Periphery kit, Renewable sub 1/3",,,30,S0523015,"Compress,gauze,10x10cm,n/ster/PAC-100",3,EA,X
2881,S7903003,"ECHO AWD, Periphery kit, Renewable",S7993013,"AWD, Periphery kit, Renewable sub 1/3",,,50,S0531991,"Infusion giving set,sterile,s.u.",180,EA,X
2882,S7903003,"ECHO AWD, Periphery kit, Renewable",S7993013,"AWD, Periphery kit, Renewable sub 1/3",,,60,S0330501,"Bag,urine collecting,2L,drain.,sterile",30,EA,X
2883,S7903003,"ECHO AWD, Periphery kit, Renewable",S7993013,"AWD, Periphery kit, Renewable sub 1/3",,,70,S0552000,"Soap,toilet,bar,approx.100-110g,wrapped",120,EA,
2884,S7903003,"ECHO AWD, Periphery kit, Renewable",S7993023,"AWD, Periphery kit, Renewable sub 2/3",,,10,S9016023,"Double-wall ctn.80x40x50 cm, 0.160 m3",1,EA,
2885,S7903003,"ECHO AWD, Periphery kit, Renewable",S7993023,"AWD, Periphery kit, Renewable sub 2/3",,,20,S0552000,"Soap,toilet,bar,approx.100-110g,wrapped",120,EA,
2886,S7903003,"ECHO AWD, Periphery kit, Renewable",S7993023,"AWD, Periphery kit, Renewable sub 2/3",,,30,S9999143,"PP 3/3 Periphery,Renewable",1,EA,X
2887,S7903003,"ECHO AWD, Periphery kit, Renewable",S7993023,"AWD, Periphery kit, Renewable sub 2/3",,,40,S0366010,"Syringe,feeding,50ml,catheter tip,ster",25,EA,X
2888,S7903003,"ECHO AWD, Periphery kit, Renewable",S7993023,"AWD, Periphery kit, Renewable sub 2/3",,,50,S0969021,"Gloves,exam,nitrile,pwdfree,S,BOX-100",4,EA,X
2889,S7903003,"ECHO AWD, Periphery kit, Renewable",S7993023,"AWD, Periphery kit, Renewable sub 2/3",,,60,S0990030,"Body bag,infection control,adult",5,EA,X
2890,S7903003,"ECHO AWD, Periphery kit, Renewable",S7993023,"AWD, Periphery kit, Renewable sub 2/3",,,70,S9999138,PP 2/3 (old 2/7)Periphery Renewable,1,EA,X
2891,S7903003,"ECHO AWD, Periphery kit, Renewable",S7993023,"AWD, Periphery kit, Renewable sub 2/3",,,80,S9999137,PP 1/3 (old 1/7)Periphery Renew S9903003,1,EA,X
2892,S7903003,"ECHO AWD, Periphery kit, Renewable",S7993023,"AWD, Periphery kit, Renewable sub 2/3",S9999143,"PP 3/3 Periphery,Renewable",10,S8941500,"Pre-pack Carton, 70x19x10 cm, 0.014 m3",1,EA,
2893,S7903003,"ECHO AWD, Periphery kit, Renewable",S7993023,"AWD, Periphery kit, Renewable sub 2/3",S9999143,"PP 3/3 Periphery,Renewable",20,S0323301,"Catheter,Foley,CH12,ster,disp",2,EA,X
2894,S7903003,"ECHO AWD, Periphery kit, Renewable",S7993023,"AWD, Periphery kit, Renewable sub 2/3",S9999143,"PP 3/3 Periphery,Renewable",30,S0323302,"Catheter,Foley,CH14,ster,disp",5,EA,X
2895,S7903003,"ECHO AWD, Periphery kit, Renewable",S7993023,"AWD, Periphery kit, Renewable sub 2/3",S9999143,"PP 3/3 Periphery,Renewable",40,S0323303,"Catheter,Foley,CH18,ster,disp",5,EA,X
2896,S7903003,"ECHO AWD, Periphery kit, Renewable",S7993023,"AWD, Periphery kit, Renewable sub 2/3",S9999143,"PP 3/3 Periphery,Renewable",50,S0373500,"Tube,feeding,CH05,L40cm,ster,disp",2,EA,X
2897,S7903003,"ECHO AWD, Periphery kit, Renewable",S7993023,"AWD, Periphery kit, Renewable sub 2/3",S9999143,"PP 3/3 Periphery,Renewable",60,S0373000,"Tube,feeding,CH08,L40cm,ster,disp",5,EA,X
2898,S7903003,"ECHO AWD, Periphery kit, Renewable",S7993023,"AWD, Periphery kit, Renewable sub 2/3",S9999143,"PP 3/3 Periphery,Renewable",70,S0372020,"Tube,asp/feed,CH12,L125cm,ster,disp",5,EA,X
2899,S7903003,"ECHO AWD, Periphery kit, Renewable",S7993023,"AWD, Periphery kit, Renewable sub 2/3",S9999138,PP 2/3 (old 2/7)Periphery Renewable,10,S8941505,"Pre-pack Carton, 32x24x20 cm, 0.015 m3",1,EA,
2900,S7903003,"ECHO AWD, Periphery kit, Renewable",S7993023,"AWD, Periphery kit, Renewable sub 2/3",S9999138,PP 2/3 (old 2/7)Periphery Renewable,20,S0327540,"Gloves,surg,pwdfree,8.5,ster,s.u.,pair",10,EA,X
2901,S7903003,"ECHO AWD, Periphery kit, Renewable",S7993023,"AWD, Periphery kit, Renewable sub 2/3",S9999138,PP 2/3 (old 2/7)Periphery Renewable,40,S0969030,"Container, sample, 50 ml, box/10",1,EA,X
2902,S7903003,"ECHO AWD, Periphery kit, Renewable",S7993023,"AWD, Periphery kit, Renewable sub 2/3",S9999138,PP 2/3 (old 2/7)Periphery Renewable,50,S0744300,"Needle,scalp vein,25G,ster,disp",15,EA,X
2903,S7903003,"ECHO AWD, Periphery kit, Renewable",S7993023,"AWD, Periphery kit, Renewable sub 2/3",S9999138,PP 2/3 (old 2/7)Periphery Renewable,60,S0565850,"Razor,single edge,plastic,s.u./PAC-10",1,PAC,
2904,S7903003,"ECHO AWD, Periphery kit, Renewable",S7993023,"AWD, Periphery kit, Renewable sub 2/3",S9999138,PP 2/3 (old 2/7)Periphery Renewable,70,S0370500,"Tube,asp/feed,CH16,L125cm,ster,disp",5,EA,X
2905,S7903003,"ECHO AWD, Periphery kit, Renewable",S7993023,"AWD, Periphery kit, Renewable sub 2/3",S9999138,PP 2/3 (old 2/7)Periphery Renewable,80,S0744400,"Needle,scalp vein,21G,ster,disp",15,EA,X
2906,S7903003,"ECHO AWD, Periphery kit, Renewable",S7993023,"AWD, Periphery kit, Renewable sub 2/3",S9999137,PP 1/3 (old 1/7)Periphery Renew S9903003,10,S8941505,"Pre-pack Carton, 32x24x20 cm, 0.015 m3",1,EA,
2907,S7903003,"ECHO AWD, Periphery kit, Renewable",S7993023,"AWD, Periphery kit, Renewable sub 2/3",S9999137,PP 1/3 (old 1/7)Periphery Renew S9903003,20,S0709231,"Cannula IV short 18G, ster, disp, BOX-50",1,EA,X
2908,S7903003,"ECHO AWD, Periphery kit, Renewable",S7993023,"AWD, Periphery kit, Renewable sub 2/3",S9999137,PP 1/3 (old 1/7)Periphery Renew S9903003,30,S0572510,"Blanket,survival,220x140cm",5,EA,
2909,S7903003,"ECHO AWD, Periphery kit, Renewable",S7993023,"AWD, Periphery kit, Renewable sub 2/3",S9999137,PP 1/3 (old 1/7)Periphery Renew S9903003,40,S0709233,"Cannula IV short 22G, ster, disp, BOX-50",1,EA,X
2910,S7903003,"ECHO AWD, Periphery kit, Renewable",S7993023,"AWD, Periphery kit, Renewable sub 2/3",S9999137,PP 1/3 (old 1/7)Periphery Renew S9903003,50,S0709200,"Cannula,IV short,16G,ster,disp",15,EA,X
2911,S7903003,"ECHO AWD, Periphery kit, Renewable",S7993023,"AWD, Periphery kit, Renewable sub 2/3",S9999137,PP 1/3 (old 1/7)Periphery Renew S9903003,60,S0503015,"Medical tape,2.5cmx5m,roll",20,EA,X
2912,S7903003,"ECHO AWD, Periphery kit, Renewable",S7993023,"AWD, Periphery kit, Renewable sub 2/3",S9999137,PP 1/3 (old 1/7)Periphery Renew S9903003,70,S0709230,"Cannula,IV short,24G,ster,disp",15,EA,X
2913,S7903003,"ECHO AWD, Periphery kit, Renewable",S7993023,"AWD, Periphery kit, Renewable sub 2/3",S9999137,PP 1/3 (old 1/7)Periphery Renew S9903003,80,S0512025,"Bandage,gauze,8cmx4m,roll",30,EA,X
2914,S7903003,"ECHO AWD, Periphery kit, Renewable",S7993023,"AWD, Periphery kit, Renewable sub 2/3",S9999137,PP 1/3 (old 1/7)Periphery Renew S9903003,90,S0327500,"Gloves,surg,pwdfree,6.5,ster,s.u.,pair",10,EA,X
2915,S7903003,"ECHO AWD, Periphery kit, Renewable",S7993033,"AWD, Periphery kit, Renewable sub 3/3",,,10,S9016023,"Double-wall ctn.80x40x50 cm, 0.160 m3",1,EA,
2916,S7903003,"ECHO AWD, Periphery kit, Renewable",S7993033,"AWD, Periphery kit, Renewable sub 3/3",,,20,S0782379,"Safety box f.used syrg/ndl5L,Smur/BOX-25",1,BOX,X
2917,S7903003,"ECHO AWD, Periphery kit, Renewable",S7993033,"AWD, Periphery kit, Renewable sub 3/3",,,30,S0990040,"Body bag,infection control,child",5,EA,X
2918,S7903003,"ECHO AWD, Periphery kit, Renewable",S7993033,"AWD, Periphery kit, Renewable sub 3/3",,,40,S0519000,"Cotton wool,500g,roll,non-ster",5,EA,X
2919,S7903003,"ECHO AWD, Periphery kit, Renewable",S7993033,"AWD, Periphery kit, Renewable sub 3/3",,,50,S0782413,"Syringe,disp,10ml,ster/BOX-100",1,BOX,X
2920,S7903003,"ECHO AWD, Periphery kit, Renewable",S7993033,"AWD, Periphery kit, Renewable sub 3/3",,,60,S0969026,"Gloves,exam,nitrile,pwdfree,L,BOX-100",4,EA,X
2921,S7903003,"ECHO AWD, Periphery kit, Renewable",S7993033,"AWD, Periphery kit, Renewable sub 3/3",,,70,S0327520,"Gloves,surg,pwdfree,7.5,ster,s.u.,pair",50,EA,X
2922,S7903003,"ECHO AWD, Periphery kit, Renewable",S7993033,"AWD, Periphery kit, Renewable sub 3/3",,,80,S0366020,"Syringe,feeding,50ml,luer tip,ster",25,EA,X
2923,S7903003,"ECHO AWD, Periphery kit, Renewable",S7993033,"AWD, Periphery kit, Renewable sub 3/3",,,90,S0709240,"Three-way valve, Luer, w/caps/BOX-50",4,EA,X
2924,S7903003,"ECHO AWD, Periphery kit, Renewable",S7993033,"AWD, Periphery kit, Renewable sub 3/3",,,100,S0969036,"Cary-Blair,agar,swab,disposable,BOX/10",1,BOX,X
2925,S9906807,"Yemen PHC kit 2025, Supp. HC Medicines",S9996808," S 1/2 S9996807 Yemen PHC kit 2025,Medi",,,10,S9010633,"Double-wall ctn.80x40x33 cm, 0.106 m3",1,EA,
2926,S9906807,"Yemen PHC kit 2025, Supp. HC Medicines",S9996808," S 1/2 S9996807 Yemen PHC kit 2025,Medi",,,20,S1544402,Doxycycline 100mg tabs PAC/10x10,40,EA,X
2927,S9906807,"Yemen PHC kit 2025, Supp. HC Medicines",S9996808," S 1/2 S9996807 Yemen PHC kit 2025,Medi",,,30,S1551960,Gentamicin inj 40mg/ml 2ml amp/BOX-50,2,BOX,X
2928,S9906807,"Yemen PHC kit 2025, Supp. HC Medicines",S9996808," S 1/2 S9996807 Yemen PHC kit 2025,Medi",,,40,S1555680,Metronidazole inj 500mg/100ml vl/BOX-50,1,BOX,X
2929,S9906807,"Yemen PHC kit 2025, Supp. HC Medicines",S9996808," S 1/2 S9996807 Yemen PHC kit 2025,Medi",,,50,S9996807,"PP S9996807 Yemen PHC kit 2025,Medicines",1,EA,X
2930,S9906807,"Yemen PHC kit 2025, Supp. HC Medicines",S9996808," S 1/2 S9996807 Yemen PHC kit 2025,Medi",S9996807,"PP S9996807 Yemen PHC kit 2025,Medicines",10,S8941505,"Pre-pack Carton, 32x24x20 cm, 0.015 m3",1,EA,
2931,S9906807,"Yemen PHC kit 2025, Supp. HC Medicines",S9996808," S 1/2 S9996807 Yemen PHC kit 2025,Medi",S9996807,"PP S9996807 Yemen PHC kit 2025,Medicines",20,S1585000,Calc.glucon.inj 100mg/ml 10ml amp/BOX-10,2,BOX,X
2932,S9906807,"Yemen PHC kit 2025, Supp. HC Medicines",S9996808," S 1/2 S9996807 Yemen PHC kit 2025,Medi",S9996807,"PP S9996807 Yemen PHC kit 2025,Medicines",30,S0566010,"Clamp,umbilical cord,ster,s.u.",10,EA,X
2933,S9906807,"Yemen PHC kit 2025, Supp. HC Medicines",S9996808," S 1/2 S9996807 Yemen PHC kit 2025,Medi",S9996807,"PP S9996807 Yemen PHC kit 2025,Medicines",40,S1543755,Enalapril maleate 5mg tabs/PAC-10x10,6,EA,X
2934,S9906807,"Yemen PHC kit 2025, Supp. HC Medicines",S9996808," S 1/2 S9996807 Yemen PHC kit 2025,Medi",S9996807,"PP S9996807 Yemen PHC kit 2025,Medicines",50,S1550501,Furosemide 40mg tabs/PAC-10x10,6,PAC,X
2935,S9906807,"Yemen PHC kit 2025, Supp. HC Medicines",S9996808," S 1/2 S9996807 Yemen PHC kit 2025,Medi",S9996807,"PP S9996807 Yemen PHC kit 2025,Medicines",60,S1562041,Magnesium trisilicate compd. tab/PAC-100,4,PAC,X
2936,S9906807,"Yemen PHC kit 2025, Supp. HC Medicines",S9996808," S 1/2 S9996807 Yemen PHC kit 2025,Medi",S9996807,"PP S9996807 Yemen PHC kit 2025,Medicines",70,S1543711,Methyldopa 250mg tabs/PAC-10x10,6,EA,X
2937,S9906807,"Yemen PHC kit 2025, Supp. HC Medicines",S9996808," S 1/2 S9996807 Yemen PHC kit 2025,Medi",S9996807,"PP S9996807 Yemen PHC kit 2025,Medicines",80,S1514148,Prednisolone 5mg tabs/PAC-10x10,4,PAC,X
2938,S9906807,"Yemen PHC kit 2025, Supp. HC Medicines",S9996809," S 2/2 S9996807 Yemen PHC kit 2025,Medi",,,90,S0366010,"Syringe,feeding,50ml,catheter tip,ster",10,EA,X
2939,S9906807,"Yemen PHC kit 2025, Supp. HC Medicines",S9996809," S 2/2 S9996807 Yemen PHC kit 2025,Medi",,,10,S9008034,"Double-wall ctn.60x40x33.3 cm, 0.08 m3",1,EA,
2940,S9906807,"Yemen PHC kit 2025, Supp. HC Medicines",S9996809," S 2/2 S9996807 Yemen PHC kit 2025,Medi",,,20,S1505076,Ampicillin pdr/inj 500mg vial/BOX-100,2,BOX,X
2941,S9906807,"Yemen PHC kit 2025, Supp. HC Medicines",S9996809," S 2/2 S9996807 Yemen PHC kit 2025,Medi",,,30,S1531042,Chlorhex.diglu.7.1% gel cord.c.TBE/20g,50,EA,X
2942,S9906807,"Yemen PHC kit 2025, Supp. HC Medicines",S9996809," S 2/2 S9996807 Yemen PHC kit 2025,Medi",,,40,S1555680,Metronidazole inj 500mg/100ml vl/BOX-50,1,BOX,X
2943,S9903002,"AWD, Periphery kit, Equipment",,,,,50,S1514151,Metformin HCl 500mg/PAC-10x10,20,PAC,X
2944,S9903002,"AWD, Periphery kit, Equipment",,,,,10,S9006014,"Double-wall ctn.60x40x25 cm, 0.060 m3",1,EA,
2945,S9903002,"AWD, Periphery kit, Equipment",,,,,20,S0141025,"Scale,survey,mother/child,bat,150kg",1,EA,X
2946,S9903002,"AWD, Periphery kit, Equipment",,,,,30,S9999147,"PP 1/1 AWD Periphery, Equipment",1,EA,X
2947,S9903002,"AWD, Periphery kit, Equipment",,,,,40,S0145555,"Scale,spring type,infant,25kgx100g",1,EA,
2948,S9903002,"AWD, Periphery kit, Equipment",,,,,50,S0566014,"Infusion Arm Splint, Foldable, Adult",3,EA,
2949,S9903002,"AWD, Periphery kit, Equipment",,,,,60,S0683200,"Sphygmomanometer,(adult),aneroid",2,EA,
2950,S9903002,"AWD, Periphery kit, Equipment",,,S9999147,"PP 1/1 AWD Periphery, Equipment",10,S8941505,"Pre-pack Carton, 32x24x20 cm, 0.015 m3",1,EA,
2951,S9903002,"AWD, Periphery kit, Equipment",,,S9999147,"PP 1/1 AWD Periphery, Equipment",20,S0279000,"Tray,dressing,ss,300x200x30mm",5,EA,
2952,S9903002,"AWD, Periphery kit, Equipment",,,S9999147,"PP 1/1 AWD Periphery, Equipment",30,S0211000,"Basin,kidney,stainless steel,825ml",2,EA,
2953,S9903002,"AWD, Periphery kit, Equipment",,,S9999147,"PP 1/1 AWD Periphery, Equipment",40,S0686000,"Stethoscope,binaural,complete",2,EA,
2954,S9903002,"AWD, Periphery kit, Equipment",,,S9999147,"PP 1/1 AWD Periphery, Equipment",60,S0726000,"Forceps,artery,Kocher,140mm,str",20,EA,
2955,S9903002,"AWD, Periphery kit, Equipment",,,S9999147,"PP 1/1 AWD Periphery, Equipment",70,S0481056,"Thermometer,clinical,digital,waterproof",5,EA,X
2956,S9903002,"AWD, Periphery kit, Equipment",,,S9999147,"PP 1/1 AWD Periphery, Equipment",80,S0385010,"Tourniquet,latex-free,50cm",5,EA,
2957,S9903002,"AWD, Periphery kit, Equipment",,,S9999147,"PP 1/1 AWD Periphery, Equipment",90,S0514000,"Brush,hand,scrubbing,plastic",20,EA,
2958,S9903002,"AWD, Periphery kit, Equipment",,,S9999147,"PP 1/1 AWD Periphery, Equipment",100,S0773500,"Scissors,Deaver,140mm,str,s/b",2,EA,
2959,S9902460,"NBK, Hospital, Module 1, Medicines",S9992461,"SUB 1/16 NBK,Hospital, Module 1, Medicin",,,70,S0566015,"Infusion Arm Splint, Foldable, Child",3,EA,
2960,S9902460,"NBK, Hospital, Module 1, Medicines",S9992461,"SUB 1/16 NBK,Hospital, Module 1, Medicin",,,10,S1505099,Ampicillin pdr/inj 500mg vial/BOX-50,14,BOX,X
2961,S9902460,"NBK, Hospital, Module 1, Medicines",S9992462,"SUB 2/16 NBK,Hospital, Module 1, Medicin",,,20,S9010633,"Double-wall ctn.80x40x33 cm, 0.106 m3",1,EA,
2962,S9902460,"NBK, Hospital, Module 1, Medicines",S9992462,"SUB 2/16 NBK,Hospital, Module 1, Medicin",,,10,S1572014,Vitamin D3 133IU drops/BOT-15ml,350,BOT,X
2963,S9902460,"NBK, Hospital, Module 1, Medicines",S9992463,"SUB 3/16 NBK,Hospital, Module 1, Medicin",,,20,S9019200,"Double-wall ctn.100x40x48cm, 0.192 m3",1,EA,
2964,S9902460,"NBK, Hospital, Module 1, Medicines",S9992463,"SUB 3/16 NBK,Hospital, Module 1, Medicin",,,10,S1572014,Vitamin D3 133IU drops/BOT-15ml,350,BOT,X
2965,S9902460,"NBK, Hospital, Module 1, Medicines",S9992464,"SUB 4/16 NBK,Hospital, Module 1, Medicin",,,20,S9019200,"Double-wall ctn.100x40x48cm, 0.192 m3",1,EA,
2966,S9902460,"NBK, Hospital, Module 1, Medicines",S9992464,"SUB 4/16 NBK,Hospital, Module 1, Medicin",,,10,S9010633,"Double-wall ctn.80x40x33 cm, 0.106 m3",1,EA,
2967,S9902460,"NBK, Hospital, Module 1, Medicines",S9992465,"SUB 5/16 NBK,Hospital, Module 1, Medicin",,,20,S1552510,Zinc oxide ointment 10%/TBE-100g,140,TBE,X
2968,S9902460,"NBK, Hospital, Module 1, Medicines",S9992465,"SUB 5/16 NBK,Hospital, Module 1, Medicin",,,10,S1533005,Flucloxacil125mg/5ml pdr/or liq/BOT100ml,160,BOT,X
2969,S9902460,"NBK, Hospital, Module 1, Medicines",S9992466,"SUB 6/16 NBK,Hospital, Module 1, Medicin",,,20,S9010633,"Double-wall ctn.80x40x33 cm, 0.106 m3",1,EA,
2970,S9902460,"NBK, Hospital, Module 1, Medicines",S9992466,"SUB 6/16 NBK,Hospital, Module 1, Medicin",,,10,S1533005,Flucloxacil125mg/5ml pdr/or liq/BOT100ml,160,BOT,X
2971,S9902460,"NBK, Hospital, Module 1, Medicines",S9992467,"SUB 7/16 NBK,Hospital, Module 1, Medicin",,,20,S9010633,"Double-wall ctn.80x40x33 cm, 0.106 m3",1,EA,
2972,S9902460,"NBK, Hospital, Module 1, Medicines",S9992467,"SUB 7/16 NBK,Hospital, Module 1, Medicin",,,10,S1564320,Sod.chloride inj.0.9% 10ml/BOX-5,182,BOX,X
2973,S9902460,"NBK, Hospital, Module 1, Medicines",S9992468,"SUB 8/16 NBK,Hospital, Module 1, Medicin",,,20,S9008034,"Double-wall ctn.60x40x33.3 cm, 0.08 m3",1,EA,
2974,S9902460,"NBK, Hospital, Module 1, Medicines",S9992468,"SUB 8/16 NBK,Hospital, Module 1, Medicin",,,10,S1564320,Sod.chloride inj.0.9% 10ml/BOX-5,182,BOX,X
2975,S9902460,"NBK, Hospital, Module 1, Medicines",S9992469,"SUB 9/16 NBK,Hospital, Module 1, Medicin",,,20,S9008034,"Double-wall ctn.60x40x33.3 cm, 0.08 m3",1,EA,
2976,S9902460,"NBK, Hospital, Module 1, Medicines",S9992469,"SUB 9/16 NBK,Hospital, Module 1, Medicin",,,10,S1505043,Amoxicillin 250mg disp.tab/PAC-(10x10),6,PAC,X
2977,S9902460,"NBK, Hospital, Module 1, Medicines",S9992469,"SUB 9/16 NBK,Hospital, Module 1, Medicin",,,30,S1531006,Ceftriaxone pdr/inj 250mg vial/BOX-50,2,BOX,X
2978,S9902460,"NBK, Hospital, Module 1, Medicines",S9992469,"SUB 9/16 NBK,Hospital, Module 1, Medicin",,,40,S1531042,Chlorhex.diglu.7.1% gel cord.c.TBE/20g,300,EA,X
2979,S9902460,"NBK, Hospital, Module 1, Medicines",S9992469,"SUB 9/16 NBK,Hospital, Module 1, Medicin",,,50,S1537065,Cloxacillin pdr/inj 500mg vial/BOX-50,1,BOX,X
2980,S9902460,"NBK, Hospital, Module 1, Medicines",S9992469,"SUB 9/16 NBK,Hospital, Module 1, Medicin",,,70,S1521012,Erythromycin 0.5% eye ointment/TBE-3.5g,300,TBE,X
2981,S9902460,"NBK, Hospital, Module 1, Medicines",S9992460,"SUB 10/16 NBK,Hospital, Module 1,Medicin",,,90,S9010633,"Double-wall ctn.80x40x33 cm, 0.106 m3",1,EA,
2982,S9902460,"NBK, Hospital, Module 1, Medicines",S9992460,"SUB 10/16 NBK,Hospital, Module 1,Medicin",,,10,S1560202,Phytomenadione 2mg/0.2ml inj. amp/BOX-5,60,BOX,X
2983,S9902460,"NBK, Hospital, Module 1, Medicines",S9992460,"SUB 10/16 NBK,Hospital, Module 1,Medicin",,,20,S1521022,Aciclovir pdr.inj 250mg vial/BOX-5,1,BOX,X
2984,S9902460,"NBK, Hospital, Module 1, Medicines",S9992460,"SUB 10/16 NBK,Hospital, Module 1,Medicin",,,30,S1505046,Amoxicillin 125mg/5ml pdr.or.s/BOT-100ml,30,BOT,X
2985,S9902460,"NBK, Hospital, Module 1, Medicines",S9992460,"SUB 10/16 NBK,Hospital, Module 1,Medicin",,,40,S1560721,Benzabenzylpen pdr.inj 1.2MIUvl/BOX-1,50,BOX,X
2986,S9902460,"NBK, Hospital, Module 1, Medicines",S9992460,"SUB 10/16 NBK,Hospital, Module 1,Medicin",,,50,S1531019,Benzylpenicillin pdr/inj 1MIU vl/BOX-100,1,EA,X
2987,S9902460,"NBK, Hospital, Module 1, Medicines",S9992460,"SUB 10/16 NBK,Hospital, Module 1,Medicin",,,60,S1562047,CaffeinCit10mg/ml sol/inf 1ml amp/BOX-10,40,BOX,X
2988,S9902460,"NBK, Hospital, Module 1, Medicines",S9992460,"SUB 10/16 NBK,Hospital, Module 1,Medicin",,,70,S1585009,Paracetamol 120mg/5ml or.liq/BOT-60ml,50,BOT,X
2989,S9902460,"NBK, Hospital, Module 1, Medicines",S9992561,"SUB 11/16 NBK,Hospital,Module 1, Medicin",,,80,S9012024,"Double-wall ctn.60x40x50 cm, 0.120 m3",1,EA,
2990,S9902460,"NBK, Hospital, Module 1, Medicines",S9992561,"SUB 11/16 NBK,Hospital,Module 1, Medicin",,,10,S9010633,"Double-wall ctn.80x40x33 cm, 0.106 m3",1,EA,
2991,S9902460,"NBK, Hospital, Module 1, Medicines",S9992562,"SUB 12/16 NBK,Hospital,Module 1, Medicin",,,20,S1505099,Ampicillin pdr/inj 500mg vial/BOX-50,14,BOX,X
2992,S9902460,"NBK, Hospital, Module 1, Medicines",S9992562,"SUB 12/16 NBK,Hospital,Module 1, Medicin",,,10,S9010633,"Double-wall ctn.80x40x33 cm, 0.106 m3",1,EA,
2993,S9902460,"NBK, Hospital, Module 1, Medicines",S9992562,"SUB 12/16 NBK,Hospital,Module 1, Medicin",,,20,S1564320,Sod.chloride inj.0.9% 10ml/BOX-5,136,BOX,X
2994,S9902460,"NBK, Hospital, Module 1, Medicines",S9992562,"SUB 12/16 NBK,Hospital,Module 1, Medicin",,,40,S1533005,Flucloxacil125mg/5ml pdr/or liq/BOT100ml,20,BOT,X
2995,S9902460,"NBK, Hospital, Module 1, Medicines",S9992562,"SUB 12/16 NBK,Hospital,Module 1, Medicin",,,50,S1572014,Vitamin D3 133IU drops/BOT-15ml,20,BOT,X
2996,S9902460,"NBK, Hospital, Module 1, Medicines",S9992563,"SUB 13/16 NBK,Hospital,Module 1, Medicin",,,60,S1551961,Gentamicin inj 10mg/ml 2ml amp/BOX-50,4,BOX,X
2997,S9902460,"NBK, Hospital, Module 1, Medicines",S9992563,"SUB 13/16 NBK,Hospital,Module 1, Medicin",,,10,S9010633,"Double-wall ctn.80x40x33 cm, 0.106 m3",1,EA,
2998,S9902460,"NBK, Hospital, Module 1, Medicines",S9992564,"SUB 14/16 NBK,Hospital,Module 1, Medicin",,,20,S1533005,Flucloxacil125mg/5ml pdr/or liq/BOT100ml,160,BOT,X
2999,S9902460,"NBK, Hospital, Module 1, Medicines",S9992564,"SUB 14/16 NBK,Hospital,Module 1, Medicin",,,10,S9010633,"Double-wall ctn.80x40x33 cm, 0.106 m3",1,EA,
3000,S9902460,"NBK, Hospital, Module 1, Medicines",S9992565,"SUB 15/16 NBK,Hospital,Module 1, Medicin",,,20,S1552510,Zinc oxide ointment 10%/TBE-100g,140,TBE,X
3001,S9902460,"NBK, Hospital, Module 1, Medicines",S9992565,"SUB 15/16 NBK,Hospital,Module 1, Medicin",,,10,S1552510,Zinc oxide ointment 10%/TBE-100g,20,TBE,X
3002,S9902460,"NBK, Hospital, Module 1, Medicines",S9992565,"SUB 15/16 NBK,Hospital,Module 1, Medicin",,,20,S9010633,"Double-wall ctn.80x40x33 cm, 0.106 m3",1,EA,
3003,S9902460,"NBK, Hospital, Module 1, Medicines",S9992565,"SUB 15/16 NBK,Hospital,Module 1, Medicin",,,30,S1562047,CaffeinCit10mg/ml sol/inf 1ml amp/BOX-10,40,BOX,X
3004,S9902460,"NBK, Hospital, Module 1, Medicines",S9992565,"SUB 15/16 NBK,Hospital,Module 1, Medicin",,,40,S1533003,Cefotaxime 500mg pdr/inj. vial/BOX-10,25,BOX,X
3005,S9902460,"NBK, Hospital, Module 1, Medicines",S9992430,"SUB 16/16 NBK,Hospital,Module1 Med 16-48",,,50,S1560832,Water for injection 10ml amp/BOX-50,6,EA,X
3006,S9902460,"NBK, Hospital, Module 1, Medicines",S9992430,"SUB 16/16 NBK,Hospital,Module1 Med 16-48",,,10,S1552118,Glucose 10% 500ml bot/BOX-20,30,BOX,X
3007,S9901046,"IEHK 2024,Suppl Medicine Controlled UNIT",,,,,20,S1552119,Sodium Chloride 0.9% 500ml bot/BOX-20,3,BOX,X
3008,S9901046,"IEHK 2024,Suppl Medicine Controlled UNIT",,,,,10,S1532305,Ketamine inj 50mg/ml 10ml vial/BOX-25 nt,1,BOX,X
3009,S9901046,"IEHK 2024,Suppl Medicine Controlled UNIT",,,,,20,S1543630,Diazepam 5mg tabs/PAC-100             pt,3,PAC,X
3010,S9901046,"IEHK 2024,Suppl Medicine Controlled UNIT",,,,,30,S1543625,Diazepam inj 5mg/ml 2ml amp/BOX-10    pt,20,BOX,X
3011,S9901046,"IEHK 2024,Suppl Medicine Controlled UNIT",,,,,40,S1559319,"Midazolam 1mg/ml inj, 5ml amp/BOX-10 pt",10,BOX,X
3012,S9901046,"IEHK 2024,Suppl Medicine Controlled UNIT",,,,,50,S1555950,Morphine sulph.inj 10mg/ml 1ml/BOX-10 nt,5,BOX,X
3013,S9901046,"IEHK 2024,Suppl Medicine Controlled UNIT",,,,,60,S0845243,"Mucosal atomisation device, BOX-25",2,BOX,X
3014,S9901046,"IEHK 2024,Suppl Medicine Controlled UNIT",,,,,70,S1555951,Morphine sulfate 10mg IR tabs/PAC-56 nt,4,EA,X
3015,S9901046,"IEHK 2024,Suppl Medicine Controlled UNIT",,,,,80,S9003018,"Double-wall ctn.40x30x25 cm, 0.030 m3",1,EA,
3016,S9901046,"IEHK 2024,Suppl Medicine Controlled UNIT",,,,,90,S1523091,USB flash drive -IEHK 2024 documentation,1,BOX,
3017,S9901050,"IEHK 2024,Suppl. Renewable UNIT",S9991052,"SUB 1/6 IEHK 2024,Suppl. Renewable UNIT",,,10,S9016023,"Double-wall ctn.80x40x50 cm, 0.160 m3",1,EA,
3018,S9901050,"IEHK 2024,Suppl. Renewable UNIT",S9991052,"SUB 1/6 IEHK 2024,Suppl. Renewable UNIT",,,20,S0327500,"Gloves,surg,pwdfree,6.5,ster,s.u.,pair",50,EA,X
3019,S9901050,"IEHK 2024,Suppl. Renewable UNIT",S9991052,"SUB 1/6 IEHK 2024,Suppl. Renewable UNIT",,,30,S0327520,"Gloves,surg,pwdfree,7.5,ster,s.u.,pair",150,EA,X
3020,S9901050,"IEHK 2024,Suppl. Renewable UNIT",S9991052,"SUB 1/6 IEHK 2024,Suppl. Renewable UNIT",,,40,S0327540,"Gloves,surg,pwdfree,8.5,ster,s.u.,pair",50,EA,X
3021,S9901050,"IEHK 2024,Suppl. Renewable UNIT",S9991052,"SUB 1/6 IEHK 2024,Suppl. Renewable UNIT",,,50,S0747432,"Needle,disp,21G,ster/BOX-100",15,BOX,X
3022,S9901050,"IEHK 2024,Suppl. Renewable UNIT",S9991052,"SUB 1/6 IEHK 2024,Suppl. Renewable UNIT",,,60,S0782403,"Cannula,IV short,18G,SIP,ster,disp,BOX50",2,BOX,X
3023,S9901050,"IEHK 2024,Suppl. Renewable UNIT",S9991052,"SUB 1/6 IEHK 2024,Suppl. Renewable UNIT",,,70,S0782413,"Syringe,disp,10ml,ster/BOX-100",6,BOX,X
3024,S9901050,"IEHK 2024,Suppl. Renewable UNIT",S9991052,"SUB 1/6 IEHK 2024,Suppl. Renewable UNIT",,,80,S0782425,"Syringe,disp,20ml,ster/BOX-100",1,BOX,X
3025,S9901050,"IEHK 2024,Suppl. Renewable UNIT",S9991052,"SUB 1/6 IEHK 2024,Suppl. Renewable UNIT",,,90,S0969026,"Gloves,exam,nitrile,pwdfree,L,BOX-100",1,EA,X
3026,S9901050,"IEHK 2024,Suppl. Renewable UNIT",S9991052,"SUB 1/6 IEHK 2024,Suppl. Renewable UNIT",,,100,S0145590,"User feedback sheet, IEHK",1,EA,
3027,S9901050,"IEHK 2024,Suppl. Renewable UNIT",S9991052,"SUB 1/6 IEHK 2024,Suppl. Renewable UNIT",,,110,S9991059,"PP 2/2 IEHK 2024,Suppl. Renewable UNIT",1,EA,X
3028,S9901050,"IEHK 2024,Suppl. Renewable UNIT",S9991052,"SUB 1/6 IEHK 2024,Suppl. Renewable UNIT",S9991059,"PP 2/2 IEHK 2024,Suppl. Renewable UNIT",10,S8941500,"Pre-pack Carton, 70x19x10 cm, 0.014 m3",1,EA,
3029,S9901050,"IEHK 2024,Suppl. Renewable UNIT",S9991052,"SUB 1/6 IEHK 2024,Suppl. Renewable UNIT",S9991059,"PP 2/2 IEHK 2024,Suppl. Renewable UNIT",20,S0323301,"Catheter,Foley,CH12,ster,disp",10,EA,X
3030,S9901050,"IEHK 2024,Suppl. Renewable UNIT",S9991052,"SUB 1/6 IEHK 2024,Suppl. Renewable UNIT",S9991059,"PP 2/2 IEHK 2024,Suppl. Renewable UNIT",30,S0323302,"Catheter,Foley,CH14,ster,disp",5,EA,X
3031,S9901050,"IEHK 2024,Suppl. Renewable UNIT",S9991052,"SUB 1/6 IEHK 2024,Suppl. Renewable UNIT",S9991059,"PP 2/2 IEHK 2024,Suppl. Renewable UNIT",40,S0323304,"Catheter,Foley,CH16,ster,disp",5,EA,X
3032,S9901050,"IEHK 2024,Suppl. Renewable UNIT",S9991052,"SUB 1/6 IEHK 2024,Suppl. Renewable UNIT",S9991059,"PP 2/2 IEHK 2024,Suppl. Renewable UNIT",50,S0370500,"Tube,asp/feed,CH16,L125cm,ster,disp",10,EA,X
3033,S9901050,"IEHK 2024,Suppl. Renewable UNIT",S9991053,"SUB 2/6 IEHK 2024,Suppl. Renewable UNIT",,,10,S9019200,"Double-wall ctn.100x40x48cm, 0.192 m3",1,EA,
3034,S9901050,"IEHK 2024,Suppl. Renewable UNIT",S9991053,"SUB 2/6 IEHK 2024,Suppl. Renewable UNIT",,,20,S0845177,"Papersheet,crepe,ster.pack. /PAC-250/252",1,EA,X
3035,S9901050,"IEHK 2024,Suppl. Renewable UNIT",S9991053,"SUB 2/6 IEHK 2024,Suppl. Renewable UNIT",,,30,S0373510,"Tube,feeding,CH08,L40-60cm,ENFit,blue",20,EA,X
3036,S9901050,"IEHK 2024,Suppl. Renewable UNIT",S9991053,"SUB 2/6 IEHK 2024,Suppl. Renewable UNIT",,,40,S0373520,"Tube,feeding,CH10,L40-60cm,ENFit,black",60,EA,X
3037,S9901050,"IEHK 2024,Suppl. Renewable UNIT",S9991053,"SUB 2/6 IEHK 2024,Suppl. Renewable UNIT",,,50,S0523055,"Compress,gauze,10x10cm,ster/PAC-5",300,PAC,X
3038,S9901050,"IEHK 2024,Suppl. Renewable UNIT",S9991053,"SUB 2/6 IEHK 2024,Suppl. Renewable UNIT",,,60,S0782400,"Cannula,IV short,24G,SIP,ster,disp,BOX50",1,BOX,X
3039,S9901050,"IEHK 2024,Suppl. Renewable UNIT",S9991054,"SUB 3/6 IEHK 2024,Suppl. Renewable UNIT",,,10,S9012024,"Double-wall ctn.60x40x50 cm, 0.120 m3",1,EA,
3040,S9901050,"IEHK 2024,Suppl. Renewable UNIT",S9991054,"SUB 3/6 IEHK 2024,Suppl. Renewable UNIT",,,20,S9991058,"PP 1/2 IEHK 2024,Suppl. Renewable UNIT",1,EA,X
3041,S9901050,"IEHK 2024,Suppl. Renewable UNIT",S9991054,"SUB 3/6 IEHK 2024,Suppl. Renewable UNIT",,,30,S0782205,"Syringe,disp,2ml,ster/BOX-100",7,BOX,X
3042,S9901050,"IEHK 2024,Suppl. Renewable UNIT",S9991054,"SUB 3/6 IEHK 2024,Suppl. Renewable UNIT",,,40,S0366030,"Syringe,feeding,20ml,ENFit,sterile",100,EA,X
3043,S9901050,"IEHK 2024,Suppl. Renewable UNIT",S9991054,"SUB 3/6 IEHK 2024,Suppl. Renewable UNIT",,,50,S0747420,"Needle,disp,19G,ster/BOX-100",20,BOX,X
3044,S9901050,"IEHK 2024,Suppl. Renewable UNIT",S9991054,"SUB 3/6 IEHK 2024,Suppl. Renewable UNIT",,,60,S0845203,"Apron,protection,plastic,disp,PAC-100",1,PAC,X
3045,S9901050,"IEHK 2024,Suppl. Renewable UNIT",S9991054,"SUB 3/6 IEHK 2024,Suppl. Renewable UNIT",,,70,S0512015,"Bandage,elastic,7.5cmx5m,roll",50,EA,X
3046,S9901050,"IEHK 2024,Suppl. Renewable UNIT",S9991054,"SUB 3/6 IEHK 2024,Suppl. Renewable UNIT",,,80,S0366010,"Syringe,feeding,50ml,catheter tip,ster",10,EA,X
3047,S9901050,"IEHK 2024,Suppl. Renewable UNIT",S9991054,"SUB 3/6 IEHK 2024,Suppl. Renewable UNIT",,,90,S0558100,"Indicator,TST control spot/PAC-300",1,PAC,X
3048,S9901050,"IEHK 2024,Suppl. Renewable UNIT",S9991054,"SUB 3/6 IEHK 2024,Suppl. Renewable UNIT",S9991058,"PP 1/2 IEHK 2024,Suppl. Renewable UNIT",10,S8941505,"Pre-pack Carton, 32x24x20 cm, 0.015 m3",1,EA,
3049,S9901050,"IEHK 2024,Suppl. Renewable UNIT",S9991054,"SUB 3/6 IEHK 2024,Suppl. Renewable UNIT",S9991058,"PP 1/2 IEHK 2024,Suppl. Renewable UNIT",20,S0845176,"Masking tape, type 1 steam indicator",1,EA,X
3050,S9901050,"IEHK 2024,Suppl. Renewable UNIT",S9991054,"SUB 3/6 IEHK 2024,Suppl. Renewable UNIT",S9991058,"PP 1/2 IEHK 2024,Suppl. Renewable UNIT",30,S0327530,"Gloves,surg,pwdfree,8,ster,s.u.,pair",25,EA,X
3051,S9901050,"IEHK 2024,Suppl. Renewable UNIT",S9991054,"SUB 3/6 IEHK 2024,Suppl. Renewable UNIT",S9991058,"PP 1/2 IEHK 2024,Suppl. Renewable UNIT",40,S0503016,"Tape, medical, paper, 2.5cm x 5m, roll",12,EA,X
3052,S9901050,"IEHK 2024,Suppl. Renewable UNIT",S9991054,"SUB 3/6 IEHK 2024,Suppl. Renewable UNIT",S9991058,"PP 1/2 IEHK 2024,Suppl. Renewable UNIT",50,S0746510,"Scalpel blade,ster,disp,no.22",100,EA,X
3053,S9901050,"IEHK 2024,Suppl. Renewable UNIT",S9991054,"SUB 3/6 IEHK 2024,Suppl. Renewable UNIT",S9991058,"PP 1/2 IEHK 2024,Suppl. Renewable UNIT",60,S0747445,"Needle,disp,25G,ster/BOX-100",1,BOX,X
3054,S9901050,"IEHK 2024,Suppl. Renewable UNIT",S9991054,"SUB 3/6 IEHK 2024,Suppl. Renewable UNIT",S9991058,"PP 1/2 IEHK 2024,Suppl. Renewable UNIT",70,S0845162,"Tongue depressor,wooden,disp/BOX-100",5,EA,X
3055,S9901050,"IEHK 2024,Suppl. Renewable UNIT",S9991054,"SUB 3/6 IEHK 2024,Suppl. Renewable UNIT",S9991058,"PP 1/2 IEHK 2024,Suppl. Renewable UNIT",80,S0904991,"Test strip, urine, 10 parameter, box/100",1,EA,X
3056,S9901050,"IEHK 2024,Suppl. Renewable UNIT",S9991054,"SUB 3/6 IEHK 2024,Suppl. Renewable UNIT",S9991058,"PP 1/2 IEHK 2024,Suppl. Renewable UNIT",90,S0745500,"Scalpel handle,no.4",2,EA,
3057,S9901050,"IEHK 2024,Suppl. Renewable UNIT",S9991055,"SUB 4/6 IEHK 2024,Suppl. Renewable UNIT",,,10,S9010633,"Double-wall ctn.80x40x33 cm, 0.106 m3",1,EA,
3058,S9901050,"IEHK 2024,Suppl. Renewable UNIT",S9991055,"SUB 4/6 IEHK 2024,Suppl. Renewable UNIT",,,20,S0523015,"Compress,gauze,10x10cm,n/ster/PAC-100",20,EA,X
3059,S9901050,"IEHK 2024,Suppl. Renewable UNIT",S9991055,"SUB 4/6 IEHK 2024,Suppl. Renewable UNIT",,,30,S0523050,"Compress,paraffin,10x10cm,ster/BOX-10",10,EA,X
3060,S9901050,"IEHK 2024,Suppl. Renewable UNIT",S9991055,"SUB 4/6 IEHK 2024,Suppl. Renewable UNIT",,,40,S0564004,"Sut,abs,DEC2,need 3/8 26mm,tri/BOX-36",4,BOX,X
3061,S9901050,"IEHK 2024,Suppl. Renewable UNIT",S9991055,"SUB 4/6 IEHK 2024,Suppl. Renewable UNIT",,,50,S0566010,"Clamp,umbilical cord,ster,s.u.",100,EA,X
3062,S9901050,"IEHK 2024,Suppl. Renewable UNIT",S9991055,"SUB 4/6 IEHK 2024,Suppl. Renewable UNIT",,,60,S0709237,"Needle scalp vein 25G, ster, disp,BOX-50",6,EA,X
3063,S9901050,"IEHK 2024,Suppl. Renewable UNIT",S9991055,"SUB 4/6 IEHK 2024,Suppl. Renewable UNIT",,,70,S0782203,"Syringe,disp,1ml,ster/BOX-100",2,BOX,X
3064,S9901050,"IEHK 2024,Suppl. Renewable UNIT",S9991055,"SUB 4/6 IEHK 2024,Suppl. Renewable UNIT",,,80,S0782401,"Cannula,IV short,22G,SIP,ster,disp,BOX50",1,BOX,X
3065,S9901050,"IEHK 2024,Suppl. Renewable UNIT",S9991055,"SUB 4/6 IEHK 2024,Suppl. Renewable UNIT",,,90,S0782440,"Syringe,insulin,1ml,U-100,30-31G/BOX-100",4,BOX,X
3066,S9901050,"IEHK 2024,Suppl. Renewable UNIT",S9991055,"SUB 4/6 IEHK 2024,Suppl. Renewable UNIT",,,100,S0969021,"Gloves,exam,nitrile,pwdfree,S,BOX-100",1,EA,X
3067,S9901050,"IEHK 2024,Suppl. Renewable UNIT",S9991056,"SUB 5/6 IEHK 2024,Suppl. Renewable UNIT",,,10,S9008034,"Double-wall ctn.60x40x33.3 cm, 0.08 m3",1,EA,
3068,S9901050,"IEHK 2024,Suppl. Renewable UNIT",S9991056,"SUB 5/6 IEHK 2024,Suppl. Renewable UNIT",,,20,S0330501,"Bag,urine collecting,2L,drain.,sterile",10,EA,X
3069,S9901050,"IEHK 2024,Suppl. Renewable UNIT",S9991056,"SUB 5/6 IEHK 2024,Suppl. Renewable UNIT",,,30,S0565050,"Sut,nonabs,DEC1,3/8,13-16mm,taper/BOX 36",1,EA,X
3070,S9901050,"IEHK 2024,Suppl. Renewable UNIT",S9991056,"SUB 5/6 IEHK 2024,Suppl. Renewable UNIT",,,40,S0747452,"Needle,disp,23G,ster/BOX-100",15,BOX,X
3071,S9901050,"IEHK 2024,Suppl. Renewable UNIT",S9991056,"SUB 5/6 IEHK 2024,Suppl. Renewable UNIT",,,50,S0747997,"NeedleSpinal22G(0.7x40mm)Ster,disp,BOX25",2,BOX,X
3072,S9901050,"IEHK 2024,Suppl. Renewable UNIT",S9991056,"SUB 5/6 IEHK 2024,Suppl. Renewable UNIT",,,60,S0782379,"Safety box f.used syrg/ndl5L,Smur/BOX-25",2,BOX,X
3073,S9901050,"IEHK 2024,Suppl. Renewable UNIT",S9991056,"SUB 5/6 IEHK 2024,Suppl. Renewable UNIT",,,70,S0845242,"Hanger, urine bag, two hooks/PAC-10",1,PAC,X
3074,S9901050,"IEHK 2024,Suppl. Renewable UNIT",S9991056,"SUB 5/6 IEHK 2024,Suppl. Renewable UNIT",,,80,S0969025,"Gloves,exam,nitrile,pwdfree,M,BOX-100",1,EA,X
3075,S9901050,"IEHK 2024,Suppl. Renewable UNIT",S9991056,"SUB 5/6 IEHK 2024,Suppl. Renewable UNIT",,,90,S0565850,"Razor,single edge,plastic,s.u./PAC-10",10,PAC,
3076,S9901050,"IEHK 2024,Suppl. Renewable UNIT",S9991056,"SUB 5/6 IEHK 2024,Suppl. Renewable UNIT",,,100,S0846022,"Bag,drugs,plastic,6x8,pictogram/PAC-1000",1,PAC,
3077,S9901050,"IEHK 2024,Suppl. Renewable UNIT",S9991057,"SUB 6/6 IEHK 2024,Suppl. Renewable UNIT",,,10,S0782405,"Syringe,disp,5ml,ster/BOX-100",20,BOX,X
3078,S9901050,"IEHK 2024,Suppl. Renewable UNIT",S9991057,"SUB 6/6 IEHK 2024,Suppl. Renewable UNIT",,,20,S8760025,"Decal,UNICEF,round,diameter 205mm",2,EA,
3079,S9901051,"IEHK 2024,Suppl. Equipment UNIT",S9998051,"sub 1/2 IEHK 2024,Suppl. Equipment UNIT",,,10,S9016023,"Double-wall ctn.80x40x50 cm, 0.160 m3",1,EA,
3080,S9901051,"IEHK 2024,Suppl. Equipment UNIT",S9998051,"sub 1/2 IEHK 2024,Suppl. Equipment UNIT",,,20,S5619903,"Filter, drinking, approx. 10L container",3,EA,
3081,S9901051,"IEHK 2024,Suppl. Equipment UNIT",S9998051,"sub 1/2 IEHK 2024,Suppl. Equipment UNIT",,,30,S0845157,"Otoscope, set.",1,EA,X
3082,S9901051,"IEHK 2024,Suppl. Equipment UNIT",S9998051,"sub 1/2 IEHK 2024,Suppl. Equipment UNIT",,,40,S0145555,"Scale,spring type,infant,25kgx100g",1,EA,
3083,S9901051,"IEHK 2024,Suppl. Equipment UNIT",S9998051,"sub 1/2 IEHK 2024,Suppl. Equipment UNIT",,,50,S0557200,"Weighing sling,infant,5kg",5,EA,
3084,S9901051,"IEHK 2024,Suppl. Equipment UNIT",S9998051,"sub 1/2 IEHK 2024,Suppl. Equipment UNIT",,,60,S0141025,"Scale,survey,mother/child,bat,150kg",1,EA,X
3085,S9901051,"IEHK 2024,Suppl. Equipment UNIT",S9998051,"sub 1/2 IEHK 2024,Suppl. Equipment UNIT",,,70,S0683200,"Sphygmomanometer,(adult),aneroid",4,EA,
3086,S9901051,"IEHK 2024,Suppl. Equipment UNIT",S9998051,"sub 1/2 IEHK 2024,Suppl. Equipment UNIT",,,80,S0845183,"Cuffs, blood pressure, set 5 sizes",4,EA,
3087,S9901051,"IEHK 2024,Suppl. Equipment UNIT",S9998051,"sub 1/2 IEHK 2024,Suppl. Equipment UNIT",,,90,S0686000,"Stethoscope,binaural,complete",4,EA,
3088,S9901051,"IEHK 2024,Suppl. Equipment UNIT",S9998051,"sub 1/2 IEHK 2024,Suppl. Equipment UNIT",,,100,S0170000,"Stove,kerosene,single-burner,pressure",1,EA,
3089,S9901051,"IEHK 2024,Suppl. Equipment UNIT",S9998051,"sub 1/2 IEHK 2024,Suppl. Equipment UNIT",,,110,S0145590,"User feedback sheet, IEHK",1,EA,
3090,S9901051,"IEHK 2024,Suppl. Equipment UNIT",S9998051,"sub 1/2 IEHK 2024,Suppl. Equipment UNIT",,,120,S9998053,"PP 1/1 IEHK 2024,Suppl. Equipment UNIT",1,EA,X
3091,S9901051,"IEHK 2024,Suppl. Equipment UNIT",S9998051,"sub 1/2 IEHK 2024,Suppl. Equipment UNIT",S9998053,"PP 1/1 IEHK 2024,Suppl. Equipment UNIT",10,S8941505,"Pre-pack Carton, 32x24x20 cm, 0.015 m3",1,EA,
3092,S9901051,"IEHK 2024,Suppl. Equipment UNIT",S9998051,"sub 1/2 IEHK 2024,Suppl. Equipment UNIT",S9998053,"PP 1/1 IEHK 2024,Suppl. Equipment UNIT",20,S0211000,"Basin,kidney,stainless steel,825ml",2,EA,
3093,S9901051,"IEHK 2024,Suppl. Equipment UNIT",S9998051,"sub 1/2 IEHK 2024,Suppl. Equipment UNIT",S9998053,"PP 1/1 IEHK 2024,Suppl. Equipment UNIT",30,S0237000,"Bowl,stainless steel,180ml",2,EA,
3094,S9901051,"IEHK 2024,Suppl. Equipment UNIT",S9998051,"sub 1/2 IEHK 2024,Suppl. Equipment UNIT",S9998053,"PP 1/1 IEHK 2024,Suppl. Equipment UNIT",40,S0514000,"Brush,hand,scrubbing,plastic",2,EA,
3095,S9901051,"IEHK 2024,Suppl. Equipment UNIT",S9998051,"sub 1/2 IEHK 2024,Suppl. Equipment UNIT",S9998053,"PP 1/1 IEHK 2024,Suppl. Equipment UNIT",50,S1802209,"Battery,drycell,alkaline,'AA',1.5V/PAC-4",3,PAC,X
3096,S9901051,"IEHK 2024,Suppl. Equipment UNIT",S9998051,"sub 1/2 IEHK 2024,Suppl. Equipment UNIT",S9998053,"PP 1/1 IEHK 2024,Suppl. Equipment UNIT",60,S0361020,"Drawsheet,plastic,90x180cm",2,EA,
3097,S9901051,"IEHK 2024,Suppl. Equipment UNIT",S9998051,"sub 1/2 IEHK 2024,Suppl. Equipment UNIT",S9998053,"PP 1/1 IEHK 2024,Suppl. Equipment UNIT",70,S0726000,"Forceps,artery,Kocher,140mm,str",2,EA,
3098,S9901051,"IEHK 2024,Suppl. Equipment UNIT",S9998051,"sub 1/2 IEHK 2024,Suppl. Equipment UNIT",S9998053,"PP 1/1 IEHK 2024,Suppl. Equipment UNIT",80,S0845013,"Pulseoximeter,spot-check,w/accessories",1,EA,X
3099,S9901051,"IEHK 2024,Suppl. Equipment UNIT",S9998051,"sub 1/2 IEHK 2024,Suppl. Equipment UNIT",S9998053,"PP 1/1 IEHK 2024,Suppl. Equipment UNIT",90,S0773500,"Scissors,Deaver,140mm,str,s/b",2,EA,
3100,S9901051,"IEHK 2024,Suppl. Equipment UNIT",S9998051,"sub 1/2 IEHK 2024,Suppl. Equipment UNIT",S9998053,"PP 1/1 IEHK 2024,Suppl. Equipment UNIT",100,S0686500,"Stethoscope,foetal,Pinard",1,EA,
3101,S9901051,"IEHK 2024,Suppl. Equipment UNIT",S9998051,"sub 1/2 IEHK 2024,Suppl. Equipment UNIT",S9998053,"PP 1/1 IEHK 2024,Suppl. Equipment UNIT",110,S9910003,"Surg.inst.,delivery /SET",1,SET,
3102,S9901051,"IEHK 2024,Suppl. Equipment UNIT",S9998051,"sub 1/2 IEHK 2024,Suppl. Equipment UNIT",S9998053,"PP 1/1 IEHK 2024,Suppl. Equipment UNIT",120,S9910005,"Surg.inst.,dressing /SET",5,SET,
3103,S9901051,"IEHK 2024,Suppl. Equipment UNIT",S9998051,"sub 1/2 IEHK 2024,Suppl. Equipment UNIT",S9998053,"PP 1/1 IEHK 2024,Suppl. Equipment UNIT",130,S9910004,"Surg.inst.,suture /SET",2,SET,
3104,S9901051,"IEHK 2024,Suppl. Equipment UNIT",S9998051,"sub 1/2 IEHK 2024,Suppl. Equipment UNIT",S9998053,"PP 1/1 IEHK 2024,Suppl. Equipment UNIT",140,S0145620,"MUAC,Child 11.5 Red,PAC-50,English",1,PAC,
3105,S9901051,"IEHK 2024,Suppl. Equipment UNIT",S9998051,"sub 1/2 IEHK 2024,Suppl. Equipment UNIT",S9998053,"PP 1/1 IEHK 2024,Suppl. Equipment UNIT",150,S0567000,"Tape measure,tailor's,fibreglass,1.5m",5,EA,
3106,S9901051,"IEHK 2024,Suppl. Equipment UNIT",S9998051,"sub 1/2 IEHK 2024,Suppl. Equipment UNIT",S9998053,"PP 1/1 IEHK 2024,Suppl. Equipment UNIT",160,S0481056,"Thermometer,clinical,digital,waterproof",10,EA,X
3107,S9901051,"IEHK 2024,Suppl. Equipment UNIT",S9998051,"sub 1/2 IEHK 2024,Suppl. Equipment UNIT",S9998053,"PP 1/1 IEHK 2024,Suppl. Equipment UNIT",170,S0983400,"Timer,60 min",1,EA,
3108,S9901051,"IEHK 2024,Suppl. Equipment UNIT",S9998051,"sub 1/2 IEHK 2024,Suppl. Equipment UNIT",S9998053,"PP 1/1 IEHK 2024,Suppl. Equipment UNIT",180,S0385010,"Tourniquet,latex-free,50cm",4,EA,
3109,S9901051,"IEHK 2024,Suppl. Equipment UNIT",S9998051,"sub 1/2 IEHK 2024,Suppl. Equipment UNIT",S9998053,"PP 1/1 IEHK 2024,Suppl. Equipment UNIT",190,S0279000,"Tray,dressing,ss,300x200x30mm",1,EA,
3110,S9901051,"IEHK 2024,Suppl. Equipment UNIT",S9998051,"sub 1/2 IEHK 2024,Suppl. Equipment UNIT",S9998053,"PP 1/1 IEHK 2024,Suppl. Equipment UNIT",200,S0921601,"Cutter, tablets, plastic",1,EA,
3111,S9901051,"IEHK 2024,Suppl. Equipment UNIT",S9998052,"sub 2/2 IEHK 2024,Suppl. Equipment UNIT",,,10,S0157000,"Sterilizer,steam,24L",1,EA,
