PO No,Forwarder Name,PO Created By,Vendor Code,Vendor Name,Vendor Country Name,Consignee Code,Incoterm Origin,PO Delivery Date,PO Item,Material No,Material Short Text,PO Quantity,Total GR Qty,PO Line Process,PO Line Status
68037565,,AWEIS,1900019065,Qingdao Narising International Trad,China,0001000886,,2024-05-24,10,S0503020,"Medical tape,perforated,10cmx5m,roll",57600,-57600,NONE,CLOSED
68037566,,AWEIS,1900019065,Qingdao Narising International Trad,China,0001000886,,2024-05-24,10,S0523055,"Compress,gauze,10x10cm,ster/PAC-5",272160,-272160,NONE,CLOSED
68037568,,AWEIS,1900019065,Qingdao Narising International Trad,China,0001000886,,2024-05-24,10,S0523057,"Surgical(Laparotomy)Pads,sterile,/PAC-5",6445,-6445,NONE,CLOSED
68037706,,AOTTESLEV,1900010131,Nutrition International,Canada,,DAP,2025-12-31,10,S7800002,"Retinol 200,000IU soft gel.caps/PAC-500",605512,597361,NONE,OPEN
68037706,,AOTTESLEV,1900010131,Nutrition International,Canada,,DAP,2025-12-31,20,S7800003,"Retinol 100,000IU soft gel.caps/PAC-100",929243,682487,NONE,OPEN
68037366,,TNIELSEN,1900012918,Galentic Pharma (India) Pvt.Ltd,India,X12001,DAP,2024-08-19,10,S1515060,Miconazole nitrate cream 2%/TBE-30g,99999,97920,LTA,CLOSED
68037834,Kuehne + Nagel A/S,STAHERISAEID,1900000422,BIAB International AB,Sweden,X12010,FCA,2024-09-12,10,S4410031,"Book,exercise,A4,ruled,96pgs,ARABIC/P-10",12800,12800,LTA,CLOSED
68037834,Kuehne + Nagel A/S,STAHERISAEID,1900000422,BIAB International AB,Sweden,X12010,FCA,2024-09-12,20,S4410030,"Book,exercise,A5,sqre,48 pgs,ARABIC/P-20",30720,30720,LTA,CLOSED
68037834,Kuehne + Nagel A/S,STAHERISAEID,1900000422,BIAB International AB,Sweden,X12010,FCA,2024-09-12,30,S4410040,"Book,exercise,A5,ruled,48pgs,ARABIC/P-20",30720,30720,LTA,CLOSED
68037834,Kuehne + Nagel A/S,STAHERISAEID,1900000422,BIAB International AB,Sweden,X12010,FCA,2024-09-12,40,S5001000,"Bag,UNICEF,blue polyester,360x230x610mm",13500,13500,LTA,CLOSED
68037834,Kuehne + Nagel A/S,STAHERISAEID,1900000422,BIAB International AB,Sweden,X12010,FCA,2024-09-12,50,S4416506,Duster/wiper for Blackboard,40320,40320,LTA,CLOSED
68037834,Kuehne + Nagel A/S,STAHERISAEID,1900000422,BIAB International AB,Sweden,X12010,FCA,2024-09-12,60,S2657209,"A1 Manila paper,assorted colors/PAC-80",2142,2142,LTA,CLOSED
68037834,Kuehne + Nagel A/S,STAHERISAEID,1900000422,BIAB International AB,Sweden,X12010,FCA,2024-09-12,70,S4416503,"Blackboard, double-sided, 1160 x 760 mm",1040,1040,LTA,CLOSED
68037834,Kuehne + Nagel A/S,STAHERISAEID,1900000422,BIAB International AB,Sweden,X12010,FCA,2024-10-10,80,S4410031,"Book,exercise,A4,ruled,96pgs,ARABIC/P-10",12800,12800,LTA,CLOSED
68037834,Kuehne + Nagel A/S,STAHERISAEID,1900000422,BIAB International AB,Sweden,X12010,FCA,2024-10-10,90,S4410030,"Book,exercise,A5,sqre,48 pgs,ARABIC/P-20",31744,31744,LTA,CLOSED
68037834,Kuehne + Nagel A/S,STAHERISAEID,1900000422,BIAB International AB,Sweden,X12010,FCA,2024-10-10,100,S4410040,"Book,exercise,A5,ruled,48pgs,ARABIC/P-20",31744,31744,LTA,CLOSED
68037834,Kuehne + Nagel A/S,STAHERISAEID,1900000422,BIAB International AB,Sweden,X12010,FCA,2024-10-10,110,S5001000,"Bag,UNICEF,blue polyester,360x230x610mm",13500,13500,LTA,CLOSED
68037834,Kuehne + Nagel A/S,STAHERISAEID,1900000422,BIAB International AB,Sweden,X12010,FCA,2024-10-10,120,S4416506,Duster/wiper for Blackboard,48384,48384,LTA,CLOSED
68037834,Kuehne + Nagel A/S,STAHERISAEID,1900000422,BIAB International AB,Sweden,X12010,FCA,2024-10-10,130,S5001300,"Bag,school,UNICEF,ARABIC,400x270x100mm",38400,38400,LTA,CLOSED
68037867,Kuehne + Nagel A/S,STAHERISAEID,1900015781,JINHUA LONGTAI IMP EXP TRADING,China,X12010,FCA,2024-09-25,10,S4460005,"Pen,ball-point,blue/BOX-10",170100,170100,LTA,CLOSED
68037867,Kuehne + Nagel A/S,STAHERISAEID,1900015781,JINHUA LONGTAI IMP EXP TRADING,China,X12010,FCA,2024-09-25,20,S4460009,"Pen,ball-point,green/BOX-10",170100,170100,LTA,CLOSED
68037867,Kuehne + Nagel A/S,STAHERISAEID,1900015781,JINHUA LONGTAI IMP EXP TRADING,China,X12010,FCA,2024-09-25,30,S8760025,"Decal,UNICEF,round,diameter 205mm",320000,320000,LTA,CLOSED
68037867,Kuehne + Nagel A/S,STAHERISAEID,1900015781,JINHUA LONGTAI IMP EXP TRADING,China,X12010,FCA,2024-09-25,40,S2795804,"Play Parachute, 3.65 meters, with bag",31744,31744,LTA,CLOSED
68037808,Kuehne + Nagel A/S,JFRANDSEN,1900000444,Select Sport A/S,Denmark,X12010,FCA,2024-08-14,10,S2731220,"Hard surface Football, Size 4",10560,10560,LTA,CLOSED
68037808,Kuehne + Nagel A/S,JFRANDSEN,1900000444,Select Sport A/S,Denmark,X12010,FCA,2024-10-16,20,S2731220,"Hard surface Football, Size 4",10560,10560,LTA,CLOSED
68037809,Kuehne + Nagel A/S,JFRANDSEN,1900016590,RELIEF SUPPLIER,India,X12010,FCA,2024-10-21,10,S2731220,"Hard surface Football, Size 4",11200,11200,LTA,CLOSED
68037840,Kuehne + Nagel A/S,STAHERISAEID,1900020040,Gemini Global Limited,China,X12010,FCA,2024-08-31,10,S4418400,"Compass,plastic, for Blackboard, 45cm",43680,43680,LTA,CLOSED
62000138,Kuehne + Nagel A/S,SHVISWANATHA,1900003131,Ram Dis Ticaret A S,Türkiye,X44906,FCA,2024-09-02,10,S5006122,"WASH&DignityKit,firstResp,1HH,noPurifTab",2268,2268,LTA,CLOSED
68037394,,BKERNKAMP,1900015320,Svizera Europe B V,Netherlands,X12004,DAP,2024-07-03,10,S0845220,"Bag,biohazard,yellow,20L,BOX-100",1000,1000,LTA,CLOSED
62000106,DHL Global Forwarding (Denmark) A/S,PLPETERSEN,1900015387,NRS Relief FZCO,Utd.Arab.Emir.,X33308,FCA,2023-12-22,30,S0575060,"Plastic Mat w/o logo,1.8 x 0.9m/BALE-25",60,60,NONE,CLOSED
68037215,Kuehne + Nagel A/S,PLPETERSEN,1900016291,Euro Suisse International Limited,Hong Kong,X12001,FCA,2024-01-12,10,S1802221,Solar Lamp with Phone Charger,1152,1152,LTA,CLOSED
62000105,Kuehne + Nagel A/S,NSEREK,1900006967,Hydrachem Limited,United Kingdom,X44906,FCA,2023-11-23,10,S1588355,Water purif.(NaDCC) 33mg tabs/PAC-50,93081,93120,LTA,CLOSED
68037186,Kuehne + Nagel A/S,PLPETERSEN,1900006246,"Puyoung Ind. Co., Ltd.","South Korea,Rep",X12001,FCA,2023-12-29,20,S5086014,Plastic Tarpaulin F.R. Sheet (4x5m),3000,3000,NONE,CLOSED
62000107,Kuehne + Nagel A/S,PLPETERSEN,1900006246,"Puyoung Ind. Co., Ltd.","South Korea,Rep",X44906,FCA,2023-12-29,10,S5086014,Plastic Tarpaulin F.R. Sheet (4x5m),6000,6000,NONE,CLOSED
68037515,,TNIELSEN,1900007417,DEMO S.A. Pharmaceutical Industry,Greece,X12001,DAP,2024-11-27,10,S1523005,Dexamethasone Phos 4mg/ml 1ml amp/BOX-50,2700,2727,LTA,CLOSED
68037186,Kuehne + Nagel A/S,PLPETERSEN,1900006246,"Puyoung Ind. Co., Ltd.","South Korea,Rep",X12001,FCA,2023-12-29,10,S5086013,Plastic Tarpaulin F.R. Sheet 4 x 50m,600,600,NONE,CLOSED
68037149,,MKAZEMI,1900000064,KBI Pharmaceuticals GmbH & Co. KG,Germany,X12004,DAP,2024-02-20,10,S1561120,ORS low osm. 20.5g/1L CAR/100,21168,21168,NONE,CLOSED
68037194,Kuehne + Nagel A/S,MKAZEMI,1900006253,Ipca Laboratories Limited,India,X12001,FCA,2024-04-10,30,S1580020,Zinc 20mg tablets/PAC-10x10,147290,147290,LTA,CLOSED
68037405,Kuehne + Nagel A/S,MKAZEMI,1900006253,Ipca Laboratories Limited,India,X12002,FCA,2024-03-06,10,S1580020,Zinc 20mg tablets/PAC-10x10,4310,4310,LTA,CLOSED
68037261,,NANXIONNAZ,1900001613,Medentech Ltd,Ireland,X12004,DAP,2024-03-06,10,S1588355,Water purif.(NaDCC) 33mg tabs/PAC-50,331200,331200,LTA,CLOSED
68037261,,NANXIONNAZ,1900001613,Medentech Ltd,Ireland,X12004,DAP,2024-03-06,20,S5008345,Water purif.(NaDCC) 67mg tabs/BOX-400,1080,1080,LTA,CLOSED
68037261,,NANXIONNAZ,1900001613,Medentech Ltd,Ireland,X12004,DAP,2024-03-06,30,S5008346,Water purif.(NaDCC) 67mg tabs/BOX-2800,420,420,LTA,CLOSED
62000114,Kuehne + Nagel A/S,NANXIONNAZ,1900001613,Medentech Ltd,Ireland,X44907,FCA,2024-01-12,10,S1588355,Water purif.(NaDCC) 33mg tabs/PAC-50,82800,82800,LTA,CLOSED
68037163,Kuehne + Nagel A/S,MKAZEMI,1900001026,B Braun Melsungen AG,Germany,X12004,FCA,2024-03-06,10,S1552115,Glucose hyperton.inj 50% 50mL vl/BOX-20,3780,3780,LTA,CLOSED
68037153,,TNIELSEN,1900012918,Galentic Pharma (India) Pvt.Ltd,India,X12001,DAP,2024-05-15,10,S1515060,Miconazole nitrate cream 2%/TBE-30g,65200,64900,LTA,CLOSED
68037338,,BKERNKAMP,1900019726,Dunlop Protective Footwear B.V.,Netherlands,X12004,DAP,2024-03-15,10,S0305042,"Boots,rubber/PVC,reusable,pair,size42",2880,2880,NONE,CLOSED
68037338,,BKERNKAMP,1900019726,Dunlop Protective Footwear B.V.,Netherlands,X12004,DAP,2024-03-15,20,S0305043,"Boots,rubber/PVC,reusable,pair,size43",4416,4416,NONE,CLOSED
62000102,DHL Global Forwarding (Denmark) A/S,NSEREK,1900009651,Promens Packaging GmbH,Germany,X33308,FCA,2023-12-07,10,S5007311,"Water-cont,LDPE,10l,collapsibl.,w/o logo",4400,4400,LTA,CLOSED
68037152,,TNIELSEN,1900010328,Pharmatex Italia SRL,Italy,X12004,DAP,2024-04-30,10,S1551960,Gentamicin inj 40mg/ml 2ml amp/BOX-50,10000,9053,LTA,CLOSED
68037151,,TNIELSEN,1900015853,Mepro Pharmaceuticals Pvt Ltd,India,X12001,DAP,2024-05-30,10,S1505122,Silver Sulfadiaz. 1% cream 50g unsterile,60000,60300,LTA,CLOSED
68037150,,TNIELSEN,1900019765,S Kant Healthcare Ltd.,India,X12001,DAP,2024-05-08,10,S1585009,Paracetamol 120mg/5ml or.liq/BOT-60ml,400000,400000,LTA,CLOSED
68037148,,TNIELSEN,1900012918,Galentic Pharma (India) Pvt.Ltd,India,X12001,DAP,2025-01-05,10,S1519500,Benzyl benzoate 25% lotion /BOT-1000ml,101600,102440,LTA,CLOSED
68037338,,BKERNKAMP,1900019726,Dunlop Protective Footwear B.V.,Netherlands,X12004,DAP,2024-03-15,30,S0305044,"Boots,rubber/PVC,reusable,pair,size44",4032,4032,NONE,CLOSED
68037162,,MSERGIO,1900011349,KD Medical GmbH Hospital Products,Germany,,DAP,2024-02-16,10,S0782413,"Syringe,disp,10ml,ster/BOX-100",3360,3360,LTA,CLOSED
68037162,,MSERGIO,1900011349,KD Medical GmbH Hospital Products,Germany,,DAP,2024-02-16,20,S0747445,"Needle,disp,25G,ster/BOX-100",6300,6300,LTA,CLOSED
62000104,,NSEREK,1900009651,Promens Packaging GmbH,Germany,X12011,DAP,2023-12-18,10,S5007311,"Water-cont,LDPE,10l,collapsibl.,w/o logo",22800,22800,LTA,CLOSED
62000104,,NSEREK,1900009651,Promens Packaging GmbH,Germany,X12011,DAP,2023-12-22,20,S5007311,"Water-cont,LDPE,10l,collapsibl.,w/o logo",22800,22800,LTA,CLOSED
68037347,Kuehne + Nagel A/S,MKAZEMI,1900012086,AMEX Healthcare GmbH,Austria,X12004,FCA,2024-07-23,10,S1531003,Cefixime 200mg tabs/PAC-10x10,28800,28800,NONE,CLOSED
68037154,,MKAZEMI,1900015853,Mepro Pharmaceuticals Pvt Ltd,India,X12001,DAP,2024-06-15,10,S1555710,Ciprofloxacin 500mg tabs/PAC-10,256680,259670,LTA,CLOSED
68037156,,MKAZEMI,1900018197,Reyoung Pharmaceutical Co Ltd,China,X12001,DAP,2024-06-10,10,S1533001,Co-Amoxiclav 500mg+125mg tabs/PAC3x5,172200,172200,LTA,CLOSED
68037158,,MKAZEMI,1900014773,MEDOPHARM,India,X12001,DAP,2024-05-26,10,S1546315,Erythromycin 250mg tabs/PAC-10x10,220800,225100,LTA,CLOSED
68037159,,MKAZEMI,1900014773,MEDOPHARM,India,X12001,DAP,2024-05-30,10,S1555706,Ciprofloxacin 250mg tabs PAC/1x10,25970,25970,LTA,CLOSED
68037147,,NANXIONNAZ,1900010258,Procter & Gamble Company,USA (the),X12001,DAP,2024-02-13,10,S5007321,"Water floc. & disinfectant,pdr/BOX-240",8600,8600,LTA,CLOSED
68037161,,AWEIS,1900005947,Fazzini s.r.l.,Italy,X12004,DAP,2024-05-31,10,S0782214,"Container,sharps,leak-resistant,w\lid-S",2500,2500,LTA,CLOSED
68037157,,IMUNOZ,1900012086,AMEX Healthcare GmbH,Austria,X12002,DAP,2024-02-16,10,S0969036,"Cary-Blair,agar,swab,disposable,BOX/10",1000,1000,NONE,CLOSED
68037159,,MKAZEMI,1900014773,MEDOPHARM,India,X12001,DAP,2024-04-30,20,S1505115,"Co-amoxiclav 250mg+62,5mg DT PAC-5x10",6000,5874,LTA,CLOSED
68037160,,MKAZEMI,1900015853,Mepro Pharmaceuticals Pvt Ltd,India,X12001,DAP,2024-10-16,10,S1555370,Albendazole 400mg chewable tabs/PAC-100,177000,176233,LTA,CLOSED
68037160,,MKAZEMI,1900015853,Mepro Pharmaceuticals Pvt Ltd,India,X12002,DAP,2024-07-20,20,S1555370,Albendazole 400mg chewable tabs/PAC-100,29255,29255,LTA,CLOSED
68037200,Panalpina / DSV Air & Sea A/S,BKERNKAMP,1900020406,Masimo International SARL,Switzerland,X12002,FCA,2024-01-18,10,S0845209,"Foam wraps, for YI sensor, Rad-G/PAC-12",600,600,LTA,CLOSED
68037200,Panalpina / DSV Air & Sea A/S,BKERNKAMP,1900020406,Masimo International SARL,Switzerland,X12002,FCA,2024-01-18,20,S0845211,"Sensor, reusable, Rad-G, neonate, YI set",600,600,LTA,CLOSED
68037200,Panalpina / DSV Air & Sea A/S,BKERNKAMP,1900020406,Masimo International SARL,Switzerland,X12002,FCA,2024-01-18,30,S0845212,"Pulse oximeter,handheld,cont,w/resp rate",500,500,LTA,CLOSED
68037155,,BKERNKAMP,1900020220,Yangzhou Daintybird Funeral,China,X12001,DAP,2024-04-15,10,S0990010,"Body bag,adult",1920,1920,LTA,CLOSED
68037155,,BKERNKAMP,1900020220,Yangzhou Daintybird Funeral,China,X12001,DAP,2024-04-15,20,S0990030,"Body bag,infection control,adult",3960,3960,LTA,CLOSED
68037155,,BKERNKAMP,1900020220,Yangzhou Daintybird Funeral,China,X12001,DAP,2024-04-15,30,S0990040,"Body bag,infection control,child",4032,4032,LTA,CLOSED
68037179,Kuehne + Nagel A/S,SHVISWANATHA,1900022200,Mutisa Clothings Ltd,Bangladesh,X12010,FCA,2024-04-08,10,S0538200,"T-shirt, Child 4-6yrs,cols/PAC-4",500,500,LTA,CLOSED
68037179,Kuehne + Nagel A/S,SHVISWANATHA,1900022200,Mutisa Clothings Ltd,Bangladesh,X12010,FCA,2024-04-08,20,S0538201,"T-shirt, Child 8-10yrs,cols/PAC-4",500,500,LTA,CLOSED
68037179,Kuehne + Nagel A/S,SHVISWANATHA,1900022200,Mutisa Clothings Ltd,Bangladesh,X12010,FCA,2024-04-08,30,S0538202,"T-shirt, Child 12-14yrs,cols/PAC-4",500,500,LTA,CLOSED
68037179,Kuehne + Nagel A/S,SHVISWANATHA,1900022200,Mutisa Clothings Ltd,Bangladesh,X12010,FCA,2024-04-08,40,S8794210,"UNICEF T-shirt, cyan blue,cotton,L",1500,1500,LTA,CLOSED
68037179,Kuehne + Nagel A/S,SHVISWANATHA,1900022200,Mutisa Clothings Ltd,Bangladesh,X12010,FCA,2024-04-08,50,S8794211,"UNICEF T-shirt, cyan blue,cotton,XL",1500,1500,LTA,CLOSED
68037179,Kuehne + Nagel A/S,SHVISWANATHA,1900022200,Mutisa Clothings Ltd,Bangladesh,X12010,FCA,2024-04-08,60,S8794304,"UNICEF T-shirt, long, Female, S",1400,1400,LTA,CLOSED
68037179,Kuehne + Nagel A/S,SHVISWANATHA,1900022200,Mutisa Clothings Ltd,Bangladesh,X12010,FCA,2024-04-08,70,S8794312,"UNICEF T-shirt, long, Male, S",1400,1400,LTA,CLOSED
68037179,Kuehne + Nagel A/S,SHVISWANATHA,1900022200,Mutisa Clothings Ltd,Bangladesh,X12010,FCA,2024-04-08,80,S8794313,"UNICEF T-shirt, long, Male, M",1400,1400,LTA,CLOSED
68037179,Kuehne + Nagel A/S,SHVISWANATHA,1900022200,Mutisa Clothings Ltd,Bangladesh,X12010,FCA,2024-04-08,90,S8794446,"Safari Vest,100% cotton,w/logo,size M",400,400,LTA,CLOSED
68037179,Kuehne + Nagel A/S,SHVISWANATHA,1900022200,Mutisa Clothings Ltd,Bangladesh,X12010,FCA,2024-04-08,100,S8794314,"UNICEF T-shirt, long, Male, L",1400,1400,LTA,CLOSED
68037179,Kuehne + Nagel A/S,SHVISWANATHA,1900022200,Mutisa Clothings Ltd,Bangladesh,X12010,FCA,2024-04-08,110,S8794308,"UNICEF T-shirt, Female, V-neck, S",1000,1000,LTA,CLOSED
68037315,Kuehne + Nagel A/S,MKAZEMI,1900015879,Lekapharm A/S,Denmark,X12001,FCA,2024-07-05,10,S1580101,"Micronutrient tabs, pregnancy/BOT-100",300000,300000,LTA,CLOSED
68037175,,AWEIS,1900005947,Fazzini s.r.l.,Italy,X12004,DAP,2024-01-14,10,S0845185,"Doppler,FHR detector,w/access",530,530,LTA,CLOSED
68037198,Kuehne + Nagel A/S,MKAZEMI,1900012253,DSM Nutritional Products Europe Ltd,Switzerland,X12004,FCA,2024-03-27,10,S1580201,"Multiple micronutrient pdr,sach./PAC-30",400000,400000,LTA,CLOSED
68037192,,MKAZEMI,1900018197,Reyoung Pharmaceutical Co Ltd,China,X12001,DAP,2024-06-07,10,S1550030,Iron 60mg + Folic ac. 400mcg tab/PAC-100,272160,272160,LTA,CLOSED
68037164,,ARETSLOV,1900012695,"Hangzhou Cereal, Oils &",China,X12001,DAP,2024-03-07,10,S0145635,"MUAC,Child 11.5 Red,PAC-50,French",10000,10000,LTA,CLOSED
68037165,,ARETSLOV,1900000451,SECA GmbH & Co. KG,Germany,X12001,DAP,2024-04-12,10,S0145555,"Scale,spring type,infant,25kgx100g",5000,5000,LTA,CLOSED
68037165,,ARETSLOV,1900000451,SECA GmbH & Co. KG,Germany,X12001,DAP,2024-04-12,20,S0114520,"Length/height board,baby/child/adult",100,100,LTA,CLOSED
68037165,,ARETSLOV,1900000451,SECA GmbH & Co. KG,Germany,X12001,DAP,2024-03-29,30,S0141022,"Scale,mother/child,batteries,250kg",500,500,LTA,CLOSED
68037165,,ARETSLOV,1900000451,SECA GmbH & Co. KG,Germany,X12001,DAP,2024-03-29,40,S0141023,"Scale,mother/child,batteries,solar,250kg",50,50,LTA,CLOSED
68037166,,ARETSLOV,1900016305,PKP Bardejov S.r.o.,Slovakia,X12004,DAP,2024-02-23,10,S0114530,"Length/height board,baby/child,SET-2",702,702,LTA,CLOSED
68037167,,ARETSLOV,1900001115,Chempatex Medizinische,Germany,X12004,DAP,2024-06-07,10,S0145558,"Scale,infant,tray,20kgx5g,batteries",400,400,LTA,CLOSED
68037167,,ARETSLOV,1900001115,Chempatex Medizinische,Germany,X12004,DAP,2024-06-07,20,S0189000,"Weighing trousers,infant,25kg,PAC-5",3000,3000,LTA,CLOSED
68037468,,AWEIS,1900016014,Rudolf Riester GmbH,Germany,X12004,DAP,2024-05-03,10,S0845215,"Laryngoscope,neonate,set",600,600,LTA,CLOSED
68037468,,AWEIS,1900016014,Rudolf Riester GmbH,Germany,X12004,DAP,2024-05-03,20,S0845216,"Laryngoscope,adult,child,set",300,300,LTA,CLOSED
68037468,,AWEIS,1900016014,Rudolf Riester GmbH,Germany,X12004,DAP,2024-05-03,30,S0385010,"Tourniquet,latex-free,50cm",8000,8000,LTA,CLOSED
68037172,,AWEIS,1900000324,Laerdal Medical AS,Norway,X12001,DAP,2024-01-23,10,S0845007,"Resuscitator, upright, neonate, set",576,576,LTA,CLOSED
68037173,,AWEIS,1900020831,Wuyi Anbo Medical Equipment Manufac,China,X12001,DAP,2024-04-15,20,S0845186,"Stand,infusion,double hook,on castors",528,528,LTA,CLOSED
68037180,,NSEREK,1900001086,Butyl Products Ltd.,United Kingdom,X12004,DAP,2023-12-20,10,S5006019,"Water tank,collapsible,5000l,w/dist.kit",10,10,LTA,CLOSED
68037189,,TNIELSEN,1900001025,Durbin PLC,United Kingdom,X12001,DAP,2024-05-31,10,S1562046,Caffeine Cit 10mg/ml or sol 5ml vl/PAC-1,7290,7290,LTA,CLOSED
68037182,,TNIELSEN,1900015853,Mepro Pharmaceuticals Pvt Ltd,India,X12001,DAP,2024-06-03,10,S1552226,Betamethasone 0.1% cream/TBE-15g,31400,31400,LTA,OPEN
62000106,DHL Global Forwarding (Denmark) A/S,PLPETERSEN,1900015387,NRS Relief FZCO,Utd.Arab.Emir.,X33308,FCA,2023-12-22,10,S5088072,High Performance Tent - 72M2,38,38,LTA,CLOSED
62000106,DHL Global Forwarding (Denmark) A/S,PLPETERSEN,1900015387,NRS Relief FZCO,Utd.Arab.Emir.,X33308,FCA,2023-12-22,20,S5088048,High Performance Tent - 48M2,48,48,LTA,CLOSED
68037185,,TNIELSEN,1900012098,Novartis Pharma Services AG,Switzerland,X12004,DAP,2024-01-31,20,S1300063,Artemeth20mg+Lumefan120mg tabs/24/PAC-30,3000,3000,LTA,CLOSED
68037178,Scan Global Logistics A/S,TNIELSEN,1900021554,TRIDEM PHARMA,France,X12002,FCA,2024-01-08,10,S1300008,Artesunate pdr./inj 60mg vial/BOX-1,130000,130000,LTA,CLOSED
68037170,Scan Global Logistics A/S,LSUN,1900020185,Abbott Rapid Dx International Limit,Ireland,X12002,FCA,2024-01-26,10,S0584613,"BiolineMalAgPf/PanNonSafetyLancet,kit/25",12000,12000,LTA,CLOSED
68037168,,TNIELSEN,1900007417,DEMO S.A. Pharmaceutical Industry,Greece,X12001,DAP,2024-05-05,10,S1564320,Sod.chloride inj.0.9% 10ml/BOX-5,5000,4914,LTA,CLOSED
68037169,,ARETSLOV,1900000451,SECA GmbH & Co. KG,Germany,X12001,DAP,2024-04-12,10,S0141025,"Scale,survey,mother/child,bat,150kg",2880,2880,LTA,CLOSED
68037174,,AWEIS,1900011349,KD Medical GmbH Hospital Products,Germany,X12004,DAP,2024-01-16,10,S0709234,"Cannula IV short 24G, ster, disp, BOX-50",3200,3200,LTA,CLOSED
68037174,,AWEIS,1900011349,KD Medical GmbH Hospital Products,Germany,X12004,DAP,2024-01-16,20,S0744301,"Needle,scalp vein,23G,ster,disp/BOX-50",320,320,LTA,CLOSED
68037174,,AWEIS,1900011349,KD Medical GmbH Hospital Products,Germany,X12004,DAP,2024-01-16,30,S0709233,"Cannula IV short 22G, ster, disp, BOX-50",3200,3200,LTA,CLOSED
68037174,,AWEIS,1900011349,KD Medical GmbH Hospital Products,Germany,X12004,DAP,2024-01-16,40,S0709235,"Cannula,IV short,16G,ster,disp, BOX-50",320,320,LTA,CLOSED
68037174,,AWEIS,1900011349,KD Medical GmbH Hospital Products,Germany,X12004,DAP,2024-01-16,50,S0709232,"Cannula IV short 20G, ster, disp, BOX-50",1280,1280,LTA,CLOSED
68037176,,AWEIS,1900019065,Qingdao Narising International Trad,China,X12001,DAP,2024-03-22,10,S0519000,"Cotton wool,500g,roll,non-ster",16400,16400,LTA,CLOSED
68037176,,AWEIS,1900019065,Qingdao Narising International Trad,China,X12001,DAP,2024-03-22,20,S0523058,"Swab,alcohol,6x3cm,BOX-100",2400,2400,LTA,CLOSED
68037177,,AWEIS,1900001115,Chempatex Medizinische,Germany,X12001,DAP,2024-03-15,10,S0512025,"Bandage,gauze,8cmx4m,roll",450000,450000,LTA,CLOSED
68037218,,MKAZEMI,1900014773,MEDOPHARM,India,X12001,DAP,2024-06-10,10,S1555652,Metronidazole 500mg tabs PAC/10x10,35200,36000,LTA,CLOSED
68037185,,TNIELSEN,1900012098,Novartis Pharma Services AG,Switzerland,X12004,DAP,2024-01-31,10,S1300075,Artem20mg+Lumef120mg disp tabs/12/PAC-30,6000,6000,LTA,CLOSED
68037187,,MKAZEMI,1900014308,MILAN LABORATORIES (INDIA) PVT. LTD,India,X12001,DAP,2024-05-10,20,S1537120,Sulf.800mg+Trimet.160mg tabs/PAC-10x10,40000,39559,LTA,CLOSED
68037183,,TNIELSEN,1900012559,Gland Pharma Ltd,India,X12001,DAP,2024-07-07,10,S1551961,Gentamicin inj 10mg/ml 2ml amp/BOX-50,6000,5860,LTA,CLOSED
68037184,Kuehne + Nagel A/S,TNIELSEN,1900014549,Sirmaxo Chemicals Pvt Ltd,India,X12001,FCA,2024-02-05,20,S1531505,Chlorhexidine conc. sol. 5%/BOT-1000ml,19530,19530,LTA,CLOSED
68037190,,MKAZEMI,1900014916,Sandoz d d,Slovenia,X12004,DAP,2024-09-30,10,S1505075,Amoxicillin 500mg disp.tab/PAC-100,69552,69552,LTA,CLOSED
68037187,,MKAZEMI,1900014308,MILAN LABORATORIES (INDIA) PVT. LTD,India,X12001,DAP,2024-05-30,10,S1553011,Ibuprofen 400mg tabs/PAC 10x10,100000,100000,LTA,CLOSED
68037181,,AWEIS,1900016014,Rudolf Riester GmbH,Germany,X12004,DAP,2024-01-10,10,S0845215,"Laryngoscope,neonate,set",500,500,LTA,CLOSED
68037181,,AWEIS,1900016014,Rudolf Riester GmbH,Germany,X12004,DAP,2024-01-10,20,S0845216,"Laryngoscope,adult,child,set",300,300,LTA,CLOSED
68037202,,AWEIS,1900005947,Fazzini s.r.l.,Italy,X12004,DAP,2024-01-31,10,S0845182,"Gel, ultrasound, bottle, min. 250ml",3010,3010,LTA,CLOSED
68037191,,TNIELSEN,1900012047,Square Pharmaceuticals PLC,Bangladesh,X12001,DAP,2024-06-30,10,S1504003,Cefixime pwd.for sus.100mg/5ml/BOT50ml,20000,20000,LTA,CLOSED
68037193,Kuehne + Nagel A/S,TNIELSEN,1900016608,Hetero Labs Ltd,India,X12004,FCA,2024-02-02,10,S1400652,DTG50mg+3TC300mg+TDF300mg tabs/PAC-30 gb,14400,14400,LTA,CLOSED
68037195,,NANXIONNAZ,1900019010,Evenproducts Limited,United Kingdom,X12004,DAP,2024-01-08,10,S5006020,"Water tank,collapsible,10000l,w/dist.kit",20,20,LTA,CLOSED
68037197,,MKAZEMI,1900000468,Remedica Ltd.,Cyprus,X12002,DAP,2024-02-29,10,S1537150,Sulf.100mg+Trimet.20mg disp.tab/PAC10x10,63360,63360,LTA,CLOSED
68037196,,MKAZEMI,1900018197,Reyoung Pharmaceutical Co Ltd,China,X12001,DAP,2024-05-30,10,S1537310,Cloxacillin 250mg caps/PAC-500,4320,4320,LTA,CLOSED
68037234,,WGU,1900014798,Celio Packaging ApS,Denmark,X12004,DAP,2024-01-12,10,S8903055,"Plastic foil f. auto wrapper, campus 2",168,168,NONE,CLOSED
68037211,,MKAZEMI,1900000064,KBI Pharmaceuticals GmbH & Co. KG,Germany,X12004,DAP,2024-03-15,10,S1561135,ORS low osm. flavour 20.5/1L/CAR10x10,14112,14112,NONE,CLOSED
68037199,,TNIELSEN,1900016235,Ciron Drugs and Pharmaceuticals Pvt,India,X12001,DAP,2024-06-20,10,S1552610,Hydrocortisone pdr/inj 100mg vial/BOX-10,15000,15000,LTA,CLOSED
68037201,Scan Global Logistics A/S,TNIELSEN,1900021554,TRIDEM PHARMA,France,X12002,FCA,2024-03-15,10,S1568040,Sulfadox+Pyrimeth 500+25mg tabs/PAC-100,10000,10000,LTA,CLOSED
68037181,,AWEIS,1900016014,Rudolf Riester GmbH,Germany,X12004,DAP,2024-01-10,30,S0845187,"Sphygmomanometer,(adult),resilient",2500,2500,LTA,CLOSED
68037257,,WGU,1900020101,All 4 Labels Denmark SB A/S,Denmark,X12004,DAP,2024-02-05,10,S8501040,"Thermal Transfer Ribbon,110mmx360m",100,100,NONE,CLOSED
68037257,,WGU,1900020101,All 4 Labels Denmark SB A/S,Denmark,X12004,DAP,2024-02-05,20,S8902039,Thermal ribbon BLACK,50,50,NONE,CLOSED
68037257,,WGU,1900020101,All 4 Labels Denmark SB A/S,Denmark,X12004,DAP,2024-02-05,30,S8902042,LabelsA5-White-Man.Printers-Land.,30,30,NONE,CLOSED
68037258,,WGU,1900006531,MC Emballage A/S,Denmark,X12004,DAP,2024-01-19,10,S8903069,PP strapping(12mm x0.55mm x 3000m) CII,120,120,NONE,CLOSED
68037205,,BKERNKAMP,1900019467,Barna Import Medica S.A.,Spain,X12004,DAP,2024-01-29,10,S0305135,"Mask,surgic,typeIIR,tiestrap,disp.pack50",156588,156588,LTA,CLOSED
68037551,,BKERNKAMP,1900019467,Barna Import Medica S.A.,Spain,X12004,DAP,2024-06-04,10,S0305038,"Shoe cover,non-woven,s.u.,BOX-100",455,455,LTA,CLOSED
68037203,,TNIELSEN,1900007093,"Laboratorio Reig Jofre, SA",Spain,X12004,DAP,2024-09-09,10,S1514135,Benzabenzylpen pdr.inj 1.2MIUv/sol/PAC-1,10000,11878,LTA,CLOSED
68037204,,NANXIONNAZ,1900019010,Evenproducts Limited,United Kingdom,X12004,DAP,2024-01-08,10,S5006018,"Water tank,collapsible,1500l,w/distr.kit",10,10,LTA,CLOSED
68037204,,NANXIONNAZ,1900019010,Evenproducts Limited,United Kingdom,,DAP,2024-01-08,20,S5006036,"Water tank,onion,collaps,30m3,w/taps",2,2,LTA,CLOSED
68037224,,MKAZEMI,1900001025,Durbin PLC,United Kingdom,X12004,DAP,2024-04-25,10,S1506001,Acetylsalicylic acid 300mg tab/PAC-10x10,8000,8000,LTA,CLOSED
68037216,Kuehne + Nagel A/S,SHVISWANATHA,1900020635,Zhejiang E-Bang Outsourcing and Tra,China,X12010,FCA,2024-01-29,10,S5001100,"Bag,UNICEF,blue nylon,280x410x170mm",5152,5152,LTA,CLOSED
68037216,Kuehne + Nagel A/S,SHVISWANATHA,1900020635,Zhejiang E-Bang Outsourcing and Tra,China,X12010,FCA,2024-01-29,20,S5001200,"Bag,school,students,UNICEF,400x270x100mm",24960,24960,LTA,CLOSED
68037212,,SHVISWANATHA,1900007348,Alulock Aps,Denmark,X12010,DAP,2024-04-03,10,S5001010,"Box,metal,lockable,for storage",768,768,LTA,CLOSED
68037213,Kuehne + Nagel A/S,SHVISWANATHA,1900000422,BIAB International AB,Sweden,X12010,FCA,2024-01-15,10,S5001010,"Box,metal,lockable,for storage",384,384,LTA,CLOSED
68037207,Kuehne + Nagel A/S,SHVISWANATHA,1900020775,TIANJIN MACHINERY AND ELECTRIC EQUI,China,X12001,FCA,2024-01-02,10,S5001010,"Box,metal,lockable,for storage",384,384,LTA,CLOSED
68037214,Kuehne + Nagel A/S,SHVISWANATHA,1900020040,Gemini Global Limited,China,X12010,FCA,2024-01-03,10,S5001010,"Box,metal,lockable,for storage",384,384,LTA,CLOSED
62000108,Kuehne + Nagel A/S,SHVISWANATHA,1900010874,Arab Printing Press  S.A.L,Lebanon,X44906,FCA,2023-12-28,10,S5034001,Adolescent Kit,196,196,LTA,CLOSED
68037206,Kuehne + Nagel A/S,SHVISWANATHA,1900010874,Arab Printing Press  S.A.L,Lebanon,X12010,FCA,2024-03-08,10,S5034001,Adolescent Kit,392,392,LTA,CLOSED
68037265,,WGU,1900009169,Smurfit Kappa GmbH,Germany,X12011,DAP,2024-02-01,10,S9016023,"Double-wall ctn.80x40x50 cm, 0.160 m3",10920,11440,NONE,CLOSED
68037251,,BKERNKAMP,1900019467,Barna Import Medica S.A.,Spain,X12004,DAP,2024-01-30,10,S0330025,"Gloves,exam,latex,pwdfree,M,BOX-100",136800,136800,LTA,CLOSED
68037208,,AWEIS,1900002012,The Medical Export Group BV,Netherlands,X12004,DAP,2024-02-21,10,S0845185,"Doppler,FHR detector,w/access",300,300,LTA,CLOSED
68037209,,ARETSLOV,1900001115,Chempatex Medizinische,Germany,X12004,DAP,2024-02-16,10,S0141022,"Scale,mother/child,batteries,250kg",500,500,LTA,CLOSED
68037223,,TNIELSEN,1900001546,Laboratoire Renaudin,France,X12004,DAP,2024-07-29,10,S1550525,Furosemide inj 10mg/ml 2ml amp/BOX-10,5541,5541,LTA,OPEN
68037217,,MKAZEMI,1900000292,Nutriset S.A.S,France,X12004,DAP,2024-01-19,10,S1580020,Zinc 20mg tablets/PAC-10x10,6912,6912,LTA,CLOSED
68037220,,MKAZEMI,1900014596,Macleods Pharmaceuticals Limited,India,X12001,DAP,2024-08-15,10,S1555652,Metronidazole 500mg tabs PAC/10x10,40000,39699,LTA,CLOSED
68037255,Kuehne + Nagel A/S,PLPETERSEN,1900015387,NRS Relief FZCO,Utd.Arab.Emir.,X12001,FCA,2024-01-22,10,S5088048,High Performance Tent - 48M2,68,68,LTA,CLOSED
68037255,Kuehne + Nagel A/S,PLPETERSEN,1900015387,NRS Relief FZCO,Utd.Arab.Emir.,X12001,FCA,2024-01-22,20,S5088072,High Performance Tent - 72M2,56,56,LTA,CLOSED
62000109,Kuehne + Nagel A/S,NANXIONNAZ,1900008365,Tintometer GmbH,Germany,X44907,FCA,2024-01-05,10,S5006129,Chlorine/pH visual comparator,150,150,LTA,CLOSED
68037225,,TNIELSEN,1900019765,S Kant Healthcare Ltd.,India,X12001,DAP,2024-05-14,10,S1531011,Azithromycin pdr/or s 200mg/5ml/BOT-15ml,164304,164304,LTA,CLOSED
68037226,,MKAZEMI,1900014308,MILAN LABORATORIES (INDIA) PVT. LTD,India,X12001,DAP,2024-06-04,10,S1504008,Omeprazole 20mg capsules (e/c) PAC/10x10,39572,39572,LTA,OPEN
62000111,Kuehne + Nagel A/S,PLPETERSEN,1900006246,"Puyoung Ind. Co., Ltd.","South Korea,Rep",X44906,FCA,2024-01-18,10,S5086013,Plastic Tarpaulin F.R. Sheet 4 x 50m,600,600,NONE,CLOSED
62000112,Kuehne + Nagel A/S,PLPETERSEN,1900015387,NRS Relief FZCO,Utd.Arab.Emir.,X44906,FCA,2024-01-22,10,S5088048,High Performance Tent - 48M2,102,102,LTA,CLOSED
62000112,Kuehne + Nagel A/S,PLPETERSEN,1900015387,NRS Relief FZCO,Utd.Arab.Emir.,X44906,FCA,2024-01-22,20,S5088072,High Performance Tent - 72M2,140,140,LTA,CLOSED
68037210,,MKAZEMI,1900014773,MEDOPHARM,India,X12001,DAP,2024-04-25,10,S1580006,Ascorbic acid 250mg tabs/10x100BLIS,1440,1440,LTA,CLOSED
68037219,,NANXIONNAZ,1900008365,Tintometer GmbH,Germany,X12004,DAP,2024-01-19,10,S5006129,Chlorine/pH visual comparator,1344,1344,LTA,CLOSED
68037221,,TNIELSEN,1900002981,NOVO NORDISK A/S,Denmark,X12004,DAP,2024-04-22,20,S1560500,IntermediateInsulin100IU/ml 10mlVl/BOX-1,5000,5000,LTA,CLOSED
68037221,,TNIELSEN,1900002981,NOVO NORDISK A/S,Denmark,X12004,DAP,2024-04-22,10,S1560501,SolubleInsulin100IU/ml inj 10ml vl/BOX-1,3000,3000,LTA,CLOSED
68037222,Kuehne + Nagel A/S,TNIELSEN,1900020581,JSC Kalceks,Latvia,X12004,FCA,2024-04-02,10,S1559355,Magn.sulph.inj 500mg/ml 10ml amp/BOX-10,11000,11000,LTA,CLOSED
68037274,,MSERGIO,1900011349,KD Medical GmbH Hospital Products,Germany,,DAP,2024-02-16,10,S0747452,"Needle,disp,23G,ster/BOX-100",18200,18200,LTA,CLOSED
68037274,,MSERGIO,1900011349,KD Medical GmbH Hospital Products,Germany,,DAP,2024-02-16,20,S0747420,"Needle,disp,19G,ster/BOX-100",16100,16100,LTA,CLOSED
68037274,,MSERGIO,1900011349,KD Medical GmbH Hospital Products,Germany,,DAP,2024-02-16,30,S0782205,"Syringe,disp,2ml,ster/BOX-100",7000,7000,LTA,CLOSED
68037274,,MSERGIO,1900011349,KD Medical GmbH Hospital Products,Germany,,DAP,2024-02-16,40,S0782405,"Syringe,disp,5ml,ster/BOX-100",16000,16000,LTA,CLOSED
68037274,,MSERGIO,1900011349,KD Medical GmbH Hospital Products,Germany,,DAP,2024-02-16,50,S0747432,"Needle,disp,21G,ster/BOX-100",14700,14700,LTA,CLOSED
68037274,,MSERGIO,1900011349,KD Medical GmbH Hospital Products,Germany,,DAP,2024-03-18,60,S0782205,"Syringe,disp,2ml,ster/BOX-100",3000,3000,LTA,CLOSED
68037274,,MSERGIO,1900011349,KD Medical GmbH Hospital Products,Germany,,DAP,2024-03-18,70,S0782405,"Syringe,disp,5ml,ster/BOX-100",4000,4000,LTA,CLOSED
68037274,,MSERGIO,1900011349,KD Medical GmbH Hospital Products,Germany,,DAP,2024-03-11,90,S0782413,"Syringe,disp,10ml,ster/BOX-100",8064,8064,LTA,CLOSED
68037229,,TNIELSEN,1900018859,Hameln Pharma Ltd,United Kingdom,X12004,DAP,2024-06-30,10,S1543625,Diazepam inj 5mg/ml 2ml amp/BOX-10    pt,10000,10000,LTA,CLOSED
68037228,Kuehne + Nagel A/S,TNIELSEN,1900021168,Sinopharm Zhijun (Shenzhen),China,X12001,FCA,2024-04-24,10,S1531006,Ceftriaxone pdr/inj 250mg vial/BOX-50,4880,4880,LTA,CLOSED
68037227,,TNIELSEN,1900007417,DEMO S.A. Pharmaceutical Industry,Greece,X12004,DAP,2024-04-29,10,S1523005,Dexamethasone Phos 4mg/ml 1ml amp/BOX-50,2700,2727,LTA,CLOSED
68037230,,TNIELSEN,1900014308,MILAN LABORATORIES (INDIA) PVT. LTD,India,X12001,DAP,2024-04-30,10,S1537135,Sul.200mg+Trim.40mg/5ml or.sus/BOT-100ml,45000,44900,LTA,CLOSED
68037248,,TNIELSEN,1900007417,DEMO S.A. Pharmaceutical Industry,Greece,X12001,DAP,2024-05-30,10,S1552119,Sodium Chloride 0.9% 500ml bot/BOX-20,6450,6670,LTA,CLOSED
68037249,,TNIELSEN,1900007417,DEMO S.A. Pharmaceutical Industry,Greece,X12001,DAP,2024-05-03,10,S1560826,Compound Sodium Lactate 500ml bot/BOX-20,15000,15603,LTA,CLOSED
68037239,,AWEIS,1900020831,Wuyi Anbo Medical Equipment Manufac,China,X12001,DAP,2024-05-31,10,S0566014,"Infusion Arm Splint, Foldable, Adult",1500,1500,LTA,CLOSED
68037239,,AWEIS,1900020831,Wuyi Anbo Medical Equipment Manufac,China,X12001,DAP,2024-05-31,20,S0566015,"Infusion Arm Splint, Foldable, Child",1500,1500,LTA,CLOSED
68037235,,AWEIS,1900015844,Wrangler Instruments,Pakistan,X12002,DAP,2024-02-02,10,S0774750,"Scissors,umbilical cord,b/b,sterile",20000,20000,LTA,CLOSED
68037238,,AWEIS,1900015722,STERIS Corporation,USA (the),X12004,DAP,2024-02-15,10,S0558100,"Indicator,TST control spot/PAC-300",1000,1000,LTA,CLOSED
68037231,,TNIELSEN,1900014916,Sandoz d d,Slovenia,X12004,DAP,2024-05-28,10,S1533002,Co-Amoxiclav 125mg+ 31.25mg BOT/100ml,90000,90000,LTA,CLOSED
68037232,,TNIELSEN,1900015853,Mepro Pharmaceuticals Pvt Ltd,India,X12001,DAP,2024-07-02,10,S1515060,Miconazole nitrate cream 2%/TBE-30g,158000,160620,LTA,CLOSED
68037232,,TNIELSEN,1900015853,Mepro Pharmaceuticals Pvt Ltd,India,X12001,DAP,2024-06-04,20,S1552500,Hydrocortisone ointment 1%/TBE-15g,60000,62080,LTA,CLOSED
68037233,,TNIELSEN,1900014596,Macleods Pharmaceuticals Limited,India,X12001,DAP,2024-07-09,10,S1562020,Salbutamol oral inh. 0.1mg/ds 200ds,60000,60000,LTA,CLOSED
68037242,,AWEIS,1900006469,SURU INTERNATIONAL PVT LTD,India,X12001,DAP,2024-04-02,10,S0330501,"Bag,urine collecting,2L,drain.,sterile",43200,43200,LTA,CLOSED
68037240,,AWEIS,1900010631,HEALTHIUM MEDTECH LTD,India,X12001,DAP,2024-03-20,10,S0565030,"Sut,nonabs,DEC2,need 3/8 18mm,tri/BOX-36",3456,3456,LTA,CLOSED
68037240,,AWEIS,1900010631,HEALTHIUM MEDTECH LTD,India,X12001,DAP,2024-03-20,20,S0564011,"Sut,abs,DEC2,need 3/8 18mm,round/BOX-36",1728,1728,LTA,CLOSED
68037241,,AWEIS,1900011349,KD Medical GmbH Hospital Products,Germany,X12004,DAP,2024-02-15,10,S0709231,"Cannula IV short 18G, ster, disp, BOX-50",2240,2240,LTA,CLOSED
68037241,,AWEIS,1900011349,KD Medical GmbH Hospital Products,Germany,X12004,DAP,2024-02-15,20,S0709235,"Cannula,IV short,16G,ster,disp, BOX-50",320,320,LTA,CLOSED
68037241,,AWEIS,1900011349,KD Medical GmbH Hospital Products,Germany,X12004,DAP,2024-02-15,30,S0709232,"Cannula IV short 20G, ster, disp, BOX-50",1280,1280,LTA,CLOSED
68037241,,AWEIS,1900011349,KD Medical GmbH Hospital Products,Germany,X12004,DAP,2024-02-15,40,S0709233,"Cannula IV short 22G, ster, disp, BOX-50",3840,3840,LTA,CLOSED
68037241,,AWEIS,1900011349,KD Medical GmbH Hospital Products,Germany,X12004,DAP,2024-02-15,50,S0709234,"Cannula IV short 24G, ster, disp, BOX-50",3840,3840,LTA,CLOSED
68037241,,AWEIS,1900011349,KD Medical GmbH Hospital Products,Germany,X12004,DAP,2024-02-15,60,S0709236,"Needle scalp vein 21G, ster, disp,BOX-50",1280,1280,LTA,CLOSED
68037241,,AWEIS,1900011349,KD Medical GmbH Hospital Products,Germany,X12004,DAP,2024-02-15,70,S0709237,"Needle scalp vein 25G, ster, disp,BOX-50",3840,3840,LTA,CLOSED
68037241,,AWEIS,1900011349,KD Medical GmbH Hospital Products,Germany,X12004,DAP,2024-02-15,80,S0709240,"Three-way valve, Luer, w/caps/BOX-50",960,960,LTA,CLOSED
68037241,,AWEIS,1900011349,KD Medical GmbH Hospital Products,Germany,X12004,DAP,2024-02-15,90,S0744301,"Needle,scalp vein,23G,ster,disp/BOX-50",1280,1280,LTA,CLOSED
68037431,,NSEREK,1900001503,Katadyn Products Inc,Switzerland,X12004,DAP,2024-04-05,10,S5619903,"Filter, drinking, approx. 10L container",2208,2208,LTA,CLOSED
68037254,Kuehne + Nagel A/S,PLPETERSEN,1900006246,"Puyoung Ind. Co., Ltd.","South Korea,Rep",X12001,FCA,2024-01-18,10,S5086013,Plastic Tarpaulin F.R. Sheet 4 x 50m,900,900,NONE,CLOSED
68037254,Kuehne + Nagel A/S,PLPETERSEN,1900006246,"Puyoung Ind. Co., Ltd.","South Korea,Rep",X12001,FCA,2024-01-18,20,S5086014,Plastic Tarpaulin F.R. Sheet (4x5m),3000,3000,NONE,CLOSED
68037250,,TNIELSEN,1900007417,DEMO S.A. Pharmaceutical Industry,Greece,X12001,DAP,2024-07-09,10,S1552118,Glucose 10% 500ml bot/BOX-20,6250,6390,LTA,CLOSED
68037252,Kuehne + Nagel A/S,LSUN,1900013350,Premier Medical Corporation Private,India,X12002,FCA,2024-01-23,10,S0584636,"FirstResponseSyph Anti-TPCardTest,kit/25",1000,1000,LTA,CLOSED
68037243,Kuehne + Nagel A/S,TNIELSEN,1900012047,Square Pharmaceuticals PLC,Bangladesh,X12001,FCA,2024-09-02,20,S1585009,Paracetamol 120mg/5ml or.liq/BOT-60ml,300000,300000,LTA,CLOSED
68037244,,TNIELSEN,1900019765,S Kant Healthcare Ltd.,India,X12001,DAP,2024-05-20,10,S1585009,Paracetamol 120mg/5ml or.liq/BOT-60ml,362880,361368,LTA,CLOSED
68037236,,AWEIS,1900016014,Rudolf Riester GmbH,Germany,X12004,DAP,2024-02-22,10,S0845162,"Tongue depressor,wooden,disp/BOX-100",10000,10000,LTA,CLOSED
68037237,,AWEIS,1900008236,Fleischhacker GmbH & Co.KG,Germany,X12004,DAP,2024-03-22,10,S0845177,"Papersheet,crepe,for ster. pack/PAC-250",800,800,LTA,CLOSED
68037237,,AWEIS,1900008236,Fleischhacker GmbH & Co.KG,Germany,X12004,DAP,2024-03-22,20,S1802209,"Battery,drycell,alkaline,'AA',1.5V/PAC-4",2400,2400,LTA,CLOSED
68037263,Kuehne + Nagel A/S,IMUNOZ,1900008236,Fleischhacker GmbH & Co.KG,Germany,X12004,FCA,2024-04-12,10,S0904991,"Test strip, urine, 10 parameter, box/100",1500,1500,LTA,CLOSED
68037243,Kuehne + Nagel A/S,TNIELSEN,1900012047,Square Pharmaceuticals PLC,Bangladesh,X12001,FCA,2024-04-24,10,S1585009,Paracetamol 120mg/5ml or.liq/BOT-60ml,150000,150000,LTA,CLOSED
68037246,,TNIELSEN,1900007417,DEMO S.A. Pharmaceutical Industry,Greece,X12001,DAP,2024-04-28,10,S1560832,Water for injection 10ml amp/BOX-50,7680,7800,LTA,CLOSED
68037245,,TNIELSEN,1900007417,DEMO S.A. Pharmaceutical Industry,Greece,,DAP,2024-08-05,10,S1560823,Compound Sodium Lactate 1L bot/BOX-10,7000,7070,LTA,CLOSED
68037264,Kuehne + Nagel A/S,AWEIS,1900006469,SURU INTERNATIONAL PVT LTD,India,X12002,FCA,2024-01-18,10,S0330501,"Bag,urine collecting,2L,drain.,sterile",12000,12000,LTA,CLOSED
68037259,,AWEIS,1900016551,Romsons International,India,X12001,DAP,2024-04-17,10,S0373500,"Tube,feeding,CH05,L40cm,ster,disp",100000,100000,LTA,CLOSED
68037259,,AWEIS,1900016551,Romsons International,India,X12001,DAP,2024-04-17,20,S0323302,"Catheter,Foley,CH14,ster,disp",20000,20000,LTA,CLOSED
68037259,,AWEIS,1900016551,Romsons International,India,X12001,DAP,2024-04-17,30,S0373000,"Tube,feeding,CH08,L40cm,ster,disp",100000,100000,LTA,CLOSED
68037259,,AWEIS,1900016551,Romsons International,India,X12001,DAP,2024-04-17,40,S0383040,"Tube,endotrach,7.5,w/cuff,ster,disp",20000,20000,LTA,CLOSED
68037259,,AWEIS,1900016551,Romsons International,India,X12001,DAP,2024-04-17,50,S0374025,"Tube,suction,CH14,L50cm,ster,disp",75000,75000,LTA,CLOSED
68037253,,TNIELSEN,1900001025,Durbin PLC,United Kingdom,X12004,DAP,2024-02-23,10,S1551050,"Heparin 5000IU/ml inj, 5ml vial/PAC-10",5000,5000,LTA,CLOSED
68037256,,TNIELSEN,1900016885,Fresenius Kabi,Denmark,X12004,DAP,2024-06-25,10,S1537065,Cloxacillin pdr/inj 500mg vial/BOX-50,2370,2370,LTA,CLOSED
62000113,Kuehne + Nagel A/S,NANXIONNAZ,1900008365,Tintometer GmbH,Germany,X44907,FCA,2024-01-21,10,S5006129,Chlorine/pH visual comparator,225,225,LTA,CLOSED
68037260,,TNIELSEN,1900012918,Galentic Pharma (India) Pvt.Ltd,India,X12001,DAP,2024-07-10,10,S1553110,Povidone iodine sol 10%/BOT-200ml,52800,53520,LTA,CLOSED
68037262,,AWEIS,1900008382,United Poly Engineering Private Ltd,India,X12001,DAP,2024-04-26,10,S0334700,"Jug,measuring,1L",9504,9504,LTA,CLOSED
68037280,,TNIELSEN,1900016885,Fresenius Kabi,Denmark,X12004,DAP,2024-09-24,10,S1560832,Water for injection 10ml amp/BOX-50,50000,50207,LTA,CLOSED
68037267,,NANXIONNAZ,1900006967,Hydrachem Limited,United Kingdom,X12004,DAP,2024-01-26,10,S5006055,"NaDCC,Chlorine Granules 56%, 1/2kg",4032,4032,LTA,CLOSED
68037267,,NANXIONNAZ,1900006967,Hydrachem Limited,United Kingdom,X12004,DAP,2024-02-16,20,S5006055,"NaDCC,Chlorine Granules 56%, 1/2kg",1728,1728,LTA,CLOSED
68037285,,AWEIS,1900011304,Bicakcilar Global Tibbi Urunler,Türkiye,X12004,DAP,2024-04-05,10,S0390011,"Airway,Guedel,size00,ster,single use",6000,6000,LTA,CLOSED
68037285,,AWEIS,1900011304,Bicakcilar Global Tibbi Urunler,Türkiye,X12004,DAP,2024-04-05,20,S0390051,"Airway,Guedel,size3,ster,single use",4000,4000,LTA,CLOSED
68037285,,AWEIS,1900011304,Bicakcilar Global Tibbi Urunler,Türkiye,X12004,DAP,2024-04-05,30,S0390061,"Airway,Guedel,size4,ster,single use",4000,4000,LTA,CLOSED
68037285,,AWEIS,1900011304,Bicakcilar Global Tibbi Urunler,Türkiye,X12004,DAP,2024-04-05,40,S0390022,"Airway,Guedel,size0,ster,single use",3750,3750,LTA,CLOSED
68037285,,AWEIS,1900011304,Bicakcilar Global Tibbi Urunler,Türkiye,X12004,DAP,2024-04-05,50,S0390021,"Airway,Guedel,size1,ster,single use",2880,2880,LTA,CLOSED
68037285,,AWEIS,1900011304,Bicakcilar Global Tibbi Urunler,Türkiye,X12004,DAP,2024-04-05,60,S0390041,"Airway,Guedel,size2,ster,single use",2880,2880,LTA,CLOSED
68037271,,AWEIS,1900005502,Kanam Latex Industries Private Ltd,India,X12001,DAP,2024-05-10,10,S0327500,"Gloves,surg,pwdfree,6.5,ster,s.u.,pair",48000,48000,LTA,CLOSED
68037271,,AWEIS,1900005502,Kanam Latex Industries Private Ltd,India,X12001,DAP,2024-05-10,20,S0327520,"Gloves,surg,pwdfree,7.5,ster,s.u.,pair",177600,177600,LTA,CLOSED
68037271,,AWEIS,1900005502,Kanam Latex Industries Private Ltd,India,X12001,DAP,2024-05-10,30,S0327540,"Gloves,surg,pwdfree,8.5,ster,s.u.,pair",72000,72000,LTA,CLOSED
68037271,,AWEIS,1900005502,Kanam Latex Industries Private Ltd,India,X12001,DAP,2024-05-10,40,S0330115,"Gloves,gyn,pwdfree,medium,ster,s.u.,pair",19200,19200,LTA,CLOSED
68037288,,AWEIS,1900015844,Wrangler Instruments,Pakistan,X12002,DAP,2024-03-18,10,S0743600,"Needle holder,Mayo-Hegar,180mm,str",10000,10000,LTA,CLOSED
68037288,,AWEIS,1900015844,Wrangler Instruments,Pakistan,X12002,DAP,2024-03-18,20,S0774750,"Scissors,umbilical cord,b/b,sterile",30000,30000,LTA,CLOSED
68037288,,AWEIS,1900015844,Wrangler Instruments,Pakistan,X12002,DAP,2024-03-18,30,S0728000,"Forceps,artery,Pean/Roch,200mm,cvd",2000,2000,LTA,CLOSED
68037288,,AWEIS,1900015844,Wrangler Instruments,Pakistan,X12002,DAP,2024-03-18,40,S0728015,"Forceps,artery,Pean/Roch,240mm,cvd",2000,2000,LTA,CLOSED
68037288,,AWEIS,1900015844,Wrangler Instruments,Pakistan,X12002,DAP,2024-03-18,50,S0728670,"Forceps,intest,clamp,Doyen,230mm,cvd",2000,2000,LTA,CLOSED
68037308,,NSEREK,1900001361,GOIZPER S. COOP,Spain,X12004,DAP,2024-02-16,10,S5006031,"Sprayer,compression type, approx. 11 L",960,960,LTA,CLOSED
68037278,,MKAZEMI,1900021271,Lomapharm GmbH,Germany,X12004,DAP,2024-07-25,10,S1550030,Iron 60mg + Folic ac. 400mcg tab/PAC-100,420000,420000,LTA,CLOSED
68037269,Kuehne + Nagel A/S,NSEREK,1900013306,K.K.Nag Pvt. Ltd,India,X12001,FCA,2024-04-13,10,S5007335,"Squatting plate,plastic,w/o pan,120x80cm",1056,1056,NONE,CLOSED
68037266,,MKAZEMI,1900001026,B Braun Melsungen AG,Germany,X12004,DAP,2024-04-15,10,S1569650,Naloxone inj 400mcg/ml 1ml amp/BOX-10,1500,1500,LTA,CLOSED
68037284,,MKAZEMI,1900014000,Renata Limited,Bangladesh,X12001,DAP,2024-05-04,10,S1580022,ORS fl.1Lx2+ Zinc 20mg 10tabs.kit/PAC,231840,231840,NONE,CLOSED
68037276,,MKAZEMI,1900000468,Remedica Ltd.,Cyprus,X12001,DAP,2024-04-10,10,S1543751,Amlodipine 5mg tabs/PAC-10x10,6000,6000,LTA,CLOSED
68037270,,AWEIS,1900012695,"Hangzhou Cereal, Oils &",China,X12001,DAP,2024-04-30,10,S0145620,"MUAC,Child 11.5 Red,PAC-50,English",78540,78540,LTA,CLOSED
68037270,,AWEIS,1900012695,"Hangzhou Cereal, Oils &",China,X12001,DAP,2024-04-30,20,S0145630,"MUAC,Adult,w/o color code,PAC-50,English",12672,12672,LTA,CLOSED
68037270,,AWEIS,1900012695,"Hangzhou Cereal, Oils &",China,X12001,DAP,2024-04-30,30,S0145635,"MUAC,Child 11.5 Red,PAC-50,French",11220,11220,LTA,CLOSED
68037300,,WGU,1900009169,Smurfit Kappa GmbH,Germany,X12011,DAP,2024-03-12,10,S8940100,"Pre-pack Carton, 45x35x15 cm, 0.024 m3",7500,7824,NONE,CLOSED
68037268,Scan Global Logistics A/S,AWEIS,1900020220,Yangzhou Daintybird Funeral,China,X12002,FCA,2024-01-31,10,S0990030,"Body bag,infection control,adult",1200,1200,LTA,CLOSED
68037268,Scan Global Logistics A/S,AWEIS,1900020220,Yangzhou Daintybird Funeral,China,X12002,FCA,2024-01-31,20,S0990040,"Body bag,infection control,child",1260,1260,LTA,CLOSED
68037276,,MKAZEMI,1900000468,Remedica Ltd.,Cyprus,X12001,DAP,2024-04-10,20,S1552412,Atenolol 50mg tabs/PAC-10x10,15000,15000,LTA,CLOSED
68037272,,NANXIONNAZ,1900718110,TOKSOZ ITHALAT IHRACAT VE DAHILI TI,Türkiye,X12004,DAP,2024-03-05,10,S0552000,"Soap,toilet,bar,approx.100-110g,wrapped",288000,288000,LTA,CLOSED
68037273,,TNIELSEN,1900005818,Missionpharma A/S,Denmark,X12004,DAP,2024-09-16,10,S1560823,Compound Sodium Lactate 1L bot/BOX-10,7000,7391,LTA,CLOSED
68037292,,TNIELSEN,1900021380,Cheplapharm Arzneimittel GmbH,Germany,X12004,DAP,2024-05-20,10,S1560202,Phytomenadione 2mg/0.2ml inj. amp/BOX-5,8000,8000,LTA,CLOSED
68037279,,TNIELSEN,1900001026,B Braun Melsungen AG,Germany,X12004,DAP,2024-04-30,10,S1555208,Bupivacaine 5mg/ml inj 20ml amp/BOX-20,570,570,LTA,CLOSED
68037282,Kuehne + Nagel A/S,TNIELSEN,1900014549,Sirmaxo Chemicals Pvt Ltd,India,X12001,FCA,2024-01-25,10,S1519500,Benzyl benzoate 25% lotion /BOT-1000ml,38400,38400,LTA,CLOSED
68037283,,TNIELSEN,1900010328,Pharmatex Italia SRL,Italy,X12004,DAP,2024-10-04,20,S1550525,Furosemide inj 10mg/ml 2ml amp/BOX-10,9767,9767,LTA,CLOSED
68037297,,MKAZEMI,1900018197,Reyoung Pharmaceutical Co Ltd,China,X12001,DAP,2024-04-30,10,S1561120,ORS low osm. 20.5g/1L CAR/10x10,12096,12096,LTA,CLOSED
68037298,,MKAZEMI,1900014000,Renata Limited,Bangladesh,,DAP,2024-05-10,10,S1561120,ORS low osm. 20.5g/1L CAR/10x10,10560,10560,NONE,CLOSED
68037301,,MKAZEMI,1900015853,Mepro Pharmaceuticals Pvt Ltd,India,X12001,DAP,2024-07-30,10,S1561120,ORS low osm. 20.5g/1L CAR/10x10,11520,10573,LTA,CLOSED
68037299,,NSUSCHEVICI,1900001998,Temperature Sensitive Solutions,Sweden,X12002,DAP,2024-02-22,10,S8902070,TSS Weblogger II PQS E006/043,30,30,NONE,CLOSED
68037311,,NSEREK,1900001503,Katadyn Products Inc,Switzerland,X12004,DAP,2024-02-21,10,S5619903,"Filter, drinking, approx. 10L container",2208,2208,LTA,CLOSED
62000115,Kuehne + Nagel A/S,NSEREK,1900007256,Alpinter SA NV,Belgium,X44908,FCA,2024-02-01,10,S5007311,"Water-cont,LDPE,10l,collapsibl.,w/o logo",24000,24000,LTA,CLOSED
68037305,,WGU,1900002424,Albe Emballage A/S,Denmark,X12004,DAP,2024-03-11,10,S8903002,"Tape,white,w/UNICEF logo,50mmx66m",1224,1257,NONE,CLOSED
68037277,,AWEIS,1900019467,Barna Import Medica S.A.,Spain,X12004,DAP,2024-02-16,10,S0327500,"Gloves,surg,pwdfree,6.5,ster,s.u.,pair",67200,67200,LTA,CLOSED
68037277,,AWEIS,1900019467,Barna Import Medica S.A.,Spain,X12004,DAP,2024-02-16,20,S0327520,"Gloves,surg,pwdfree,7.5,ster,s.u.,pair",160000,160000,LTA,CLOSED
68037277,,AWEIS,1900019467,Barna Import Medica S.A.,Spain,X12004,DAP,2024-02-22,30,S0327540,"Gloves,surg,pwdfree,8.5,ster,s.u.,pair",41200,41200,LTA,CLOSED
68037277,,AWEIS,1900019467,Barna Import Medica S.A.,Spain,X12004,DAP,2024-02-16,40,S0845205,"Gloves,heavy-duty,rubber/nitrile,M,pair",4800,4800,LTA,CLOSED
68037440,,BKERNKAMP,1900019467,Barna Import Medica S.A.,Spain,X12004,DAP,2024-04-15,10,S0327520,"Gloves,surg,pwdfree,7.5,ster,s.u.,pair",50000,50000,LTA,CLOSED
68037281,,NSEREK,1900001086,Butyl Products Ltd.,United Kingdom,X12004,DAP,2024-01-30,10,S5006019,"Water tank,collapsible,5000l,w/dist.kit",10,10,LTA,CLOSED
68037281,,NSEREK,1900001086,Butyl Products Ltd.,United Kingdom,X12004,DAP,2024-01-30,20,S5006036,"Water tank,onion,collaps,30m3,w/taps",2,2,LTA,CLOSED
62000117,Kuehne + Nagel A/S,NSEREK,1900002822,LABARONNE CITAF SAS,France,X44906,FCA,2024-03-28,10,S5006018,"Water tank,collapsible,1500l,w/distr.kit",20,20,LTA,CLOSED
62000117,Kuehne + Nagel A/S,NSEREK,1900002822,LABARONNE CITAF SAS,France,X44906,FCA,2024-03-28,20,S5006019,"Water tank,collapsible,5000l,w/dist.kit",25,25,LTA,CLOSED
62000117,Kuehne + Nagel A/S,NSEREK,1900002822,LABARONNE CITAF SAS,France,X44906,FCA,2024-03-28,30,S5006020,"Water tank,collapsible,10000l,w/dist.kit",20,20,LTA,CLOSED
68037293,,TNIELSEN,1900007417,DEMO S.A. Pharmaceutical Industry,Greece,X12001,DAP,2024-06-14,10,S1560826,Compound Sodium Lactate 500ml bot/BOX-20,30000,30550,LTA,CLOSED
68037296,Kuehne + Nagel A/S,TNIELSEN,1900021168,Sinopharm Zhijun (Shenzhen),China,X12001,FCA,2024-06-03,10,S1531006,Ceftriaxone pdr/inj 250mg vial/BOX-50,4800,4880,LTA,CLOSED
68037295,,TNIELSEN,1900012086,AMEX Healthcare GmbH,Austria,X12004,DAP,2024-04-05,10,S1533005,Flucloxacil125mg/5ml pdr/or liq/BOT100ml,40,40,LTA,CLOSED
68037385,,TNIELSEN,1900012047,Square Pharmaceuticals PLC,Bangladesh,X12001,DAP,2024-10-02,10,S1533005,Flucloxacil125mg/5ml pdr/or liq/BOT100ml,8880,8880,LTA,CLOSED
68037294,,TNIELSEN,1900007417,DEMO S.A. Pharmaceutical Industry,Greece,X12001,DAP,2024-06-10,10,S1560833,Water for injection 5ml amp/BOX-50,8000,8096,LTA,CLOSED
68037328,Kuehne + Nagel A/S,PLPETERSEN,1900006246,"Puyoung Ind. Co., Ltd.","South Korea,Rep",X12001,FCA,2024-03-01,10,S5086014,Plastic Tarpaulin F.R. Sheet (4x5m),3000,3000,NONE,CLOSED
68037283,,TNIELSEN,1900010328,Pharmatex Italia SRL,Italy,X12004,DAP,2024-08-30,10,S1531030,Chloramphenicol pdr/inj 1g vial/BOX-5,20000,19168,LTA,CLOSED
68037287,,AWEIS,1900001301,Falcon Surgical Co. (Pvt.) Ltd.,Pakistan,X12002,DAP,2024-03-22,10,S0726000,"Forceps,artery,Kocher,140mm,str",10000,10000,LTA,CLOSED
68037286,,AWEIS,1900012086,AMEX Healthcare GmbH,Austria,X12001,DAP,2024-07-12,10,S0531991,"Infusion giving set,sterile,s.u.",552000,552000,LTA,CLOSED
68037289,,AWEIS,1900000451,SECA GmbH & Co. KG,Germany,X12001,DAP,2024-05-01,10,S0141024,"Scale,survey,mother/chld,bat.solar,150kg",1000,1000,LTA,CLOSED
68037289,,AWEIS,1900000451,SECA GmbH & Co. KG,Germany,X12001,DAP,2024-05-15,20,S0141023,"Scale,mother/child,batteries,solar,250kg",1000,1000,LTA,CLOSED
68037289,,AWEIS,1900000451,SECA GmbH & Co. KG,Germany,X12001,DAP,2024-05-15,30,S0145520,"Scale,beam type,clinical,infant,16kgx5g",400,400,LTA,CLOSED
62000123,Kuehne + Nagel A/S,PLPETERSEN,1900014450,Paramount Tarpaulin Industries,Pakistan,X44906,FCA,2024-03-08,10,S5086015,Blanket synthetic med.thermal resistance,25920,25920,NONE,CLOSED
68037291,,BKERNKAMP,1900005947,Fazzini s.r.l.,Italy,X12004,DAP,2024-03-20,10,S0481057,"Thermometer,clinical,non-cntct,incl bat",2000,2000,LTA,CLOSED
68037307,Kuehne + Nagel A/S,PLPETERSEN,1900015387,NRS Relief FZCO,Utd.Arab.Emir.,X12001,FCA,2024-02-20,10,S5088048,High Performance Tent - 48M2,68,68,LTA,CLOSED
68037307,Kuehne + Nagel A/S,PLPETERSEN,1900015387,NRS Relief FZCO,Utd.Arab.Emir.,X12001,FCA,2024-02-20,20,S5088072,High Performance Tent - 72M2,56,56,LTA,CLOSED
68037290,,AWEIS,1900011631,GPC Medical Ltd,India,X12001,DAP,2024-05-01,10,S0845151,"Resuscitator,hand-oper.,child,set",5000,5000,LTA,CLOSED
68037290,,AWEIS,1900011631,GPC Medical Ltd,India,X12001,DAP,2024-05-01,20,S0845152,"Resuscitator,hand-oper.,adult,set",1000,1000,LTA,CLOSED
68037409,,AWEIS,1900005947,Fazzini s.r.l.,Italy,X12004,DAP,2024-07-30,10,S0531996,"Lancet,blood,ster,disp/PAC-200",2000,2000,LTA,CLOSED
68037267,,NANXIONNAZ,1900006967,Hydrachem Limited,United Kingdom,X12004,DAP,2024-02-16,30,S5006055,"NaDCC,Chlorine Granules 56%, 1/2kg",576,576,NONE,CLOSED
68037261,,NANXIONNAZ,1900001613,Medentech Ltd,Ireland,X12004,DAP,2024-03-06,40,S5008346,Water purif.(NaDCC) 67mg tabs/BOX-2800,756,756,LTA,CLOSED
68037261,,NANXIONNAZ,1900001613,Medentech Ltd,Ireland,X12004,DAP,2024-03-06,50,S1588355,Water purif.(NaDCC) 33mg tabs/PAC-50,55200,55200,LTA,CLOSED
68037313,,AWEIS,1900008382,United Poly Engineering Private Ltd,India,X12001,DAP,2024-05-31,10,S0514000,"Brush,hand,scrubbing,plastic",61440,61440,LTA,CLOSED
68037397,,BKERNKAMP,1900020102,Qingdao LEFF International,China,X12001,DAP,2024-05-21,10,S0370131,"Face mask, venturi, child, single use",45360,45360,LTA,CLOSED
68037397,,BKERNKAMP,1900020102,Qingdao LEFF International,China,X12001,DAP,2024-05-21,20,S0370130,"Face mask, venturi, adult, single use",21600,21600,LTA,CLOSED
68037314,,AWEIS,1900005818,Missionpharma A/S,Denmark,X12001,DAP,2024-07-26,10,S0531991,"Infusion giving set,sterile,s.u.",1053600,1053600,LTA,CLOSED
68037314,,AWEIS,1900005818,Missionpharma A/S,Denmark,X12001,DAP,2024-07-26,20,S0531990,"Infusion giving set,w/burette,ster,s.u.",78000,78030,LTA,CLOSED
68037286,,AWEIS,1900012086,AMEX Healthcare GmbH,Austria,X12001,DAP,2024-07-12,20,S0531990,"Infusion giving set,w/burette,ster,s.u.",30000,30000,LTA,CLOSED
68037302,,AWEIS,1900000324,Laerdal Medical AS,Norway,X12001,DAP,2024-05-01,10,S0845007,"Resuscitator, upright, neonate, set",1152,1152,LTA,CLOSED
68037309,,NANXIONNAZ,1900002764,Jose Miguel Poveda S.A. (JOMIPSA),Spain,X12004,DAP,2024-02-12,10,S5006276,"Multipurpose Cloth, cotton, 1x1.5m",8640,8640,LTA,CLOSED
68037322,,BKERNKAMP,1900008236,Fleischhacker GmbH & Co.KG,Germany,X12004,DAP,2024-06-11,10,S0845165,"Bag,biohazard,red,100L,box/100",1500,1500,LTA,CLOSED
68037322,,BKERNKAMP,1900008236,Fleischhacker GmbH & Co.KG,Germany,X12004,DAP,2024-06-11,20,S0845164,"Bag,biohazard,yellow,50L,box/100",2000,2000,LTA,CLOSED
68037318,,BKERNKAMP,1900008236,Fleischhacker GmbH & Co.KG,Germany,X12004,DAP,2024-02-23,10,S0845164,"Bag,biohazard,yellow,50L,box/100",1046,1046,LTA,CLOSED
68037318,,BKERNKAMP,1900008236,Fleischhacker GmbH & Co.KG,Germany,X12004,DAP,2024-02-23,20,S0845165,"Bag,biohazard,red,100L,box/100",520,520,LTA,CLOSED
62000120,Kuehne + Nagel A/S,PLPETERSEN,1900006246,"Puyoung Ind. Co., Ltd.","South Korea,Rep",X44906,FCA,2024-02-28,10,S5086014,Plastic Tarpaulin F.R. Sheet (4x5m),18000,18000,NONE,CLOSED
68037316,Kuehne + Nagel A/S,MKAZEMI,1900012253,DSM Nutritional Products Europe Ltd,Switzerland,X12004,FCA,2024-04-11,10,S1580201,"Multiple micronutrient pdr,sach./PAC-30",1200000,1200000,LTA,CLOSED
68037317,,MKAZEMI,1900000468,Remedica Ltd.,Cyprus,X12001,DAP,2024-07-15,10,S1552301,Hydrochlorothiazide 25mg tabs/PAC-10 x10,40000,40000,LTA,CLOSED
62000118,Scan Global Logistics A/S,NANXIONNAZ,1900006967,Hydrachem Limited,United Kingdom,X33303,FCA,2024-02-07,10,S5008345,Water purif.(NaDCC) 67mg tabs/BOX-400,26,26,LTA,CLOSED
62000119,Kuehne + Nagel A/S,NANXIONNAZ,1900006967,Hydrachem Limited,United Kingdom,X44907,FCA,2024-02-19,10,S5008345,Water purif.(NaDCC) 67mg tabs/BOX-400,260,260,LTA,CLOSED
68037310,,SHVISWANATHA,1900708598,"Formato Verde - Comunicação, Formaç",Portugal,X12004,DAP,2024-02-22,10,S0145580,"Instruction sheet, Clean delivery kit",20000,20000,NONE,CLOSED
68037312,Panalpina / DSV Air & Sea A/S,TNIELSEN,1900019367,JSC Grindeks,Latvia,X12004,FCA,2024-05-29,10,S1545300,Oxytocin inj 10 IU 1ml amp/BOX-10,24358,24358,LTA,CLOSED
68037304,,TNIELSEN,1900012560,Micro Labs Limited,India,X12001,DAP,2024-10-30,10,S1505046,Amoxici.pdr/oral sus 125mg/5ml/BOT-100ml,600000,590080,LTA,CLOSED
68037306,,TNIELSEN,1900005818,Missionpharma A/S,Denmark,X12004,DAP,2025-03-30,10,S1560823,Compound Sodium Lactate 1L bot/BOX-10,14000,0,LTA,OPEN
68037331,,MKAZEMI,1900000468,Remedica Ltd.,Cyprus,X12001,DAP,2024-08-30,10,S1505043,Amoxicillin 250mg disp.tab/PAC-(10x10),195360,195360,LTA,CLOSED
68037323,,MKAZEMI,1900000292,Nutriset S.A.S,France,X12004,DAP,2024-03-26,10,S1580020,Zinc 20mg tablets/PAC-10x10,41472,41472,LTA,CLOSED
68037330,,MKAZEMI,1900012560,Micro Labs Limited,India,X12001,DAP,2024-11-28,10,S1505043,Amoxicillin 250mg disp.tab/PAC-(10x10),135600,140608,LTA,CLOSED
68037332,,TNIELSEN,1900001855,Sanofi Winthrop Industrie,France,X12004,DAP,2024-11-15,10,S1555682,"Meglumine antimoniate 1,5g/5ml amp/BOX-5",16780,16780,LTA,CLOSED
68037313,,AWEIS,1900008382,United Poly Engineering Private Ltd,India,X12001,DAP,2024-05-31,20,S0225000,"Bowl,stainless steel,600ml",9600,9600,LTA,CLOSED
68037313,,AWEIS,1900008382,United Poly Engineering Private Ltd,India,X12001,DAP,2024-05-31,30,S0279000,"Tray,dressing,ss,300x200x30mm",15360,15360,LTA,CLOSED
68037402,,AWEIS,1900008382,United Poly Engineering Private Ltd,India,X12001,DAP,2024-06-21,10,S0170000,"Stove,kerosene,single-burner,pressure",1344,1344,LTA,CLOSED
68037320,,AWEIS,1900005947,Fazzini s.r.l.,Italy,X12004,DAP,2024-03-22,10,S0539000,"Pin,safety,medium size/PAC-12",20000,20000,LTA,CLOSED
68037320,,AWEIS,1900005947,Fazzini s.r.l.,Italy,X12004,DAP,2024-03-22,20,S0190000,"Receptacle,waste,pedal action,20L",500,500,LTA,CLOSED
68037319,,TNIELSEN,1900007417,DEMO S.A. Pharmaceutical Industry,Greece,X12001,DAP,2024-07-23,10,S1564320,Sod.chloride inj.0.9% 10ml/BOX-5,15000,15288,LTA,CLOSED
68037321,,AWEIS,1900002072,Van Oostveen Medical (Romed),Netherlands,,DAP,2024-03-01,10,S0531991,"Infusion giving set,sterile,s.u.",556800,556800,NONE,CLOSED
68037333,,TNIELSEN,1900001855,Sanofi Winthrop Industrie,France,X12004,DAP,2024-08-12,10,S1555682,"Meglumine antimoniate 1,5g/5ml amp/BOX-5",56550,56550,LTA,CLOSED
68037324,,AWEIS,1900016551,Romsons International,India,X12001,DAP,2024-05-22,10,S0531990,"Infusion giving set,w/burette,ster,s.u.",82000,82000,NONE,CLOSED
68037326,,AWEIS,1900000378,BD International,Belgium,X12004,DAP,2024-02-23,10,S0709243,"Needle,spinal,22G(0.7x38mm)ster,BD,box25",1280,1280,LTA,CLOSED
68037326,,AWEIS,1900000378,BD International,Belgium,X12004,DAP,2024-03-13,20,S0709242,"Needle,spinal,20G(0.9x90mm),ster,Box25",200,200,LTA,CLOSED
62000122,Kuehne + Nagel A/S,PLPETERSEN,1900015387,NRS Relief FZCO,Utd.Arab.Emir.,X44906,FCA,2024-03-04,10,S5086014,Plastic Tarpaulin F.R. Sheet (4x5m),12000,12000,NONE,CLOSED
68037325,,AWEIS,1900011349,KD Medical GmbH Hospital Products,Germany,X12004,DAP,2024-02-29,10,S0709235,"Cannula,IV short,16G,ster,disp, BOX-50",3720,3720,LTA,CLOSED
68037325,,AWEIS,1900011349,KD Medical GmbH Hospital Products,Germany,X12004,DAP,2024-02-29,20,S0709231,"Cannula IV short 18G, ster, disp, BOX-50",1600,1600,LTA,CLOSED
68037325,,AWEIS,1900011349,KD Medical GmbH Hospital Products,Germany,X12004,DAP,2024-02-29,30,S0709233,"Cannula IV short 22G, ster, disp, BOX-50",3200,3200,LTA,CLOSED
68037325,,AWEIS,1900011349,KD Medical GmbH Hospital Products,Germany,X12004,DAP,2024-02-29,40,S0709234,"Cannula IV short 24G, ster, disp, BOX-50",3200,3200,LTA,CLOSED
68037325,,AWEIS,1900011349,KD Medical GmbH Hospital Products,Germany,X12004,DAP,2024-02-29,50,S0709236,"Needle scalp vein 21G, ster, disp,BOX-50",2400,2400,LTA,CLOSED
68037325,,AWEIS,1900011349,KD Medical GmbH Hospital Products,Germany,X12004,DAP,2024-02-29,60,S0709237,"Needle scalp vein 25G, ster, disp,BOX-50",1440,1440,LTA,CLOSED
68037325,,AWEIS,1900011349,KD Medical GmbH Hospital Products,Germany,X12004,DAP,2024-02-29,70,S0709240,"Three-way valve, Luer, w/caps/BOX-50",2400,2400,LTA,CLOSED
68037313,,AWEIS,1900008382,United Poly Engineering Private Ltd,India,X12001,DAP,2024-05-31,40,S0214020,"Bowl,round,polypropylene,6 - 8L",3600,3600,LTA,CLOSED
68037313,,AWEIS,1900008382,United Poly Engineering Private Ltd,India,X12001,DAP,2024-04-30,50,S0921600,"Bottle,plastic,1L,w/screw cap",11136,11136,LTA,CLOSED
68037313,,AWEIS,1900008382,United Poly Engineering Private Ltd,India,X12001,DAP,2024-05-31,60,S0919305,"Bottle,plastic,250ml,wash bottle",1800,1800,LTA,CLOSED
68037327,,BKERNKAMP,1900019467,Barna Import Medica S.A.,Spain,X12004,DAP,2024-02-16,10,S0305047,"Bootcover,antiskid,elasticated,pair-25",4,4,LTA,CLOSED
68037335,,TNIELSEN,1900020830,Amdipharm Limited,Ireland,X12004,DAP,2024-08-08,10,S1551981,Gentamicin 0.3% eye/ear drops/BOT-10ml,78000,78000,LTA,CLOSED
68037334,,TNIELSEN,1900014916,Sandoz d d,Slovenia,X12004,DAP,2024-07-31,10,S1533002,Co-Amoxiclav 125mg+ 31.25mg BOT/100ml,90000,90000,LTA,CLOSED
68037343,Kuehne + Nagel A/S,TNIELSEN,1900006253,Ipca Laboratories Limited,India,X12002,FCA,2024-02-28,10,S1300063,Artemeth20mg+Lumefan120mg tabs/24/PAC-30,3738,3738,LTA,CLOSED
68037344,,TNIELSEN,1900018859,Hameln Pharma Ltd,United Kingdom,X12004,DAP,2024-02-28,10,S1569650,Naloxone inj 400mcg/ml 1ml amp/BOX-10,2250,2250,LTA,CLOSED
68037329,,AWEIS,1900020220,Yangzhou Daintybird Funeral,China,X12001,DAP,2024-06-25,10,S0990040,"Body bag,infection control,child",2700,2700,LTA,CLOSED
68037329,,AWEIS,1900020220,Yangzhou Daintybird Funeral,China,X12001,DAP,2024-06-25,20,S0990030,"Body bag,infection control,adult",5088,5088,LTA,CLOSED
62000121,Kuehne + Nagel A/S,AWEIS,1900020220,Yangzhou Daintybird Funeral,China,X44906,FCA,2024-06-11,10,S0990040,"Body bag,infection control,child",720,720,LTA,CLOSED
62000121,Kuehne + Nagel A/S,AWEIS,1900020220,Yangzhou Daintybird Funeral,China,X44906,FCA,2024-06-11,20,S0990030,"Body bag,infection control,adult",1728,1728,LTA,CLOSED
68037355,,MKAZEMI,1900014916,Sandoz d d,Slovenia,X12004,DAP,2024-03-15,10,S1505043,Amoxicillin 250mg disp.tab/PAC-(10x10),45726,45726,LTA,CLOSED
68037337,,AWEIS,1900016551,Romsons International,India,X12001,DAP,2024-05-15,10,S0370115,"Prongs,nasal,Oxygen,child,s.u.",20000,20000,LTA,CLOSED
68037337,,AWEIS,1900016551,Romsons International,India,X12001,DAP,2024-05-15,20,S0370125,"Prongs,nasal,Oxygen,neonate,s.u.",44000,44000,LTA,CLOSED
68037336,,MKAZEMI,1900000064,KBI Pharmaceuticals GmbH & Co. KG,Germany,X12004,DAP,2024-04-12,10,S1561120,ORS low osm. 20.5g/1L CAR/10x10,21168,21168,NONE,CLOSED
68037342,,AWEIS,1900001115,Chempatex Medizinische,Germany,X12001,DAP,2024-05-31,10,S0523015,"Compress,gauze,10x10cm,n/ster/PAC-100",33600,33600,LTA,CLOSED
68037342,,AWEIS,1900001115,Chempatex Medizinische,Germany,X12001,DAP,2024-05-31,20,S0512025,"Bandage,gauze,8cmx4m,roll",450000,450000,LTA,CLOSED
68037339,,AWEIS,1900005947,Fazzini s.r.l.,Italy,X12004,DAP,2024-05-17,10,S0845182,"Gel, ultrasound, bottle, min. 250ml",6020,6020,LTA,CLOSED
68037340,,AWEIS,1900008236,Fleischhacker GmbH & Co.KG,Germany,X12004,DAP,2024-03-19,10,S0845184,"Stethoscope, neonatal, binaural,complete",1477,1477,LTA,CLOSED
68037341,,AWEIS,1900019065,Qingdao Narising International Trad,China,X12001,DAP,2024-07-29,10,S0523055,"Compress,gauze,10x10cm,ster/PAC-5",265680,265680,LTA,CLOSED
68037341,,AWEIS,1900019065,Qingdao Narising International Trad,China,X12001,DAP,2024-07-29,20,S0523058,"Swab,alcohol,6x3cm,BOX-100",2400,2400,LTA,CLOSED
68037346,,TNIELSEN,1900012559,Gland Pharma Ltd,India,X12001,DAP,2024-11-11,10,S1551961,Gentamicin inj 10mg/ml 2ml amp/BOX-50,9000,8803,LTA,CLOSED
68037345,Kuehne + Nagel A/S,TNIELSEN,1900006253,Ipca Laboratories Limited,India,X12002,FCA,2024-06-30,10,S1300008,Artesunate pdr./inj 60mg vial/BOX-1,56280,56280,LTA,CLOSED
68037354,,NANXIONNAZ,1900006967,Hydrachem Limited,United Kingdom,X12004,DAP,2024-03-04,10,S1588355,Water purif.(NaDCC) 33mg tabs/PAC-50,103040,103040,LTA,CLOSED
68037354,,NANXIONNAZ,1900006967,Hydrachem Limited,United Kingdom,X12004,DAP,2024-03-04,20,S1588360,Water purif.(NaDCC) 1.67g tabs/PAC-200,3528,3528,LTA,CLOSED
68037354,,NANXIONNAZ,1900006967,Hydrachem Limited,United Kingdom,X12004,DAP,2024-03-04,30,S5008345,Water purif.(NaDCC) 67mg tabs/BOX-400,600,600,LTA,CLOSED
68037348,,BKERNKAMP,1900019467,Barna Import Medica S.A.,Spain,X12004,DAP,2024-03-03,10,S0330020,"Gloves,exam,latex,pwdfree,S,BOX-100",5400,5400,LTA,CLOSED
68037348,,BKERNKAMP,1900019467,Barna Import Medica S.A.,Spain,X12004,DAP,2024-03-15,20,S0969021,"Gloves,exam,nitrile,pwdfree,S,BOX-100",2880,2880,LTA,CLOSED
68037348,,BKERNKAMP,1900019467,Barna Import Medica S.A.,Spain,X12004,DAP,2024-03-29,30,S0969021,"Gloves,exam,nitrile,pwdfree,S,BOX-100",3240,3240,LTA,CLOSED
68037407,,MKAZEMI,1900006474,FDC Limited,India,X12001,DAP,2024-08-19,10,S1561125,"ReSoMal,42g sachet for 1 litre/CAR-100",1367,1367,NONE,CLOSED
68037379,,WGU,1900020101,All 4 Labels Denmark SB A/S,Denmark,,DAP,2024-03-14,10,S8902053,LabelsA6-Green-Man.Printers-Land.,30,29,NONE,CLOSED
68037379,,WGU,1900020101,All 4 Labels Denmark SB A/S,Denmark,,DAP,2024-03-14,20,S8902054,LabelsA6-Orange-Man.Printers-Land.,100,96,NONE,CLOSED
68037353,,AWEIS,1900019065,Qingdao Narising International Trad,China,X12001,DAP,2024-07-19,10,S0523050,"Compress,paraffin,10x10cm,ster/BOX-10",36000,36000,LTA,CLOSED
68037353,,AWEIS,1900019065,Qingdao Narising International Trad,China,X12001,DAP,2024-08-18,20,S0503015,"Medical tape,2.5cmx5m,roll",115200,115200,LTA,CLOSED
68037353,,AWEIS,1900019065,Qingdao Narising International Trad,China,X12001,DAP,2024-08-30,30,S0519000,"Cotton wool,500g,roll,non-ster",13600,13600,LTA,CLOSED
68037358,,AWEIS,1900000378,BD International,Belgium,X12004,DAP,2024-03-13,10,S0531990,"Infusion giving set,w/burette,ster,s.u.",66100,66100,NONE,CLOSED
68037364,,ARETSLOV,1900016305,PKP Bardejov S.r.o.,Slovakia,X12004,DAP,2024-06-03,10,S0114530,"Length/height board,baby/child,SET-2",702,702,LTA,CLOSED
68037365,,ARETSLOV,1900001115,Chempatex Medizinische,Germany,X12004,DAP,2024-05-31,10,S0145558,"Scale,infant,tray,20kgx5g,batteries",360,360,LTA,CLOSED
68037352,,TNIELSEN,1900014063,NCPC International Corp,China,X12001,DAP,2024-08-20,10,S1505076,Ampicillin pdr/inj 500mg vial/BOX-100,5400,5400,LTA,CLOSED
68037351,,TNIELSEN,1900007417,DEMO S.A. Pharmaceutical Industry,Greece,X12001,DAP,2024-07-30,10,S1552117,Glucose 5% 500ml bot/BOX-20,10000,10283,LTA,CLOSED
68037350,,TNIELSEN,1900007417,DEMO S.A. Pharmaceutical Industry,Greece,X12001,DAP,2024-07-25,10,S1564320,Sod.chloride inj.0.9% 10ml/BOX-5,15000,15069,LTA,CLOSED
68037349,,TNIELSEN,1900007417,DEMO S.A. Pharmaceutical Industry,Greece,X12001,DAP,2024-06-28,10,S1552118,Glucose 10% 500ml bot/BOX-20,6250,6379,LTA,CLOSED
68037356,,TNIELSEN,1900007093,"Laboratorio Reig Jofre, SA",Spain,X12004,DAP,2024-03-25,10,S1514135,Benzabenzylpen pdr.inj 1.2MIUv/sol/PAC-1,10000,10000,LTA,CLOSED
68037363,,AWEIS,1900002072,Van Oostveen Medical (Romed),Netherlands,,DAP,2024-03-06,10,S0531991,"Infusion giving set,sterile,s.u.",169600,179200,NONE,CLOSED
68037363,,AWEIS,1900002072,Van Oostveen Medical (Romed),Netherlands,,DAP,2024-03-06,20,S0531991,"Infusion giving set,sterile,s.u.",576000,576000,NONE,CLOSED
68037359,,MKAZEMI,1900014773,MEDOPHARM,India,X12001,DAP,2024-08-12,10,S1580006,Ascorbic acid 250mg tabs/10x100BLIS,1000,1000,LTA,CLOSED
68037360,,NSEREK,1900009651,Promens Packaging GmbH,Germany,,DAP,2024-02-29,10,S5007311,"Water-cont,LDPE,10l,collapsibl.,w/o logo",22800,22800,LTA,CLOSED
68037373,,MKAZEMI,1900000468,Remedica Ltd.,Cyprus,X12001,DAP,2024-06-20,10,S1555920,"Nystatin 500,000IU tabs/PAC-100",5000,5000,LTA,CLOSED
68037368,,TNIELSEN,1900020830,Amdipharm Limited,Ireland,X12004,DAP,2024-08-01,10,S1551981,Gentamicin 0.3% eye/ear drops/BOT-10ml,78000,78000,LTA,CLOSED
68037367,Kuehne + Nagel A/S,TNIELSEN,1900006885,Cipla Ltd,India,X12002,FCA,2024-04-30,10,S1400643,ABC120mg+3TC60mg disp. tabs/PAC-60 gb,6000,6020,LTA,CLOSED
68037362,Kuehne + Nagel A/S,TNIELSEN,1900014549,Sirmaxo Chemicals Pvt Ltd,India,X12001,FCA,2024-03-16,10,S1553110,Povidone iodine sol 10%/BOT-200ml,52800,52800,LTA,CLOSED
68037361,Kuehne + Nagel A/S,IMUNOZ,1900008236,Fleischhacker GmbH & Co.KG,Germany,X12004,FCA,2024-05-15,10,S0904991,"Test strip, urine, 10 parameter, box/100",2500,2500,LTA,CLOSED
68037372,,IMUNOZ,1900012086,AMEX Healthcare GmbH,Austria,X12002,DAP,2024-04-22,10,S0969036,"Cary-Blair,agar,swab,disposable,BOX/10",600,600,LTA,CLOSED
68037370,,TNIELSEN,1900007093,"Laboratorio Reig Jofre, SA",Spain,X12004,DAP,2024-11-08,10,S1514135,Benzabenzylpen pdr.inj 1.2MIUv/sol/PAC-1,15000,15000,LTA,CLOSED
68037398,,AWEIS,1900005947,Fazzini s.r.l.,Italy,X12004,DAP,2024-05-16,10,S0774750,"Scissors,umbilical cord,b/b,sterile",20000,20000,LTA,CLOSED
68037399,,AWEIS,1900005947,Fazzini s.r.l.,Italy,X12004,DAP,2024-07-12,10,S0361020,"Drawsheet,plastic,90x180cm",50000,50000,LTA,CLOSED
68037386,,TNIELSEN,1900007785,Morningside Pharmaceuticals Ltd.,United Kingdom,X12004,DAP,2024-08-30,10,S1533003,Cefotaxime 500mg pdr/inj. vial/BOX-10,1400,1400,LTA,CLOSED
68037391,,TNIELSEN,1900007417,DEMO S.A. Pharmaceutical Industry,Greece,X12001,DAP,2024-08-30,10,S1552117,Glucose 5% 500ml bot/BOX-20,10000,10140,LTA,CLOSED
68037369,,ARETSLOV,1900000302,Avery Weigh-Tronix Limited,United Kingdom,X12004,DAP,2024-09-26,10,S0557000,"Scale,spring type,infant,5kgx25g",5000,5000,LTA,CLOSED
68037415,,WGU,1900009169,Smurfit Kappa GmbH,Germany,X12011,DAP,2024-05-23,10,S9008034,"Double-wall ctn.60x40x33.3 cm, 0.08 m3",14600,14560,NONE,CLOSED
68037415,,WGU,1900009169,Smurfit Kappa GmbH,Germany,X12011,DAP,2024-05-17,20,S9010633,"Double-wall ctn.80x40x33 cm, 0.106 m3",7000,7210,NONE,CLOSED
68037415,,WGU,1900009169,Smurfit Kappa GmbH,Germany,X12011,DAP,2024-05-17,30,S9012024,"Double-wall ctn.60x40x50 cm, 0.120 m3",10920,10030,NONE,CLOSED
68037415,,WGU,1900009169,Smurfit Kappa GmbH,Germany,X12011,DAP,2024-05-27,40,S9016023,"Double-wall ctn.80x40x50 cm, 0.160 m3",6000,4900,NONE,CLOSED
68037415,,WGU,1900009169,Smurfit Kappa GmbH,Germany,X12011,DAP,2024-05-23,50,S9019200,"Double-wall ctn.100x40x48cm, 0.192 m3",5040,5022,NONE,CLOSED
68037371,,TNIELSEN,1900007417,DEMO S.A. Pharmaceutical Industry,Greece,X12001,DAP,2024-08-07,10,S1501000,Epinephrine inj 1mg/ml 1ml amp/BOX-10,11800,11918,LTA,CLOSED
68037403,,MKAZEMI,1900018197,Reyoung Pharmaceutical Co Ltd,China,X12001,DAP,2024-08-30,10,S1550009,Iron 60mg+Folic ac. 2800mcg tabs/PAC-100,10000,10000,LTA,CLOSED
68037395,,NANXIONNAZ,1900010258,Procter & Gamble Company,USA (the),X12001,DAP,2024-05-06,10,S5007321,"Water floc. & disinfectant,pdr/BOX-240",8600,8600,LTA,CLOSED
68037380,,AWEIS,1900006469,SURU INTERNATIONAL PVT LTD,India,X12001,DAP,2024-07-12,10,S0372000,"Tube,asp/feed,CH06,L125cm,ster,disp",36000,36000,LTA,CLOSED
68037380,,AWEIS,1900006469,SURU INTERNATIONAL PVT LTD,India,X12001,DAP,2024-07-12,20,S0373500,"Tube,feeding,CH05,L40cm,ster,disp",65000,65000,LTA,CLOSED
68037382,,AWEIS,1900015844,Wrangler Instruments,Pakistan,X12002,DAP,2024-05-06,10,S0774750,"Scissors,umbilical cord,b/b,sterile",100000,100000,LTA,CLOSED
68037396,,AWEIS,1900002012,The Medical Export Group BV,Netherlands,X12004,DAP,2024-06-07,10,S0305025,"Towel,cotton,tetra,100x100cm",150000,150000,NONE,CLOSED
68037383,,AWEIS,1900011351,Narang Medical Ltd.,India,X12001,DAP,2024-06-17,10,S0566010,"Clamp,umbilical cord,ster,s.u.",408000,408000,LTA,CLOSED
68037381,,AWEIS,1900005947,Fazzini s.r.l.,Italy,X12004,DAP,2024-04-19,10,S0845186,"Stand,infusion,double hook,on castors",2000,2000,LTA,CLOSED
68037374,,TNIELSEN,1900020830,Amdipharm Limited,Ireland,X12004,DAP,2024-09-03,10,S1551981,Gentamicin 0.3% eye/ear drops/BOT-10ml,156000,156000,LTA,CLOSED
68037375,,TNIELSEN,1900012918,Galentic Pharma (India) Pvt.Ltd,India,X12001,DAP,2024-08-12,10,S1531042,Chlorhex.diglu.7.1% gel cord.c.TBE/20g,144000,151680,LTA,CLOSED
68037376,,TNIELSEN,1900015853,Mepro Pharmaceuticals Pvt Ltd,India,X12001,DAP,2024-08-19,10,S1552500,Hydrocortisone ointment 1%/TBE-15g,60000,61570,LTA,CLOSED
68037377,,TNIELSEN,1900021380,Cheplapharm Arzneimittel GmbH,Germany,X12004,DAP,2024-11-29,10,S1560202,Phytomenadione 2mg/0.2ml inj. amp/BOX-5,10000,10000,LTA,CLOSED
68037378,,TNIELSEN,1900007417,DEMO S.A. Pharmaceutical Industry,Greece,X12001,DAP,2024-07-23,10,S1564320,Sod.chloride inj.0.9% 10ml/BOX-5,10000,10076,LTA,CLOSED
68037384,,AWEIS,1900011351,Narang Medical Ltd.,India,X12001,DAP,2024-06-22,10,S0361020,"Drawsheet,plastic,90x180cm",144000,144000,LTA,CLOSED
68037392,,TNIELSEN,1900007417,DEMO S.A. Pharmaceutical Industry,Greece,X12002,DAP,2024-07-25,10,S1552119,Sodium Chloride 0.9% 500ml bot/BOX-20,12695,13135,LTA,CLOSED
68037393,,TNIELSEN,1900007417,DEMO S.A. Pharmaceutical Industry,Greece,X12001,DAP,2024-07-25,10,S1552118,Glucose 10% 500ml bot/BOX-20,4000,3778,LTA,CLOSED
68037703,,MKAZEMI,1900007417,DEMO S.A. Pharmaceutical Industry,Greece,X12004,DAP,2024-11-30,10,S1560833,Water for injection 5ml amp/BOX-50,2000,1920,LTA,CLOSED
68037388,,TNIELSEN,1900007417,DEMO S.A. Pharmaceutical Industry,Greece,X12001,DAP,2024-10-10,10,S1560823,Compound Sodium Lactate 1L bot/BOX-10,3000,3029,LTA,CLOSED
68037387,,TNIELSEN,1900007417,DEMO S.A. Pharmaceutical Industry,Greece,X12001,DAP,2024-07-08,10,S1560826,Compound Sodium Lactate 500ml bot/BOX-20,70000,71385,LTA,CLOSED
68037389,,AWEIS,1900001612,Medela AG,Switzerland,X12004,DAP,2024-05-09,10,S0791501,"Vacuum extractor,Bird(ant&post),manu,set",400,400,LTA,CLOSED
68037390,,AWEIS,1900021784,Durable Hospital Supplies,Pakistan,X12002,DAP,2024-04-12,10,S0777000,"Speculum,vaginal,Graves,75x20mm",2000,2000,LTA,CLOSED
68037390,,AWEIS,1900021784,Durable Hospital Supplies,Pakistan,X12002,DAP,2024-04-30,20,S0777500,"Speculum,vaginal,Graves,95x35mm",2000,2000,LTA,CLOSED
68037390,,AWEIS,1900021784,Durable Hospital Supplies,Pakistan,X12002,DAP,2024-04-30,30,S0779500,"Retractor,vaginal,Auvard,38x80mm",1000,1000,LTA,CLOSED
68037390,,AWEIS,1900021784,Durable Hospital Supplies,Pakistan,X12002,DAP,2024-04-30,40,S0715300,"Scoop,uterine,Simon,12mm,sharp",1000,1000,LTA,CLOSED
68037390,,AWEIS,1900021784,Durable Hospital Supplies,Pakistan,X12002,DAP,2024-04-30,50,S0715200,"Curette,uterine,Sims,12mm,sharp",1000,1000,LTA,CLOSED
68037390,,AWEIS,1900021784,Durable Hospital Supplies,Pakistan,X12002,DAP,2024-04-12,60,S0775200,"Sound,uterine,Martin,320mm",1000,1000,LTA,CLOSED
68037408,,NANXIONNAZ,1900001860,Saponerie Mario Fissi S.R.L,Italy,X12004,DAP,2024-04-15,10,S0552000,"Soap,toilet,bar,approx.100-110g,wrapped",277200,277200,LTA,CLOSED
68037400,Scan Global Logistics A/S,LSUN,1900020185,Abbott Rapid Dx International Limit,Ireland,X12002,FCA,2024-04-22,10,S0584613,"BiolineMalAgPf/PanNonSafetyLancet,kit/25",10000,10000,LTA,CLOSED
68037401,Kuehne + Nagel A/S,LSUN,1900013350,Premier Medical Corporation Private,India,X12002,FCA,2024-03-25,10,S0584636,"FirstResponseSyph Anti-TPCardTest,kit/25",2000,2000,LTA,CLOSED
68037402,,AWEIS,1900008382,United Poly Engineering Private Ltd,India,X12001,DAP,2024-06-21,20,S0334700,"Jug,measuring,1L",6528,6528,LTA,CLOSED
68037402,,AWEIS,1900008382,United Poly Engineering Private Ltd,India,X12001,DAP,2024-06-21,30,S0109000,"Drum,sterilizing,340mm diam",90,90,LTA,CLOSED
62000124,Kuehne + Nagel A/S,NANXIONNAZ,1900001613,Medentech Ltd,Ireland,X44906,FCA,2024-03-25,20,S1588360,Water purif.(NaDCC) 1.67g tabs/PAC-200,672,672,LTA,CLOSED
62000124,Kuehne + Nagel A/S,NANXIONNAZ,1900001613,Medentech Ltd,Ireland,X44906,FCA,2024-05-28,10,S1588355,Water purif.(NaDCC) 33mg tabs/PAC-50,69000,69000,LTA,CLOSED
68037410,,MKAZEMI,1900015853,Mepro Pharmaceuticals Pvt Ltd,India,X12001,DAP,2024-07-30,10,S1511502,Fluoxetine 20mg caps/PAC-10x10,15418,15418,LTA,CLOSED
62000156,Kuehne + Nagel A/S,NANXIONNAZ,1900016590,RELIEF SUPPLIER,India,X44906,FCA,2024-10-18,10,S5007311,"Water-cont,LDPE,10l,collapsibl.,w/o logo",12000,12000,LTA,CLOSED
68037423,,AWEIS,1900005947,Fazzini s.r.l.,Italy,X12004,DAP,2024-06-21,10,S0760640,"Pump,suction,foot-operated",1500,1500,LTA,CLOSED
68037406,,NANXIONNAZ,1900001613,Medentech Ltd,Ireland,X12004,DAP,2024-03-25,10,S1588360,Water purif.(NaDCC) 1.67g tabs/PAC-200,10080,10080,LTA,CLOSED
68037411,,MKAZEMI,1900019343,NutriCorp International,Canada,,DAP,2024-09-27,20,S1583000,"Retinol 200,000IU soft gel.caps/PAC-500",8446,8553,LTA,CLOSED
68037412,,MKAZEMI,1900014773,MEDOPHARM,India,,DAP,2024-08-14,10,S1555410,Fluconazole 200mg caps/PAC-10x10,7000,7000,LTA,CLOSED
68037416,,SHVISWANATHA,1900708598,"Formato Verde - Comunicação, Formaç",Portugal,X12004,DAP,2024-04-05,10,S0145580,"Instruction sheet, Clean delivery kit",148500,148500,NONE,CLOSED
68037417,Kuehne + Nagel A/S,SHVISWANATHA,1900012695,"Hangzhou Cereal, Oils &",China,X12010,FCA,2024-03-29,10,S5001200,"Bag,school,students,UNICEF,400x270x100mm",26880,26880,LTA,CLOSED
68037414,,AWEIS,1900008236,Fleischhacker GmbH & Co.KG,Germany,X12001,DAP,2024-08-27,10,S0566010,"Clamp,umbilical cord,ster,s.u.",600000,600000,LTA,CLOSED
68037413,Kuehne + Nagel A/S,TNIELSEN,1900012559,Gland Pharma Ltd,India,X12002,FCA,2024-10-30,10,S1560600,"Quinine DiHCl inj 300mg/ml,2ml amp/BOX10",5840,5840,NONE,CLOSED
68037418,,ARETSLOV,1900000451,SECA GmbH & Co. KG,Germany,X12001,DAP,2024-06-24,10,S0141025,"Scale,survey,mother/child,bat,150kg",1440,1440,LTA,CLOSED
68037419,,ARETSLOV,1900005947,Fazzini s.r.l.,Italy,X12004,DAP,2024-07-31,10,S0145555,"Scale,spring type,infant,25kgx100g",5000,5000,LTA,CLOSED
68037420,,ARETSLOV,1900016305,PKP Bardejov S.r.o.,Slovakia,X12004,DAP,2024-06-18,10,S0114540,"Length/height board,baby/chld/adlt,SET-2",468,468,LTA,CLOSED
68037421,,ARETSLOV,1900001115,Chempatex Medizinische,Germany,X12004,DAP,2024-04-01,10,S0557200,"Weighing sling,infant,5kg",10800,10800,LTA,CLOSED
68037438,,BKERNKAMP,1900019467,Barna Import Medica S.A.,Spain,X12004,DAP,2024-04-12,10,S0305080,"Trousers,surgical,woven,size M",1200,1200,LTA,CLOSED
68037438,,BKERNKAMP,1900019467,Barna Import Medica S.A.,Spain,X12004,DAP,2024-04-12,20,S0305081,"Trousers,surgical,woven,size L",1600,1600,LTA,CLOSED
68037438,,BKERNKAMP,1900019467,Barna Import Medica S.A.,Spain,X12004,DAP,2024-04-12,30,S0305083,"Tunic,surgical,woven,size M",1600,1600,LTA,CLOSED
68037438,,BKERNKAMP,1900019467,Barna Import Medica S.A.,Spain,X12004,DAP,2024-04-12,40,S0305084,"Tunic,surgical,woven, size L",2800,2800,LTA,CLOSED
68037438,,BKERNKAMP,1900019467,Barna Import Medica S.A.,Spain,X12004,DAP,2024-04-12,50,S0845203,"Apron,protection,plastic,disp,PAC-100",4600,4600,LTA,CLOSED
68037446,Kuehne + Nagel A/S,MKAZEMI,1900015879,Lekapharm A/S,Denmark,X12002,FCA,2024-04-10,10,S1580101,"Micronutrient tabs, pregnancy/BOT-100",6300,6300,LTA,CLOSED
68037457,Kuehne + Nagel A/S,MKAZEMI,1900015879,Lekapharm A/S,Denmark,X12001,FCA,2024-04-12,10,S1580101,"Micronutrient tabs, pregnancy/BOT-100",176700,176700,LTA,CLOSED
68037425,,TNIELSEN,1900012918,Galentic Pharma (India) Pvt.Ltd,India,X12001,DAP,2024-08-19,10,S1531042,Chlorhex.diglu.7.1% gel cord.c.TBE/20g,72000,72000,LTA,CLOSED
68037422,,AWEIS,2300012709,PT Damarus Panen Utama,Indonesia,X12001,DAP,2024-07-12,10,S0845065,"Timer,for respiration,ARI (mark 2)",21600,21600,LTA,CLOSED
68037390,,AWEIS,1900021784,Durable Hospital Supplies,Pakistan,X12002,DAP,2024-05-30,70,S0726000,"Forceps,artery,Kocher,140mm,str",30000,30000,LTA,CLOSED
68037390,,AWEIS,1900021784,Durable Hospital Supplies,Pakistan,X12002,DAP,2024-04-30,80,S0773500,"Scissors,Deaver,140mm,str,s/b",7000,7000,LTA,CLOSED
68037427,,TNIELSEN,1900015853,Mepro Pharmaceuticals Pvt Ltd,India,X12001,DAP,2024-08-18,10,S1515060,Miconazole nitrate cream 2%/TBE-30g,100000,96570,LTA,CLOSED
68037436,,AWEIS,1900010631,HEALTHIUM MEDTECH LTD,India,X12001,DAP,2024-06-07,10,S0565030,"Sut,nonabs,DEC2,need 3/8 18mm,tri/BOX-36",1440,1440,LTA,CLOSED
68037436,,AWEIS,1900010631,HEALTHIUM MEDTECH LTD,India,X12001,DAP,2024-06-07,20,S0564012,"Sut,abs,DEC3,need 1/2 30mm,round/BOX-36",1440,1440,LTA,CLOSED
68037436,,AWEIS,1900010631,HEALTHIUM MEDTECH LTD,India,X12001,DAP,2024-06-07,30,S0565011,"Sut,nonabs,DEC3,need 3/8 30mm,tri/BOX-36",2160,2160,LTA,CLOSED
68037436,,AWEIS,1900010631,HEALTHIUM MEDTECH LTD,India,X12001,DAP,2024-06-07,40,S0565020,"Sut,nonabs,DEC1,need 1/2 13mm,rnd/BOX-36",1440,1440,LTA,CLOSED
68037433,,AWEIS,1900011351,Narang Medical Ltd.,India,X12001,DAP,2024-07-29,10,S0565850,"Razor,single edge,plastic,s.u./PAC-10",14000,14000,LTA,CLOSED
68037428,,NANXIONNAZ,1900001613,Medentech Ltd,Ireland,X12004,DAP,2024-04-17,10,S1588355,Water purif.(NaDCC) 33mg tabs/PAC-50,121440,121440,LTA,CLOSED
68037428,,NANXIONNAZ,1900001613,Medentech Ltd,Ireland,X12004,DAP,2024-04-17,20,S1588360,Water purif.(NaDCC) 1.67g tabs/PAC-200,504,504,LTA,CLOSED
68037434,,AWEIS,1900005947,Fazzini s.r.l.,Italy,X12004,DAP,2024-04-30,10,S0683300,"Sphygmomanometer,(child),aneroid",3000,3000,LTA,CLOSED
68037435,,AWEIS,1900011349,KD Medical GmbH Hospital Products,Germany,X12004,DAP,2024-04-25,10,S0709231,"Cannula IV short 18G, ster, disp, BOX-50",960,960,LTA,CLOSED
68037435,,AWEIS,1900011349,KD Medical GmbH Hospital Products,Germany,X12004,DAP,2024-04-25,20,S0709233,"Cannula IV short 22G, ster, disp, BOX-50",2560,2560,LTA,CLOSED
68037435,,AWEIS,1900011349,KD Medical GmbH Hospital Products,Germany,X12004,DAP,2024-04-25,30,S0709234,"Cannula IV short 24G, ster, disp, BOX-50",1920,1920,LTA,CLOSED
68037432,,AWEIS,1900000137,Wisconsin Aluminum Foundry Co Inc,USA (the),X12001,DAP,2024-06-28,10,S0157000,"Sterilizer,steam,24L",504,504,LTA,CLOSED
68037429,,BKERNKAMP,1900016014,Rudolf Riester GmbH,Germany,X12004,DAP,2024-04-10,10,S0481056,"Thermometer, clinical, digital, no Li",20000,20000,LTA,CLOSED
68037430,,TNIELSEN,1900007093,"Laboratorio Reig Jofre, SA",Spain,X12004,DAP,2024-09-06,10,S1514135,Benzabenzylpen pdr.inj 1.2MIUv/sol/PAC-1,10000,10000,LTA,CLOSED
68037437,,NSEREK,1900009651,Promens Packaging GmbH,Germany,X12004,DAP,2024-03-25,10,S5007311,"Water-cont,LDPE,10l,collapsibl.,w/o logo",22800,22800,LTA,CLOSED
68037441,,ARETSLOV,1900001115,Chempatex Medizinische,Germany,X12004,DAP,2024-06-26,10,S0145558,"Scale,infant,tray,20kgx5g,batteries",360,360,LTA,CLOSED
68037439,,BKERNKAMP,1900019467,Barna Import Medica S.A.,Spain,X12004,DAP,2024-04-15,10,S0845205,"Gloves,heavy-duty,rubber/nitrile,M,pair",4800,4800,LTA,CLOSED
68037469,,AWEIS,1900020895,Keter Italia S.p.A,Italy,X12004,DAP,2024-05-15,10,S0782216,"Container,sharps,leak-resistant,w\lid-L",7200,7200,LTA,CLOSED
68037462,,BKERNKAMP,1900020220,Yangzhou Daintybird Funeral,China,X12001,DAP,2024-09-02,10,S0990030,"Body bag,infection control,adult",1440,1440,LTA,CLOSED
68037462,,BKERNKAMP,1900020220,Yangzhou Daintybird Funeral,China,X12001,DAP,2024-09-02,20,S0990040,"Body bag,infection control,child",1260,1260,LTA,CLOSED
68037480,,MKAZEMI,1900014773,MEDOPHARM,India,X12001,DAP,2024-09-30,10,S1505115,"Co-amoxiclav 250mg+62,5mg DT PAC-5x10",7200,7136,LTA,CLOSED
68037445,,TNIELSEN,1900012086,AMEX Healthcare GmbH,Austria,X12004,DAP,2025-02-14,10,S1533005,Flucloxacil125mg/5ml pdr/or liq/BOT100ml,9000,8999,NONE,CLOSED
68037443,,TNIELSEN,1900019765,S Kant Healthcare Ltd.,India,X12001,DAP,2024-08-20,10,S1537135,Sul.200mg+Trim.40mg/5ml or.sus/BOT-100ml,90000,88620,LTA,CLOSED
68037444,,TNIELSEN,1900000443,Purna Pharmaceuticals N.V.,Belgium,X12001,DAP,2024-08-05,10,S1552510,Zinc oxide ointment 10%/TBE-100g,51000,54950,LTA,CLOSED
68037442,,TNIELSEN,1900019765,S Kant Healthcare Ltd.,India,X12001,DAP,2024-08-17,10,S1546310,Erythro.pdr/oral sus 125mg/5ml/BOT-100ml,46500,46500,LTA,CLOSED
68037461,,BKERNKAMP,1900019467,Barna Import Medica S.A.,Spain,X12004,DAP,2024-05-14,10,S0305093,"Coat, medical, woven, white, medium size",2400,2400,LTA,CLOSED
68037448,Kuehne + Nagel A/S,TNIELSEN,1900021168,Sinopharm Zhijun (Shenzhen),China,X12001,FCA,2024-09-30,10,S1531006,Ceftriaxone pdr/inj 250mg vial/BOX-50,9760,9760,LTA,CLOSED
68037447,,TNIELSEN,1900007417,DEMO S.A. Pharmaceutical Industry,Greece,X12001,DAP,2024-08-20,10,S1555680,Metronidazole inj 500mg/100ml vl/BOX-50,1800,1820,LTA,CLOSED
68037452,Kuehne + Nagel A/S,IMUNOZ,1900008236,Fleischhacker GmbH & Co.KG,Germany,X12004,FCA,2024-05-31,10,S0584005,"Test strip,urine,gluc/prot,box-100",5000,5000,LTA,CLOSED
68037463,,MKAZEMI,1900018197,Reyoung Pharmaceutical Co Ltd,China,X12001,DAP,2024-09-10,10,S1580020,Zinc 20mg tablets/PAC-10x10,70800,70800,LTA,CLOSED
68037584,,MKAZEMI,1900018197,Reyoung Pharmaceutical Co Ltd,China,X12002,DAP,2024-07-15,10,S1580020,Zinc 20mg tablets/PAC-10x10,30000,30000,LTA,CLOSED
68037453,,MKAZEMI,1900014308,MILAN LABORATORIES (INDIA) PVT. LTD,India,X12001,DAP,2024-09-02,10,S1533010,Ibuprofen 200mg tabs/PAC 10x10,160000,160322,LTA,CLOSED
68037545,Kuehne + Nagel A/S,MKAZEMI,1900014308,MILAN LABORATORIES (INDIA) PVT. LTD,India,X12002,FCA,2024-05-29,10,S1533010,Ibuprofen 200mg tabs/PAC 10x10,40000,39678,LTA,CLOSED
68037449,,MKAZEMI,1900000468,Remedica Ltd.,Cyprus,X12001,DAP,2024-07-30,10,S1543660,Haloperidol 5mg tabs/PAC-10x10,10000,10000,LTA,CLOSED
68037450,,MKAZEMI,1900014000,Renata Limited,Bangladesh,X12001,DAP,2024-08-27,10,S1580022,ORS fl.1Lx2+ Zinc 20mg 10tabs.kit/PAC,216840,216840,LTA,CLOSED
68037451,Kuehne + Nagel A/S,MKAZEMI,1900014773,MEDOPHARM,India,X12002,FCA,2024-06-25,10,S1562017,Salbutamol 4mg tabs/PAC-100,12600,12600,LTA,CLOSED
68037464,,MKAZEMI,1900001025,Durbin PLC,United Kingdom,X12004,DAP,2024-08-20,10,S1506001,Acetylsalicylic acid 300mg tab/PAC-10x10,12000,12000,LTA,CLOSED
68037458,,ARETSLOV,1900016305,PKP Bardejov S.r.o.,Slovakia,X12004,DAP,2024-06-28,10,S0114530,"Length/height board,baby/child,SET-2",702,702,LTA,CLOSED
68037459,,ARETSLOV,1900012695,"Hangzhou Cereal, Oils &",China,X12001,DAP,2024-07-12,10,S0145635,"MUAC,Child 11.5 Red,PAC-50,French",16830,16830,LTA,CLOSED
68037454,,AWEIS,1900001115,Chempatex Medizinische,Germany,X12001,DAP,2024-07-01,10,S0519000,"Cotton wool,500g,roll,non-ster",24800,24800,LTA,CLOSED
68037460,,PLPETERSEN,1900006531,MC Emballage A/S,Denmark,X12004,DAP,2024-04-25,10,S8913860,"Staples Lock 18, BOX 20",15,15,NONE,CLOSED
68037460,,PLPETERSEN,1900006531,MC Emballage A/S,Denmark,X12004,DAP,2024-04-25,20,S8913993,"Blade,for boxcutter S8913992/BOX-100",30,30,NONE,CLOSED
68037460,,PLPETERSEN,1900006531,MC Emballage A/S,Denmark,X12004,DAP,2024-04-30,30,S8903025,"Tape, clear, TESA 4100 for Miniload",60,60,NONE,CLOSED
68037472,,PLPETERSEN,1900002424,Albe Emballage A/S,Denmark,X12004,DAP,2024-04-18,10,S8902066,LabelsA6 - turquoise-Man.Printers-Land.,30,30,NONE,CLOSED
68037472,,PLPETERSEN,1900002424,Albe Emballage A/S,Denmark,X12004,DAP,2024-04-18,20,S8902065,Label - T&T Sensitive (+15C to +25C),30,30,NONE,CLOSED
68037472,,PLPETERSEN,1900002424,Albe Emballage A/S,Denmark,X12004,DAP,2024-04-18,30,S8902041,LabelsA6-White-Man.Printers-Land.,60,60,NONE,CLOSED
68037455,,AWEIS,1900011349,KD Medical GmbH Hospital Products,Germany,X12004,DAP,2024-04-20,10,S0709233,"Cannula IV short 22G, ster, disp, BOX-50",9600,9600,LTA,CLOSED
68037455,,AWEIS,1900011349,KD Medical GmbH Hospital Products,Germany,X12004,DAP,2024-04-20,20,S0709234,"Cannula IV short 24G, ster, disp, BOX-50",4800,4800,LTA,CLOSED
68037456,,AWEIS,1900019065,Qingdao Narising International Trad,China,X12001,DAP,2024-06-29,10,S0519000,"Cotton wool,500g,roll,non-ster",16800,16800,LTA,CLOSED
68037476,Kuehne + Nagel A/S,AWEIS,1900011351,Narang Medical Ltd.,India,X12002,FCA,2024-04-30,10,S0361020,"Drawsheet,plastic,90x180cm",10000,10000,LTA,CLOSED
68037477,,AWEIS,1900019467,Barna Import Medica S.A.,Spain,X12004,DAP,2024-05-24,10,S0361020,"Drawsheet,plastic,90x180cm",30000,30000,NONE,CLOSED
68037474,,MKAZEMI,1900000292,Nutriset S.A.S,France,,DAP,2024-05-30,10,S1580020,Zinc 20mg tablets/PAC-10x10,63360,63360,LTA,CLOSED
68037466,Kuehne + Nagel A/S,TNIELSEN,1900006253,Ipca Laboratories Limited,India,X12002,FCA,2024-07-15,30,S1300062,Artemeth20mg+Lumefan120mg tabs/18/PAC-30,3000,3000,LTA,CLOSED
68037466,Kuehne + Nagel A/S,TNIELSEN,1900006253,Ipca Laboratories Limited,India,X12002,FCA,2024-07-15,20,S1300074,Artem 20mg+Lumef120mg disp tabs/6/PAC-30,6000,6000,LTA,CLOSED
68037466,Kuehne + Nagel A/S,TNIELSEN,1900006253,Ipca Laboratories Limited,India,X12002,FCA,2024-07-15,10,S1300075,Artem20mg+Lumef120mg disp tabs/12/PAC-30,2000,2000,LTA,CLOSED
68037470,,TNIELSEN,1900014308,MILAN LABORATORIES (INDIA) PVT. LTD,India,X12001,DAP,2024-08-30,10,S1505046,Amoxici.pdr/oral sus 125mg/5ml/BOT-100ml,360000,356134,LTA,CLOSED
68037471,,TNIELSEN,1900012560,Micro Labs Limited,India,X12001,DAP,2024-11-11,10,S1505046,Amoxici.pdr/oral sus 125mg/5ml/BOT-100ml,292185,292185,LTA,CLOSED
68037473,,NANXIONNAZ,1900006967,Hydrachem Limited,United Kingdom,X12004,DAP,2024-05-01,10,S5008346,Water purif.(NaDCC) 67mg tabs/BOX-2800,294,294,LTA,CLOSED
68037467,Kuehne + Nagel A/S,TNIELSEN,1900016608,Hetero Labs Ltd,India,X12002,FCA,2024-07-30,10,S1400652,DTG50mg+3TC300mg+TDF300mg tabs/PAC-30 gb,7200,7200,LTA,CLOSED
68037465,Scan Global Logistics A/S,MKAZEMI,1900001025,Durbin PLC,United Kingdom,X12002,FCA,2024-04-30,20,S1555951,Morphine sulfate 10mg IR tabs/PAC-56 nt,187,187,LTA,CLOSED
68037497,,WGU,1900014798,Celio Packaging ApS,Denmark,X12004,DAP,2024-05-14,10,S8903055,"Plastic foil f. auto wrapper, campus 2",140,140,LTA,CLOSED
68037497,,WGU,1900014798,Celio Packaging ApS,Denmark,,DAP,2024-05-16,20,S8903055,"Plastic foil f. auto wrapper, campus 2",85,85,LTA,CLOSED
68037475,,NANXIONNAZ,1900010258,Procter & Gamble Company,USA (the),X12010,DAP,2024-07-01,10,S5007321,"Water floc. & disinfectant,pdr/BOX-240",8600,8600,LTA,CLOSED
68037478,,MKAZEMI,1900000468,Remedica Ltd.,Cyprus,X12002,DAP,2024-06-15,10,S1505104,Amoxicillin 500mg caps/PAC-10x10,5000,5000,NONE,CLOSED
68037491,Panalpina / DSV Air & Sea A/S,TNIELSEN,1900019367,JSC Grindeks,Latvia,X12002,FCA,2024-08-15,10,S1545300,Oxytocin inj 10 IU 1ml amp/BOX-10,48000,47759,LTA,CLOSED
68037482,,MKAZEMI,1900000468,Remedica Ltd.,Cyprus,,DAP,2024-08-10,10,S1537110,Sulf.400mg+Trimet.80mg tabs/PAC-10x10,15000,15000,LTA,CLOSED
68037490,Kuehne + Nagel A/S,SHVISWANATHA,1900020040,Gemini Global Limited,China,X12010,FCA,2024-05-08,10,S5001010,"Box,metal,lockable,for storage",384,384,LTA,CLOSED
68037490,Kuehne + Nagel A/S,SHVISWANATHA,1900020040,Gemini Global Limited,China,X12010,FCA,2024-05-20,20,S5034000,Science Teaching Kit,264,264,LTA,CLOSED
68037492,Kuehne + Nagel A/S,SHVISWANATHA,1900000422,BIAB International AB,Sweden,X12010,FCA,2024-05-30,10,S1993555,"Users guide Recreation Kit, French",10800,10800,LTA,CLOSED
68037492,Kuehne + Nagel A/S,SHVISWANATHA,1900000422,BIAB International AB,Sweden,X12010,FCA,2024-05-25,20,S5001010,"Box,metal,lockable,for storage",384,384,LTA,CLOSED
68037492,Kuehne + Nagel A/S,SHVISWANATHA,1900000422,BIAB International AB,Sweden,X12010,FCA,2024-05-30,30,S4411010,"Book,drawing,A5,plain,96 pgs/PAC-10",14880,14880,LTA,CLOSED
68037489,,AWEIS,1900022348,Albino Dias de Andrade,Portugal,X12004,DAP,2024-06-10,10,S0523057,"Surgical(Laparotomy)Pads,sterile,/PAC-5",3888,3900,LTA,CLOSED
68037744,Kuehne + Nagel A/S,JFRANDSEN,1900010874,Arab Printing Press  S.A.L,Lebanon,X12010,FCA,2024-09-02,10,S5034001,Adolescent Kit,392,392,LTA,CLOSED
68037479,,MKAZEMI,1900000443,Purna Pharmaceuticals N.V.,Belgium,X12004,DAP,2024-09-09,10,S1550180,Ferrous sulp.oral sol. 125mg/ml/BOT-30ml,628000,636200,LTA,CLOSED
62000127,DHL Global Forwarding (Denmark) A/S,PLPETERSEN,1900015387,NRS Relief FZCO,Utd.Arab.Emir.,X33308,FCA,2024-05-29,10,S5088072,High Performance Tent - 72M2,14,14,LTA,CLOSED
62000127,DHL Global Forwarding (Denmark) A/S,PLPETERSEN,1900015387,NRS Relief FZCO,Utd.Arab.Emir.,X33308,FCA,2024-05-29,20,S5088048,High Performance Tent - 48M2,8,8,LTA,CLOSED
62000127,DHL Global Forwarding (Denmark) A/S,PLPETERSEN,1900015387,NRS Relief FZCO,Utd.Arab.Emir.,X33308,FCA,2024-05-29,30,S5088024,High Performance Tent - 24M2,12,12,LTA,CLOSED
68037487,,MKAZEMI,1900018197,Reyoung Pharmaceutical Co Ltd,China,X12001,DAP,2024-09-30,10,S1550009,Iron 60mg+Folic ac. 2800mcg tabs/PAC-100,10000,10000,LTA,CLOSED
68037488,,AWEIS,1900000324,Laerdal Medical AS,Norway,X12001,DAP,2024-07-28,10,S0845006,"Bulb, suction, neonatal, reusable",15600,15600,LTA,CLOSED
68037484,,TNIELSEN,1900020830,Amdipharm Limited,Ireland,X12004,DAP,2024-10-23,10,S1551981,Gentamicin 0.3% eye/ear drops/BOT-10ml,39000,40500,LTA,CLOSED
68037485,,TNIELSEN,1900010328,Pharmatex Italia SRL,Italy,X12004,DAP,2024-12-27,10,S1551960,Gentamicin inj 40mg/ml 2ml amp/BOX-50,10000,9013,LTA,CLOSED
68037486,,TNIELSEN,1900019765,S Kant Healthcare Ltd.,India,X12001,DAP,2024-07-30,10,S1585009,Paracetamol 120mg/5ml or.liq/BOT-60ml,1000000,997164,LTA,CLOSED
68037520,,MKAZEMI,1900000064,KBI Pharmaceuticals GmbH & Co. KG,Germany,X12004,DAP,2012-11-05,10,S1561120,ORS low osm. 20.5g/1L CAR/10x10,42336,42336,LTA,CLOSED
68037510,,WGU,1900006531,MC Emballage A/S,Denmark,X12004,DAP,2024-05-13,10,S8903050,"Tape, clear, 50 mm",4752,4752,NONE,CLOSED
68037402,,AWEIS,1900008382,United Poly Engineering Private Ltd,India,X12001,DAP,2024-06-21,40,S0190000,"Receptacle,waste,pedal action,20L",36,36,LTA,CLOSED
68037481,,NANXIONNAZ,1900010258,Procter & Gamble Company,USA (the),X12010,DAP,2024-07-01,10,S5007321,"Water floc. & disinfectant,pdr/BOX-240",8600,8600,LTA,CLOSED
68037510,,WGU,1900006531,MC Emballage A/S,Denmark,X12004,DAP,2024-05-13,20,S8903001,Tape dispenser w/springloaded tape brake,50,50,NONE,CLOSED
68037510,,WGU,1900006531,MC Emballage A/S,Denmark,X12004,DAP,2024-05-13,30,S8913992,Boxcutter,15,15,NONE,CLOSED
68037511,,WGU,1900002424,Albe Emballage A/S,Denmark,X12004,DAP,2024-05-31,10,S8902039,Thermal ribbon BLACK,60,60,NONE,CLOSED
68037511,,WGU,1900002424,Albe Emballage A/S,Denmark,X12004,DAP,2024-05-31,20,S8501040,"Thermal Transfer Ribbon,110mmx360m",60,60,NONE,CLOSED
68037494,Kuehne + Nagel A/S,MKAZEMI,1900012253,DSM Nutritional Products Europe Ltd,Switzerland,X12004,FCA,2024-12-30,10,S1580201,"Multiple micronutrient pdr,sach./PAC-30",260000,260000,LTA,CLOSED
68037496,,TNIELSEN,1900012918,Galentic Pharma (India) Pvt.Ltd,India,X12001,DAP,2024-08-29,10,S1531042,Chlorhex.diglu.7.1% gel cord.c.TBE/20g,144000,144000,LTA,CLOSED
68037483,,MKAZEMI,1900021271,Lomapharm GmbH,Germany,X12004,DAP,2024-10-09,10,S1550030,Iron 60mg + Folic ac. 400mcg tab/PAC-100,364000,364000,LTA,CLOSED
68037502,,SHVISWANATHA,1900007348,Alulock Aps,Denmark,X12010,DAP,2024-08-25,10,S5001010,"Box,metal,lockable,for storage",1152,1152,LTA,CLOSED
68037493,,MKAZEMI,1900014000,Renata Limited,Bangladesh,X12001,DAP,2024-10-25,10,S1580201,"Multiple micronutrient pdr,sach./PAC-30",295680,295680,LTA,CLOSED
68037542,,MKAZEMI,1900012086,AMEX Healthcare GmbH,Austria,X12004,DAP,2024-10-02,10,S1514130,Levonorgestrel 750mcg tabs/PAC-2  (I),31500,31500,LTA,CLOSED
68037512,,BKERNKAMP,1900005947,Fazzini s.r.l.,Italy,X12004,DAP,2024-05-21,10,S0481056,"Thermometer, clinical, digital, no Li",30000,30000,LTA,CLOSED
68037512,,BKERNKAMP,1900005947,Fazzini s.r.l.,Italy,X12004,DAP,2024-05-17,20,S0481057,"Thermometer,clinical,non-cntct,incl bat",2000,2000,LTA,CLOSED
68037499,,TNIELSEN,1900020830,Amdipharm Limited,Ireland,X12004,DAP,2024-10-31,10,S1555950,Morphine sulph.inj 10mg/ml 1ml/BOX-10 nt,8000,8000,LTA,CLOSED
68037500,,SHVISWANATHA,1900014955,Phoenix Design Aid A S,Denmark,X12001,DAP,2024-05-07,30,S1993546,"Brochures, Arabic for REC Kit",4363,4400,NONE,CLOSED
68037500,,SHVISWANATHA,1900014955,Phoenix Design Aid A S,Denmark,X12001,DAP,2024-05-07,40,S8794602,"Stickers, Arabic for REC Kit",4363,4500,NONE,CLOSED
68037509,,MKAZEMI,1900000468,Remedica Ltd.,Cyprus,X12001,DAP,2024-09-14,10,S1552412,Atenolol 50mg tabs/PAC-10x10,4000,4000,LTA,CLOSED
62000125,Kuehne + Nagel A/S,NANXIONNAZ,1900001086,Butyl Products Ltd.,United Kingdom,X44906,FCA,2024-07-01,20,S5006019,"Water tank,collapsible,5000l,w/dist.kit",38,38,LTA,CLOSED
62000125,Kuehne + Nagel A/S,NANXIONNAZ,1900001086,Butyl Products Ltd.,United Kingdom,X44906,FCA,2024-07-01,10,S5006018,"Water tank,collapsible,1500l,w/distr.kit",2,2,LTA,CLOSED
62000125,Kuehne + Nagel A/S,NANXIONNAZ,1900001086,Butyl Products Ltd.,United Kingdom,X44906,FCA,2024-07-01,30,S5006035,"Water tank,collapsible for trucking,6m³",3,3,LTA,CLOSED
62000126,Kuehne + Nagel A/S,NANXIONNAZ,1900015387,NRS Relief FZCO,Utd.Arab.Emir.,X44906,FCA,2024-06-24,10,S5007311,"Water-cont,LDPE,10l,collapsibl.,w/o logo",38400,38400,LTA,CLOSED
68037503,Kuehne + Nagel A/S,TNIELSEN,1900020581,JSC Kalceks,Latvia,X12004,FCA,2024-07-29,10,S1559355,Magn.sulph.inj 500mg/ml 10ml amp/BOX-10,5000,5000,LTA,CLOSED
68038064,Scan Global Logistics A/S,SHVISWANATHA,1900008236,Fleischhacker GmbH & Co.KG,Germany,X12002,FCA,2024-12-05,10,S5006120,"Stand, vacuum filter support,1-place,SS",15,15,LTA,CLOSED
68037507,,TNIELSEN,1900019765,S Kant Healthcare Ltd.,India,X12001,DAP,2024-08-30,10,S1555690,Metronidazol pdr/o.s.200mg/5ml/BOT-100ml,82000,82000,LTA,CLOSED
68037506,,TNIELSEN,1900012047,Square Pharmaceuticals PLC,Bangladesh,X12001,DAP,2024-09-30,10,S1504003,Cefixime pwd.for sus.100mg/5ml/BOT50ml,20000,19970,LTA,CLOSED
68037505,,TNIELSEN,1900007417,DEMO S.A. Pharmaceutical Industry,Greece,X12004,DAP,2024-10-11,10,S1564320,Sod.chloride inj.0.9% 10ml/BOX-5,10000,10200,LTA,CLOSED
68037504,,TNIELSEN,1900007417,DEMO S.A. Pharmaceutical Industry,Greece,X12001,DAP,2024-09-20,10,S1585000,Calc.glucon.inj 100mg/ml 10ml amp/BOX-10,4000,4050,LTA,CLOSED
68037501,,TNIELSEN,1900001026,B Braun Melsungen AG,Germany,X12004,DAP,2024-08-19,10,S1555206,Lidocaine inj 1% 20ml ampl/BOX-20,8000,7970,LTA,CLOSED
68037524,,AWEIS,1900020831,Wuyi Anbo Medical Equipment Manufac,China,X12001,DAP,2024-08-02,10,S0845186,"Stand,infusion,double hook,on castors",1056,1056,LTA,CLOSED
68037516,,MKAZEMI,1900007784,SM Pharmaceuticals SDN. BHD,Malaysia,X12001,DAP,2024-09-25,10,S1555964,Paracetamol 500mg tabs/PAC-10x10,500000,500000,LTA,CLOSED
68037508,,MKAZEMI,1900014773,MEDOPHARM,India,X12001,DAP,2024-10-09,10,S1555653,Metronidazole 250mg tabs PAC/10x10,40000,40000,LTA,CLOSED
68037508,,MKAZEMI,1900014773,MEDOPHARM,India,X12002,DAP,2024-08-07,20,S1555653,Metronidazole 250mg tabs PAC/10x10,10000,10000,LTA,CLOSED
68037544,,MSERGIO,1900011349,KD Medical GmbH Hospital Products,Germany,X12002,DAP,2024-05-31,10,S0782405,"Syringe,disp,5ml,ster/BOX-100",5120,5120,LTA,CLOSED
68037544,,MSERGIO,1900011349,KD Medical GmbH Hospital Products,Germany,X12002,DAP,2024-06-10,20,S0782205,"Syringe,disp,2ml,ster/BOX-100",4000,4000,LTA,CLOSED
68037544,,MSERGIO,1900011349,KD Medical GmbH Hospital Products,Germany,X12002,DAP,2024-06-24,30,S0782413,"Syringe,disp,10ml,ster/BOX-100",3360,3360,LTA,CLOSED
68037544,,MSERGIO,1900011349,KD Medical GmbH Hospital Products,Germany,X12002,DAP,2024-06-10,40,S0782425,"Syringe,disp,20ml,ster/BOX-100",3008,3008,LTA,CLOSED
68037536,,MSERGIO,1900005906,Hindustan Syringes & Medical,India,X12001,DAP,2024-07-28,10,S0782371,"Safety box f.used syrg/ndl5L,HMD/BOX-25",3000,3000,LTA,CLOSED
68037543,,MSERGIO,1900021010,Smurfit Westrock Sverige AB,Sweden,X12002,DAP,2024-05-24,10,S0782379,"Safety box f.used syrg/ndl5L,Smur/BOX-25",3456,3456,LTA,CLOSED
68037537,Kuehne + Nagel A/S,MSERGIO,1900016466,Anhui Tiankang Medical Technology C,China,X12001,FCA,2024-09-21,30,S0782329,"Syringe,RUP,5ml,BiPackNdl,Anhui/BOX-100",20448,20448,LTA,CLOSED
68037536,,MSERGIO,1900005906,Hindustan Syringes & Medical,India,X12001,DAP,2024-07-28,20,S0782333,"Syringe,A-D,1.0ml,w/ndl/BOX-100",2160,2160,LTA,CLOSED
68037537,Kuehne + Nagel A/S,MSERGIO,1900016466,Anhui Tiankang Medical Technology C,China,X12001,FCA,2024-09-21,50,S0782162,"Syringe,A-D,0.05ml,Anhui/BOX-100",22032,22032,LTA,CLOSED
68037539,,MSERGIO,1900000378,BD International,Belgium,X12001,DAP,2024-06-21,10,S0782185,"Syringe,A-D,0.5ml,Soloshot Mini/BOX-200",50004,50004,LTA,CLOSED
68037544,,MSERGIO,1900011349,KD Medical GmbH Hospital Products,Germany,X12002,DAP,2024-06-10,50,S0782413,"Syringe,disp,10ml,ster/BOX-100",660,660,LTA,CLOSED
68037543,,MSERGIO,1900021010,Smurfit Westrock Sverige AB,Sweden,X12002,DAP,2024-05-29,20,S0782379,"Safety box f.used syrg/ndl5L,Smur/BOX-25",3456,3456,LTA,CLOSED
68037543,,MSERGIO,1900021010,Smurfit Westrock Sverige AB,Sweden,X12002,DAP,2024-06-05,30,S0782379,"Safety box f.used syrg/ndl5L,Smur/BOX-25",3456,3456,LTA,CLOSED
68037514,,MKAZEMI,1900019343,NutriCorp International,Canada,X12001,DAP,2024-10-25,10,S1583010,"Retinol 200,000IU soft gel.caps/PAC-100",72411,30181,LTA,OPEN
68037514,,MKAZEMI,1900019343,NutriCorp International,Canada,X12002,DAP,2024-09-27,20,S1583010,"Retinol 200,000IU soft gel.caps/PAC-100",11000,11000,LTA,CLOSED
68037579,,TNIELSEN,1900001026,B Braun Melsungen AG,Germany,X12004,DAP,2024-10-04,10,S1564337,Sodium Chloride 0.9% inj 10ml amp/BOX-20,4800,4800,LTA,CLOSED
68037517,,MKAZEMI,1900018197,Reyoung Pharmaceutical Co Ltd,China,X12001,DAP,2024-09-08,10,S1555964,Paracetamol 500mg tabs/PAC-10x10,201600,201600,LTA,CLOSED
68037526,,MKAZEMI,1900006253,Ipca Laboratories Limited,India,X12001,DAP,2024-12-12,10,S1555964,Paracetamol 500mg tabs/PAC-10x10,279509,279509,LTA,CLOSED
68037518,,MKAZEMI,1900014773,MEDOPHARM,India,X12001,DAP,2024-10-09,10,S1555370,Albendazole 400mg chewable tabs/PAC-100,207000,207000,LTA,CLOSED
68037519,,MKAZEMI,1900015853,Mepro Pharmaceuticals Pvt Ltd,India,X12001,DAP,2024-11-12,10,S1555370,Albendazole 400mg chewable tabs/PAC-100,158400,159871,LTA,CLOSED
68037547,,MKAZEMI,1900000292,Nutriset S.A.S,France,X12004,DAP,2024-12-21,10,S1580020,Zinc 20mg tablets/PAC-10x10,133056,133056,LTA,CLOSED
68037580,,MKAZEMI,1900006253,Ipca Laboratories Limited,India,X12001,DAP,2024-11-15,10,S1580020,Zinc 20mg tablets/PAC-10x10,150000,149131,LTA,CLOSED
68037604,Scan Global Logistics A/S,LSUN,1900020904,"Hangzhou Biotest Biotech Co., Ltd",China,X12002,FCA,2024-06-24,10,S0584506,"Pregnancy,Urine,HCG,MidStream,1T/kit",10000,10000,LTA,CLOSED
68037525,,TNIELSEN,1900014063,NCPC International Corp,China,X12001,DAP,2024-10-02,10,S1505099,Ampicillin pdr/inj 500mg vial/BOX-50,4000,4000,LTA,CLOSED
68037521,,MKAZEMI,1900015853,Mepro Pharmaceuticals Pvt Ltd,India,X12002,DAP,2024-05-30,10,S1531009,Azithromycin 250mg tablets/PAC-6,3900,3900,LTA,CLOSED
68037523,,MKAZEMI,1900014773,MEDOPHARM,India,X12001,DAP,2024-08-15,10,S1531009,Azithromycin 250mg tablets/PAC-6,100800,100800,LTA,CLOSED
68037862,Kuehne + Nagel A/S,STAHERISAEID,1900020040,Gemini Global Limited,China,X12010,FCA,2024-09-16,10,S2795802,"Board Games, box of 3 games",30240,30240,LTA,CLOSED
68037862,Kuehne + Nagel A/S,STAHERISAEID,1900020040,Gemini Global Limited,China,X12010,FCA,2024-09-16,20,S2795803,"Hackey Sack, Synthetic leather, pac/3",37800,37800,LTA,CLOSED
68037862,Kuehne + Nagel A/S,STAHERISAEID,1900020040,Gemini Global Limited,China,X12010,FCA,2024-09-16,30,S5033000,Maths Teaching Kit,336,336,LTA,CLOSED
68037862,Kuehne + Nagel A/S,STAHERISAEID,1900020040,Gemini Global Limited,China,X12010,FCA,2024-09-16,40,S5001010,"Box,metal,lockable,for storage",928,928,LTA,CLOSED
68037862,Kuehne + Nagel A/S,STAHERISAEID,1900020040,Gemini Global Limited,China,X12010,FCA,2024-09-30,50,S5001010,"Box,metal,lockable,for storage",1536,1536,LTA,CLOSED
68037862,Kuehne + Nagel A/S,STAHERISAEID,1900020040,Gemini Global Limited,China,X12010,FCA,2024-10-21,60,S5001010,"Box,metal,lockable,for storage",1536,1536,LTA,CLOSED
68037522,,AWEIS,1900001115,Chempatex Medizinische,Germany,,DAP,2024-09-20,10,S0523055,"Compress,gauze,10x10cm,ster/PAC-5",135000,135000,LTA,CLOSED
68037530,,BKERNKAMP,1900001115,Chempatex Medizinische,Germany,X12004,DAP,2024-08-07,10,S0145558,"Scale,infant,tray,20kgx5g,batteries",1134,1134,LTA,CLOSED
68037527,,AWEIS,1900022348,Albino Dias de Andrade,Portugal,X12004,DAP,2024-07-07,10,S0523055,"Compress,gauze,10x10cm,ster/PAC-5",38880,39420,LTA,CLOSED
68037528,Kuehne + Nagel A/S,IMUNOZ,1900008236,Fleischhacker GmbH & Co.KG,Germany,X12004,FCA,2024-07-08,10,S0904991,"Test strip, urine, 10 parameter, box/100",1500,1500,LTA,CLOSED
68037531,,NANXIONNAZ,1900001613,Medentech Ltd,Ireland,X12004,DAP,2024-05-30,10,S1588360,Water purif.(NaDCC) 1.67g tabs/PAC-200,6048,6048,LTA,CLOSED
68037531,,NANXIONNAZ,1900001613,Medentech Ltd,Ireland,X12004,DAP,2024-05-30,20,S5006055,"NaDCC,Chlorine Granules 56%, 1/2kg",672,672,LTA,CLOSED
68037560,,MKAZEMI,1900014916,Sandoz d d,Slovenia,X12001,DAP,2024-06-30,10,S1505043,Amoxicillin 250mg disp.tab/PAC-(10x10),139104,139104,LTA,CLOSED
68037943,,TNIELSEN,1900000468,Remedica Ltd.,Cyprus,X12001,DAP,2025-03-20,10,S1505043,Amoxicillin 250mg disp.tab/PAC-(10x10),276800,191755,LTA,OPEN
68037557,,MKAZEMI,1900000468,Remedica Ltd.,Cyprus,X12001,DAP,2024-11-10,10,S1505043,Amoxicillin 250mg disp.tab/PAC-(10x10),325000,325000,LTA,CLOSED
68037561,,MKAZEMI,1900012560,Micro Labs Limited,India,X12001,DAP,2025-03-20,10,S1505043,Amoxicillin 250mg disp.tab/PAC-(10x10),135600,140575,LTA,CLOSED
68037540,,NANXIONNAZ,1900002764,Jose Miguel Poveda S.A. (JOMIPSA),Spain,X12004,DAP,2024-05-27,10,S5006122,"WASH&DignityKit,firstResp,1HH,noPurifTab",1200,1200,LTA,CLOSED
68037532,,AWEIS,1900006469,SURU INTERNATIONAL PVT LTD,India,X12002,DAP,2024-06-13,10,S0372000,"Tube,asp/feed,CH06,L125cm,ster,disp",4500,4500,LTA,CLOSED
68037534,,AWEIS,1900001301,Falcon Surgical Co. (Pvt.) Ltd.,Pakistan,X12002,DAP,2024-07-06,10,S0721000,"Forceps,dressing,standard,155mm,str",10000,10000,LTA,CLOSED
68037533,,AWEIS,1900021784,Durable Hospital Supplies,Pakistan,X12002,DAP,2024-05-31,10,S0721000,"Forceps,dressing,standard,155mm,str",10000,10000,LTA,CLOSED
68037533,,AWEIS,1900021784,Durable Hospital Supplies,Pakistan,X12002,DAP,2024-05-31,20,S0773500,"Scissors,Deaver,140mm,str,s/b",5000,5000,LTA,CLOSED
68037535,,AWEIS,1900015844,Wrangler Instruments,Pakistan,,DAP,2024-07-01,10,S0773500,"Scissors,Deaver,140mm,str,s/b",15000,15000,LTA,CLOSED
68037535,,AWEIS,1900015844,Wrangler Instruments,Pakistan,,DAP,2024-07-01,20,S0770600,"Scissors,Mayo,170mm,cvd,b/b",2000,2000,LTA,CLOSED
68037578,,DKURDOV,1900021271,Lomapharm GmbH,Germany,X12004,DAP,2024-12-11,10,S1580101,"Micronutrient tabs, pregnancy/BOT-100",300000,300000,LTA,CLOSED
68037538,,AWEIS,1900002012,The Medical Export Group BV,Netherlands,X12004,DAP,2024-06-07,10,S0503015,"Medical tape,2.5cmx5m,roll",75000,75000,LTA,CLOSED
68037541,,NANXIONNAZ,1900006967,Hydrachem Limited,United Kingdom,X12004,DAP,2024-06-10,10,S1588360,Water purif.(NaDCC) 1.67g tabs/PAC-200,20160,20160,LTA,CLOSED
68037586,,AWEIS,1900022588,China Meheco Corporation,China,X12002,DAP,2024-07-09,10,S0845013,"Pulseoximeter,spot-check,w/accessories",1400,1400,LTA,CLOSED
68037556,,TNIELSEN,1900020830,Amdipharm Limited,Ireland,X12004,DAP,2025-07-30,10,S1552416,Hydralazine pdr/inj 20mg amp/BOX-5,6000,1000,LTA,OPEN
68037538,,AWEIS,1900002012,The Medical Export Group BV,Netherlands,,DAP,2024-06-07,20,S0523058,"Swab,alcohol,6x3cm,BOX-100",5000,5000,LTA,CLOSED
68037550,,MKAZEMI,1900014773,MEDOPHARM,India,X12001,DAP,2024-10-24,10,S1562041,Magnesium trisilicate compd. tab/PAC-100,10000,10000,LTA,CLOSED
68037589,,MKAZEMI,1900000468,Remedica Ltd.,Cyprus,,DAP,2024-10-04,10,S1550005,Iron 60mg+Folic ac.400mcg tab/PAC(10x10),240000,240000,LTA,CLOSED
68037548,,MKAZEMI,1900014773,MEDOPHARM,India,X12001,DAP,2024-09-30,10,S1555966,Paracetamol 250mg disp. tabs/PAC-10x10,300000,300000,LTA,CLOSED
62000128,Kuehne + Nagel A/S,NSEREK,1900020051,Real Relief ApS,Denmark,X44906,FCA,2024-05-28,10,S5006122,"WASH&DignityKit,firstResp,1HH,noPurifTab",6210,6210,LTA,CLOSED
68037585,,AWEIS,1900006469,SURU INTERNATIONAL PVT LTD,India,X12001,DAP,2024-09-02,10,S0330501,"Bag,urine collecting,2L,drain.,sterile",43200,43200,LTA,CLOSED
68037582,Kuehne + Nagel A/S,AWEIS,1900019065,Qingdao Narising International Trad,China,X12001,FCA,2024-07-31,30,S0512025,"Bandage,gauze,8cmx4m,roll",403200,403200,LTA,CLOSED
68037582,Kuehne + Nagel A/S,AWEIS,1900019065,Qingdao Narising International Trad,China,X12001,FCA,2024-07-31,40,S0523010,"Gauze,roll,90cmx100m,non-ster",2520,2520,LTA,CLOSED
68037583,,AWEIS,1900001115,Chempatex Medizinische,Germany,X12001,DAP,2024-09-23,10,S0523015,"Compress,gauze,10x10cm,n/ster/PAC-100",33600,33600,LTA,CLOSED
68037587,,AWEIS,1900011349,KD Medical GmbH Hospital Products,Germany,X12004,DAP,2024-06-13,10,S0531991,"Infusion giving set,sterile,s.u.",55080,55080,NONE,CLOSED
68037600,,AWEIS,1900011349,KD Medical GmbH Hospital Products,Germany,X12004,DAP,2024-06-07,10,S0709231,"Cannula IV short 18G, ster, disp, BOX-50",4160,4160,LTA,CLOSED
68037600,,AWEIS,1900011349,KD Medical GmbH Hospital Products,Germany,X12004,DAP,2024-06-07,20,S0709232,"Cannula IV short 20G, ster, disp, BOX-50",3200,3200,LTA,CLOSED
68037600,,AWEIS,1900011349,KD Medical GmbH Hospital Products,Germany,X12004,DAP,2024-06-13,30,S0709233,"Cannula IV short 22G, ster, disp, BOX-50",10880,10880,LTA,CLOSED
68037600,,AWEIS,1900011349,KD Medical GmbH Hospital Products,Germany,X12004,DAP,2024-06-13,40,S0709234,"Cannula IV short 24G, ster, disp, BOX-50",6400,6400,LTA,CLOSED
68037600,,AWEIS,1900011349,KD Medical GmbH Hospital Products,Germany,X12004,DAP,2024-06-13,50,S0744301,"Needle,scalp vein,23G,ster,disp/BOX-50",1280,1280,LTA,CLOSED
68037555,,AWEIS,1900015577,"Bastos Viegas, S.A.",Portugal,X12004,DAP,2024-06-12,10,S0523055,"Compress,gauze,10x10cm,ster/PAC-5",13500,13500,LTA,CLOSED
68037552,,AWEIS,1900010631,HEALTHIUM MEDTECH LTD,India,X12001,DAP,2024-09-06,10,S0565011,"Sut,nonabs,DEC3,need 3/8 30mm,tri/BOX-36",3600,3600,LTA,CLOSED
68037552,,AWEIS,1900010631,HEALTHIUM MEDTECH LTD,India,X12001,DAP,2024-09-06,20,S0564004,"Sut,abs,DEC2,need 3/8 26mm,tri/BOX-36",720,720,LTA,CLOSED
68037554,,AWEIS,1900019065,Qingdao Narising International Trad,China,X12001,DAP,2024-06-15,10,S0523050,"Compress,paraffin,10x10cm,ster/BOX-10",1700,1700,LTA,CLOSED
68037554,,AWEIS,1900019065,Qingdao Narising International Trad,China,X12001,DAP,2024-06-15,20,S0503020,"Medical tape,perforated,10cmx5m,roll",8000,8040,LTA,CLOSED
68037553,,MKAZEMI,1900015853,Mepro Pharmaceuticals Pvt Ltd,India,X12001,DAP,2024-12-09,10,S1533010,Ibuprofen 200mg tabs/PAC 10x10,200000,197603,LTA,CLOSED
68037549,Kuehne + Nagel A/S,MKAZEMI,1900014773,MEDOPHARM,India,X12002,FCA,2024-06-20,10,S1555966,Paracetamol 250mg disp. tabs/PAC-10x10,50000,50000,LTA,CLOSED
68037558,,MKAZEMI,1900000468,Remedica Ltd.,Cyprus,X12001,DAP,2024-10-30,10,S1505043,Amoxicillin 250mg disp.tab/PAC-(10x10),122896,122896,LTA,CLOSED
68037682,Kuehne + Nagel A/S,MKAZEMI,1900012253,DSM Nutritional Products Europe Ltd,Switzerland,X12004,FCA,2024-09-30,10,S1572014,Vitamin D3 133IU drops/BOT-15ml,37911,37911,NONE,CLOSED
68037632,Kuehne + Nagel A/S,MKAZEMI,1900012086,AMEX Healthcare GmbH,Austria,X12004,FCA,2025-02-15,10,S1531003,Cefixime 200mg tabs/PAC-10x10,20800,20800,NONE,CLOSED
68037595,,MKAZEMI,1900015951,Universal Corporation Limited,Kenya,X12001,DAP,2025-01-15,10,S1580020,Zinc 20mg tablets/PAC-10x10,61065,61044,LTA,CLOSED
68037576,,MKAZEMI,1900000468,Remedica Ltd.,Cyprus,X12001,DAP,2024-10-04,10,S1531702,Promethazine 25mg tabs/PAC-10x10,10000,10000,LTA,CLOSED
68037596,,MKAZEMI,1900000064,KBI Pharmaceuticals GmbH & Co. KG,Germany,X12001,DAP,2025-01-28,10,S1561120,ORS low osm. 20.5g/1L CAR/10x10,21168,21168,LTA,CLOSED
68037577,,MKAZEMI,1900012086,AMEX Healthcare GmbH,Austria,X12004,DAP,2024-11-28,10,S1511503,Biperiden 2mg tabs/PAC-5x20,6040,6040,LTA,CLOSED
68037562,,TNIELSEN,1900021380,Cheplapharm Arzneimittel GmbH,Germany,X12004,DAP,2024-11-06,10,S1560202,Phytomenadione 2mg/0.2ml inj. amp/BOX-5,5000,5000,LTA,CLOSED
68037563,,TNIELSEN,1900007417,DEMO S.A. Pharmaceutical Industry,Greece,X12001,DAP,2025-01-20,10,S1552117,Glucose 5% 500ml bot/BOX-20,10000,6554,LTA,OPEN
68037564,,TNIELSEN,1900007417,DEMO S.A. Pharmaceutical Industry,Greece,X12001,DAP,2024-09-27,10,S1531006,Ceftriaxone pdr/inj 250mg vial/BOX-50,5000,5072,LTA,CLOSED
68037567,,TNIELSEN,1900014063,NCPC International Corp,China,X12001,DAP,2025-01-12,10,S1505099,Ampicillin pdr/inj 500mg vial/BOX-50,5000,5200,LTA,CLOSED
68037569,,TNIELSEN,1900007417,DEMO S.A. Pharmaceutical Industry,Greece,X12001,DAP,2024-12-25,10,S1564320,Sod.chloride inj.0.9% 10ml/BOX-5,33000,23842,LTA,OPEN
68037574,,TNIELSEN,1900007417,DEMO S.A. Pharmaceutical Industry,Greece,X12001,DAP,2024-11-15,10,S1552119,Sodium Chloride 0.9% 500ml bot/BOX-20,20000,20027,LTA,CLOSED
68037570,,TNIELSEN,1900000443,Purna Pharmaceuticals N.V.,Belgium,X12004,DAP,2024-12-23,10,S1552510,Zinc oxide ointment 10%/TBE-100g,56000,55930,LTA,CLOSED
68037571,,TNIELSEN,1900012918,Galentic Pharma (India) Pvt.Ltd,India,X12001,DAP,2024-11-30,10,S1531042,Chlorhex.diglu.7.1% gel cord.c.TBE/20g,72000,71860,LTA,CLOSED
68037572,,TNIELSEN,1900012559,Gland Pharma Ltd,India,X12001,DAP,2025-03-30,10,S1551961,Gentamicin inj 10mg/ml 2ml amp/BOX-50,9000,0,LTA,OPEN
68037573,,TNIELSEN,1900014308,MILAN LABORATORIES (INDIA) PVT. LTD,India,X12001,DAP,2025-01-10,10,S1505046,Amoxici.pdr/oral sus 125mg/5ml/BOT-100ml,300000,299899,LTA,CLOSED
68037575,,TNIELSEN,1900007417,DEMO S.A. Pharmaceutical Industry,Greece,X12001,DAP,2024-10-18,10,S1560826,Compound Sodium Lactate 500ml bot/BOX-20,19938,10339,LTA,OPEN
68037854,,BKERNKAMP,1900016305,PKP Bardejov S.r.o.,Slovakia,X12004,DAP,2024-10-15,10,S0114530,"Length/height board,baby/child,SET-2",702,702,LTA,CLOSED
68037629,,BKERNKAMP,1900016305,PKP Bardejov S.r.o.,Slovakia,X12004,DAP,2024-08-27,10,S0114540,"Length/height board,baby/chld/adlt,SET-2",468,468,LTA,CLOSED
68037630,,BKERNKAMP,1900000451,SECA GmbH & Co. KG,Germany,X12001,DAP,2024-09-30,10,S0141022,"Scale,mother/child,batteries,250kg",500,500,LTA,CLOSED
68037630,,BKERNKAMP,1900000451,SECA GmbH & Co. KG,Germany,X12001,DAP,2024-09-30,20,S0141024,"Scale,survey,mother/chld,bat.solar,150kg",300,300,LTA,CLOSED
68037630,,BKERNKAMP,1900000451,SECA GmbH & Co. KG,Germany,X12001,DAP,2024-09-30,30,S0141025,"Scale,survey,mother/child,bat,150kg",1440,1440,LTA,CLOSED
68037631,,BKERNKAMP,1900000302,Avery Weigh-Tronix Limited,United Kingdom,X12004,DAP,2024-07-15,10,S0557000,"Scale,spring type,infant,5kgx25g",5000,5000,LTA,CLOSED
68038211,,BKERNKAMP,1900005947,Fazzini s.r.l.,Italy,X12004,DAP,2025-03-30,10,S0557000,"Scale,spring type,infant,5kgx25g",2000,0,LTA,OPEN
68037633,,BKERNKAMP,1900001115,Chempatex Medizinische,Germany,X12004,DAP,2024-06-21,10,S0189000,"Weighing trousers,infant,25kg,PAC-5",3000,3000,LTA,CLOSED
68037591,,MKAZEMI,1900000468,Remedica Ltd.,Cyprus,X12001,DAP,2024-10-10,10,S1531705,Loratadine 10mg tabs/PAC-10x10,60000,60000,LTA,CLOSED
68037581,,AWEIS,1900002012,The Medical Export Group BV,Netherlands,X12004,DAP,2024-06-25,10,S0519001,"Non-pneumatic Anti-shock Garment,sizeM/L",1000,1000,LTA,CLOSED
68037581,,AWEIS,1900002012,The Medical Export Group BV,Netherlands,X12004,DAP,2024-06-25,20,S0519002,"Non-pneumatic Anti-shock Garment, size S",1000,1000,LTA,CLOSED
68037617,,AWEIS,1900016551,Romsons International,India,X12001,DAP,2024-09-09,10,S0323300,"Catheter,Foley,CH10,ster,disp",15000,15000,LTA,CLOSED
68037617,,AWEIS,1900016551,Romsons International,India,X12001,DAP,2024-09-09,20,S0323301,"Catheter,Foley,CH12,ster,disp",16000,16000,LTA,CLOSED
68037617,,AWEIS,1900016551,Romsons International,India,X12001,DAP,2024-09-09,30,S0323302,"Catheter,Foley,CH14,ster,disp",28000,28000,LTA,CLOSED
68037592,,AWEIS,1900020831,Wuyi Anbo Medical Equipment Manufac,China,X12002,DAP,2024-07-31,30,S0566014,"Infusion Arm Splint, Foldable, Adult",2000,2000,LTA,CLOSED
68037592,,AWEIS,1900020831,Wuyi Anbo Medical Equipment Manufac,China,X12002,DAP,2024-07-31,40,S0566015,"Infusion Arm Splint, Foldable, Child",2000,2000,LTA,CLOSED
68037601,,AWEIS,1900005947,Fazzini s.r.l.,Italy,X12004,DAP,2024-07-10,10,S0683200,"Sphygmomanometer,(adult),aneroid",10000,10000,LTA,CLOSED
68037601,,AWEIS,1900005947,Fazzini s.r.l.,Italy,X12004,DAP,2024-07-10,20,S0686000,"Stethoscope,binaural,complete",6000,6000,LTA,CLOSED
68037602,,AWEIS,1900001612,Medela AG,Switzerland,X12004,DAP,2024-07-17,10,S0791500,"Vacuum extractor,Bird,manual,comple.set",160,160,LTA,CLOSED
68037611,,AWEIS,1900011631,GPC Medical Ltd,India,X12001,DAP,2024-09-03,10,S0845009,"Resuscitator,hand-oper.,neonate,set",4000,4000,LTA,CLOSED
68037613,,AWEIS,1900015320,Svizera Europe B V,Netherlands,X12004,DAP,2024-07-28,10,S0845182,"Gel, ultrasound, bottle, min. 250ml",4000,4000,LTA,CLOSED
68037614,,AWEIS,1900008236,Fleischhacker GmbH & Co.KG,Germany,X12004,DAP,2024-08-12,10,S0845184,"Stethoscope, neonatal, binaural,complete",2000,2000,LTA,CLOSED
68037615,,AWEIS,1900005947,Fazzini s.r.l.,Italy,X12004,DAP,2024-08-14,10,S0845185,"Doppler,FHR detector,w/access",700,699,LTA,CLOSED
68037616,,AWEIS,1900005947,Fazzini s.r.l.,Italy,X12004,DAP,2024-07-15,10,S0983400,"Timer,60 min",2000,2000,LTA,CLOSED
68037610,,AWEIS,1900000137,Wisconsin Aluminum Foundry Co Inc,USA (the),X12001,DAP,2024-09-03,10,S0156000,"Sterilizer,steam,39L",336,336,LTA,CLOSED
68037607,,AWEIS,1900015722,STERIS Corporation,USA (the),X12004,DAP,2024-07-01,10,S0558100,"Indicator,TST control spot/PAC-300",1000,1000,LTA,CLOSED
68037608,,TNIELSEN,1900020830,Amdipharm Limited,Ireland,X12001,DAP,2024-12-04,10,S1551981,Gentamicin 0.3% eye/ear drops/BOT-10ml,156000,156000,LTA,CLOSED
68037612,,AWEIS,1900016014,Rudolf Riester GmbH,Germany,X12004,DAP,2024-06-21,10,S0845188,"Sphygmomanometer,(child),resilient",350,350,NONE,CLOSED
68037588,,MKAZEMI,1900018197,Reyoung Pharmaceutical Co Ltd,China,X12001,DAP,2024-10-25,10,S1550009,Iron 60mg+Folic ac. 2800mcg tabs/PAC-100,150000,150000,LTA,CLOSED
68037603,,AWEIS,1900021784,Durable Hospital Supplies,Pakistan,X12001,DAP,2024-11-21,10,S0109000,"Drum,sterilizing,340mm diam",100,100,LTA,CLOSED
68037590,,MKAZEMI,1900019343,NutriCorp International,Canada,X12001,DAP,2024-10-18,10,S1583000,"Retinol 200,000IU soft gel.caps/PAC-500",8142,8142,LTA,CLOSED
68037590,,MKAZEMI,1900019343,NutriCorp International,Canada,,DAP,2025-01-20,20,S1583020,"Retinol 100,000IU soft gel.caps/PAC-100",42278,42278,LTA,CLOSED
68037594,,TNIELSEN,1900014916,Sandoz d d,Slovenia,X12004,DAP,2024-07-10,10,S1551960,Gentamicin inj 40mg/ml 2ml amp/BOX-50,20000,20000,LTA,CLOSED
68037599,,TNIELSEN,1900014063,NCPC International Corp,China,X12001,DAP,2024-09-28,10,S1531006,Ceftriaxone pdr/inj 250mg vial/BOX-50,9960,9960,NONE,CLOSED
68037670,,TNIELSEN,1900015853,Mepro Pharmaceuticals Pvt Ltd,India,X12001,DAP,2024-11-11,10,S1515020,Benz.acid 6%+salic.acid 3% oint./TBE-40g,24000,24020,LTA,CLOSED
68037597,,MKAZEMI,1900001025,Durbin PLC,United Kingdom,X12001,DAP,2024-07-10,10,S1543752,Bisoprolol fumarate 5mg tabs/PAC-2x14,23000,23000,LTA,CLOSED
68037598,,MKAZEMI,1900006474,FDC Limited,India,X12001,DAP,2024-11-12,10,S1561125,"ReSoMal,42g sachet for 1 litre/CAR-100",1440,1440,LTA,CLOSED
68037593,,MKAZEMI,1900000468,Remedica Ltd.,Cyprus,X12001,DAP,2024-08-10,10,S1550501,Furosemide 40mg tabs/PAC-10x10,45000,45000,LTA,CLOSED
68037605,,TNIELSEN,1900000468,Remedica Ltd.,Cyprus,X12001,DAP,2024-10-04,10,S1568040,Sulfadox+Pyrimeth 500+25mg tabs/PAC-100,20000,20000,LTA,CLOSED
68037606,,TNIELSEN,1900014549,Sirmaxo Chemicals Pvt Ltd,India,X12001,DAP,2024-09-04,10,S1531505,Chlorhexidine conc. sol. 5%/BOT-1000ml,19530,19530,LTA,CLOSED
68037618,,TNIELSEN,1900018859,Hameln Pharma Ltd,United Kingdom,X12001,DAP,2024-10-15,10,S1543625,Diazepam inj 5mg/ml 2ml amp/BOX-10    pt,10000,10000,LTA,CLOSED
68037622,,WGU,1900003974,Walpak A/S,Denmark,X12004,DAP,2024-06-17,10,S8902068,Paper roll 250/580mm x 300m,60,60,NONE,CLOSED
68037637,,WGU,1900020333,DS Smith Packaging Denmark A/S,Denmark,X12004,DAP,2024-07-03,10,S9008034,"Double-wall ctn.60x40x33.3 cm, 0.08 m3",4368,4345,LTA,CLOSED
68037637,,WGU,1900020333,DS Smith Packaging Denmark A/S,Denmark,X12004,DAP,2024-07-09,20,S9008034,"Double-wall ctn.60x40x33.3 cm, 0.08 m3",8736,8607,LTA,CLOSED
68037637,,WGU,1900020333,DS Smith Packaging Denmark A/S,Denmark,X12004,DAP,2024-07-11,30,S9008034,"Double-wall ctn.60x40x33.3 cm, 0.08 m3",8736,8725,LTA,CLOSED
68037637,,WGU,1900020333,DS Smith Packaging Denmark A/S,Denmark,X12011,DAP,2024-07-18,40,S9008034,"Double-wall ctn.60x40x33.3 cm, 0.08 m3",8736,8734,LTA,CLOSED
68037637,,WGU,1900020333,DS Smith Packaging Denmark A/S,Denmark,X12011,DAP,2024-07-03,50,S9012024,"Double-wall ctn.60x40x50 cm, 0.120 m3",3864,3864,LTA,CLOSED
68037637,,WGU,1900020333,DS Smith Packaging Denmark A/S,Denmark,X12011,DAP,2024-07-09,60,S9012024,"Double-wall ctn.60x40x50 cm, 0.120 m3",3864,3864,LTA,CLOSED
68037637,,WGU,1900020333,DS Smith Packaging Denmark A/S,Denmark,X12011,DAP,2024-07-11,70,S9012024,"Double-wall ctn.60x40x50 cm, 0.120 m3",3864,3864,LTA,CLOSED
68037639,,WGU,1900009169,Smurfit Kappa GmbH,Germany,X12011,DAP,2024-07-25,10,S9008034,"Double-wall ctn.60x40x33.3 cm, 0.08 m3",7280,7280,LTA,CLOSED
68037639,,WGU,1900009169,Smurfit Kappa GmbH,Germany,X12011,DAP,2024-08-01,30,S9008034,"Double-wall ctn.60x40x33.3 cm, 0.08 m3",7280,7280,LTA,CLOSED
68037639,,WGU,1900009169,Smurfit Kappa GmbH,Germany,X12011,DAP,2024-08-08,40,S9008034,"Double-wall ctn.60x40x33.3 cm, 0.08 m3",7280,7280,LTA,CLOSED
68037639,,WGU,1900009169,Smurfit Kappa GmbH,Germany,X12011,DAP,2024-08-23,50,S9008034,"Double-wall ctn.60x40x33.3 cm, 0.08 m3",7280,6670,LTA,CLOSED
68037639,,WGU,1900009169,Smurfit Kappa GmbH,Germany,X12011,DAP,2024-07-25,60,S9012024,"Double-wall ctn.60x40x50 cm, 0.120 m3",3640,3620,LTA,CLOSED
68037639,,WGU,1900009169,Smurfit Kappa GmbH,Germany,X12011,DAP,2024-08-01,70,S9012024,"Double-wall ctn.60x40x50 cm, 0.120 m3",3640,3640,LTA,CLOSED
68037639,,WGU,1900009169,Smurfit Kappa GmbH,Germany,X12011,DAP,2024-08-08,80,S9012024,"Double-wall ctn.60x40x50 cm, 0.120 m3",3640,3545,LTA,CLOSED
68037620,Kuehne + Nagel A/S,TNIELSEN,1900016608,Hetero Labs Ltd,India,X12002,FCA,2024-08-02,20,S1400652,DTG50mg+3TC300mg+TDF300mg tabs/PAC-30 gb,11040,11040,LTA,CLOSED
68037619,Kuehne + Nagel A/S,TNIELSEN,1900014596,Macleods Pharmaceuticals Limited,India,X12002,FCA,2024-07-31,10,S1400651,Dolutegravir 10mg disp tab/PAC-90 No CTN,1000,1000,LTA,CLOSED
68037652,,WGU,1900012538,Dansk Traemballage A/S,Denmark,X12004,DAP,2024-06-19,30,S8920075,"Pallet, wooden one-way pallet,US size",936,936,NONE,CLOSED
68037660,,WGU,1900012538,Dansk Traemballage A/S,Denmark,X12004,DAP,2024-06-28,10,S8920075,"Pallet, wooden one-way pallet,US size",936,936,NONE,CLOSED
68037949,,WGU,1900012530,AB GLF Genarps Lådfabrik,Sweden,X12004,DAP,2024-10-04,10,S8920075,"Pallet, wooden one-way pallet,US size",792,792,NONE,CLOSED
68037949,,WGU,1900012530,AB GLF Genarps Lådfabrik,Sweden,X12004,DAP,2024-11-11,30,S8920075,"Pallet, wooden one-way pallet,US size",1548,1248,NONE,CLOSED
68037623,,NANXIONNAZ,1900010258,Procter & Gamble Company,USA (the),X12001,DAP,2024-09-02,10,S5007321,"Water floc. & disinfectant,pdr/BOX-240",17200,17200,LTA,CLOSED
68037668,Kuehne + Nagel A/S,TNIELSEN,1900011190,Emcure Pharmaceuticals Limited,India,X12002,FCA,2024-07-16,10,S1400653,Dolutegravir 50mg tabs/PAC-30 gb,3993,3993,LTA,CLOSED
68037621,,BKERNKAMP,1900008236,Fleischhacker GmbH & Co.KG,Germany,X12004,DAP,2024-06-27,10,S0845220,"Bag,biohazard,yellow,20L,BOX-100",1500,1500,LTA,CLOSED
62000131,Kuehne + Nagel A/S,PLPETERSEN,1900006246,"Puyoung Ind. Co., Ltd.","South Korea,Rep",X44906,FCA,2024-07-02,10,S5086014,Plastic Tarpaulin F.R. Sheet (4x5m),12000,12000,NONE,CLOSED
68037624,Kuehne + Nagel A/S,SHVISWANATHA,1900010874,Arab Printing Press  S.A.L,Lebanon,X12001,FCA,2024-07-08,10,S5034001,Adolescent Kit,392,392,LTA,CLOSED
68037627,Kuehne + Nagel A/S,SHVISWANATHA,1900020635,Zhejiang E-Bang Outsourcing and Tra,China,X12001,FCA,2024-07-09,10,S0516110,"First Aid bag,UNICEF,blue,410x280x170mm",12144,12144,LTA,CLOSED
68037627,Kuehne + Nagel A/S,SHVISWANATHA,1900020635,Zhejiang E-Bang Outsourcing and Tra,China,X12001,FCA,2024-07-09,20,S0521425,"Sachet,tablet,plastic,10x16cm/PAC-100",84000,84000,LTA,CLOSED
68037643,Panalpina / DSV Air & Sea A/S,TNIELSEN,1900019367,JSC Grindeks,Latvia,X12004,FCA,2024-12-05,10,S1545300,Oxytocin inj 10 IU 1ml amp/BOX-10,47592,47592,LTA,CLOSED
68037642,,TNIELSEN,1900019765,S Kant Healthcare Ltd.,India,X12001,DAP,2024-09-27,10,S1555930,"Nystatin oral sus 100,000IU/ml/BOT-30ml",60000,65000,LTA,CLOSED
68037641,Kuehne + Nagel A/S,TNIELSEN,1900001026,B Braun Melsungen AG,Germany,X12004,FCA,2024-08-16,10,S1552115,Glucose hyperton.inj 50% 50mL vl/BOX-20,3780,3780,LTA,CLOSED
68037640,,TNIELSEN,1900012098,Novartis Pharma Services AG,Switzerland,X12004,DAP,2024-09-15,10,S1300063,Artemeth20mg+Lumefan120mg tabs/24/PAC-30,3200,3200,LTA,CLOSED
68037879,,BMKRTCHYAN,1900001025,Durbin PLC,United Kingdom,,DAP,2025-02-20,10,S1552426,Glyceryl trinitrate 500mcg tabs/PAC-100,3000,3000,RFQ,CLOSED
68037626,,TNIELSEN,1900000468,Remedica Ltd.,Cyprus,X12002,DAP,2024-09-24,10,S1559370,Carbamazepine 200mg tabs/PAC-10x10,12000,12000,LTA,CLOSED
68037671,Kuehne + Nagel A/S,PLPETERSEN,1900014450,Paramount Tarpaulin Industries,Pakistan,X12001,FCA,2024-07-10,10,S5086016,Blankets synthetic high therm resistance,10800,10800,NONE,CLOSED
62000142,Kuehne + Nagel A/S,PLPETERSEN,1900014450,Paramount Tarpaulin Industries,Pakistan,X44906,FCA,2024-08-28,10,S5086016,Blankets synthetic high therm resistance,43200,43200,NONE,CLOSED
68037628,,TNIELSEN,1900007417,DEMO S.A. Pharmaceutical Industry,Greece,X12001,DAP,2024-11-14,10,S1514010,Atropine inj 1mg/ml 1ml amp/BOX-10,6000,6060,LTA,CLOSED
68037634,,AWEIS,1900010631,HEALTHIUM MEDTECH LTD,India,X12001,DAP,2024-09-20,10,S0564012,"Sut,abs,DEC3,need 1/2 30mm,round/BOX-36",2304,2304,LTA,CLOSED
68037634,,AWEIS,1900010631,HEALTHIUM MEDTECH LTD,India,X12001,DAP,2024-09-20,20,S0565011,"Sut,nonabs,DEC3,need 3/8 30mm,tri/BOX-36",8640,8640,LTA,CLOSED
68037634,,AWEIS,1900010631,HEALTHIUM MEDTECH LTD,India,X12001,DAP,2024-09-20,30,S0564030,"Sut,abs,DEC3,spool/BOX-36",1152,1152,LTA,CLOSED
68037635,,AWEIS,1900011349,KD Medical GmbH Hospital Products,Germany,X12004,DAP,2024-06-14,10,S0709238,"NeedleSpinal22G(0.7x90mm)Ster,disp,BOX50",480,480,LTA,CLOSED
68037635,,AWEIS,1900011349,KD Medical GmbH Hospital Products,Germany,X12004,DAP,2024-06-14,20,S0744300,"Needle,scalp vein,25G,ster,disp",16000,16000,LTA,CLOSED
68037636,,AWEIS,1900019065,Qingdao Narising International Trad,China,X12001,DAP,2024-10-09,10,S0523015,"Compress,gauze,10x10cm,n/ster/PAC-100",10080,10080,LTA,CLOSED
68037636,,AWEIS,1900019065,Qingdao Narising International Trad,China,X12001,DAP,2024-09-16,20,S0519000,"Cotton wool,500g,roll,non-ster",11200,11200,LTA,CLOSED
62000134,Kuehne + Nagel A/S,PLPETERSEN,1900015387,NRS Relief FZCO,Utd.Arab.Emir.,X44906,FCA,2024-07-22,10,S5088048,High Performance Tent - 48M2,204,204,LTA,CLOSED
62000134,Kuehne + Nagel A/S,PLPETERSEN,1900015387,NRS Relief FZCO,Utd.Arab.Emir.,X44906,FCA,2024-07-22,20,S5088048,High Performance Tent - 48M2,136,136,LTA,CLOSED
62000134,Kuehne + Nagel A/S,PLPETERSEN,1900015387,NRS Relief FZCO,Utd.Arab.Emir.,X44906,FCA,2024-07-22,30,S5088072,High Performance Tent - 72M2,56,56,LTA,CLOSED
62000129,Kuehne + Nagel A/S,NSEREK,1900007256,Alpinter SA NV,Belgium,X44908,FCA,2024-07-06,10,S5007311,"Water-cont,LDPE,10l,collapsibl.,w/o logo",36000,36000,LTA,CLOSED
62000158,Kuehne + Nagel A/S,NANXIONNAZ,1900001613,Medentech Ltd,Ireland,X44906,FCA,2024-12-10,10,S1588360,Water purif.(NaDCC) 1.67g tabs/PAC-200,42336,42336,LTA,CLOSED
62000159,Kuehne + Nagel A/S,NANXIONNAZ,1900006967,Hydrachem Limited,United Kingdom,X44906,FCA,2024-12-19,10,S5008345,Water purif.(NaDCC) 67mg tabs/BOX-400,40280,40280,LTA,CLOSED
62000159,Kuehne + Nagel A/S,NANXIONNAZ,1900006967,Hydrachem Limited,United Kingdom,X44906,FCA,2024-12-19,20,S5008345,Water purif.(NaDCC) 67mg tabs/BOX-400,25000,25000,LTA,CLOSED
62000160,Kuehne + Nagel A/S,NANXIONNAZ,1900001613,Medentech Ltd,Ireland,X44906,FCA,2025-01-13,10,S5008345,Water purif.(NaDCC) 67mg tabs/BOX-400,31752,31752,LTA,CLOSED
62000133,Kuehne + Nagel A/S,NANXIONNAZ,1900010258,Procter & Gamble Company,USA (the),X44906,FCA,2024-08-05,10,S5007321,"Water floc. & disinfectant,pdr/BOX-240",4300,4300,LTA,CLOSED
68037648,,TNIELSEN,1900000468,Remedica Ltd.,Cyprus,X12001,DAP,2024-09-15,10,S1543751,Amlodipine 5mg tabs/PAC-10x10,10000,10000,LTA,CLOSED
68037649,,TNIELSEN,1900014308,MILAN LABORATORIES (INDIA) PVT. LTD,India,X12001,DAP,2024-10-18,10,S1555653,Metronidazole 250mg tabs PAC/10x10,50000,50000,LTA,CLOSED
68037676,,WGU,1900002424,Albe Emballage A/S,Denmark,X12004,DAP,2024-07-11,10,S8902043,LabelsA6-White-Auto.Printers-Portr.,15,15,NONE,CLOSED
68037676,,WGU,1900002424,Albe Emballage A/S,Denmark,X12004,DAP,2024-07-11,20,S8902044,LabelsA5-White-Auto.Printers-Land.,15,15,NONE,CLOSED
68037676,,WGU,1900002424,Albe Emballage A/S,Denmark,X12004,DAP,2024-07-11,30,S8902054,LabelsA6-Orange-Man.Printers-Land.,20,20,NONE,CLOSED
68037676,,WGU,1900002424,Albe Emballage A/S,Denmark,X12004,DAP,2024-07-11,40,S8902055,LabelsA6-Yellow-Man.Printers-Land.,20,20,NONE,CLOSED
68037676,,WGU,1900002424,Albe Emballage A/S,Denmark,X12004,DAP,2024-07-11,50,S8902058,LabelsA6-Pink-Man.Printers-Land,30,30,NONE,CLOSED
62000130,DHL Global Forwarding (Denmark) A/S,SHVISWANATHA,1900001613,Medentech Ltd,Ireland,X33308,FCA,2024-06-26,10,S1588360,Water purif.(NaDCC) 1.67g tabs/PAC-200,2016,2016,LTA,CLOSED
62000130,DHL Global Forwarding (Denmark) A/S,SHVISWANATHA,1900001613,Medentech Ltd,Ireland,X33308,FCA,2024-06-26,20,S5008345,Water purif.(NaDCC) 67mg tabs/BOX-400,5292,5292,LTA,CLOSED
68037986,Kuehne + Nagel A/S,PLPETERSEN,1900006246,"Puyoung Ind. Co., Ltd.","South Korea,Rep",X12001,FCA,2024-10-18,10,S5086014,Plastic Tarpaulin F.R. Sheet (4x5m),3000,3000,NONE,CLOSED
68037646,,TNIELSEN,1900001709,Ovelle Limited,Ireland,X12004,DAP,2024-11-25,10,S1519500,Benzyl benzoate 25% lotion /BOT-1000ml,60000,60156,LTA,CLOSED
68037645,,TNIELSEN,1900014596,Macleods Pharmaceuticals Limited,India,X12002,DAP,2024-12-12,20,S1562020,Salbutamol oral inh. 0.1mg/ds 200ds,60000,60000,LTA,CLOSED
68037644,,TNIELSEN,1900012918,Galentic Pharma (India) Pvt.Ltd,India,X12001,DAP,2024-10-23,10,S1515060,Miconazole nitrate cream 2%/TBE-30g,99999,97380,LTA,CLOSED
68037638,,BKERNKAMP,1900012695,"Hangzhou Cereal, Oils &",China,X12001,DAP,2024-09-17,10,S0145633,"MUAC,Adult,w/o color code,PAC-50,Spanish",3168,3168,LTA,CLOSED
68037638,,BKERNKAMP,1900012695,"Hangzhou Cereal, Oils &",China,X12001,DAP,2024-09-17,20,S0145631,"MUAC,Adult,w/o color code,PAC-50,Arabic",15000,15000,LTA,CLOSED
68037638,,BKERNKAMP,1900012695,"Hangzhou Cereal, Oils &",China,X12001,DAP,2024-09-17,30,S0145634,"MUAC,Child 11.5 Red,PAC-50,Arabic",12000,12000,LTA,CLOSED
68037653,,BKERNKAMP,1900005502,Kanam Latex Industries Private Ltd,India,X12001,DAP,2024-11-10,10,S0327520,"Gloves,surg,pwdfree,7.5,ster,s.u.,pair",177600,177600,LTA,CLOSED
68037653,,BKERNKAMP,1900005502,Kanam Latex Industries Private Ltd,India,X12001,DAP,2024-11-10,20,S0327540,"Gloves,surg,pwdfree,8.5,ster,s.u.,pair",72000,72000,LTA,CLOSED
68037653,,BKERNKAMP,1900005502,Kanam Latex Industries Private Ltd,India,X12001,DAP,2024-11-10,30,S0327510,"Gloves,surg,pwdfree,7,ster,s.u.,pair",48000,48000,LTA,CLOSED
68037653,,BKERNKAMP,1900005502,Kanam Latex Industries Private Ltd,India,X12001,DAP,2024-11-10,40,S0330115,"Gloves,gyn,pwdfree,medium,ster,s.u.,pair",66000,66000,LTA,CLOSED
68037655,,BKERNKAMP,1900019467,Barna Import Medica S.A.,Spain,X12004,DAP,2024-09-26,10,S0327520,"Gloves,surg,pwdfree,7.5,ster,s.u.,pair",160000,160000,LTA,CLOSED
68037655,,BKERNKAMP,1900019467,Barna Import Medica S.A.,Spain,X12004,DAP,2024-09-26,20,S0327540,"Gloves,surg,pwdfree,8.5,ster,s.u.,pair",41200,41200,LTA,CLOSED
68037655,,BKERNKAMP,1900019467,Barna Import Medica S.A.,Spain,X12004,DAP,2024-07-25,30,S0330025,"Gloves,exam,latex,pwdfree,M,BOX-100",68080,68400,LTA,CLOSED
68037655,,BKERNKAMP,1900019467,Barna Import Medica S.A.,Spain,X12004,DAP,2024-09-26,40,S0330030,"Gloves,exam,latex,pwdfree,L,BOX-100",20000,20000,LTA,CLOSED
68037655,,BKERNKAMP,1900019467,Barna Import Medica S.A.,Spain,X12004,DAP,2024-08-26,50,S0327530,"Gloves,surg,pwdfree,8,ster,s.u.,pair",54000,54000,LTA,CLOSED
68037655,,BKERNKAMP,1900019467,Barna Import Medica S.A.,Spain,X12004,DAP,2024-08-26,60,S0327510,"Gloves,surg,pwdfree,7,ster,s.u.,pair",68000,68000,LTA,CLOSED
68037655,,BKERNKAMP,1900019467,Barna Import Medica S.A.,Spain,X12004,DAP,2024-09-26,70,S0330120,"Gloves,gyn,pwdfree,large,ster,s.u.,pair",1800,1800,LTA,CLOSED
68037655,,BKERNKAMP,1900019467,Barna Import Medica S.A.,Spain,X12004,DAP,2024-07-18,80,S0845205,"Gloves,heavy-duty,rubber/nitrile,M,pair",4800,4800,LTA,CLOSED
68037655,,BKERNKAMP,1900019467,Barna Import Medica S.A.,Spain,X12004,DAP,2024-09-30,90,S0969021,"Gloves,exam,nitrile,pwdfree,S,BOX-100",3240,3240,LTA,CLOSED
68037655,,BKERNKAMP,1900019467,Barna Import Medica S.A.,Spain,X12004,DAP,2024-09-13,100,S0969026,"Gloves,exam,nitrile,pwdfree,L,BOX-100",10800,10800,LTA,CLOSED
68037654,,BKERNKAMP,1900022427,Eastwest Medico ApS,Denmark,X12001,DAP,2024-09-26,10,S0330020,"Gloves,exam,latex,pwdfree,S,BOX-100",5600,5600,LTA,CLOSED
68037654,,BKERNKAMP,1900022427,Eastwest Medico ApS,Denmark,X12001,DAP,2024-09-26,20,S0330025,"Gloves,exam,latex,pwdfree,M,BOX-100",5600,5600,LTA,CLOSED
68037654,,BKERNKAMP,1900022427,Eastwest Medico ApS,Denmark,X12001,DAP,2024-09-26,30,S0330030,"Gloves,exam,latex,pwdfree,L,BOX-100",5600,5600,LTA,CLOSED
68037654,,BKERNKAMP,1900022427,Eastwest Medico ApS,Denmark,X12001,DAP,2024-09-26,40,S0969025,"Gloves,exam,nitrile,pwdfree,M,BOX-100",20380,20380,LTA,CLOSED
68037650,,TNIELSEN,1900020830,Amdipharm Limited,Ireland,X12004,DAP,2024-11-20,10,S1543670,Haloperidol inj.5mg/ml 1ml amp/BOX-10,5000,5000,LTA,CLOSED
68037651,Scan Global Logistics A/S,LSUN,1900020904,"Hangzhou Biotest Biotech Co., Ltd",China,X12002,FCA,2024-07-03,10,S0584506,"Pregnancy,Urine,HCG,MidStream,1T/kit",22000,22000,LTA,CLOSED
62000132,Kuehne + Nagel A/S,NANXIONNAZ,1900006967,Hydrachem Limited,United Kingdom,X44906,FCA,2024-07-10,10,S1588360,Water purif.(NaDCC) 1.67g tabs/PAC-200,6048,6048,LTA,CLOSED
62000132,Kuehne + Nagel A/S,NANXIONNAZ,1900006967,Hydrachem Limited,United Kingdom,X44906,FCA,2024-07-10,20,S5008345,Water purif.(NaDCC) 67mg tabs/BOX-400,7200,7200,LTA,CLOSED
68037663,,AWEIS,1900016551,Romsons International,India,X12001,DAP,2024-09-20,10,S0373500,"Tube,feeding,CH05,L40cm,ster,disp",150000,150000,LTA,CLOSED
68037663,,AWEIS,1900016551,Romsons International,India,X12001,DAP,2024-09-20,20,S0322010,"Catheter,urethral,CH12,ster,disp",100000,100000,LTA,CLOSED
68037663,,AWEIS,1900016551,Romsons International,India,X12001,DAP,2024-09-20,30,S0323010,"Catheter,urethral,CH14,ster,disp",40000,40000,LTA,CLOSED
68037663,,AWEIS,1900016551,Romsons International,India,X12001,DAP,2024-09-20,40,S0374015,"Tube,suction,CH10,L50cm,ster,disp",75000,75000,LTA,CLOSED
68037647,,WGU,1900018565,Hinnum Plast A/S,Denmark,X12004,DAP,2024-06-28,10,S8902067,LDPE bag: 400 x 310 x 0.06 mm/CAR-1000,100,98,NONE,CLOSED
68037656,,BKERNKAMP,1900012695,"Hangzhou Cereal, Oils &",China,X12001,DAP,2024-09-23,10,S0145630,"MUAC,Adult,w/o color code,PAC-50,English",38016,38016,LTA,CLOSED
68037656,,BKERNKAMP,1900012695,"Hangzhou Cereal, Oils &",China,X12001,DAP,2024-09-23,20,S0145620,"MUAC,Child 11.5 Red,PAC-50,English",44880,44880,LTA,CLOSED
68037657,,BKERNKAMP,1900000451,SECA GmbH & Co. KG,Germany,X12001,DAP,2024-09-26,10,S0140500,"Scale,beam type,child/adult,220kgx50g",288,288,LTA,CLOSED
68037672,,WGU,1900020333,DS Smith Packaging Denmark A/S,Denmark,X12004,DAP,2024-07-16,10,S8940100,"Pre-pack Carton, 45x35x15 cm, 0.024 m3",10000,10120,LTA,CLOSED
68037672,,WGU,1900020333,DS Smith Packaging Denmark A/S,Denmark,X12004,DAP,2024-07-16,20,S8941505,"Pre-pack Carton, 32x24x20 cm, 0.015 m3",60000,61150,LTA,CLOSED
68037672,,WGU,1900020333,DS Smith Packaging Denmark A/S,Denmark,X12004,DAP,2024-07-16,30,S8942200,"Pre-pack Ctn,  37.5x29x19.5 cm, 0.021 m3",15000,15300,LTA,CLOSED
68037690,,MKAZEMI,1900014063,NCPC International Corp,China,X12001,DAP,2024-10-30,10,S1531006,Ceftriaxone pdr/inj 250mg vial/BOX-50,8000,8000,LTA,CLOSED
68037673,,MKAZEMI,1900015853,Mepro Pharmaceuticals Pvt Ltd,India,X12001,DAP,2024-11-18,10,S1555706,Ciprofloxacin 250mg tabs PAC/1x10,40000,40160,LTA,CLOSED
68037675,,MKAZEMI,1900001025,Durbin PLC,United Kingdom,X12001,DAP,2024-09-25,10,S1506001,Acetylsalicylic acid 300mg tab/PAC-10x10,30000,30000,LTA,CLOSED
68037711,,MSERGIO,1900000378,BD International,Belgium,X12004,DAP,2024-07-30,10,S0747452,"Needle,disp,23G,ster/BOX-100",7000,7000,LTA,CLOSED
68037701,,MSERGIO,1900011349,KD Medical GmbH Hospital Products,Germany,X12002,DAP,2024-07-10,10,S0782205,"Syringe,disp,2ml,ster/BOX-100",10000,10000,LTA,CLOSED
68037701,,MSERGIO,1900011349,KD Medical GmbH Hospital Products,Germany,X12002,DAP,2024-07-10,20,S0782405,"Syringe,disp,5ml,ster/BOX-100",5080,5080,LTA,CLOSED
68037701,,MSERGIO,1900011349,KD Medical GmbH Hospital Products,Germany,X12002,DAP,2024-07-10,30,S0782413,"Syringe,disp,10ml,ster/BOX-100",3072,3072,LTA,CLOSED
68037701,,MSERGIO,1900011349,KD Medical GmbH Hospital Products,Germany,X12002,DAP,2024-07-10,40,S0747432,"Needle,disp,21G,ster/BOX-100",15400,15400,LTA,CLOSED
68037701,,MSERGIO,1900011349,KD Medical GmbH Hospital Products,Germany,X12002,DAP,2024-07-10,50,S0747420,"Needle,disp,19G,ster/BOX-100",9100,9100,LTA,CLOSED
68037658,Kuehne + Nagel A/S,TNIELSEN,1900006253,Ipca Laboratories Limited,India,X12004,FCA,2024-12-17,10,S1300008,Artesunate pdr./inj 60mg vial/BOX-1,50484,50484,LTA,CLOSED
68037659,,MKAZEMI,1900000468,Remedica Ltd.,Cyprus,X12001,DAP,2024-09-15,10,S1504016,Loperamide 2 mg tabs /PAC10x10,1000,1000,LTA,CLOSED
68037661,,AWEIS,1900001115,Chempatex Medizinische,Germany,X12004,DAP,2024-08-08,10,S0145558,"Scale,infant,tray,20kgx5g,batteries",190,190,LTA,CLOSED
68037662,,MKAZEMI,1900019343,NutriCorp International,Canada,X12001,DAP,2025-07-30,10,S1583000,"Retinol 200,000IU soft gel.caps/PAC-500",25338,24600,LTA,OPEN
68037664,,MKAZEMI,1900014308,MILAN LABORATORIES (INDIA) PVT. LTD,India,X12001,DAP,2024-11-20,10,S1555653,Metronidazole 250mg tabs PAC/10x10,100000,100000,LTA,CLOSED
68037665,,MKAZEMI,1900000468,Remedica Ltd.,Cyprus,X12001,DAP,2024-09-24,10,S1543660,Haloperidol 5mg tabs/PAC-10x10,15000,15000,LTA,CLOSED
68037667,,AWEIS,1900019467,Barna Import Medica S.A.,Spain,X12004,DAP,2024-11-20,10,S0305140,"Gown,surgic,nonster,nonwoven,STD,disp,XL",4302,4303,LTA,CLOSED
68037674,,MKAZEMI,1900014000,Renata Limited,Bangladesh,X12001,DAP,2024-09-20,10,S1580022,ORS fl.1Lx2+ Zinc 20mg 10tabs.kit/PAC,168355,168325,LTA,CLOSED
68037666,,MKAZEMI,1900014773,MEDOPHARM,India,X12001,DAP,2024-10-25,10,S1543755,Enalapril maleate 5mg tabs/PAC-10x10,30000,30000,LTA,CLOSED
68037685,,MKAZEMI,1900014773,MEDOPHARM,India,X12001,DAP,2024-11-15,10,S1555410,Fluconazole 200mg caps/PAC-10x10,10000,10000,LTA,CLOSED
68037697,,AWEIS,1900000137,Wisconsin Aluminum Foundry Co Inc,USA (the),X12001,DAP,2024-11-27,10,S0156000,"Sterilizer,steam,39L",672,672,LTA,CLOSED
68037669,,TNIELSEN,1900014063,NCPC International Corp,China,X12001,DAP,2024-11-19,10,S1505076,Ampicillin pdr/inj 500mg vial/BOX-100,10800,10800,LTA,CLOSED
68037696,,MKAZEMI,1900001026,B Braun Melsungen AG,Germany,X12004,DAP,2024-10-15,10,S1555206,Lidocaine inj 1% 20ml ampl/BOX-20,9825,10000,LTA,CLOSED
68037687,,MKAZEMI,1900014773,MEDOPHARM,India,X12001,DAP,2024-10-20,10,S1531009,Azithromycin 250mg tablets/PAC-6,100800,100800,LTA,CLOSED
68037678,Kuehne + Nagel A/S,AWEIS,1900019065,Qingdao Narising International Trad,China,X12001,FCA,2024-08-06,10,S0519000,"Cotton wool,500g,roll,non-ster",33600,33600,LTA,CLOSED
68037677,,AWEIS,1900001115,Chempatex Medizinische,Germany,X12001,DAP,2024-09-25,10,S0519000,"Cotton wool,500g,roll,non-ster",24800,24800,LTA,CLOSED
68037679,,AWEIS,1900000451,SECA GmbH & Co. KG,Germany,X12004,DAP,2024-07-11,10,S0145558,"Scale,infant,tray,20kgx5g,batteries",135,135,NONE,CLOSED
68037680,,MKAZEMI,1900000468,Remedica Ltd.,Cyprus,X12001,DAP,2024-10-14,10,S1544402,Doxycycline 100mg tabs PAC/10x10,100000,100000,LTA,CLOSED
68037683,,MKAZEMI,1900000468,Remedica Ltd.,Cyprus,X12001,DAP,2024-11-22,10,S1552412,Atenolol 50mg tabs/PAC-10x10,15000,15000,LTA,CLOSED
68037684,Kuehne + Nagel A/S,MKAZEMI,1900020345,Acme Formulation Pvt Ltd,India,X12002,FCA,2024-10-10,10,S1570501,Misoprostol 200mcg tabs/PAC-1x4,25000,25005,LTA,CLOSED
68037694,,NSEREK,1900002764,Jose Miguel Poveda S.A. (JOMIPSA),Spain,X12004,DAP,2024-07-15,10,S5006122,"WASH&DignityKit,firstResp,1HH,noPurifTab",840,840,LTA,CLOSED
68037681,Scan Global Logistics A/S,WGU,1900012769,VestGuard UK Ltd,United Kingdom,X12002,FCA,2024-09-13,10,S5010277,"Helmet,ballistic resistant,level IIIA,M",34,34,NONE,CLOSED
68037681,Scan Global Logistics A/S,WGU,1900012769,VestGuard UK Ltd,United Kingdom,X12002,FCA,2024-09-13,20,S5010278,"Helmet,ballistic resistant,lev IIIA,L",19,19,NONE,CLOSED
68037681,Scan Global Logistics A/S,WGU,1900012769,VestGuard UK Ltd,United Kingdom,X12002,FCA,2024-09-13,30,S5010280,"Helmet,ballistic resistant,level IIIA,XL",69,69,NONE,CLOSED
68037693,Kuehne + Nagel A/S,PLPETERSEN,1900014450,Paramount Tarpaulin Industries,Pakistan,X12001,FCA,2024-07-22,10,S5086015,Blanket synthetic med.thermal resistance,4320,4320,NONE,CLOSED
68037751,,WGU,1900020333,DS Smith Packaging Denmark A/S,Denmark,X12004,DAP,2024-09-02,10,S9012013,Corrugated ring for S9012012,7000,7420,LTA,CLOSED
68037751,,WGU,1900020333,DS Smith Packaging Denmark A/S,Denmark,X12004,DAP,2024-09-02,20,S9008034,"Double-wall ctn.60x40x33.3 cm, 0.08 m3",300,244,LTA,CLOSED
68037751,,WGU,1900020333,DS Smith Packaging Denmark A/S,Denmark,X12004,DAP,2024-09-02,30,S9012024,"Double-wall ctn.60x40x50 cm, 0.120 m3",1232,1232,LTA,CLOSED
68037751,,WGU,1900020333,DS Smith Packaging Denmark A/S,Denmark,X12004,DAP,2024-09-02,40,S9016023,"Double-wall ctn.80x40x50 cm, 0.160 m3",1000,1076,LTA,CLOSED
68037751,,WGU,1900020333,DS Smith Packaging Denmark A/S,Denmark,X12004,DAP,2024-09-02,50,S9012012,"Double-wall ctn.80x60x25 cm, 0.120 m3",1000,1005,LTA,CLOSED
68037934,,WGU,1900020333,DS Smith Packaging Denmark A/S,Denmark,X12004,DAP,2024-09-25,10,S9010633,"Double-wall ctn.80x40x33 cm, 0.106 m3",367,367,LTA,CLOSED
68037934,,WGU,1900020333,DS Smith Packaging Denmark A/S,Denmark,X12004,DAP,2024-09-25,20,S9012024,"Double-wall ctn.60x40x50 cm, 0.120 m3",336,336,LTA,CLOSED
68037686,,NANXIONNAZ,1900008365,Tintometer GmbH,Germany,X12004,DAP,2024-07-05,10,S5006129,Chlorine/pH visual comparator,672,672,LTA,CLOSED
68037689,,NANXIONNAZ,1900001613,Medentech Ltd,Ireland,X12004,DAP,2024-07-15,20,S5008345,Water purif.(NaDCC) 67mg tabs/BOX-400,17280,17280,LTA,CLOSED
68037689,,NANXIONNAZ,1900001613,Medentech Ltd,Ireland,X12004,DAP,2024-07-15,10,S1588360,Water purif.(NaDCC) 1.67g tabs/PAC-200,2520,2520,LTA,CLOSED
68037712,,MKAZEMI,1900012560,Micro Labs Limited,India,X12001,DAP,2024-11-30,10,S1537321,Cefalexin 250mg caps/PAC-10x10,12000,11374,LTA,CLOSED
68037821,,BKERNKAMP,1900022427,Eastwest Medico ApS,Denmark,X12001,DAP,2024-10-26,10,S0330124,"Gloves,exam,nitrile,ext cuff,S,BOX-100",1000,1000,LTA,CLOSED
68037821,,BKERNKAMP,1900022427,Eastwest Medico ApS,Denmark,X12001,DAP,2024-10-26,20,S0330125,"Gloves,exam,nitrile,ext cuff,M,BOX-100",1800,1800,LTA,CLOSED
68037821,,BKERNKAMP,1900022427,Eastwest Medico ApS,Denmark,X12001,DAP,2024-10-26,30,S0330126,"Gloves,exam,nitrile,ext cuff,L,BOX-100",1000,1000,LTA,CLOSED
68037695,,AWEIS,1900011349,KD Medical GmbH Hospital Products,Germany,X12004,DAP,2024-07-10,10,S0709200,"Cannula,IV short,16G,ster,disp",16000,16000,LTA,CLOSED
68037695,,AWEIS,1900011349,KD Medical GmbH Hospital Products,Germany,X12004,DAP,2024-07-10,20,S0709230,"Cannula,IV short,24G,ster,disp",16000,16000,LTA,CLOSED
68037695,,AWEIS,1900011349,KD Medical GmbH Hospital Products,Germany,X12004,DAP,2024-07-10,30,S0709235,"Cannula,IV short,16G,ster,disp, BOX-50",960,960,LTA,CLOSED
68037695,,AWEIS,1900011349,KD Medical GmbH Hospital Products,Germany,X12004,DAP,2024-07-10,40,S0709231,"Cannula IV short 18G, ster, disp, BOX-50",320,320,LTA,CLOSED
68037695,,AWEIS,1900011349,KD Medical GmbH Hospital Products,Germany,X12004,DAP,2024-07-10,50,S0709232,"Cannula IV short 20G, ster, disp, BOX-50",1280,1280,LTA,CLOSED
68037695,,AWEIS,1900011349,KD Medical GmbH Hospital Products,Germany,X12004,DAP,2024-07-10,60,S0744400,"Needle,scalp vein,21G,ster,disp",16000,16000,LTA,CLOSED
68037695,,AWEIS,1900011349,KD Medical GmbH Hospital Products,Germany,X12004,DAP,2024-07-10,70,S0709237,"Needle scalp vein 25G, ster, disp,BOX-50",960,960,LTA,CLOSED
68037699,,AWEIS,1900011351,Narang Medical Ltd.,India,X12001,DAP,2024-10-31,10,S0145760,"ID Bracelet,child,red/PAC-400",800,800,LTA,CLOSED
68037700,,AWEIS,1900012086,AMEX Healthcare GmbH,Austria,X12001,DAP,2026-11-08,10,S0330501,"Bag,urine collecting,2L,drain.,sterile",80000,0,LTA,OPEN
68037688,,MKAZEMI,1900015853,Mepro Pharmaceuticals Pvt Ltd,India,X12002,DAP,2024-10-30,10,S1531009,Azithromycin 250mg tablets/PAC-6,67200,66560,LTA,CLOSED
68037702,,MKAZEMI,1900000468,Remedica Ltd.,Cyprus,X12001,DAP,2025-02-04,10,S1537110,Sulf.400mg+Trimet.80mg tabs/PAC-10x10,60000,60000,LTA,CLOSED
68037691,,NANXIONNAZ,1900010258,Procter & Gamble Company,USA (the),X12010,DAP,2024-10-01,10,S5007321,"Water floc. & disinfectant,pdr/BOX-240",34400,34400,LTA,CLOSED
68037692,Kuehne + Nagel A/S,PLPETERSEN,1900006246,"Puyoung Ind. Co., Ltd.","South Korea,Rep",X12001,FCA,2024-07-15,10,S5086014,Plastic Tarpaulin F.R. Sheet (4x5m),3000,3000,NONE,CLOSED
62000135,Kuehne + Nagel A/S,PLPETERSEN,1900015387,NRS Relief FZCO,Utd.Arab.Emir.,X44906,FCA,2024-07-25,10,S5088048,High Performance Tent - 48M2,136,136,LTA,CLOSED
68037704,,SHVISWANATHA,1900718110,TOKSOZ ITHALAT IHRACAT VE DAHILI TI,Türkiye,X12004,DAP,2024-08-02,10,S0552000,"Soap,toilet,bar,approx.100-110g,wrapped",218800,218880,LTA,CLOSED
68037714,,BKERNKAMP,1900001115,Chempatex Medizinische,Germany,X12004,DAP,2024-07-30,10,S0557200,"Weighing sling,infant,5kg",10800,10800,LTA,CLOSED
68037714,,BKERNKAMP,1900001115,Chempatex Medizinische,Germany,X12004,DAP,2024-09-07,20,S0189000,"Weighing trousers,infant,25kg,PAC-5",2160,2160,LTA,CLOSED
68037714,,BKERNKAMP,1900001115,Chempatex Medizinische,Germany,X12004,DAP,2024-07-30,30,S0141022,"Scale,mother/child,batteries,250kg",180,180,LTA,CLOSED
68037714,,BKERNKAMP,1900001115,Chempatex Medizinische,Germany,X12004,DAP,2024-10-15,50,S0145558,"Scale,infant,tray,20kgx5g,batteries",540,540,LTA,CLOSED
68037714,,BKERNKAMP,1900001115,Chempatex Medizinische,Germany,X12004,DAP,2024-07-30,60,S0141023,"Scale,mother/child,batteries,solar,250kg",360,360,LTA,CLOSED
68037714,,BKERNKAMP,1900001115,Chempatex Medizinische,Germany,X12004,DAP,2024-09-07,40,S0141022,"Scale,mother/child,batteries,250kg",400,400,LTA,CLOSED
68037729,,BKERNKAMP,1900019467,Barna Import Medica S.A.,Spain,X12004,DAP,2024-07-30,10,S6780358,"Mask,surgic,typeIIR,ear loop,disp.pack50",5280,5280,LTA,CLOSED
68037730,,BKERNKAMP,1900019467,Barna Import Medica S.A.,Spain,X12004,DAP,2024-10-05,10,S0305150,"Apron,protection,heavy-duty,reusable",5000,5000,LTA,CLOSED
68037707,,AWEIS,1900001115,Chempatex Medizinische,Germany,X12001,DAP,2024-10-25,10,S0512025,"Bandage,gauze,8cmx4m,roll",450000,450000,LTA,CLOSED
68037705,Scan Global Logistics A/S,MKAZEMI,1900007784,SM Pharmaceuticals SDN. BHD,Malaysia,X12002,FCA,2024-07-12,10,S1555964,Paracetamol 500mg tabs/PAC-10x10,125000,125000,LTA,CLOSED
68037710,,AWEIS,1900011349,KD Medical GmbH Hospital Products,Germany,,DAP,2024-07-12,10,S0330501,"Bag,urine collecting,2L,drain.,sterile",20000,20000,NONE,CLOSED
68037708,,AWEIS,1900001612,Medela AG,Switzerland,X12004,DAP,2024-09-06,10,S0791501,"Vacuum extractor,Bird(ant&post),manu,set",320,320,LTA,CLOSED
68037709,,AWEIS,1900015844,Wrangler Instruments,Pakistan,X12002,DAP,2024-09-15,10,S0773500,"Scissors,Deaver,140mm,str,s/b",50000,50000,LTA,CLOSED
68037709,,AWEIS,1900015844,Wrangler Instruments,Pakistan,X12002,DAP,2024-09-15,20,S0730000,"Forceps,artery,Halst-Mosq,125mm,cvd",2000,2000,LTA,CLOSED
68037709,,AWEIS,1900015844,Wrangler Instruments,Pakistan,X12002,DAP,2024-09-15,30,S0740000,"Forceps,uterine,Duplay,280mm,cvd",500,500,LTA,CLOSED
68037709,,AWEIS,1900015844,Wrangler Instruments,Pakistan,X12002,DAP,2024-09-15,40,S0742400,"Forceps,uterine,Museux,240mm,cvd",350,350,LTA,CLOSED
68037709,,AWEIS,1900015844,Wrangler Instruments,Pakistan,X12002,DAP,2024-09-15,50,S0774700,"Scissors,gyneco,200mm,cvd,b/b",2500,2500,LTA,CLOSED
68037709,,AWEIS,1900015844,Wrangler Instruments,Pakistan,X12002,DAP,2024-09-15,60,S0739100,"Forceps,tissue,Duval,230mm",500,500,LTA,CLOSED
68037755,,WGU,1900006531,MC Emballage A/S,Denmark,X12004,DAP,2024-07-29,10,S8903069,PP strapping(12mm x0.55mm x 3000m) CII,120,120,LTA,CLOSED
68037707,,AWEIS,1900001115,Chempatex Medizinische,Germany,X12001,DAP,2024-10-25,20,S0523010,"Gauze,roll,90cmx100m,non-ster",2496,2496,LTA,CLOSED
68037725,,AWEIS,1900005818,Missionpharma A/S,Denmark,X12001,DAP,2024-12-12,10,S0531991,"Infusion giving set,sterile,s.u.",702600,702600,LTA,CLOSED
68037725,,AWEIS,1900005818,Missionpharma A/S,Denmark,X12001,DAP,2024-12-12,20,S0531990,"Infusion giving set,w/burette,ster,s.u.",78030,78030,LTA,CLOSED
68037731,,TNIELSEN,1900014549,Sirmaxo Chemicals Pvt Ltd,India,X12001,DAP,2024-11-20,10,S1553110,Povidone iodine sol 10%/BOT-200ml,51200,51200,LTA,CLOSED
68037750,,WGU,1900014798,Celio Packaging ApS,Denmark,X12004,DAP,2024-10-24,10,S8903067,"PP Strapping,12X0.55mm, PCR",144,144,NONE,CLOSED
68037715,,MKAZEMI,1900000468,Remedica Ltd.,Cyprus,X12002,DAP,2024-11-25,10,S1568040,Sulfadox+Pyrimeth 500+25mg tabs/PAC-100,10000,10000,LTA,CLOSED
62000144,,JFRANDSEN,2300130532,RAMI KABALAN FZE,Utd.Arab.Emir.,X44908,DAP,2024-11-18,10,S0538203,Set Winter clothes-severe winter 3month,50,50,LTA,CLOSED
62000144,,JFRANDSEN,2300130532,RAMI KABALAN FZE,Utd.Arab.Emir.,X44908,DAP,2024-11-18,20,S0538204,Set Winter clothes-severe winter 12month,75,75,LTA,CLOSED
62000144,,JFRANDSEN,2300130532,RAMI KABALAN FZE,Utd.Arab.Emir.,X44908,DAP,2024-11-18,30,S0538205,Set Winter clothes-severe winter 2yrs,150,150,LTA,CLOSED
62000144,,JFRANDSEN,2300130532,RAMI KABALAN FZE,Utd.Arab.Emir.,X44908,DAP,2024-11-18,40,S0538206,Set Winter clothes-severe winter 3yrs,625,625,LTA,CLOSED
62000144,,JFRANDSEN,2300130532,RAMI KABALAN FZE,Utd.Arab.Emir.,X44908,DAP,2024-11-18,50,S0538207,Set Winter clothes-severe winter 5yrs,600,600,LTA,CLOSED
62000144,,JFRANDSEN,2300130532,RAMI KABALAN FZE,Utd.Arab.Emir.,X44908,DAP,2024-11-18,60,S0538208,Set Winter clothes-severe winter 7yrs,575,575,LTA,CLOSED
62000144,,JFRANDSEN,2300130532,RAMI KABALAN FZE,Utd.Arab.Emir.,X44908,DAP,2024-11-18,70,S0538209,Set Winter clothes-severe winter 9yrs,600,600,LTA,CLOSED
62000144,,JFRANDSEN,2300130532,RAMI KABALAN FZE,Utd.Arab.Emir.,X44908,DAP,2024-11-18,80,S0538210,Set Winter clothes-severe winter 12yrs,675,675,LTA,CLOSED
62000144,,JFRANDSEN,2300130532,RAMI KABALAN FZE,Utd.Arab.Emir.,X44908,DAP,2024-11-18,90,S0538211,Set Winter clothes-severe winter 14yrs,550,550,LTA,CLOSED
62000144,,JFRANDSEN,2300130532,RAMI KABALAN FZE,Utd.Arab.Emir.,X44908,DAP,2024-11-18,100,S0538212,Set Winter clothes-severe winter 16yrs,600,600,LTA,CLOSED
68037719,,MKAZEMI,1900014283,Medreich Plc,United Kingdom,X12004,DAP,2024-10-15,20,S1552421,Acetylsalicylic acid 75mg tabs/PAC-1x28,53571,53571,LTA,CLOSED
68037717,,AWEIS,1900002012,The Medical Export Group BV,Netherlands,X12004,DAP,2024-10-12,10,S0503015,"Medical tape,2.5cmx5m,roll",320000,320000,LTA,CLOSED
68037713,Scan Global Logistics A/S,MKAZEMI,1900021554,TRIDEM PHARMA,France,X12002,FCA,2024-07-20,10,S1300008,Artesunate pdr./inj 60mg vial/BOX-1,30000,30000,LTA,CLOSED
68037720,,SHVISWANATHA,1900001086,Butyl Products Ltd.,United Kingdom,X12004,DAP,2024-07-24,10,S5006019,"Water tank,collapsible,5000l,w/dist.kit",25,25,LTA,CLOSED
62000136,Kuehne + Nagel A/S,PLPETERSEN,1900015387,NRS Relief FZCO,Utd.Arab.Emir.,X44906,FCA,2024-07-31,10,S5088048,High Performance Tent - 48M2,120,120,LTA,CLOSED
62000136,Kuehne + Nagel A/S,PLPETERSEN,1900015387,NRS Relief FZCO,Utd.Arab.Emir.,X44906,FCA,2024-07-31,20,S5088024,High Performance Tent - 24M2,24,24,LTA,CLOSED
68037773,,TNIELSEN,1900012098,Novartis Pharma Services AG,Switzerland,X12004,DAP,2024-10-30,10,S1300062,Artemeth20mg+Lumefan120mg tabs/18/PAC-30,3008,3008,LTA,CLOSED
68037726,,TNIELSEN,1900012098,Novartis Pharma Services AG,Switzerland,,DAP,2024-08-20,20,S1300074,Artem 20mg+Lumef120mg disp tabs/6/PAC-30,5008,5008,LTA,CLOSED
68037726,,TNIELSEN,1900012098,Novartis Pharma Services AG,Switzerland,,DAP,2024-08-20,30,S1300075,Artem20mg+Lumef120mg disp tabs/12/PAC-30,5008,5008,LTA,CLOSED
68037721,,AWEIS,1900005947,Fazzini s.r.l.,Italy,X12004,DAP,2024-12-05,10,S0845176,"Masking tape, type 1 steam indicator",3120,3120,LTA,CLOSED
68037718,,AWEIS,1900011349,KD Medical GmbH Hospital Products,Germany,X12002,DAP,2024-08-02,10,S0747997,"NeedleSpinal22G(0.7x40mm)Ster,disp,BOX25",80,80,LTA,CLOSED
68037742,,BKERNKAMP,1900001115,Chempatex Medizinische,Germany,X12004,DAP,2024-12-01,10,S0145558,"Scale,infant,tray,20kgx5g,batteries",540,540,LTA,CLOSED
68037742,,BKERNKAMP,1900001115,Chempatex Medizinische,Germany,X12004,DAP,2024-12-01,20,S0557200,"Weighing sling,infant,5kg",10800,10800,LTA,CLOSED
68037728,Kuehne + Nagel A/S,TNIELSEN,1900012559,Gland Pharma Ltd,India,X12002,FCA,2024-10-01,10,S1560600,"Quinine DiHCl inj 300mg/ml,2ml amp/BOX10",18480,18480,NONE,CLOSED
68037724,,BKERNKAMP,1900012695,"Hangzhou Cereal, Oils &",China,X12001,DAP,2024-10-21,10,S0145635,"MUAC,Child 11.5 Red,PAC-50,French",16830,16830,LTA,CLOSED
68037722,Kuehne + Nagel A/S,PLPETERSEN,1900015387,NRS Relief FZCO,Utd.Arab.Emir.,X12001,FCA,2024-07-31,10,S5088024,High Performance Tent - 24M2,51,51,LTA,CLOSED
68037723,,AWEIS,1900020831,Wuyi Anbo Medical Equipment Manufac,China,X12001,DAP,2024-10-16,10,S0566014,"Infusion Arm Splint, Foldable, Adult",2000,2000,LTA,CLOSED
68037723,,AWEIS,1900020831,Wuyi Anbo Medical Equipment Manufac,China,X12001,DAP,2024-10-16,20,S0566015,"Infusion Arm Splint, Foldable, Child",2000,2000,LTA,CLOSED
68037727,,MSERGIO,1900011349,KD Medical GmbH Hospital Products,Germany,X12002,DAP,2024-07-22,10,S0747445,"Needle,disp,25G,ster/BOX-100",4200,4200,LTA,CLOSED
68037733,Kuehne + Nagel A/S,AWEIS,1900019065,Qingdao Narising International Trad,China,X12001,FCA,2024-08-31,10,S0512025,"Bandage,gauze,8cmx4m,roll",614400,614400,LTA,CLOSED
68037733,Kuehne + Nagel A/S,AWEIS,1900019065,Qingdao Narising International Trad,China,X12001,FCA,2024-08-31,20,S0503015,"Medical tape,2.5cmx5m,roll",144000,144000,LTA,CLOSED
68037733,Kuehne + Nagel A/S,AWEIS,1900019065,Qingdao Narising International Trad,China,X12001,FCA,2024-09-07,30,S0523055,"Compress,gauze,10x10cm,ster/PAC-5",272160,272160,LTA,CLOSED
68037733,Kuehne + Nagel A/S,AWEIS,1900019065,Qingdao Narising International Trad,China,X12001,FCA,2024-08-20,40,S0519000,"Cotton wool,500g,roll,non-ster",16800,16800,LTA,CLOSED
68037746,,BKERNKAMP,1900019467,Barna Import Medica S.A.,Spain,X12004,DAP,2024-07-30,10,S0305094,"Coat, medical, woven, white, large size",600,600,LTA,CLOSED
68037746,,BKERNKAMP,1900019467,Barna Import Medica S.A.,Spain,X12004,DAP,2024-07-30,20,S0305092,"Coat, medical, woven, white, XL size",339,339,LTA,CLOSED
68037833,,TNIELSEN,1900014773,MEDOPHARM,India,X12001,DAP,2024-12-20,10,S1580006,Ascorbic acid 250mg tabs/100x10BLIS,3000,3000,LTA,CLOSED
68037756,,BKERNKAMP,1900019467,Barna Import Medica S.A.,Spain,X12004,DAP,2024-09-20,10,S0305037,"Clogs,hospital,reusable,pair,44-45",390,390,LTA,CLOSED
68037756,,BKERNKAMP,1900019467,Barna Import Medica S.A.,Spain,X12004,DAP,2024-09-20,20,S0305035,"Clogs,hospital,reusable,pair,40-41",200,200,LTA,CLOSED
68037831,,NANXIONNAZ,1900002822,LABARONNE CITAF SAS,France,X12004,DAP,2024-09-04,10,S5006018,"Water tank,collapsible,1500l,w/distr.kit",20,20,LTA,CLOSED
68037831,,NANXIONNAZ,1900002822,LABARONNE CITAF SAS,France,,DAP,2024-09-04,20,S5006020,"Water tank,collapsible,10000l,w/dist.kit",16,16,LTA,CLOSED
68037831,,NANXIONNAZ,1900002822,LABARONNE CITAF SAS,France,,DAP,2024-09-04,30,S5006035,"Water tank,collapsible for trucking,6m³",2,2,LTA,CLOSED
68037831,,NANXIONNAZ,1900002822,LABARONNE CITAF SAS,France,,DAP,2024-09-04,40,S5006036,"Water tank,onion,collaps,30m3,w/taps",7,7,LTA,CLOSED
68037738,,TNIELSEN,1900007093,"Laboratorio Reig Jofre, SA",Spain,X12004,DAP,2025-02-28,10,S1514135,Benzabenzylpen pdr.inj 1.2MIUv/sol/PAC-1,10000,11633,LTA,CLOSED
68037812,,TNIELSEN,1900007417,DEMO S.A. Pharmaceutical Industry,Greece,X12004,DAP,2025-02-05,10,S1533003,Cefotaxime 500mg pdr/inj. vial/BOX-10,1400,1400,LTA,CLOSED
68037788,,TNIELSEN,1900014916,Sandoz d d,Slovenia,X12004,DAP,2024-12-15,10,S1520011,Benzylpenicillin pdr/inj 5MIUvial/BOX-50,2700,2700,LTA,CLOSED
68037736,,TNIELSEN,1900018859,Hameln Pharma Ltd,United Kingdom,X12004,DAP,2024-10-17,10,S1543625,Diazepam inj 5mg/ml 2ml amp/BOX-10    pt,10000,10000,LTA,CLOSED
68037735,,TNIELSEN,1900014916,Sandoz d d,Slovenia,X12004,DAP,2024-08-31,10,S1551960,Gentamicin inj 40mg/ml 2ml amp/BOX-50,5400,5400,LTA,CLOSED
68037842,Kuehne + Nagel A/S,JFRANDSEN,2300091038,LLC TK Domashniy tekstyl,Ukraine,X12011,FCA,2024-10-04,10,S0538203,Set Winter clothes-severe winter 3month,50,50,LTA,CLOSED
68037842,Kuehne + Nagel A/S,JFRANDSEN,2300091038,LLC TK Domashniy tekstyl,Ukraine,X12011,FCA,2024-10-04,20,S0538204,Set Winter clothes-severe winter 12month,75,75,LTA,CLOSED
68037842,Kuehne + Nagel A/S,JFRANDSEN,2300091038,LLC TK Domashniy tekstyl,Ukraine,X12011,FCA,2024-10-04,30,S0538205,Set Winter clothes-severe winter 2yrs,150,150,LTA,CLOSED
68037842,Kuehne + Nagel A/S,JFRANDSEN,2300091038,LLC TK Domashniy tekstyl,Ukraine,X12011,FCA,2024-10-04,40,S0538206,Set Winter clothes-severe winter 3yrs,625,625,LTA,CLOSED
68037842,Kuehne + Nagel A/S,JFRANDSEN,2300091038,LLC TK Domashniy tekstyl,Ukraine,X12011,FCA,2024-10-04,50,S0538207,Set Winter clothes-severe winter 5yrs,600,600,LTA,CLOSED
68037845,Kuehne + Nagel A/S,JFRANDSEN,1900022463,HIA AKTAS TEKSTIL,Türkiye,X12010,FCA,2024-09-23,10,S0538208,Set Winter clothes-severe winter 7yrs,575,575,LTA,CLOSED
68037845,Kuehne + Nagel A/S,JFRANDSEN,1900022463,HIA AKTAS TEKSTIL,Türkiye,X12010,FCA,2024-09-23,20,S0538209,Set Winter clothes-severe winter 9yrs,600,600,LTA,CLOSED
68037845,Kuehne + Nagel A/S,JFRANDSEN,1900022463,HIA AKTAS TEKSTIL,Türkiye,X12010,FCA,2024-09-23,30,S0538210,Set Winter clothes-severe winter 12yrs,675,675,LTA,CLOSED
68037845,Kuehne + Nagel A/S,JFRANDSEN,1900022463,HIA AKTAS TEKSTIL,Türkiye,X12010,FCA,2024-09-23,40,S0538211,Set Winter clothes-severe winter 14yrs,550,550,LTA,CLOSED
68037845,Kuehne + Nagel A/S,JFRANDSEN,1900022463,HIA AKTAS TEKSTIL,Türkiye,X12010,FCA,2024-09-23,50,S0538212,Set Winter clothes-severe winter 16yrs,600,600,LTA,CLOSED
68037734,,TNIELSEN,1900021380,Cheplapharm Arzneimittel GmbH,Germany,X12004,DAP,2025-02-28,10,S1560202,Phytomenadione 2mg/0.2ml inj. amp/BOX-5,5000,5000,LTA,CLOSED
62000139,Kuehne + Nagel A/S,WGU,1900022490,ASC Hardcar International FZC,Utd.Arab.Emir.,X22204,FCA,2024-10-18,10,S8000009,"Armoured Toyota Land Cruiser 300, Diesel",1,1,LTA,CLOSED
62000141,Kuehne + Nagel A/S,WGU,1900020228,International Armoured Group FZE,Utd.Arab.Emir.,X22204,FCA,2024-10-15,10,S8000009,"Armoured Toyota Land Cruiser 300, Diesel",2,2,LTA,CLOSED
68037766,,AWEIS,1900016551,Romsons International,India,X12001,DAP,2024-12-12,10,S0323303,"Catheter,Foley,CH18,ster,disp",15000,15000,LTA,CLOSED
68037766,,AWEIS,1900016551,Romsons International,India,X12001,DAP,2024-12-12,20,S0372000,"Tube,asp/feed,CH06,L125cm,ster,disp",30000,30000,LTA,CLOSED
68037766,,AWEIS,1900016551,Romsons International,India,X12001,DAP,2024-12-12,30,S0373000,"Tube,feeding,CH08,L40cm,ster,disp",50000,50000,LTA,CLOSED
68037766,,AWEIS,1900016551,Romsons International,India,X12001,DAP,2024-12-12,40,S0373500,"Tube,feeding,CH05,L40cm,ster,disp",100000,100000,LTA,CLOSED
68037753,,TNIELSEN,1900007417,DEMO S.A. Pharmaceutical Industry,Greece,X12001,DAP,2025-01-20,10,S1560826,Compound Sodium Lactate 500ml bot/BOX-20,10000,10051,LTA,CLOSED
68037740,,TNIELSEN,1900014549,Sirmaxo Chemicals Pvt Ltd,India,X12001,DAP,2024-11-26,10,S1523000,Calamine lotion/BOT-500ml,30240,30240,LTA,CLOSED
68037743,,TNIELSEN,1900012086,AMEX Healthcare GmbH,Austria,X12004,DAP,2025-04-15,20,S1533005,Flucloxacil125mg/5ml pdr/or liq/BOT100ml,18000,7035,NONE,OPEN
68037752,,TNIELSEN,1900001025,Durbin PLC,United Kingdom,X12004,DAP,2025-04-10,10,S1562046,Caffeine Cit 10mg/ml or sol 5ml vl/PAC-1,3645,0,LTA,OPEN
68037745,,TNIELSEN,1900014308,MILAN LABORATORIES (INDIA) PVT. LTD,India,X12001,DAP,2024-12-10,10,S1537135,Sul.200mg+Trim.40mg/5ml or.sus/BOT-100ml,45000,45000,LTA,CLOSED
68037747,,TNIELSEN,1900019765,S Kant Healthcare Ltd.,India,X12001,DAP,2024-11-26,10,S1546310,Erythro.pdr/oral sus 125mg/5ml/BOT-100ml,49302,49302,LTA,CLOSED
68037739,,TNIELSEN,1900007785,Morningside Pharmaceuticals Ltd.,United Kingdom,X12004,DAP,2024-09-04,10,S1511500,Beclometa.oral inh. 0.05mg/ds 200ds,10000,10000,LTA,CLOSED
68037741,,TNIELSEN,1900014916,Sandoz d d,Slovenia,X12004,DAP,2024-11-30,10,S1531011,Azithromycin pdr/or s 200mg/5ml/BOT-15ml,20000,20000,LTA,CLOSED
68037765,,AWEIS,1900005818,Missionpharma A/S,Denmark,X12004,DAP,2024-12-02,10,S0366010,"Syringe,feeding,50ml,catheter tip,ster",50240,50240,LTA,CLOSED
68037748,,TNIELSEN,1900020830,Amdipharm Limited,Ireland,X12004,DAP,2024-12-26,10,S1551981,Gentamicin 0.3% eye/ear drops/BOT-10ml,156000,156000,LTA,CLOSED
68037749,,TNIELSEN,1900015853,Mepro Pharmaceuticals Pvt Ltd,India,X12001,DAP,2024-12-30,10,S1552226,Betamethasone 0.1% cream/TBE-15g,37930,37930,LTA,CLOSED
68037767,,AWEIS,1900001115,Chempatex Medizinische,Germany,X12001,DAP,2024-12-01,10,S0512015,"Bandage,elastic,7.5cmx5m,roll",162000,162000,LTA,CLOSED
68037886,,AWEIS,1900005947,Fazzini s.r.l.,Italy,X12004,DAP,2024-11-01,10,S0385010,"Tourniquet,latex-free,50cm",9000,9000,LTA,CLOSED
68037767,,AWEIS,1900001115,Chempatex Medizinische,Germany,X12001,DAP,2024-12-01,20,S0523015,"Compress,gauze,10x10cm,n/ster/PAC-100",33600,33600,LTA,CLOSED
68037768,,AWEIS,1900005947,Fazzini s.r.l.,Italy,X12004,DAP,2025-01-17,10,S0531996,"Lancet,blood,ster,disp/PAC-200",2000,2000,LTA,CLOSED
68037778,,WGU,1900002424,Albe Emballage A/S,Denmark,X12004,DAP,2024-08-30,10,S8902041,LabelsA6-White-Man.Printers-Land.,60,59,NONE,CLOSED
68037778,,WGU,1900002424,Albe Emballage A/S,Denmark,,DAP,2024-08-30,20,S8902042,LabelsA5-White-Man.Printers-Land.,20,20,NONE,CLOSED
68037778,,WGU,1900002424,Albe Emballage A/S,Denmark,,DAP,2024-08-30,30,S8902044,LabelsA5-White-Auto.Printers-Land.,20,20,NONE,CLOSED
68037778,,WGU,1900002424,Albe Emballage A/S,Denmark,X12004,DAP,2024-08-30,40,S8902054,LabelsA6-Orange-Man.Printers-Land.,30,30,NONE,CLOSED
68037774,,AWEIS,1900010631,HEALTHIUM MEDTECH LTD,India,X12001,DAP,2024-10-31,10,S0564011,"Sut,abs,DEC2,need 3/8 18mm,round/BOX-36",2880,2880,LTA,CLOSED
68037774,,AWEIS,1900010631,HEALTHIUM MEDTECH LTD,India,X12001,DAP,2024-10-31,20,S0565030,"Sut,nonabs,DEC2,need 3/8 18mm,tri/BOX-36",1728,1728,LTA,CLOSED
68037774,,AWEIS,1900010631,HEALTHIUM MEDTECH LTD,India,X12001,DAP,2024-10-31,30,S0564004,"Sut,abs,DEC2,need 3/8 26mm,tri/BOX-36",2880,2880,LTA,CLOSED
68037774,,AWEIS,1900010631,HEALTHIUM MEDTECH LTD,India,X12001,DAP,2024-10-31,40,S0564040,"Sut,abs,DEC4,need 3/8 50mm,round/BOX-36",2880,2880,LTA,CLOSED
68037774,,AWEIS,1900010631,HEALTHIUM MEDTECH LTD,India,X12001,DAP,2024-10-31,50,S0564012,"Sut,abs,DEC3,need 1/2 30mm,round/BOX-36",576,576,LTA,CLOSED
68037771,,AWEIS,1900008236,Fleischhacker GmbH & Co.KG,Germany,X12004,DAP,2024-10-14,10,S0845177,"Papersheet,crepe,ster.pack. /PAC-250/252",1000,1000,LTA,CLOSED
68037769,,AWEIS,1900011349,KD Medical GmbH Hospital Products,Germany,X12004,DAP,2024-09-11,10,S0709240,"Three-way valve, Luer, w/caps/BOX-50",1440,1440,LTA,CLOSED
68037769,,AWEIS,1900011349,KD Medical GmbH Hospital Products,Germany,X12004,DAP,2024-09-11,20,S0744301,"Needle,scalp vein,23G,ster,disp/BOX-50",640,640,LTA,CLOSED
68037758,,WGU,1900020333,DS Smith Packaging Denmark A/S,Denmark,X12011,DAP,2024-08-21,10,S9003018,"Double-wall ctn.40x30x25 cm, 0.030 m3",3640,3612,LTA,CLOSED
68037758,,WGU,1900020333,DS Smith Packaging Denmark A/S,Denmark,X12011,DAP,2024-08-21,20,S9010633,"Double-wall ctn.80x40x33 cm, 0.106 m3",7280,7880,LTA,CLOSED
68037758,,WGU,1900020333,DS Smith Packaging Denmark A/S,Denmark,X12011,DAP,2024-08-28,30,S9012024,"Double-wall ctn.60x40x50 cm, 0.120 m3",7280,7355,LTA,CLOSED
68037758,,WGU,1900020333,DS Smith Packaging Denmark A/S,Denmark,X12011,DAP,2024-08-28,40,S9016023,"Double-wall ctn.80x40x50 cm, 0.160 m3",3640,3373,LTA,CLOSED
68037759,,WGU,1900009169,Smurfit Kappa GmbH,Germany,X12011,DAP,2024-09-06,10,S9010633,"Double-wall ctn.80x40x33 cm, 0.106 m3",7280,7700,LTA,CLOSED
68037759,,WGU,1900009169,Smurfit Kappa GmbH,Germany,X12011,DAP,2024-09-06,20,S9012024,"Double-wall ctn.60x40x50 cm, 0.120 m3",7280,7345,LTA,CLOSED
68037759,,WGU,1900009169,Smurfit Kappa GmbH,Germany,X12011,DAP,2024-09-06,30,S9016023,"Double-wall ctn.80x40x50 cm, 0.160 m3",3640,3540,LTA,CLOSED
68037754,,TNIELSEN,1900001026,B Braun Melsungen AG,Germany,X12004,DAP,2024-08-21,10,S1555206,Lidocaine inj 1% 20ml ampl/BOX-20,2450,2450,LTA,CLOSED
68037760,Kuehne + Nagel A/S,JFRANDSEN,1900020635,Zhejiang E-Bang Outsourcing and Tra,China,X12010,FCA,2024-08-06,10,S5001300,"Bag,school,UNICEF,ARABIC,400x270x100mm",39680,39680,LTA,CLOSED
68037761,Kuehne + Nagel A/S,JFRANDSEN,1900012695,"Hangzhou Cereal, Oils &",China,X12010,FCA,2024-08-06,10,S5001300,"Bag,school,UNICEF,ARABIC,400x270x100mm",80640,80640,LTA,CLOSED
68037762,Kuehne + Nagel A/S,JFRANDSEN,1900020040,Gemini Global Limited,China,X12010,FCA,2024-08-06,10,S5001300,"Bag,school,UNICEF,ARABIC,400x270x100mm",66560,66560,LTA,CLOSED
68037763,Kuehne + Nagel A/S,JFRANDSEN,1900000422,BIAB International AB,Sweden,X12010,FCA,2024-08-23,10,S5001300,"Bag,school,UNICEF,ARABIC,400x270x100mm",107520,107520,LTA,CLOSED
68037764,Kuehne + Nagel A/S,JFRANDSEN,1900020775,TIANJIN MACHINERY AND ELECTRIC EQUI,China,X12010,FCA,2024-08-06,10,S5001300,"Bag,school,UNICEF,ARABIC,400x270x100mm",80640,80640,LTA,CLOSED
68037757,Scan Global Logistics A/S,BKERNKAMP,1900022441,Gibson Medical AB,Sweden,X12002,FCA,2024-07-30,10,S0305162,"Respirator,FFP3/N-100",300,300,LTA,CLOSED
68037770,,AWEIS,1900011631,GPC Medical Ltd,India,X12001,DAP,2024-11-15,10,S0845009,"Resuscitator,hand-oper.,neonate,set",5000,5000,LTA,CLOSED
68037772,,AWEIS,1900005947,Fazzini s.r.l.,Italy,X12004,DAP,2024-09-16,10,S0845185,"Doppler,FHR detector,w/access",1000,1000,LTA,CLOSED
68037777,,NANXIONNAZ,1900006967,Hydrachem Limited,United Kingdom,X12004,DAP,2024-08-15,10,S5008345,Water purif.(NaDCC) 67mg tabs/BOX-400,600,600,LTA,CLOSED
68037777,,NANXIONNAZ,1900006967,Hydrachem Limited,United Kingdom,,DAP,2024-08-15,20,S5008346,Water purif.(NaDCC) 67mg tabs/BOX-2800,882,882,LTA,CLOSED
68037820,,BKERNKAMP,1900019467,Barna Import Medica S.A.,Spain,X12004,DAP,2025-01-20,10,S0845199,"Faceshield,fog-resistant,disposable",22000,22000,LTA,CLOSED
62000143,Kuehne + Nagel A/S,BKERNKAMP,1900019467,Barna Import Medica S.A.,Spain,X44906,FCA,2025-01-20,10,S0845199,"Faceshield,fog-resistant,disposable",12000,0,LTA,OPEN
68037776,,TNIELSEN,1900014916,Sandoz d d,Slovenia,X12004,DAP,2024-12-15,10,S1551960,Gentamicin inj 40mg/ml 2ml amp/BOX-50,10000,10000,LTA,CLOSED
68037775,Kuehne + Nagel A/S,TNIELSEN,1900020581,JSC Kalceks,Latvia,X12004,FCA,2024-08-10,10,S1559355,Magn.sulph.inj 500mg/ml 10ml amp/BOX-10,15000,15000,LTA,CLOSED
68037779,Kuehne + Nagel A/S,TNIELSEN,1900016608,Hetero Labs Ltd,India,X12002,FCA,2024-09-06,10,S1400652,DTG50mg+3TC300mg+TDF300mg tabs/PAC-30 gb,33120,33120,LTA,CLOSED
68037855,,BKERNKAMP,1900000451,SECA GmbH & Co. KG,Germany,X12001,DAP,2024-11-06,10,S0114520,"Length/height board,baby/child/adult",480,480,LTA,CLOSED
68037854,,BKERNKAMP,1900016305,PKP Bardejov S.r.o.,Slovakia,X12004,DAP,2024-11-12,20,S0114530,"Length/height board,baby/child,SET-2",702,702,LTA,CLOSED
68037854,,BKERNKAMP,1900016305,PKP Bardejov S.r.o.,Slovakia,X12004,DAP,2024-10-29,30,S0114540,"Length/height board,baby/chld/adlt,SET-2",468,468,LTA,CLOSED
68037854,,BKERNKAMP,1900016305,PKP Bardejov S.r.o.,Slovakia,X12004,DAP,2024-11-26,40,S0114540,"Length/height board,baby/chld/adlt,SET-2",234,234,LTA,CLOSED
68037783,Kuehne + Nagel A/S,JFRANDSEN,1900020040,Gemini Global Limited,China,X12010,FCA,2024-08-06,10,S5001010,"Box,metal,lockable,for storage",1920,1920,LTA,CLOSED
68037783,Kuehne + Nagel A/S,JFRANDSEN,1900020040,Gemini Global Limited,China,X12010,FCA,2024-08-22,20,S5001010,"Box,metal,lockable,for storage",1920,1920,LTA,CLOSED
68037784,Kuehne + Nagel A/S,JFRANDSEN,1900000422,BIAB International AB,Sweden,X12010,FCA,2024-08-22,10,S5001010,"Box,metal,lockable,for storage",3840,3840,LTA,CLOSED
68037785,Kuehne + Nagel A/S,JFRANDSEN,1900020775,TIANJIN MACHINERY AND ELECTRIC EQUI,China,X12010,FCA,2024-08-05,10,S5001010,"Box,metal,lockable,for storage",384,384,LTA,CLOSED
68037785,Kuehne + Nagel A/S,JFRANDSEN,1900020775,TIANJIN MACHINERY AND ELECTRIC EQUI,China,X12010,FCA,2024-08-30,20,S5001010,"Box,metal,lockable,for storage",3840,3840,LTA,CLOSED
68037786,Kuehne + Nagel A/S,JFRANDSEN,1900020013,B&F INTERNATIONAL TRADE,China,X12010,FCA,2024-08-22,10,S5001010,"Box,metal,lockable,for storage",3072,3072,LTA,CLOSED
68037780,Kuehne + Nagel A/S,TNIELSEN,1900011190,Emcure Pharmaceuticals Limited,India,X12002,FCA,2024-08-29,10,S1400653,Dolutegravir 50mg tabs/PAC-30 gb,7986,7986,LTA,CLOSED
68037796,,SHVISWANATHA,1900001860,Saponerie Mario Fissi S.R.L,Italy,X12004,DAP,2024-09-13,10,S0552000,"Soap,toilet,bar,approx.100-110g,wrapped",100800,100800,LTA,CLOSED
68037796,,SHVISWANATHA,1900001860,Saponerie Mario Fissi S.R.L,Italy,X12004,DAP,2024-09-16,20,S0552000,"Soap,toilet,bar,approx.100-110g,wrapped",100800,100800,LTA,CLOSED
68037853,,BKERNKAMP,1900012695,"Hangzhou Cereal, Oils &",China,X12001,DAP,2024-11-18,10,S0145631,"MUAC,Adult,w/o color code,PAC-50,Arabic",15000,15000,LTA,CLOSED
68037853,,BKERNKAMP,1900012695,"Hangzhou Cereal, Oils &",China,X12001,DAP,2024-11-18,20,S0145634,"MUAC,Child 11.5 Red,PAC-50,Arabic",12000,12000,LTA,CLOSED
68037853,,BKERNKAMP,1900012695,"Hangzhou Cereal, Oils &",China,X12001,DAP,2024-11-18,30,S0145635,"MUAC,Child 11.5 Red,PAC-50,French",16830,16830,LTA,CLOSED
68037853,,BKERNKAMP,1900012695,"Hangzhou Cereal, Oils &",China,X12001,DAP,2024-11-18,40,S0145636,"MUAC,Child 11.5 Red,PAC-50,Spanish",5610,5610,LTA,CLOSED
68037781,,TNIELSEN,1900012047,Square Pharmaceuticals PLC,Bangladesh,X12001,DAP,2025-01-10,10,S1533005,Flucloxacil125mg/5ml pdr/or liq/BOT100ml,10000,10000,LTA,CLOSED
68037782,,AWEIS,1900005947,Fazzini s.r.l.,Italy,X12004,DAP,2024-08-09,10,S0845009,"Resuscitator,hand-oper.,neonate,set",1000,1000,LTA,CLOSED
68037782,,AWEIS,1900005947,Fazzini s.r.l.,Italy,X12004,DAP,2024-08-09,20,S0845157,"Otoscope, set.",700,700,LTA,CLOSED
68037787,,AWEIS,1900015577,"Bastos Viegas, S.A.",Portugal,X12004,DAP,2024-08-30,10,S0512025,"Bandage,gauze,8cmx4m,roll",288120,288120,NONE,CLOSED
68037790,Kuehne + Nagel A/S,TNIELSEN,1900014773,MEDOPHARM,India,X12002,FCA,2024-12-23,10,S1562017,Salbutamol 4mg tabs/PAC-100,12600,12600,LTA,CLOSED
68037789,,TNIELSEN,1900014773,MEDOPHARM,India,X12001,DAP,2024-12-18,10,S1562041,Magnesium trisilicate compd. tab/PAC-100,20000,20000,LTA,CLOSED
68037799,Kuehne + Nagel A/S,TNIELSEN,1900006885,Cipla Ltd,India,X12004,FCA,2024-08-15,10,S1400643,ABC120mg+3TC60mg disp. tabs/PAC-60 gb,12040,12040,LTA,CLOSED
68037798,Kuehne + Nagel A/S,TNIELSEN,1900014596,Macleods Pharmaceuticals Limited,India,X12002,FCA,2024-09-23,10,S1400651,Dolutegravir 10mg disp tab/PAC-90 No CTN,2000,2000,LTA,CLOSED
68037793,,TNIELSEN,1900012086,AMEX Healthcare GmbH,Austria,X12004,DAP,2024-11-15,10,S1514130,Levonorgestrel 750mcg tabs/PAC-2  (I),31500,31500,LTA,CLOSED
68037791,,TNIELSEN,1900000468,Remedica Ltd.,Cyprus,X12001,DAP,2024-12-10,10,S1552412,Atenolol 50mg tabs/PAC-10x10,20000,20000,LTA,CLOSED
68037794,,TNIELSEN,1900014308,MILAN LABORATORIES (INDIA) PVT. LTD,India,X12001,DAP,2024-12-11,10,S1511502,Fluoxetine 20mg caps/PAC-10x10,20000,19592,LTA,CLOSED
68037792,,TNIELSEN,1900000468,Remedica Ltd.,Cyprus,X12001,DAP,2024-12-09,10,S1514148,Prednisolone 5mg tabs/PAC-10x10,10000,10000,LTA,CLOSED
68037791,,TNIELSEN,1900000468,Remedica Ltd.,Cyprus,X12001,DAP,2024-11-20,30,S1543711,Methyldopa 250mg tabs/PAC-10x10,20000,20000,LTA,CLOSED
68037791,,TNIELSEN,1900000468,Remedica Ltd.,Cyprus,X12001,DAP,2024-10-25,20,S1543751,Amlodipine 5mg tabs/PAC-10x10,20000,20000,LTA,CLOSED
68037797,,TNIELSEN,1900014916,Sandoz d d,Slovenia,X12004,DAP,2024-09-30,10,S1533002,Co-Amoxiclav 125mg+ 31.25mg BOT/100ml,20000,20000,LTA,CLOSED
68037800,Scan Global Logistics A/S,LSUN,1900020185,Abbott Rapid Dx International Limit,Ireland,X12002,FCA,2024-10-01,10,S0584613,"BiolineMalAgPf/PanNonSafetyLancet,kit/25",4000,4000,LTA,CLOSED
68037801,Kuehne + Nagel A/S,LSUN,1900013350,Premier Medical Corporation Private,India,X12002,FCA,2024-08-20,10,S0584636,"FirstResponseSyph Anti-TPCardTest,kit/25",1500,1500,LTA,CLOSED
68037837,Kuehne + Nagel A/S,STAHERISAEID,1900020635,Zhejiang E-Bang Outsourcing and Tra,China,X12010,FCA,2024-09-09,10,S4417231,"Clock,teaching,wood,ARABIC",6048,6048,LTA,CLOSED
68037837,Kuehne + Nagel A/S,STAHERISAEID,1900020635,Zhejiang E-Bang Outsourcing and Tra,China,X12010,FCA,2024-09-09,20,S4420000,"Posters,plasticized paper,set of 3",12000,12000,LTA,CLOSED
68037837,Kuehne + Nagel A/S,STAHERISAEID,1900020635,Zhejiang E-Bang Outsourcing and Tra,China,X12010,FCA,2024-09-09,30,S5001300,"Bag,school,UNICEF,ARABIC,400x270x100mm",38400,38400,LTA,CLOSED
68037802,Scan Global Logistics A/S,LSUN,1900020904,"Hangzhou Biotest Biotech Co., Ltd",China,X12002,FCA,2024-08-20,10,S0584506,"Pregnancy,Urine,HCG,MidStream,1T/kit",10000,10000,LTA,CLOSED
68037803,,TNIELSEN,1900018197,Reyoung Pharmaceutical Co Ltd,China,X12001,DAP,2024-10-15,10,S1560720,Phenox.meth.penicil.250mg tabs/PAC-10x10,60000,59995,LTA,CLOSED
68037836,Kuehne + Nagel A/S,STAHERISAEID,1900021798,CHIZHOU QINGHE TRADING CO LTD,China,X12010,FCA,2024-09-23,10,S2684006,"Colouring pencils,12 ass cols,in case",234000,234000,LTA,CLOSED
68037836,Kuehne + Nagel A/S,STAHERISAEID,1900021798,CHIZHOU QINGHE TRADING CO LTD,China,X12010,FCA,2024-09-23,20,S4416403,"Chalk,white/BOX-100",21632,21632,LTA,CLOSED
68037836,Kuehne + Nagel A/S,STAHERISAEID,1900021798,CHIZHOU QINGHE TRADING CO LTD,China,X12010,FCA,2024-09-23,30,S4465700,"Paint,chalkboard,black",21120,18304,LTA,OPEN
68037922,Kuehne + Nagel A/S,STAHERISAEID,1900020040,Gemini Global Limited,China,X12010,FCA,2024-10-21,10,S4416397,"Chalk,assorted colours/BOX-100",37440,37440,LTA,CLOSED
68037839,Kuehne + Nagel A/S,STAHERISAEID,1900015781,JINHUA LONGTAI IMP EXP TRADING,China,X12010,FCA,2024-09-23,10,S4520110,"Eraser,soft,for pencil/BOX-20",72900,72900,LTA,CLOSED
68037839,Kuehne + Nagel A/S,STAHERISAEID,1900015781,JINHUA LONGTAI IMP EXP TRADING,China,X12010,FCA,2024-09-23,20,S4552010,"Pencil sharpener,metal/PAC-20",75600,75600,LTA,CLOSED
68037839,Kuehne + Nagel A/S,STAHERISAEID,1900015781,JINHUA LONGTAI IMP EXP TRADING,China,X12010,FCA,2024-09-23,30,S0521425,"Sachet,tablet,plastic,10x16cm/PAC-100",48384,48384,LTA,CLOSED
68037810,,AWEIS,1900015577,"Bastos Viegas, S.A.",Portugal,X12004,DAP,2024-08-18,10,S0523055,"Compress,gauze,10x10cm,ster/PAC-5",60300,60300,LTA,CLOSED
68037807,,AWEIS,1900022348,Albino Dias de Andrade,Portugal,X12004,DAP,2024-08-22,10,S0523055,"Compress,gauze,10x10cm,ster/PAC-5",50000,50220,LTA,CLOSED
68037838,Kuehne + Nagel A/S,STAHERISAEID,1900012695,"Hangzhou Cereal, Oils &",China,X12010,FCA,2024-09-09,10,S1993555,"Users guide Recreation Kit, French",51200,51200,LTA,CLOSED
68037838,Kuehne + Nagel A/S,STAHERISAEID,1900012695,"Hangzhou Cereal, Oils &",China,X12010,FCA,2024-09-09,20,S2555010,"Scissors,safety,school,B/B,135mm/BOX-10",31680,31680,LTA,CLOSED
68037806,,BKERNKAMP,1900019625,DuPont de Nemours (Luxembourg) S.à,Luxembourg,X12004,DAP,2024-09-15,10,S0305117,"Coverall,protection,CatIII,type 6b,L",1000,1000,LTA,CLOSED
68037806,,BKERNKAMP,1900019625,DuPont de Nemours (Luxembourg) S.à,Luxembourg,X12004,DAP,2024-09-15,20,S0305127,"Coverall,protection,CatIII,type 6b,XL",1500,1500,LTA,CLOSED
68037806,,BKERNKAMP,1900019625,DuPont de Nemours (Luxembourg) S.à,Luxembourg,X12004,DAP,2024-09-15,30,S0305126,"Coverall,protection,CatIII,type 6b,M",1000,1000,LTA,CLOSED
68037819,,BKERNKAMP,1900019467,Barna Import Medica S.A.,Spain,X12004,DAP,2024-08-15,10,S0305135,"Mask,surgic,typeIIR,tiestrap,disp.pack50",15000,15000,LTA,CLOSED
68037848,Kuehne + Nagel A/S,STAHERISAEID,1900007348,Alulock Aps,Denmark,X12010,FCA,2024-08-15,10,S5001010,"Box,metal,lockable,for storage",1920,1920,LTA,CLOSED
68037848,Kuehne + Nagel A/S,STAHERISAEID,1900007348,Alulock Aps,Denmark,X12010,FCA,2024-08-30,20,S5001010,"Box,metal,lockable,for storage",3456,3456,LTA,CLOSED
68037804,,TNIELSEN,1900007417,DEMO S.A. Pharmaceutical Industry,Greece,X12001,DAP,2025-03-22,10,S1555206,Lidocaine inj 1% 20ml ampl/BOX-20,8000,6810,LTA,OPEN
68037805,,AWEIS,1900008236,Fleischhacker GmbH & Co.KG,Germany,X12004,DAP,2024-09-15,10,S0686000,"Stethoscope,binaural,complete",3000,3000,LTA,CLOSED
68037835,,BKERNKAMP,1900019467,Barna Import Medica S.A.,Spain,X12004,DAP,2024-08-17,10,S0330115,"Gloves,gyn,pwdfree,medium,ster,s.u.,pair",20000,20000,LTA,CLOSED
68037841,,NANXIONNAZ,1900006967,Hydrachem Limited,United Kingdom,X12004,DAP,2024-09-06,10,S1588360,Water purif.(NaDCC) 1.67g tabs/PAC-200,2520,2520,LTA,CLOSED
68037841,,NANXIONNAZ,1900006967,Hydrachem Limited,United Kingdom,X12004,DAP,2024-09-06,20,S5008345,Water purif.(NaDCC) 67mg tabs/BOX-400,600,600,LTA,CLOSED
68037830,Panalpina / DSV Air & Sea A/S,TNIELSEN,1900019367,JSC Grindeks,Latvia,X12004,FCA,2025-03-15,10,S1545300,Oxytocin inj 10 IU 1ml amp/BOX-10,48000,0,LTA,OPEN
68037829,,TNIELSEN,1900015853,Mepro Pharmaceuticals Pvt Ltd,India,X12001,DAP,2024-12-30,10,S1505122,Silver Sulfadiaz. 1% cream 50g unsterile,30000,30060,LTA,CLOSED
68037826,,TNIELSEN,1900014308,MILAN LABORATORIES (INDIA) PVT. LTD,India,X12001,DAP,2024-12-10,10,S1537135,Sul.200mg+Trim.40mg/5ml or.sus/BOT-100ml,45000,45000,LTA,CLOSED
68037825,,TNIELSEN,1900019765,S Kant Healthcare Ltd.,India,X12001,DAP,2024-12-05,10,S1546310,Erythro.pdr/oral sus 125mg/5ml/BOT-100ml,49302,49302,LTA,CLOSED
68037811,,NANXIONNAZ,1900001613,Medentech Ltd,Ireland,X12004,DAP,2024-09-02,10,S5006055,"NaDCC,Chlorine Granules 56%, 1/2kg",1296,1296,LTA,CLOSED
68037818,,TNIELSEN,1900007417,DEMO S.A. Pharmaceutical Industry,Greece,X12001,DAP,2025-02-20,10,S1501000,Epinephrine inj 1mg/ml 1ml amp/BOX-10,11800,11918,LTA,CLOSED
68037828,Kuehne + Nagel A/S,TNIELSEN,1900000983,Amstelfarma B.V.,Netherlands,X12004,FCA,2024-11-14,10,S1511500,Beclometa.oral inh. 0.05mg/ds 200ds,15000,15000,LTA,CLOSED
68037816,,TNIELSEN,1900007417,DEMO S.A. Pharmaceutical Industry,Greece,X12001,DAP,2025-02-20,10,S1523005,Dexamethasone Phos 4mg/ml 1ml amp/BOX-50,2700,2727,LTA,CLOSED
68037827,,TNIELSEN,1900014916,Sandoz d d,Slovenia,X12001,DAP,2024-11-30,10,S1531011,Azithromycin pdr/or s 200mg/5ml/BOT-15ml,60000,60000,LTA,CLOSED
68037815,,TNIELSEN,1900010328,Pharmatex Italia SRL,Italy,X12004,DAP,2024-12-27,10,S1550525,Furosemide inj 10mg/ml 2ml amp/BOX-10,9395,9395,LTA,CLOSED
68037814,,TNIELSEN,1900001025,Durbin PLC,United Kingdom,X12004,DAP,2025-01-16,10,S1551050,"Heparin 5000IU/ml inj, 5ml vial/PAC-10",6000,2000,LTA,OPEN
68037813,,TNIELSEN,1900007417,DEMO S.A. Pharmaceutical Industry,Greece,X12001,DAP,2024-11-14,10,S1585000,Calc.glucon.inj 100mg/ml 10ml amp/BOX-10,6000,6060,LTA,CLOSED
68037817,,TNIELSEN,1900007417,DEMO S.A. Pharmaceutical Industry,Greece,X12001,DAP,2024-11-14,10,S1514010,Atropine inj 1mg/ml 1ml amp/BOX-10,6000,6060,LTA,CLOSED
68037861,Kuehne + Nagel A/S,STAHERISAEID,1900020013,B&F INTERNATIONAL TRADE,China,X12010,FCA,2024-09-27,10,S5001010,"Box,metal,lockable,for storage",2304,2304,LTA,CLOSED
68037861,Kuehne + Nagel A/S,STAHERISAEID,1900020013,B&F INTERNATIONAL TRADE,China,X12010,FCA,2024-10-14,20,S5001010,"Box,metal,lockable,for storage",2304,2304,LTA,CLOSED
68037824,,TNIELSEN,1900014308,MILAN LABORATORIES (INDIA) PVT. LTD,India,X12001,DAP,2024-11-15,10,S1560720,Phenox.meth.penicil.250mg tabs/PAC-10x10,170500,162712,LTA,CLOSED
68037823,,TNIELSEN,1900021271,Lomapharm GmbH,Germany,X12004,DAP,2024-11-07,10,S1550030,Iron 60mg + Folic ac. 400mcg tab/PAC-100,182000,182000,LTA,CLOSED
68037822,,TNIELSEN,1900021271,Lomapharm GmbH,Germany,X12004,DAP,2025-01-31,10,S1551005,Folic acid 5mg tabs/PAC-1000,25000,25000,LTA,CLOSED
62000145,Kuehne + Nagel A/S,SHVISWANATHA,1900013306,K.K.Nag Pvt. Ltd,India,X44901,FCA,2024-08-14,10,S5007335,"Squatting plate,plastic,w/o pan,120x80cm",550,550,LTA,CLOSED
68037868,Kuehne + Nagel A/S,SHVISWANATHA,1900019545,Dunster House Ltd,United Kingdom,X12001,FCA,2024-09-10,10,S5007335,"Squatting plate,plastic,w/o pan,120x80cm",550,550,LTA,CLOSED
68037884,,SHVISWANATHA,1900020705,ICONO A/S,Denmark,X12001,DAP,2024-10-25,10,S5007336,Accessibility add-on for emerg. sanit.,75,75,LTA,CLOSED
68037852,Kuehne + Nagel A/S,PLPETERSEN,1900015387,NRS Relief FZCO,Utd.Arab.Emir.,X12001,FCA,2024-08-26,10,S5088073,Hard flooring - for HPT 24m2,7,7,LTA,CLOSED
68037852,Kuehne + Nagel A/S,PLPETERSEN,1900015387,NRS Relief FZCO,Utd.Arab.Emir.,X12001,FCA,2024-08-26,20,S5088074,Hard flooring - for HPT 48m2,20,20,LTA,CLOSED
68037852,Kuehne + Nagel A/S,PLPETERSEN,1900015387,NRS Relief FZCO,Utd.Arab.Emir.,X12001,FCA,2024-08-26,30,S5088075,Hard flooring - for HPT 72m2,14,14,LTA,CLOSED
68037852,Kuehne + Nagel A/S,PLPETERSEN,1900015387,NRS Relief FZCO,Utd.Arab.Emir.,X12001,FCA,2024-08-26,40,S5088076,Electrical Lighting Kit– for HPT 24m2,3,3,LTA,CLOSED
68037852,Kuehne + Nagel A/S,PLPETERSEN,1900015387,NRS Relief FZCO,Utd.Arab.Emir.,X12001,FCA,2024-08-26,50,S5088077,Electrical Lighting Kit– for HPT 48m2,9,9,LTA,CLOSED
68037852,Kuehne + Nagel A/S,PLPETERSEN,1900015387,NRS Relief FZCO,Utd.Arab.Emir.,X12001,FCA,2024-08-26,60,S5088078,Electrical Lighting Kit– for HPT 72m2,13,13,LTA,CLOSED
68037852,Kuehne + Nagel A/S,PLPETERSEN,1900015387,NRS Relief FZCO,Utd.Arab.Emir.,X12001,FCA,2024-08-26,70,S5088082,Inner Liner – for HPT 24m2,2,2,LTA,CLOSED
68037852,Kuehne + Nagel A/S,PLPETERSEN,1900015387,NRS Relief FZCO,Utd.Arab.Emir.,X12001,FCA,2024-08-26,80,S5088083,Inner Liner – for HPT 48m2,3,3,LTA,CLOSED
68037852,Kuehne + Nagel A/S,PLPETERSEN,1900015387,NRS Relief FZCO,Utd.Arab.Emir.,X12001,FCA,2024-08-26,90,S5088084,Inner Liner – for HPT 72m2,8,8,LTA,CLOSED
68037852,Kuehne + Nagel A/S,PLPETERSEN,1900015387,NRS Relief FZCO,Utd.Arab.Emir.,X12001,FCA,2024-08-26,100,S5088085,Winter liner kit - for HPT 24m2,3,3,LTA,CLOSED
68037852,Kuehne + Nagel A/S,PLPETERSEN,1900015387,NRS Relief FZCO,Utd.Arab.Emir.,X12001,FCA,2024-08-26,110,S5088086,Winter liner kit - for HPT 48m2,7,7,LTA,CLOSED
68037852,Kuehne + Nagel A/S,PLPETERSEN,1900015387,NRS Relief FZCO,Utd.Arab.Emir.,X12001,FCA,2024-08-26,120,S5088087,Winter liner kit - for HPT 72m2,8,8,LTA,CLOSED
62000147,DHL Global Forwarding (Denmark) A/S,PLPETERSEN,1900015387,NRS Relief FZCO,Utd.Arab.Emir.,X33308,FCA,2024-08-26,10,S5088073,Hard flooring - for HPT 24m2,5,4,LTA,OPEN
62000147,DHL Global Forwarding (Denmark) A/S,PLPETERSEN,1900015387,NRS Relief FZCO,Utd.Arab.Emir.,X33308,FCA,2024-08-26,20,S5088074,Hard flooring - for HPT 48m2,10,10,LTA,CLOSED
62000147,DHL Global Forwarding (Denmark) A/S,PLPETERSEN,1900015387,NRS Relief FZCO,Utd.Arab.Emir.,X33308,FCA,2024-08-26,30,S5088075,Hard flooring - for HPT 72m2,5,5,LTA,CLOSED
62000147,DHL Global Forwarding (Denmark) A/S,PLPETERSEN,1900015387,NRS Relief FZCO,Utd.Arab.Emir.,X33308,FCA,2024-08-26,40,S5088082,Inner Liner – for HPT 24m2,2,2,LTA,CLOSED
62000147,DHL Global Forwarding (Denmark) A/S,PLPETERSEN,1900015387,NRS Relief FZCO,Utd.Arab.Emir.,X33308,FCA,2024-08-26,50,S5088083,Inner Liner – for HPT 48m2,4,4,LTA,CLOSED
62000147,DHL Global Forwarding (Denmark) A/S,PLPETERSEN,1900015387,NRS Relief FZCO,Utd.Arab.Emir.,X33308,FCA,2024-08-26,60,S5088084,Inner Liner – for HPT 72m2,4,4,LTA,CLOSED
62000146,Kuehne + Nagel A/S,PLPETERSEN,1900015387,NRS Relief FZCO,Utd.Arab.Emir.,X44906,FCA,2024-08-26,10,S5088073,Hard flooring - for HPT 24m2,18,18,LTA,CLOSED
62000146,Kuehne + Nagel A/S,PLPETERSEN,1900015387,NRS Relief FZCO,Utd.Arab.Emir.,X44906,FCA,2024-08-26,20,S5088074,Hard flooring - for HPT 48m2,38,38,LTA,CLOSED
62000146,Kuehne + Nagel A/S,PLPETERSEN,1900015387,NRS Relief FZCO,Utd.Arab.Emir.,X44906,FCA,2024-08-26,30,S5088075,Hard flooring - for HPT 72m2,34,34,LTA,CLOSED
62000146,Kuehne + Nagel A/S,PLPETERSEN,1900015387,NRS Relief FZCO,Utd.Arab.Emir.,X44906,FCA,2024-08-26,40,S5088076,Electrical Lighting Kit– for HPT 24m2,5,5,LTA,CLOSED
62000146,Kuehne + Nagel A/S,PLPETERSEN,1900015387,NRS Relief FZCO,Utd.Arab.Emir.,X44906,FCA,2024-08-26,50,S5088077,Electrical Lighting Kit– for HPT 48m2,25,25,LTA,CLOSED
62000146,Kuehne + Nagel A/S,PLPETERSEN,1900015387,NRS Relief FZCO,Utd.Arab.Emir.,X44906,FCA,2024-08-26,60,S5088078,Electrical Lighting Kit– for HPT 72m2,40,40,LTA,CLOSED
62000146,Kuehne + Nagel A/S,PLPETERSEN,1900015387,NRS Relief FZCO,Utd.Arab.Emir.,X44906,FCA,2024-08-26,70,S5088082,Inner Liner – for HPT 24m2,4,4,LTA,CLOSED
62000146,Kuehne + Nagel A/S,PLPETERSEN,1900015387,NRS Relief FZCO,Utd.Arab.Emir.,X44906,FCA,2024-08-26,80,S5088083,Inner Liner – for HPT 48m2,10,10,LTA,CLOSED
62000146,Kuehne + Nagel A/S,PLPETERSEN,1900015387,NRS Relief FZCO,Utd.Arab.Emir.,X44906,FCA,2024-08-26,90,S5088084,Inner Liner – for HPT 72m2,14,14,LTA,CLOSED
62000146,Kuehne + Nagel A/S,PLPETERSEN,1900015387,NRS Relief FZCO,Utd.Arab.Emir.,X44906,FCA,2024-08-26,100,S5088085,Winter liner kit - for HPT 24m2,5,5,LTA,CLOSED
62000146,Kuehne + Nagel A/S,PLPETERSEN,1900015387,NRS Relief FZCO,Utd.Arab.Emir.,X44906,FCA,2024-08-26,110,S5088086,Winter liner kit - for HPT 48m2,10,10,LTA,CLOSED
62000146,Kuehne + Nagel A/S,PLPETERSEN,1900015387,NRS Relief FZCO,Utd.Arab.Emir.,X44906,FCA,2024-08-26,120,S5088087,Winter liner kit - for HPT 72m2,18,18,LTA,CLOSED
68037847,Kuehne + Nagel A/S,STAHERISAEID,1900012695,"Hangzhou Cereal, Oils &",China,X12010,FCA,2024-09-09,10,S4410031,"Book,exercise,A4,ruled,96pgs,ARABIC/P-10",8064,8064,LTA,CLOSED
68037847,Kuehne + Nagel A/S,STAHERISAEID,1900012695,"Hangzhou Cereal, Oils &",China,X12010,FCA,2024-09-09,20,S4410030,"Book,exercise,A5,sqre,48 pgs,ARABIC/P-20",13440,13440,LTA,CLOSED
68037847,Kuehne + Nagel A/S,STAHERISAEID,1900012695,"Hangzhou Cereal, Oils &",China,X12010,FCA,2024-09-09,30,S4410040,"Book,exercise,A5,ruled,48pgs,ARABIC/P-20",13440,13440,LTA,CLOSED
68037847,Kuehne + Nagel A/S,STAHERISAEID,1900012695,"Hangzhou Cereal, Oils &",China,X12010,FCA,2024-10-04,40,S4410030,"Book,exercise,A5,sqre,48 pgs,ARABIC/P-20",20160,20160,LTA,CLOSED
68037847,Kuehne + Nagel A/S,STAHERISAEID,1900012695,"Hangzhou Cereal, Oils &",China,X12010,FCA,2024-10-04,50,S4410040,"Book,exercise,A5,ruled,48pgs,ARABIC/P-20",9600,9600,LTA,CLOSED
68037863,Kuehne + Nagel A/S,STAHERISAEID,1900020635,Zhejiang E-Bang Outsourcing and Tra,China,X12010,FCA,2024-09-18,10,S5001000,"Bag,UNICEF,blue polyester,360x230x610mm",31200,31200,LTA,CLOSED
68037863,Kuehne + Nagel A/S,STAHERISAEID,1900020635,Zhejiang E-Bang Outsourcing and Tra,China,X12010,FCA,2024-10-18,20,S5001000,"Bag,UNICEF,blue polyester,360x230x610mm",31200,31200,LTA,CLOSED
68037846,Kuehne + Nagel A/S,STAHERISAEID,1900020775,TIANJIN MACHINERY AND ELECTRIC EQUI,China,X12010,FCA,2024-08-25,10,S2684006,"Colouring pencils,12 ass cols,in case",90720,90720,LTA,CLOSED
68037846,Kuehne + Nagel A/S,STAHERISAEID,1900020775,TIANJIN MACHINERY AND ELECTRIC EQUI,China,X12010,FCA,2024-08-25,20,S4460701,"Pencil,HB grade,black lead/BOX-10",158760,158760,LTA,CLOSED
68037846,Kuehne + Nagel A/S,STAHERISAEID,1900020775,TIANJIN MACHINERY AND ELECTRIC EQUI,China,X12010,FCA,2024-09-10,30,S2684006,"Colouring pencils,12 ass cols,in case",272160,272160,LTA,CLOSED
68037846,Kuehne + Nagel A/S,STAHERISAEID,1900020775,TIANJIN MACHINERY AND ELECTRIC EQUI,China,X12010,FCA,2024-09-10,40,S4460701,"Pencil,HB grade,black lead/BOX-10",158760,158760,LTA,CLOSED
68037843,,TNIELSEN,1900000468,Remedica Ltd.,Cyprus,X12002,DAP,2025-01-31,10,S1505043,Amoxicillin 250mg disp.tab/PAC-(10x10),300000,247015,LTA,OPEN
68037844,,TNIELSEN,1900001026,B Braun Melsungen AG,Germany,X12004,DAP,2025-01-10,10,S1555206,Lidocaine inj 1% 20ml ampl/BOX-20,5000,4810,LTA,CLOSED
68037849,Kuehne + Nagel A/S,TNIELSEN,1900014773,MEDOPHARM,India,X12002,FCA,2024-09-02,10,S1555979,Paracetamol 100mg disp. tabs/PAC-100,154560,154560,LTA,CLOSED
68037850,,TNIELSEN,1900014773,MEDOPHARM,India,X12001,DAP,2024-12-20,10,S1555979,Paracetamol 100mg disp. tabs/PAC-100,154560,154560,LTA,CLOSED
68037851,,TNIELSEN,1900020830,Amdipharm Limited,Ireland,X12004,DAP,2025-01-31,10,S1551981,Gentamicin 0.3% eye/ear drops/BOT-10ml,312000,275551,LTA,OPEN
68037856,,TNIELSEN,1900000468,Remedica Ltd.,Cyprus,X12001,DAP,2024-11-30,10,S1559370,Carbamazepine 200mg tabs/PAC-10x10,24000,24000,LTA,CLOSED
68037857,Scan Global Logistics A/S,AWEIS,1900015318,Peak International Trade LTD,China,X12002,FCA,2024-08-27,10,S0845176,"Masking tape, type 1 steam indicator",2000,2000,LTA,CLOSED
68037944,,TNIELSEN,1900000468,Remedica Ltd.,Cyprus,X12001,DAP,2024-12-23,10,S1560610,Quinine sulfate 300mg tabs/PAC-100,11000,11000,LTA,CLOSED
68037859,,TNIELSEN,1900000468,Remedica Ltd.,Cyprus,X12001,DAP,2024-12-20,10,S1568040,Sulfadox+Pyrimeth 500+25mg tabs/PAC-100,10000,9860,LTA,CLOSED
68037858,,AWEIS,1900000324,Laerdal Medical AS,Norway,X12001,DAP,2024-08-31,10,S0845007,"Resuscitator, upright, neonate, set",1728,1728,LTA,CLOSED
68037865,Kuehne + Nagel A/S,IMUNOZ,1900008236,Fleischhacker GmbH & Co.KG,Germany,X12004,FCA,2024-10-18,20,S0904991,"Test strip, urine, 10 parameter, box/100",2000,2000,LTA,CLOSED
68037893,,PLPETERSEN,1900002424,Albe Emballage A/S,Denmark,X12004,DAP,2024-10-07,10,S8902041,LabelsA6-White-Man.Printers-Land.,60,60,NONE,CLOSED
68037893,,PLPETERSEN,1900002424,Albe Emballage A/S,Denmark,X12004,DAP,2024-10-07,20,S8902042,LabelsA5-White-Man.Printers-Land.,10,10,NONE,CLOSED
68037893,,PLPETERSEN,1900002424,Albe Emballage A/S,Denmark,X12004,DAP,2024-10-07,30,S8902043,LabelsA6-White-Auto.Printers-Portr.,10,10,NONE,CLOSED
68037893,,PLPETERSEN,1900002424,Albe Emballage A/S,Denmark,X12004,DAP,2024-10-07,40,S8902044,LabelsA5-White-Auto.Printers-Land.,10,10,NONE,CLOSED
68037893,,PLPETERSEN,1900002424,Albe Emballage A/S,Denmark,X12004,DAP,2024-10-07,50,S8902054,LabelsA6-Orange-Man.Printers-Land.,50,50,NONE,CLOSED
68037893,,PLPETERSEN,1900002424,Albe Emballage A/S,Denmark,X12004,DAP,2024-10-07,60,S8902051,LabelsA6-Pink-Auto.Printers-Portr.,10,10,NONE,CLOSED
68037893,,PLPETERSEN,1900002424,Albe Emballage A/S,Denmark,X12004,DAP,2024-10-07,70,S8903005,UN Labels for batteries UN3481,20,20,NONE,CLOSED
68037893,,PLPETERSEN,1900002424,Albe Emballage A/S,Denmark,X12004,DAP,2024-10-07,80,S8903006,UN Labels for batteries UN 3091,20,20,NONE,CLOSED
68037893,,PLPETERSEN,1900002424,Albe Emballage A/S,Denmark,X12004,DAP,2024-10-07,90,S8903012,PE Label A6-Turquoise-autoprint-portrait,5,5,NONE,CLOSED
68037860,,BKERNKAMP,1900019467,Barna Import Medica S.A.,Spain,X12004,DAP,2024-08-26,10,S0330115,"Gloves,gyn,pwdfree,medium,ster,s.u.,pair",2000,2000,LTA,CLOSED
68037860,,BKERNKAMP,1900019467,Barna Import Medica S.A.,Spain,X12004,DAP,2024-09-10,20,S0330110,"Gloves,gyn,pwdfree,small,ster,s.u.,pair",200,200,LTA,CLOSED
68037878,,AWEIS,1900011349,KD Medical GmbH Hospital Products,Germany,,DAP,2024-09-20,10,S0709231,"Cannula IV short 18G, ster, disp, BOX-50",8000,8000,LTA,CLOSED
68037878,,AWEIS,1900011349,KD Medical GmbH Hospital Products,Germany,,DAP,2024-09-20,20,S0709232,"Cannula IV short 20G, ster, disp, BOX-50",7360,7360,LTA,CLOSED
68037878,,AWEIS,1900011349,KD Medical GmbH Hospital Products,Germany,,DAP,2024-10-10,30,S0709235,"Cannula,IV short,16G,ster,disp, BOX-50",1280,1280,LTA,CLOSED
68037878,,AWEIS,1900011349,KD Medical GmbH Hospital Products,Germany,,DAP,2024-09-20,40,S0709233,"Cannula IV short 22G, ster, disp, BOX-50",3200,3200,LTA,CLOSED
68037878,,AWEIS,1900011349,KD Medical GmbH Hospital Products,Germany,,DAP,2024-09-20,50,S0709234,"Cannula IV short 24G, ster, disp, BOX-50",8000,8000,LTA,CLOSED
68037878,,AWEIS,1900011349,KD Medical GmbH Hospital Products,Germany,,DAP,2024-09-20,60,S0709240,"Three-way valve, Luer, w/caps/BOX-50",960,960,LTA,CLOSED
68037878,,AWEIS,1900011349,KD Medical GmbH Hospital Products,Germany,,DAP,2024-09-20,70,S0709236,"Needle scalp vein 21G, ster, disp,BOX-50",960,960,LTA,CLOSED
68037878,,AWEIS,1900011349,KD Medical GmbH Hospital Products,Germany,,DAP,2024-11-07,80,S0709237,"Needle scalp vein 25G, ster, disp,BOX-50",1440,1440,LTA,CLOSED
68037878,,AWEIS,1900011349,KD Medical GmbH Hospital Products,Germany,,DAP,2024-09-20,90,S0709242,"Needle,spinal,20G(0.9x90mm),ster,Box25",2400,2400,LTA,CLOSED
68037885,Kuehne + Nagel A/S,IMUNOZ,1900008236,Fleischhacker GmbH & Co.KG,Germany,X12004,FCA,2024-11-21,10,S0584005,"Test strip,urine,gluc/prot,box-100",500,500,LTA,CLOSED
68037883,,BKERNKAMP,1900000302,Avery Weigh-Tronix Limited,United Kingdom,X12004,DAP,2024-10-15,10,S0145554,"Scale,infant,handheld,10kgx10g,batteries",500,500,LTA,CLOSED
68037864,,BKERNKAMP,1900019467,Barna Import Medica S.A.,Spain,X12004,DAP,2024-08-26,10,S0305038,"Shoe cover,non-woven,s.u.,BOX-100",3500,3500,LTA,CLOSED
68037866,Kuehne + Nagel A/S,STAHERISAEID,1900010874,Arab Printing Press  S.A.L,Lebanon,X12010,FCA,2024-09-18,10,S5034001,Adolescent Kit,392,392,LTA,CLOSED
68037866,Kuehne + Nagel A/S,STAHERISAEID,1900010874,Arab Printing Press  S.A.L,Lebanon,X12010,FCA,2024-10-18,20,S5034001,Adolescent Kit,392,392,LTA,CLOSED
68037869,Kuehne + Nagel A/S,STAHERISAEID,1900012695,"Hangzhou Cereal, Oils &",China,X12010,FCA,2024-10-30,10,S4410030,"Book,exercise,A5,sqre,48 pgs,ARABIC/P-20",29760,29760,LTA,CLOSED
68037869,Kuehne + Nagel A/S,STAHERISAEID,1900012695,"Hangzhou Cereal, Oils &",China,X12010,FCA,2024-10-30,20,S4410031,"Book,exercise,A4,ruled,96pgs,ARABIC/P-10",14976,14976,LTA,CLOSED
68037869,Kuehne + Nagel A/S,STAHERISAEID,1900012695,"Hangzhou Cereal, Oils &",China,X12010,FCA,2024-10-30,30,S4410040,"Book,exercise,A5,ruled,48pgs,ARABIC/P-20",14400,14400,LTA,CLOSED
68037871,,STAHERISAEID,1900010682,Flagmore OY,Finland,X12004,DAP,2024-10-04,10,S8790300,"Flag,outdoors,United Nations,150 x 225cm",250,260,LTA,CLOSED
68037871,,STAHERISAEID,1900010682,Flagmore OY,Finland,X12004,DAP,2024-10-04,20,S8790700,"Flag set,desk,UNICEF",250,250,LTA,CLOSED
68037871,,STAHERISAEID,1900010682,Flagmore OY,Finland,X12004,DAP,2024-10-04,30,S8791100,"Banner,UNICEF,100 x 150cm",250,250,LTA,CLOSED
68037870,Kuehne + Nagel A/S,STAHERISAEID,1900016590,RELIEF SUPPLIER,India,X12010,FCA,2024-11-20,10,S2731220,"Hard surface Football, Size 4",23520,23520,LTA,OPEN
68037870,Kuehne + Nagel A/S,STAHERISAEID,1900016590,RELIEF SUPPLIER,India,X12010,FCA,2024-11-20,20,S2731222,"Hard surface Football, Size 3",12800,12800,LTA,CLOSED
68037870,Kuehne + Nagel A/S,STAHERISAEID,1900016590,RELIEF SUPPLIER,India,X12010,FCA,2025-01-15,30,S2731220,"Hard surface Football, Size 4",23520,0,LTA,OPEN
68037870,Kuehne + Nagel A/S,STAHERISAEID,1900016590,RELIEF SUPPLIER,India,X12010,FCA,2025-01-15,40,S2731222,"Hard surface Football, Size 3",12800,0,LTA,OPEN
68037873,Kuehne + Nagel A/S,STAHERISAEID,1900013395,"Tianjin Wantex Import & Export Co,",China,X12010,FCA,2024-09-23,10,S4416403,"Chalk,white/BOX-100",46080,46080,LTA,CLOSED
68037873,Kuehne + Nagel A/S,STAHERISAEID,1900013395,"Tianjin Wantex Import & Export Co,",China,X12010,FCA,2024-10-10,20,S4411010,"Book,drawing,A5,plain,96 pgs/PAC-10",46080,46080,LTA,CLOSED
68037873,Kuehne + Nagel A/S,STAHERISAEID,1900013395,"Tianjin Wantex Import & Export Co,",China,X12010,FCA,2024-10-21,30,S4416403,"Chalk,white/BOX-100",46080,46080,LTA,CLOSED
68037872,,BKERNKAMP,1900005947,Fazzini s.r.l.,Italy,X12004,DAP,2024-10-28,10,S0145555,"Scale,spring type,infant,25kgx100g",5000,5000,LTA,CLOSED
68037875,,BKERNKAMP,1900000451,SECA GmbH & Co. KG,Germany,X12001,DAP,2024-11-20,10,S0140500,"Scale,beam type,child/adult,220kgx50g",288,288,LTA,CLOSED
62000148,Kuehne + Nagel A/S,NSEREK,1900010258,Procter & Gamble Company,USA (the),X44906,FCA,2024-09-16,10,S5007321,"Water floc. & disinfectant,pdr/BOX-240",25800,25800,LTA,CLOSED
68037906,,PLPETERSEN,1900018565,Hinnum Plast A/S,Denmark,X12004,DAP,2024-09-23,10,S8913711,"Poluthylene folie,  roll of 500 m",24,24,NONE,CLOSED
68037906,,PLPETERSEN,1900018565,Hinnum Plast A/S,Denmark,X12004,DAP,2024-09-23,20,S8902067,LDPE bag: 400 x 310 x 0.06 mm/CAR-1000,100,104,NONE,CLOSED
68037936,,WGU,1900006531,MC Emballage A/S,Denmark,X12004,DAP,2024-09-24,10,S8913860,"Staples Lock 18, BOX 20",15,15,NONE,CLOSED
68037936,,WGU,1900006531,MC Emballage A/S,Denmark,X12004,DAP,2024-09-24,20,S8913993,"Blade,for boxcutter S8913992/BOX-100",50,50,NONE,CLOSED
68037936,,WGU,1900006531,MC Emballage A/S,Denmark,X12004,DAP,2024-10-04,30,S8903025,"Tape, clear, TESA 4100 for Miniload",48,48,NONE,CLOSED
68037874,,BKERNKAMP,1900019467,Barna Import Medica S.A.,Spain,X12004,DAP,2024-08-28,10,S0845207,"Cap,surgical,bouffant,non-woven,BOX-100",6000,6000,LTA,CLOSED
68037874,,BKERNKAMP,1900019467,Barna Import Medica S.A.,Spain,X12004,DAP,2024-08-28,20,S0305029,"Gown,surg,sterile,nonwoven,HP,disp,XL",1500,1500,LTA,CLOSED
68037897,,MSERGIO,1900011349,KD Medical GmbH Hospital Products,Germany,X12002,DAP,2024-09-10,10,S0747420,"Needle,disp,19G,ster/BOX-100",2800,2800,LTA,CLOSED
68037897,,MSERGIO,1900011349,KD Medical GmbH Hospital Products,Germany,X12002,DAP,2024-09-10,20,S0747452,"Needle,disp,23G,ster/BOX-100",4900,4900,LTA,CLOSED
68037897,,MSERGIO,1900011349,KD Medical GmbH Hospital Products,Germany,X12002,DAP,2024-09-10,100,S0747445,"Needle,disp,25G,ster/BOX-100",3000,3000,LTA,CLOSED
68037897,,MSERGIO,1900011349,KD Medical GmbH Hospital Products,Germany,X12002,DAP,2024-09-05,40,S0782413,"Syringe,disp,10ml,ster/BOX-100",3072,3072,LTA,CLOSED
68037897,,MSERGIO,1900011349,KD Medical GmbH Hospital Products,Germany,X12002,DAP,2024-09-05,50,S0782405,"Syringe,disp,5ml,ster/BOX-100",5120,5120,LTA,CLOSED
68037896,,MSERGIO,1900021010,Smurfit Westrock Sverige AB,Sweden,,DAP,2024-09-04,20,S0782379,"Safety box f.used syrg/ndl5L,Smur/BOX-25",6912,6912,LTA,CLOSED
68037890,Kuehne + Nagel A/S,MSERGIO,1900005906,Hindustan Syringes & Medical,India,X12001,FCA,2024-10-15,10,S0782371,"Safety box f.used syrg/ndl5L,HMD/BOX-25",3680,3680,LTA,CLOSED
68037897,,MSERGIO,1900011349,KD Medical GmbH Hospital Products,Germany,X12002,DAP,2024-09-03,60,S0782111,"Syringe,disp,5ml,w/ndl,21G/BOX-100",4800,4800,LTA,CLOSED
68037897,,MSERGIO,1900011349,KD Medical GmbH Hospital Products,Germany,X12002,DAP,2024-09-03,70,S0782203,"Syringe,disp,1ml,ster/BOX-100",1536,1536,LTA,CLOSED
68037897,,MSERGIO,1900011349,KD Medical GmbH Hospital Products,Germany,X12002,DAP,2024-09-03,80,S0782205,"Syringe,disp,2ml,ster/BOX-100",1400,1400,LTA,CLOSED
68037897,,MSERGIO,1900011349,KD Medical GmbH Hospital Products,Germany,X12002,DAP,2024-10-15,110,S0782205,"Syringe,disp,2ml,ster/BOX-100",3600,3600,LTA,CLOSED
68037897,,MSERGIO,1900011349,KD Medical GmbH Hospital Products,Germany,X12002,DAP,2024-09-10,90,S0747432,"Needle,disp,21G,ster/BOX-100",2800,2800,LTA,CLOSED
68037897,,MSERGIO,1900011349,KD Medical GmbH Hospital Products,Germany,,DAP,2024-12-05,130,S0747445,"Needle,disp,25G,ster/BOX-100",2100,2100,LTA,CLOSED
68037877,,AWEIS,1900022348,Albino Dias de Andrade,Portugal,X12004,DAP,2024-10-09,10,S0523057,"Surgical(Laparotomy)Pads,sterile,/PAC-5",7800,7800,LTA,CLOSED
68037894,,PLPETERSEN,1900020101,All 4 Labels Denmark SB A/S,Denmark,X12004,DAP,2024-09-16,10,S8902041,LabelsA6-White-Man.Printers-Land.,60,60,NONE,CLOSED
68037894,,PLPETERSEN,1900020101,All 4 Labels Denmark SB A/S,Denmark,X12004,DAP,2024-09-16,20,S8902042,LabelsA5-White-Man.Printers-Land.,10,10,NONE,CLOSED
68037894,,PLPETERSEN,1900020101,All 4 Labels Denmark SB A/S,Denmark,X12004,DAP,2024-09-16,30,S8902043,LabelsA6-White-Auto.Printers-Portr.,10,10,NONE,CLOSED
68037894,,PLPETERSEN,1900020101,All 4 Labels Denmark SB A/S,Denmark,X12004,DAP,2024-09-16,40,S8902044,LabelsA5-White-Auto.Printers-Land.,10,10,NONE,CLOSED
68037894,,PLPETERSEN,1900020101,All 4 Labels Denmark SB A/S,Denmark,X12004,DAP,2024-09-16,50,S8902054,LabelsA6-Orange-Man.Printers-Land.,50,50,NONE,CLOSED
68037894,,PLPETERSEN,1900020101,All 4 Labels Denmark SB A/S,Denmark,X12004,DAP,2024-09-16,60,S8902051,LabelsA6-Pink-Auto.Printers-Portr.,10,10,NONE,CLOSED
68037894,,PLPETERSEN,1900020101,All 4 Labels Denmark SB A/S,Denmark,X12004,DAP,2024-09-16,70,S8903005,UN Labels for batteries UN3481,20,18,NONE,CLOSED
68037894,,PLPETERSEN,1900020101,All 4 Labels Denmark SB A/S,Denmark,X12004,DAP,2024-09-16,80,S8903006,UN Labels for batteries UN 3091,20,19,NONE,CLOSED
68037893,,PLPETERSEN,1900002424,Albe Emballage A/S,Denmark,X12004,DAP,2024-10-07,100,S8903012,PE Label A6-Turquoise-autoprint-portrait,5,5,NONE,CLOSED
68037876,,AWEIS,1900001115,Chempatex Medizinische,Germany,X12001,DAP,2025-01-06,10,S0523055,"Compress,gauze,10x10cm,ster/PAC-5",135000,135000,LTA,CLOSED
68037914,,AWEIS,1900008382,United Poly Engineering Private Ltd,India,X12001,DAP,2024-12-15,10,S0514000,"Brush,hand,scrubbing,plastic",80000,80000,LTA,CLOSED
68037914,,AWEIS,1900008382,United Poly Engineering Private Ltd,India,X12001,DAP,2024-12-15,20,S0214020,"Bowl,round,polypropylene,6 - 8L",4320,4320,LTA,CLOSED
68037882,,BMKRTCHYAN,1900018197,Reyoung Pharmaceutical Co Ltd,China,X12001,DAP,2024-12-23,10,S1561120,ORS low osm. 20.5g/1L CAR/10x10,8000,8000,LTA,CLOSED
68037937,,WGU,1900009169,Smurfit Kappa GmbH,Germany,X12004,DAP,2024-09-26,10,S8940100,"Pre-pack Carton, 45x35x15 cm, 0.024 m3",10000,9950,LTA,CLOSED
68037937,,WGU,1900009169,Smurfit Kappa GmbH,Germany,X12004,DAP,2024-09-26,20,S8941100,"Pre-pack Carton, 29x19x20 cm, 0.011 m3",7500,7500,LTA,CLOSED
68037937,,WGU,1900009169,Smurfit Kappa GmbH,Germany,X12004,DAP,2024-09-26,30,S8941501,"Pre-pack Carton, 32x24x10 cm, 0.007 m3",7500,7500,LTA,CLOSED
68037937,,WGU,1900009169,Smurfit Kappa GmbH,Germany,X12004,DAP,2024-09-26,40,S8941505,"Pre-pack Carton, 32x24x20 cm, 0.015 m3",40000,40000,LTA,CLOSED
68037937,,WGU,1900009169,Smurfit Kappa GmbH,Germany,X12004,DAP,2024-09-26,50,S8942200,"Pre-pack Ctn,  37.5x29x19.5 cm, 0.021 m3",19500,19500,LTA,CLOSED
68037881,,BMKRTCHYAN,1900014000,Renata Limited,Bangladesh,X12002,DAP,2024-10-25,10,S1561120,ORS low osm. 20.5g/1L CAR/10x10,3680,3680,LTA,CLOSED
68037881,,BMKRTCHYAN,1900014000,Renata Limited,Bangladesh,X12001,DAP,2024-12-20,20,S1561120,ORS low osm. 20.5g/1L CAR/10x10,11040,11040,LTA,CLOSED
68037889,,AWEIS,1900000324,Laerdal Medical AS,Norway,X12001,DAP,2024-10-22,10,S0845006,"Bulb, suction, neonatal, reusable",15600,15600,LTA,CLOSED
68037887,,AWEIS,1900005947,Fazzini s.r.l.,Italy,X12004,DAP,2024-10-15,10,S0845162,"Tongue depressor,wooden,disp/BOX-100",10000,10000,LTA,CLOSED
68037880,Kuehne + Nagel A/S,STAHERISAEID,1900012200,M/S Sports Land Overseas Pvt Ltd.,India,X12010,FCA,2024-09-30,10,S2795700,"Volleyball,professional model",9600,9600,LTA,CLOSED
68037880,Kuehne + Nagel A/S,STAHERISAEID,1900012200,M/S Sports Land Overseas Pvt Ltd.,India,X12010,FCA,2024-10-15,20,S2797300,"Whistle,referee's,non-metalic",76800,76800,LTA,CLOSED
68037880,Kuehne + Nagel A/S,STAHERISAEID,1900012200,M/S Sports Land Overseas Pvt Ltd.,India,X12010,FCA,2024-10-15,30,S2795700,"Volleyball,professional model",9600,9600,LTA,CLOSED
68037880,Kuehne + Nagel A/S,STAHERISAEID,1900012200,M/S Sports Land Overseas Pvt Ltd.,India,X12010,FCA,2024-10-26,40,S2795700,"Volleyball,professional model",9600,9600,LTA,CLOSED
68037888,,AWEIS,1900008236,Fleischhacker GmbH & Co.KG,Germany,X12004,DAP,2024-10-01,10,S1802209,"Battery,drycell,alkaline,'AA',1.5V/PAC-4",2400,2400,LTA,CLOSED
68037967,,WGU,1900020101,All 4 Labels Denmark SB A/S,Denmark,X12004,DAP,2024-10-04,10,S8902039,Thermal ribbon BLACK,100,100,NONE,CLOSED
68037967,,WGU,1900020101,All 4 Labels Denmark SB A/S,Denmark,X12004,DAP,2024-10-04,20,S8501040,"Thermal Transfer Ribbon,110mmx360m",100,100,NONE,CLOSED
68037961,,WGU,1900006531,MC Emballage A/S,Denmark,X12004,DAP,2024-09-25,10,S8920090,"Pocket for Packing List, A5, BOX 1000",10,10,NONE,CLOSED
68037961,,WGU,1900006531,MC Emballage A/S,Denmark,X12004,DAP,2024-09-25,20,S8913821,"String,polycord,450m/kg",30,30,NONE,CLOSED
68037892,Kuehne + Nagel A/S,TNIELSEN,1900009466,Ajanta Pharma Limited,India,X12002,FCA,2024-11-22,10,S1300063,Artemeth20mg+Lumefan120mg tabs/24/PAC-30,3200,3200,LTA,CLOSED
68037900,,BKERNKAMP,1900005947,Fazzini s.r.l.,Italy,X12004,DAP,2024-09-16,10,S0481056,"Thermometer, clinical, digital, no Li",30000,30000,LTA,CLOSED
68037901,,AWEIS,2300012709,PT Damarus Panen Utama,Indonesia,X12001,DAP,2024-11-26,10,S0845065,"Timer,for respiration,ARI (mark 2)",10800,10800,LTA,CLOSED
68037895,,TNIELSEN,1900000064,KBI Pharmaceuticals GmbH & Co. KG,Germany,X12004,DAP,2024-11-14,10,S1561135,ORS low osm. flavour 20.5/1L/CAR10x10,7056,7056,LTA,CLOSED
68037898,,AWEIS,1900015844,Wrangler Instruments,Pakistan,X12002,DAP,2024-11-22,10,S0722500,"Forceps,dressing,Cheron,250mm",6000,6000,LTA,CLOSED
68037898,,AWEIS,1900015844,Wrangler Instruments,Pakistan,X12002,DAP,2024-10-31,20,S0774750,"Scissors,umbilical cord,b/b,sterile",100000,100000,LTA,CLOSED
62000150,Kuehne + Nagel A/S,PLPETERSEN,1900015387,NRS Relief FZCO,Utd.Arab.Emir.,X44906,FCA,2024-09-16,10,S5086014,Plastic Tarpaulin F.R. Sheet (4x5m),18000,18000,NONE,CLOSED
62000149,Kuehne + Nagel A/S,NSEREK,1900007256,Alpinter SA NV,Belgium,X44908,FCA,2024-09-03,10,S5007311,"Water-cont,LDPE,10l,collapsibl.,w/o logo",72000,72000,LTA,CLOSED
68037902,,BKERNKAMP,1900019467,Barna Import Medica S.A.,Spain,X12004,DAP,2024-09-04,10,S0327530,"Gloves,surg,pwdfree,8,ster,s.u.,pair",198000,198000,LTA,CLOSED
68037899,,AWEIS,1900001301,Falcon Surgical Co. (Pvt.) Ltd.,Pakistan,X12002,DAP,2024-09-25,10,S0721000,"Forceps,dressing,standard,155mm,str",15000,15000,LTA,CLOSED
68037899,,AWEIS,1900001301,Falcon Surgical Co. (Pvt.) Ltd.,Pakistan,X12002,DAP,2024-09-25,20,S0726000,"Forceps,artery,Kocher,140mm,str",30000,30000,LTA,CLOSED
68037929,Kuehne + Nagel A/S,STAHERISAEID,1900015781,JINHUA LONGTAI IMP EXP TRADING,China,X12010,FCA,2024-10-25,10,S4416515,"Slate, plastic, A4/BOX-20",19404,19404,LTA,CLOSED
68037929,Kuehne + Nagel A/S,STAHERISAEID,1900015781,JINHUA LONGTAI IMP EXP TRADING,China,X12010,FCA,2024-10-25,20,S0521425,"Sachet,tablet,plastic,10x16cm/PAC-100",36288,36288,LTA,CLOSED
68037929,Kuehne + Nagel A/S,STAHERISAEID,1900015781,JINHUA LONGTAI IMP EXP TRADING,China,X12010,FCA,2024-10-25,30,S4460005,"Pen,ball-point,blue/BOX-10",90720,90720,LTA,CLOSED
68037929,Kuehne + Nagel A/S,STAHERISAEID,1900015781,JINHUA LONGTAI IMP EXP TRADING,China,X12010,FCA,2024-10-25,40,S4460006,"Pen,ball-point,red/BOX-10",68040,68040,LTA,CLOSED
68037929,Kuehne + Nagel A/S,STAHERISAEID,1900015781,JINHUA LONGTAI IMP EXP TRADING,China,X12010,FCA,2024-10-25,50,S4460009,"Pen,ball-point,green/BOX-10",68040,68040,LTA,CLOSED
68037905,Kuehne + Nagel A/S,AWEIS,1900021784,Durable Hospital Supplies,Pakistan,X12002,FCA,2024-08-30,10,S0109000,"Drum,sterilizing,340mm diam",50,50,LTA,CLOSED
68037913,,NANXIONNAZ,1900006967,Hydrachem Limited,United Kingdom,X12004,DAP,2024-10-11,10,S1588360,Water purif.(NaDCC) 1.67g tabs/PAC-200,28224,28224,LTA,CLOSED
68037913,,NANXIONNAZ,1900006967,Hydrachem Limited,United Kingdom,X12004,DAP,2024-10-11,20,S5006055,"NaDCC,Chlorine Granules 56%, 1/2kg",2880,2880,LTA,CLOSED
68037913,,NANXIONNAZ,1900006967,Hydrachem Limited,United Kingdom,X12004,DAP,2024-10-11,30,S5008346,Water purif.(NaDCC) 67mg tabs/BOX-2800,475,475,LTA,CLOSED
68037917,,AWEIS,1900001115,Chempatex Medizinische,Germany,X12001,DAP,2024-12-31,10,S0523010,"Gauze,roll,90cmx100m,non-ster",2496,2496,LTA,CLOSED
68037916,,AWEIS,1900008236,Fleischhacker GmbH & Co.KG,Germany,X12001,DAP,2025-01-17,10,S0566010,"Clamp,umbilical cord,ster,s.u.",600000,600000,LTA,CLOSED
68037912,Kuehne + Nagel A/S,TNIELSEN,1900014623,CSPC Zhongnuo Pharmaceutical,China,X12001,FCA,2024-10-26,10,S1520011,Benzylpenicillin pdr/inj 5MIUvial/BOX-50,4748,4748,LTA,CLOSED
68037924,Kuehne + Nagel A/S,STAHERISAEID,1900022200,Mutisa Clothings Ltd,Bangladesh,X12001,FCA,2025-01-23,10,S0538200,"T-shirt, Child 4-6yrs,cols/PAC-4",500,0,LTA,OPEN
68037924,Kuehne + Nagel A/S,STAHERISAEID,1900022200,Mutisa Clothings Ltd,Bangladesh,X12001,FCA,2025-01-23,20,S0538201,"T-shirt, Child 8-10yrs,cols/PAC-4",500,0,LTA,OPEN
68037924,Kuehne + Nagel A/S,STAHERISAEID,1900022200,Mutisa Clothings Ltd,Bangladesh,X12001,FCA,2025-01-23,30,S0538202,"T-shirt, Child 12-14yrs,cols/PAC-4",500,0,LTA,OPEN
68037924,Kuehne + Nagel A/S,STAHERISAEID,1900022200,Mutisa Clothings Ltd,Bangladesh,X12001,FCA,2025-01-23,40,S8794211,"UNICEF T-shirt, cyan blue,cotton,XL",1320,0,LTA,OPEN
68037924,Kuehne + Nagel A/S,STAHERISAEID,1900022200,Mutisa Clothings Ltd,Bangladesh,X12001,FCA,2025-01-23,50,S8794221,"UNICEF Adult Polo-shirt, cyan blue,L",2760,0,LTA,OPEN
68037924,Kuehne + Nagel A/S,STAHERISAEID,1900022200,Mutisa Clothings Ltd,Bangladesh,X12001,FCA,2025-01-23,60,S8794222,"UNICEF Adult Polo-shirt, cyan blue,XL",2520,0,LTA,OPEN
68037924,Kuehne + Nagel A/S,STAHERISAEID,1900022200,Mutisa Clothings Ltd,Bangladesh,X12001,FCA,2025-01-23,70,S8794313,"UNICEF T-shirt, long, Male, M",3600,0,LTA,OPEN
68037924,Kuehne + Nagel A/S,STAHERISAEID,1900022200,Mutisa Clothings Ltd,Bangladesh,X12001,FCA,2025-01-23,80,S8794314,"UNICEF T-shirt, long, Male, L",3600,0,LTA,OPEN
68037924,Kuehne + Nagel A/S,STAHERISAEID,1900022200,Mutisa Clothings Ltd,Bangladesh,X12001,FCA,2025-01-23,90,S8794315,"UNICEF T-shirt, long, Male, XL",3600,0,LTA,OPEN
68037924,Kuehne + Nagel A/S,STAHERISAEID,1900022200,Mutisa Clothings Ltd,Bangladesh,X12001,FCA,2025-01-23,100,S8794309,"UNICEF T-shirt, Female, V-neck, M",3960,0,LTA,OPEN
68037924,Kuehne + Nagel A/S,STAHERISAEID,1900022200,Mutisa Clothings Ltd,Bangladesh,X12001,FCA,2025-01-23,110,S8794310,"UNICEF T-shirt, Female, V-neck, L",3960,0,LTA,OPEN
68037924,Kuehne + Nagel A/S,STAHERISAEID,1900022200,Mutisa Clothings Ltd,Bangladesh,X12001,FCA,2025-01-23,120,S8794311,"UNICEF T-shirt, Female, V-neck, XL",3960,0,LTA,OPEN
68037924,Kuehne + Nagel A/S,STAHERISAEID,1900022200,Mutisa Clothings Ltd,Bangladesh,X12001,FCA,2025-01-23,130,S8794306,"UNICEF T-shirt, long, Female, L",3600,0,LTA,OPEN
68037924,Kuehne + Nagel A/S,STAHERISAEID,1900022200,Mutisa Clothings Ltd,Bangladesh,X12001,FCA,2025-01-23,140,S8794307,"UNICEF T-shirt, long, Female, XL",3600,0,LTA,OPEN
68037924,Kuehne + Nagel A/S,STAHERISAEID,1900022200,Mutisa Clothings Ltd,Bangladesh,X12001,FCA,2025-01-23,150,S8794302,"Sweatshirt,UNICEF,blue,poly/cotton,L",1600,0,LTA,OPEN
68037924,Kuehne + Nagel A/S,STAHERISAEID,1900022200,Mutisa Clothings Ltd,Bangladesh,X12001,FCA,2025-01-23,160,S8794303,"Sweatshirt,UNICEF,blue,poly/cotton,XL",1440,0,LTA,OPEN
68037924,Kuehne + Nagel A/S,STAHERISAEID,1900022200,Mutisa Clothings Ltd,Bangladesh,X12001,FCA,2025-01-23,170,S8794401,"Windbreaker,UNICEF,cyan blue,lined,XL",1500,0,LTA,OPEN
68037924,Kuehne + Nagel A/S,STAHERISAEID,1900022200,Mutisa Clothings Ltd,Bangladesh,X12001,FCA,2025-01-23,180,S8794445,"Safari Vest,100% cotton,w/logo,size S",1200,0,LTA,OPEN
68037924,Kuehne + Nagel A/S,STAHERISAEID,1900022200,Mutisa Clothings Ltd,Bangladesh,X12001,FCA,2025-01-23,190,S8794448,"Safari Vest,100% cotton,w/logo,size XL",1200,0,LTA,OPEN
68037924,Kuehne + Nagel A/S,STAHERISAEID,1900022200,Mutisa Clothings Ltd,Bangladesh,X12001,FCA,2025-01-23,200,S8794446,"Safari Vest,100% cotton,w/logo,size M",2000,0,LTA,OPEN
68037924,Kuehne + Nagel A/S,STAHERISAEID,1900022200,Mutisa Clothings Ltd,Bangladesh,X12001,FCA,2025-01-23,210,S8794400,"Windbreaker,UNICEF,cyan blue,lined,L",1500,0,LTA,OPEN
68037924,Kuehne + Nagel A/S,STAHERISAEID,1900022200,Mutisa Clothings Ltd,Bangladesh,X12001,FCA,2025-01-23,220,S8794101,"Cap,UNICEF,baseball,cyan blue,cotton",6000,0,LTA,OPEN
68037911,Scan Global Logistics A/S,TNIELSEN,1900001025,Durbin PLC,United Kingdom,X12002,FCA,2024-09-30,20,S1555950,Morphine sulph.inj 10mg/ml 1ml/BOX-10 nt,457,457,LTA,CLOSED
68037909,,TNIELSEN,1900007785,Morningside Pharmaceuticals Ltd.,United Kingdom,X12004,DAP,2024-10-02,10,S1552426,Glyceryl trinitrate 500mcg tabs/PAC-100,1500,1500,NONE,CLOSED
68037932,Kuehne + Nagel A/S,STAHERISAEID,1900020635,Zhejiang E-Bang Outsourcing and Tra,China,X12010,FCA,2024-10-21,10,S4570005,"Ruler,plastic,c.30cm,set of 10",67200,67200,LTA,CLOSED
68037932,Kuehne + Nagel A/S,STAHERISAEID,1900020635,Zhejiang E-Bang Outsourcing and Tra,China,X12010,FCA,2024-10-21,20,S2521030,"Jigsaw Puzzle,app. 24 pcs",17280,17280,LTA,CLOSED
68037932,Kuehne + Nagel A/S,STAHERISAEID,1900020635,Zhejiang E-Bang Outsourcing and Tra,China,X12010,FCA,2024-10-21,30,S2521040,"Counting Circle,wood,app.20 pieces",19200,19200,LTA,CLOSED
68037932,Kuehne + Nagel A/S,STAHERISAEID,1900020635,Zhejiang E-Bang Outsourcing and Tra,China,X12010,FCA,2024-10-21,40,S4419001,"Globe,inflatable,dia.42cm,w/o stand,2024",23400,23400,LTA,CLOSED
68037932,Kuehne + Nagel A/S,STAHERISAEID,1900020635,Zhejiang E-Bang Outsourcing and Tra,China,X12010,FCA,2024-10-21,50,S4460701,"Pencil,HB grade,black lead/BOX-10",90720,90720,LTA,CLOSED
68037908,,BKERNKAMP,1900019467,Barna Import Medica S.A.,Spain,X12004,DAP,2024-10-15,10,S0305081,"Trousers,surgical,woven,size L",5000,5000,LTA,CLOSED
68037908,,BKERNKAMP,1900019467,Barna Import Medica S.A.,Spain,X12004,DAP,2024-10-15,20,S0305080,"Trousers,surgical,woven,size M",2500,2500,LTA,CLOSED
68037908,,BKERNKAMP,1900019467,Barna Import Medica S.A.,Spain,X12004,DAP,2024-10-15,30,S0305082,"Trousers,surgical,woven,size XL",2500,2500,LTA,CLOSED
68037908,,BKERNKAMP,1900019467,Barna Import Medica S.A.,Spain,X12004,DAP,2024-10-15,40,S0305084,"Tunic,surgical,woven, size L",4500,4500,LTA,CLOSED
68037908,,BKERNKAMP,1900019467,Barna Import Medica S.A.,Spain,X12004,DAP,2024-10-15,50,S0305083,"Tunic,surgical,woven,size M",500,500,LTA,CLOSED
68037908,,BKERNKAMP,1900019467,Barna Import Medica S.A.,Spain,X12004,DAP,2024-10-15,60,S0305085,"Tunic,surgical,woven,size XL",3000,3000,LTA,CLOSED
68037908,,BKERNKAMP,1900019467,Barna Import Medica S.A.,Spain,X12004,DAP,2024-12-06,70,S0305138,"Gown,surgic,nonster,nonwoven,STD,disp,L",1000,1000,LTA,CLOSED
68037908,,BKERNKAMP,1900019467,Barna Import Medica S.A.,Spain,X12004,DAP,2024-12-06,80,S0305140,"Gown,surgic,nonster,nonwoven,STD,disp,XL",1000,1000,LTA,CLOSED
68037908,,BKERNKAMP,1900019467,Barna Import Medica S.A.,Spain,X12004,DAP,2024-12-01,90,S0305152,"Gown,isolation,nonwoven,disp,XL",2500,2500,LTA,CLOSED
68037908,,BKERNKAMP,1900019467,Barna Import Medica S.A.,Spain,X12004,DAP,2024-10-15,100,S0845203,"Apron,protection,plastic,disp,PAC-100",3000,3000,LTA,CLOSED
68037908,,BKERNKAMP,1900019467,Barna Import Medica S.A.,Spain,X12004,DAP,2024-12-15,110,S0845203,"Apron,protection,plastic,disp,PAC-100",3000,3000,LTA,CLOSED
68037904,,AWEIS,1900008236,Fleischhacker GmbH & Co.KG,Germany,X12004,DAP,2025-01-08,10,S0845164,"Bag,biohazard,yellow,50L,box/100",3000,3000,LTA,CLOSED
68037904,,AWEIS,1900008236,Fleischhacker GmbH & Co.KG,Germany,X12004,DAP,2025-01-10,20,S0845165,"Bag,biohazard,red,100L,box/100",2000,2000,LTA,CLOSED
68037910,,BKERNKAMP,1900019467,Barna Import Medica S.A.,Spain,X12004,DAP,2024-10-15,10,S0845205,"Gloves,heavy-duty,rubber/nitrile,M,pair",16000,16000,LTA,CLOSED
68037907,,TNIELSEN,1900000468,Remedica Ltd.,Cyprus,X12001,DAP,2024-12-20,10,S1514148,Prednisolone 5mg tabs/PAC-10x10,10000,10000,LTA,CLOSED
68037921,,TNIELSEN,1900012086,AMEX Healthcare GmbH,Austria,X12004,DAP,2025-04-15,10,S1533005,Flucloxacil125mg/5ml pdr/or liq/BOT100ml,36000,0,NONE,OPEN
68037919,,TNIELSEN,1900014308,MILAN LABORATORIES (INDIA) PVT. LTD,India,X12001,DAP,2025-01-06,10,S1537120,Sulf.800mg+Trimet.160mg tabs/PAC-10x10,40000,39647,LTA,CLOSED
68037920,,TNIELSEN,1900000443,Purna Pharmaceuticals N.V.,Belgium,X12001,DAP,2025-01-30,10,S1552510,Zinc oxide ointment 10%/TBE-100g,56000,56980,LTA,CLOSED
68037915,,NANXIONNAZ,1900015387,NRS Relief FZCO,Utd.Arab.Emir.,X12001,DAP,2024-12-03,40,S5007311,"Water-cont,LDPE,10l,collapsibl.,w/o logo",19200,19200,LTA,CLOSED
68037915,,NANXIONNAZ,1900015387,NRS Relief FZCO,Utd.Arab.Emir.,X12001,DAP,2024-12-03,50,S5007312,"Water-cont,LDPE,10l,collapsibl.,w tap",7920,7920,LTA,CLOSED
68037938,Kuehne + Nagel A/S,NANXIONNAZ,1900015387,NRS Relief FZCO,Utd.Arab.Emir.,X12001,FCA,2024-11-26,20,S5007315,"Bucket,HDPE,with lid,14 l",3240,3240,LTA,CLOSED
68037918,,NANXIONNAZ,1900020237,MESTO Spritzenfabrik,Germany,X12004,DAP,2024-09-23,10,S5006031,"Sprayer,compression type, approx. 11 L",792,792,LTA,CLOSED
68037925,,AWEIS,1900005502,Kanam Latex Industries Private Ltd,India,X12001,DAP,2024-12-18,10,S0327500,"Gloves,surg,pwdfree,6.5,ster,s.u.,pair",124800,124800,LTA,CLOSED
68037925,,AWEIS,1900005502,Kanam Latex Industries Private Ltd,India,X12001,DAP,2024-12-18,20,S0327520,"Gloves,surg,pwdfree,7.5,ster,s.u.,pair",67200,67200,LTA,CLOSED
68037925,,AWEIS,1900005502,Kanam Latex Industries Private Ltd,India,X12001,DAP,2024-12-18,30,S0327540,"Gloves,surg,pwdfree,8.5,ster,s.u.,pair",28800,28800,LTA,CLOSED
68037930,,STAHERISAEID,1900014955,Phoenix Design Aid A S,Denmark,X12001,DAP,2024-09-13,10,S1993320,Children w/ Disability Guide SIB Kit,15000,15000,NONE,CLOSED
68037930,,STAHERISAEID,1900014955,Phoenix Design Aid A S,Denmark,X12001,DAP,2024-09-13,20,S1993322,Children w/ Disability Guide REC Kit,30000,30040,NONE,CLOSED
68037930,,STAHERISAEID,1900014955,Phoenix Design Aid A S,Denmark,X12001,DAP,2024-10-07,30,S4410030,"Book,exercise,A5,sqre,48 pgs,ARABIC/P-20",22000,22000,LTA,CLOSED
68037930,,STAHERISAEID,1900014955,Phoenix Design Aid A S,Denmark,X12001,DAP,2024-10-12,40,S4410031,"Book,exercise,A4,ruled,96pgs,ARABIC/P-10",10000,10000,LTA,CLOSED
68037930,,STAHERISAEID,1900014955,Phoenix Design Aid A S,Denmark,X12001,DAP,2024-10-21,50,S4410040,"Book,exercise,A5,ruled,48pgs,ARABIC/P-20",22000,22000,LTA,CLOSED
68037927,,AWEIS,1900019467,Barna Import Medica S.A.,Spain,X12004,DAP,2024-09-13,20,S0330115,"Gloves,gyn,pwdfree,medium,ster,s.u.,pair",3200,3200,LTA,CLOSED
68037982,,BKERNKAMP,1900019467,Barna Import Medica S.A.,Spain,X12004,DAP,2024-10-15,10,S0330115,"Gloves,gyn,pwdfree,medium,ster,s.u.,pair",2700,2700,LTA,CLOSED
62000161,Kuehne + Nagel A/S,PLPETERSEN,1900006246,"Puyoung Ind. Co., Ltd.","South Korea,Rep",X44906,FCA,2024-10-18,10,S5086013,Plastic Tarpaulin F.R. Sheet 4 x 50m,200,200,NONE,CLOSED
62000161,Kuehne + Nagel A/S,PLPETERSEN,1900006246,"Puyoung Ind. Co., Ltd.","South Korea,Rep",X44906,FCA,2024-10-18,20,S5086014,Plastic Tarpaulin F.R. Sheet (4x5m),4000,4000,NONE,CLOSED
62000151,Kuehne + Nagel A/S,PLPETERSEN,1900015387,NRS Relief FZCO,Utd.Arab.Emir.,X44906,FCA,2024-09-20,10,S5088024,High Performance Tent - 24M2,102,102,LTA,CLOSED
68037933,Kuehne + Nagel A/S,STAHERISAEID,1900020358,HANGZHOU HOWELL INDUSTRIAL CO LTD,China,X12010,FCA,2024-10-21,10,S4520110,"Eraser,soft,for pencil/BOX-20",120960,120960,LTA,CLOSED
68037933,Kuehne + Nagel A/S,STAHERISAEID,1900020358,HANGZHOU HOWELL INDUSTRIAL CO LTD,China,X12010,FCA,2024-10-21,20,S4552010,"Pencil sharpener,metal/PAC-20",75600,75600,LTA,CLOSED
68037935,Kuehne + Nagel A/S,STAHERISAEID,2300034708,Garg Sports International Private L,India,X12010,FCA,2024-11-28,10,S2795800,"Volleyball net,9.5x1m,without posts",14040,14040,LTA,CLOSED
68037935,Kuehne + Nagel A/S,STAHERISAEID,2300034708,Garg Sports International Private L,India,X12010,FCA,2024-11-28,20,S2741600,Inflating-kit for balls,24000,24000,LTA,CLOSED
68037935,Kuehne + Nagel A/S,STAHERISAEID,2300034708,Garg Sports International Private L,India,X12010,FCA,2024-11-28,30,S2797701,"Tabards,red/blue,large(age 13+)/PAC-20",8208,8208,LTA,CLOSED
68037923,,NANXIONNAZ,1900009651,Promens Packaging GmbH,Germany,X12004,DAP,2024-09-16,10,S5007311,"Water-cont,LDPE,10l,collapsibl.,w/o logo",22800,22800,LTA,CLOSED
68037927,,AWEIS,1900019467,Barna Import Medica S.A.,Spain,X12004,DAP,2024-09-13,10,S0845207,"Cap,surgical,bouffant,non-woven,BOX-100",1000,1000,LTA,CLOSED
68037926,,AWEIS,1900011349,KD Medical GmbH Hospital Products,Germany,X12004,DAP,2024-09-20,10,S0709231,"Cannula IV short 18G, ster, disp, BOX-50",5060,5060,LTA,CLOSED
68037926,,AWEIS,1900011349,KD Medical GmbH Hospital Products,Germany,X12004,DAP,2024-09-20,20,S0709232,"Cannula IV short 20G, ster, disp, BOX-50",3200,3200,LTA,CLOSED
68037926,,AWEIS,1900011349,KD Medical GmbH Hospital Products,Germany,X12004,DAP,2024-09-20,30,S0709233,"Cannula IV short 22G, ster, disp, BOX-50",4800,4800,LTA,CLOSED
68037926,,AWEIS,1900011349,KD Medical GmbH Hospital Products,Germany,X12004,DAP,2024-09-20,40,S0709234,"Cannula IV short 24G, ster, disp, BOX-50",5120,5120,LTA,CLOSED
68037938,Kuehne + Nagel A/S,NANXIONNAZ,1900015387,NRS Relief FZCO,Utd.Arab.Emir.,X12001,FCA,2024-11-26,10,S5007315,"Bucket,HDPE,with lid,14 l",11880,11880,LTA,CLOSED
68037928,,TNIELSEN,1900014596,Macleods Pharmaceuticals Limited,India,X12002,DAP,2024-12-10,20,S1552610,Hydrocortisone pdr/inj 100mg vial/BOX-10,2955,2955,LTA,CLOSED
68037928,,TNIELSEN,1900014596,Macleods Pharmaceuticals Limited,India,X12002,DAP,2025-02-17,30,S1552610,Hydrocortisone pdr/inj 100mg vial/BOX-10,4045,4045,LTA,CLOSED
68037910,,BKERNKAMP,1900019467,Barna Import Medica S.A.,Spain,,DAP,2024-10-15,20,S0845204,"Gloves,heavy-duty,rubber/nitrile,S,pair",7000,7000,LTA,CLOSED
68037910,,BKERNKAMP,1900019467,Barna Import Medica S.A.,Spain,,DAP,2024-10-15,30,S0845206,"Gloves,heavy-duty,rubber/nitrile,L,pair",3000,3000,LTA,CLOSED
62000154,Kuehne + Nagel A/S,SHVISWANATHA,1900002822,LABARONNE CITAF SAS,France,X44906,FCA,2024-10-11,10,S5006019,"Water tank,collapsible,5000l,w/dist.kit",20,20,LTA,CLOSED
62000154,Kuehne + Nagel A/S,SHVISWANATHA,1900002822,LABARONNE CITAF SAS,France,X44906,FCA,2024-10-11,20,S5006020,"Water tank,collapsible,10000l,w/dist.kit",10,10,LTA,CLOSED
62000155,Kuehne + Nagel A/S,SHVISWANATHA,1900013306,K.K.Nag Pvt. Ltd,India,X44906,FCA,2024-10-10,10,S5007335,"Squatting plate,plastic,w/o pan,120x80cm",2112,2112,LTA,CLOSED
62000152,Kuehne + Nagel A/S,NANXIONNAZ,1900001361,GOIZPER S. COOP,Spain,X44907,FCA,2024-10-13,10,S5006031,"Sprayer,compression type, approx. 11 L",20,20,LTA,CLOSED
62000157,Kuehne + Nagel A/S,NANXIONNAZ,1900010258,Procter & Gamble Company,USA (the),X44906,FCA,2024-11-06,10,S5007321,"Water floc. & disinfectant,pdr/BOX-240",47300,47300,LTA,CLOSED
68037940,Scan Global Logistics A/S,TNIELSEN,1900021554,TRIDEM PHARMA,France,X12002,FCA,2024-09-15,10,S1300008,Artesunate pdr./inj 60mg vial/BOX-1,30000,30000,LTA,CLOSED
68037931,,TNIELSEN,1900001025,Durbin PLC,United Kingdom,X12004,DAP,2024-10-18,10,S1555951,Morphine sulfate 10mg IR tabs/PAC-56 nt,1000,1000,LTA,CLOSED
68037939,,STAHERISAEID,1900013233,LYRECO DANMARK A/S,Denmark,X12004,DAP,2024-10-14,10,S2684006,"Colouring pencils,12 ass cols,in case",100000,100000,NONE,CLOSED
68037942,,NANXIONNAZ,1900006967,Hydrachem Limited,United Kingdom,X12004,DAP,2024-10-08,40,S5008345,Water purif.(NaDCC) 67mg tabs/BOX-400,2400,2400,LTA,CLOSED
68037942,,NANXIONNAZ,1900006967,Hydrachem Limited,United Kingdom,X12004,DAP,2024-10-15,10,S1588355,Water purif.(NaDCC) 33mg tabs/PAC-50,49280,49280,LTA,CLOSED
68037942,,NANXIONNAZ,1900006967,Hydrachem Limited,United Kingdom,X12004,DAP,2024-10-15,20,S1588360,Water purif.(NaDCC) 1.67g tabs/PAC-200,1512,1512,LTA,CLOSED
68037942,,NANXIONNAZ,1900006967,Hydrachem Limited,United Kingdom,X12004,DAP,2024-10-15,30,S5006055,"NaDCC,Chlorine Granules 56%, 1/2kg",1152,1152,LTA,CLOSED
68038095,,BKERNKAMP,1900005502,Kanam Latex Industries Private Ltd,India,X12001,DAP,2025-01-30,10,S0330115,"Gloves,gyn,pwdfree,medium,ster,s.u.,pair",70400,70400,LTA,CLOSED
68037948,,BKERNKAMP,1900019625,DuPont de Nemours (Luxembourg) S.à,Luxembourg,X12004,DAP,2024-10-07,10,S0305126,"Coverall,protection,CatIII,type 6b,M",3000,3000,LTA,CLOSED
68037948,,BKERNKAMP,1900019625,DuPont de Nemours (Luxembourg) S.à,Luxembourg,X12004,DAP,2024-10-31,20,S0305101,"Coverall,protection,CatIII,Type3b,M",2000,2000,LTA,CLOSED
68037948,,BKERNKAMP,1900019625,DuPont de Nemours (Luxembourg) S.à,Luxembourg,X12004,DAP,2024-10-31,30,S0305102,"Coverall,protection,CatIII,Type3b,XL",2000,2000,LTA,CLOSED
62000153,Kuehne + Nagel A/S,PLPETERSEN,1900015387,NRS Relief FZCO,Utd.Arab.Emir.,X44906,FCA,2024-10-04,20,S5088048,High Performance Tent - 48M2,68,68,LTA,CLOSED
68037941,,BMKRTCHYAN,1900006474,FDC Limited,India,X12001,DAP,2025-04-03,10,S1561125,"ReSoMal,42g sachet for 1 litre/CAR-100",1440,0,LTA,OPEN
68037947,Panalpina / DSV Air & Sea A/S,EPERNETTE,1900022739,ROECHLING MEDICAL LANCASTER LLC,USA (the),X12002,FCA,2024-09-30,10,S0748101,"Needle,disp,ster, bifurcated/BOX-100",10000,10029,NONE,CLOSED
68037945,Scan Global Logistics A/S,LSUN,1900020185,Abbott Rapid Dx International Limit,Ireland,X12002,FCA,2024-10-23,10,S0584613,"BiolineMalAgPf/PanNonSafetyLancet,kit/25",5500,5500,LTA,CLOSED
68037946,,BMKRTCHYAN,1900014308,MILAN LABORATORIES (INDIA) PVT. LTD,India,,DAP,2024-12-16,10,S1504008,Omeprazole 20mg capsules (e/c) PAC/10x10,39572,39572,LTA,CLOSED
62000153,Kuehne + Nagel A/S,PLPETERSEN,1900015387,NRS Relief FZCO,Utd.Arab.Emir.,X44906,FCA,2024-10-04,10,S5088024,High Performance Tent - 24M2,51,51,LTA,CLOSED
68037951,,TNIELSEN,1900014916,Sandoz d d,Slovenia,X12004,DAP,2025-02-10,10,S1551960,Gentamicin inj 40mg/ml 2ml amp/BOX-50,40000,40000,LTA,CLOSED
68037969,Scan Global Logistics A/S,MDASILVA,1900018197,Reyoung Pharmaceutical Co Ltd,China,X12002,FCA,2024-10-25,10,S1551005,Folic acid 5mg tabs/PAC-1000,3000,3000,LTA,CLOSED
68037958,,TNIELSEN,1900007093,"Laboratorio Reig Jofre, SA",Spain,X12004,DAP,2025-04-28,10,S1514135,Benzabenzylpen pdr.inj 1.2MIUv/sol/PAC-1,15000,15741,LTA,CLOSED
68037963,,TNIELSEN,1900001025,Durbin PLC,United Kingdom,X12004,DAP,2024-10-16,10,S1531011,Azithromycin pdr/or s 200mg/5ml/BOT-15ml,40000,40000,LTA,CLOSED
68037954,,BKERNKAMP,1900019467,Barna Import Medica S.A.,Spain,X12004,DAP,2024-09-27,10,S0305161,"Respirator,FFP2/N95,no valve,nonster",9500,9500,LTA,CLOSED
68037949,,WGU,1900012530,AB GLF Genarps Lådfabrik,Sweden,X12004,DAP,2024-10-04,20,S8920076,"Pallet, wooden one-way pallet,EURO size",960,991,NONE,CLOSED
68037960,,TNIELSEN,1900014773,MEDOPHARM,India,X12001,DAP,2025-03-05,10,S1555966,Paracetamol 250mg disp. tabs/PAC-10x10,230000,230000,LTA,CLOSED
68037960,,TNIELSEN,1900014773,MEDOPHARM,India,X12002,DAP,2024-11-25,20,S1555966,Paracetamol 250mg disp. tabs/PAC-10x10,70000,70000,LTA,CLOSED
68037956,,TNIELSEN,1900000064,KBI Pharmaceuticals GmbH & Co. KG,Germany,X12004,DAP,2025-02-11,10,S1561120,ORS low osm. 20.5g/1L CAR/10x10,21168,21168,LTA,CLOSED
68037950,,NANXIONNAZ,1900008365,Tintometer GmbH,Germany,X12004,DAP,2024-09-30,10,S5006129,Chlorine/pH visual comparator,896,896,LTA,CLOSED
68037952,,NANXIONNAZ,1900015387,NRS Relief FZCO,Utd.Arab.Emir.,X12001,DAP,2025-01-15,10,S5007312,"Water-cont,LDPE,10l,collapsibl.,w tap",7920,7920,LTA,CLOSED
68037957,,TNIELSEN,1900015853,Mepro Pharmaceuticals Pvt Ltd,India,X12001,DAP,2025-03-25,10,S1555370,Albendazole 400mg chewable tabs/PAC-100,79200,29271,LTA,OPEN
68037955,,TNIELSEN,1900015853,Mepro Pharmaceuticals Pvt Ltd,India,X12001,DAP,2025-03-15,10,S1561120,ORS low osm. 20.5g/1L CAR/10x10,11520,5074,LTA,OPEN
68037953,,TNIELSEN,1900018197,Reyoung Pharmaceutical Co Ltd,China,X12001,DAP,2024-12-30,10,S1561120,ORS low osm. 20.5g/1L CAR/10x10,6048,6048,LTA,CLOSED
68037999,,MSERGIO,1900011349,KD Medical GmbH Hospital Products,Germany,X12004,DAP,2024-10-15,10,S0782405,"Syringe,disp,5ml,ster/BOX-100",10240,10240,LTA,CLOSED
68037999,,MSERGIO,1900011349,KD Medical GmbH Hospital Products,Germany,X12004,DAP,2024-10-15,20,S0782413,"Syringe,disp,10ml,ster/BOX-100",8064,8064,LTA,CLOSED
68037999,,MSERGIO,1900011349,KD Medical GmbH Hospital Products,Germany,X12004,DAP,2024-10-15,50,S0747420,"Needle,disp,19G,ster/BOX-100",7000,7000,LTA,CLOSED
68037999,,MSERGIO,1900011349,KD Medical GmbH Hospital Products,Germany,X12004,DAP,2024-11-08,60,S0747452,"Needle,disp,23G,ster/BOX-100",8400,8400,LTA,CLOSED
68037999,,MSERGIO,1900011349,KD Medical GmbH Hospital Products,Germany,,DAP,2024-10-16,70,S0782405,"Syringe,disp,5ml,ster/BOX-100",10240,10240,LTA,CLOSED
68037966,,MKAZEMI,1900018197,Reyoung Pharmaceutical Co Ltd,China,X12001,DAP,2025-02-28,10,S1555964,Paracetamol 500mg tabs/PAC-10x10,100800,100800,LTA,CLOSED
68037968,,TNIELSEN,1900020830,Amdipharm Limited,Ireland,X12004,DAP,2025-07-30,10,S1552416,Hydralazine pdr/inj 20mg amp/BOX-5,6000,0,LTA,OPEN
68037978,,BMKRTCHYAN,1900014916,Sandoz d d,Slovenia,X12004,DAP,2024-11-15,10,S1505043,Amoxicillin 250mg disp.tab/PAC-(10x10),161339,161339,LTA,CLOSED
68037959,,NSEREK,1900003131,Ram Dis Ticaret A S,Türkiye,,DAP,2024-09-30,10,S5006122,"WASH&DignityKit,firstResp,1HH,noPurifTab",576,576,LTA,CLOSED
62000174,Kuehne + Nagel A/S,PLPETERSEN,1900015387,NRS Relief FZCO,Utd.Arab.Emir.,X44906,FCA,2025-01-10,10,S5088073,Hard flooring - for HPT 24m2,100,100,LTA,CLOSED
62000174,Kuehne + Nagel A/S,PLPETERSEN,1900015387,NRS Relief FZCO,Utd.Arab.Emir.,X44906,FCA,2025-01-10,20,S5088082,Inner Liner – for HPT 24m2,20,20,LTA,CLOSED
62000174,Kuehne + Nagel A/S,PLPETERSEN,1900015387,NRS Relief FZCO,Utd.Arab.Emir.,X44906,FCA,2025-01-10,30,S5088083,Inner Liner – for HPT 48m2,20,20,LTA,CLOSED
62000175,Kuehne + Nagel A/S,PLPETERSEN,1900015387,NRS Relief FZCO,Utd.Arab.Emir.,X44906,FCA,2025-02-07,10,S5088074,Hard flooring - for HPT 48m2,170,170,LTA,CLOSED
62000175,Kuehne + Nagel A/S,PLPETERSEN,1900015387,NRS Relief FZCO,Utd.Arab.Emir.,X44906,FCA,2025-02-07,20,S5088082,Inner Liner – for HPT 24m2,150,150,LTA,CLOSED
62000175,Kuehne + Nagel A/S,PLPETERSEN,1900015387,NRS Relief FZCO,Utd.Arab.Emir.,X44906,FCA,2025-02-07,30,S5088083,Inner Liner – for HPT 48m2,150,150,LTA,CLOSED
68038012,Kuehne + Nagel A/S,PLPETERSEN,1900015387,NRS Relief FZCO,Utd.Arab.Emir.,X12001,FCA,2024-10-24,10,S5088048,High Performance Tent - 48M2,34,34,LTA,CLOSED
62000162,Kuehne + Nagel A/S,PLPETERSEN,1900015387,NRS Relief FZCO,Utd.Arab.Emir.,X44906,FCA,2024-10-25,10,S5088048,High Performance Tent - 48M2,90,90,LTA,CLOSED
62000162,Kuehne + Nagel A/S,PLPETERSEN,1900015387,NRS Relief FZCO,Utd.Arab.Emir.,X44906,FCA,2024-10-25,20,S5088072,High Performance Tent - 72M2,94,94,LTA,CLOSED
68037965,,BKERNKAMP,1900019467,Barna Import Medica S.A.,Spain,X12004,DAP,2024-12-15,10,S0305151,"Gown,isolation,nonwoven,disp,L",6000,6000,LTA,CLOSED
68037965,,BKERNKAMP,1900019467,Barna Import Medica S.A.,Spain,X12004,DAP,2024-10-15,20,S0305028,"Gown,surg,sterile,nonwoven,HP,disp,L",360,360,LTA,CLOSED
68037965,,BKERNKAMP,1900019467,Barna Import Medica S.A.,Spain,X12004,DAP,2024-12-15,30,S0305152,"Gown,isolation,nonwoven,disp,XL",2500,2500,LTA,CLOSED
68037962,,NSEREK,1900009651,Promens Packaging GmbH,Germany,X12011,DAP,2024-10-07,10,S5007311,"Water-cont,LDPE,10l,collapsibl.,w/o logo",22800,22800,LTA,CLOSED
68037973,,AWEIS,1900016014,Rudolf Riester GmbH,Germany,X12004,DAP,2024-10-24,10,S0845188,"Sphygmomanometer,(child),resilient",1000,1000,LTA,CLOSED
68037964,,TNIELSEN,1900019765,S Kant Healthcare Ltd.,India,X12001,DAP,2024-12-20,10,S1531011,Azithromycin pdr/or s 200mg/5ml/BOT-15ml,24500,24500,LTA,CLOSED
68037984,,AWEIS,1900016551,Romsons International,India,X12001,DAP,2025-01-10,10,S0370125,"Prongs,nasal,Oxygen,neonate,s.u.",40000,40000,LTA,CLOSED
68037984,,AWEIS,1900016551,Romsons International,India,X12001,DAP,2025-01-10,20,S0374015,"Tube,suction,CH10,L50cm,ster,disp",75000,75000,LTA,CLOSED
68037974,,AWEIS,1900012086,AMEX Healthcare GmbH,Austria,X12001,DAP,2025-02-07,10,S0531991,"Infusion giving set,sterile,s.u.",585000,585000,LTA,CLOSED
68037976,,AWEIS,1900010631,HEALTHIUM MEDTECH LTD,India,X12001,DAP,2025-01-10,10,S0564004,"Sut,abs,DEC2,need 3/8 26mm,tri/BOX-36",1728,1728,LTA,CLOSED
68037976,,AWEIS,1900010631,HEALTHIUM MEDTECH LTD,India,X12001,DAP,2025-01-10,20,S0564011,"Sut,abs,DEC2,need 3/8 18mm,round/BOX-36",1728,1728,LTA,CLOSED
68037976,,AWEIS,1900010631,HEALTHIUM MEDTECH LTD,India,X12001,DAP,2025-01-10,30,S0564012,"Sut,abs,DEC3,need 1/2 30mm,round/BOX-36",1728,1728,LTA,CLOSED
68037976,,AWEIS,1900010631,HEALTHIUM MEDTECH LTD,India,X12001,DAP,2025-01-10,40,S0564030,"Sut,abs,DEC3,spool/BOX-36",2304,2104,LTA,OPEN
68037976,,AWEIS,1900010631,HEALTHIUM MEDTECH LTD,India,X12001,DAP,2025-01-10,50,S0564040,"Sut,abs,DEC4,need 3/8 50mm,round/BOX-36",1152,1152,LTA,CLOSED
68037976,,AWEIS,1900010631,HEALTHIUM MEDTECH LTD,India,X12001,DAP,2025-01-10,60,S0564050,"Sut,abs,DEC4,need 1/2 30mm,round/BOX-36",1152,1152,LTA,CLOSED
68037976,,AWEIS,1900010631,HEALTHIUM MEDTECH LTD,India,X12001,DAP,2025-01-10,70,S0565020,"Sut,nonabs,DEC1,need 1/2 13mm,rnd/BOX-36",1152,1152,LTA,CLOSED
68037976,,AWEIS,1900010631,HEALTHIUM MEDTECH LTD,India,X12001,DAP,2025-01-10,80,S0565030,"Sut,nonabs,DEC2,need 3/8 18mm,tri/BOX-36",1728,1728,LTA,CLOSED
68037976,,AWEIS,1900010631,HEALTHIUM MEDTECH LTD,India,X12001,DAP,2025-01-10,90,S0565040,"Sut,nonabs,DEC4,need 1/2 30mm,rnd/BOX-36",576,576,LTA,CLOSED
68037981,,TNIELSEN,1900015853,Mepro Pharmaceuticals Pvt Ltd,India,X12001,DAP,2025-02-28,10,S1552500,Hydrocortisone ointment 1%/TBE-15g,20000,20490,LTA,CLOSED
68037972,,AWEIS,1900022348,Albino Dias de Andrade,Portugal,X12004,DAP,2024-11-30,10,S0523057,"Surgical(Laparotomy)Pads,sterile,/PAC-5",3888,3978,LTA,CLOSED
68037971,,TNIELSEN,1900012086,AMEX Healthcare GmbH,Austria,X12004,DAP,2024-11-30,10,S1555215,Lidocaine 2% inj 20ml vial/BOX-10,6000,6000,LTA,CLOSED
68037988,,MDASILVA,1900019343,NutriCorp International,Canada,X12001,DAP,2025-05-01,10,S1583010,"Retinol 200,000IU soft gel.caps/PAC-100",42230,0,LTA,OPEN
68037993,,SHVISWANATHA,1900006967,Hydrachem Limited,United Kingdom,X12004,,2024-11-01,10,S1588360,Water purif.(NaDCC) 1.67g tabs/PAC-200,16632,16632,LTA,CLOSED
68038011,Scan Global Logistics A/S,WGU,1900004050,Johs. Gram-Hanssen A/S,Denmark,X12002,FCA,2025-02-28,10,S5010200,Lightweight ballistic resistant helmet-L,45,0,LTA,OPEN
68038011,Scan Global Logistics A/S,WGU,1900004050,Johs. Gram-Hanssen A/S,Denmark,X12002,FCA,2025-02-28,20,S5010201,Lightweight ballistic resistant helmet-M,30,0,LTA,OPEN
68038011,Scan Global Logistics A/S,WGU,1900004050,Johs. Gram-Hanssen A/S,Denmark,X12002,FCA,2025-02-28,30,S5010203,Lightweight ballistic resistant helmetXL,40,0,LTA,OPEN
68038011,Scan Global Logistics A/S,WGU,1900004050,Johs. Gram-Hanssen A/S,Denmark,X12002,FCA,2025-02-28,40,S5010204,"Lightweight,flak jacket,female, L, D-cup",10,0,LTA,OPEN
68038011,Scan Global Logistics A/S,WGU,1900004050,Johs. Gram-Hanssen A/S,Denmark,X12002,FCA,2025-02-28,50,S5010206,"Lightweight,flak jacket,female, M, D-cup",5,0,LTA,OPEN
68038011,Scan Global Logistics A/S,WGU,1900004050,Johs. Gram-Hanssen A/S,Denmark,X12002,FCA,2025-02-28,60,S5010207,"Lightweight,flak jacket,female, L, B-cup",5,0,LTA,OPEN
68038011,Scan Global Logistics A/S,WGU,1900004050,Johs. Gram-Hanssen A/S,Denmark,X12002,FCA,2025-02-28,70,S5010208,"Lightweight flak Jacket,female, S, D-cup",5,0,LTA,OPEN
68038011,Scan Global Logistics A/S,WGU,1900004050,Johs. Gram-Hanssen A/S,Denmark,X12002,FCA,2025-02-28,80,S5010209,"Lightweight,flak jacket,female, M, B-cup",5,0,LTA,OPEN
68038011,Scan Global Logistics A/S,WGU,1900004050,Johs. Gram-Hanssen A/S,Denmark,X12002,FCA,2025-02-28,90,S5010210,"Lightweight,flak jacket,female, XL",15,0,LTA,OPEN
68038011,Scan Global Logistics A/S,WGU,1900004050,Johs. Gram-Hanssen A/S,Denmark,X12002,FCA,2025-02-28,100,S5010211,"Lightweight,flak jacket,female, XXL",5,0,LTA,OPEN
68038011,Scan Global Logistics A/S,WGU,1900004050,Johs. Gram-Hanssen A/S,Denmark,X12002,FCA,2025-02-28,110,S5010212,"Lightweight,flak jacket,female, XXXL",5,0,LTA,OPEN
68038011,Scan Global Logistics A/S,WGU,1900004050,Johs. Gram-Hanssen A/S,Denmark,X12002,FCA,2025-02-28,120,S5010213,"Lightweight,flak jacket,male, L",15,0,LTA,OPEN
68038011,Scan Global Logistics A/S,WGU,1900004050,Johs. Gram-Hanssen A/S,Denmark,X12002,FCA,2025-02-28,130,S5010214,"Lightweight,flak jacket,male, M",10,0,LTA,OPEN
68038011,Scan Global Logistics A/S,WGU,1900004050,Johs. Gram-Hanssen A/S,Denmark,X12002,FCA,2025-02-28,140,S5010215,"Lightweight,flak jacket,male, S",5,0,LTA,OPEN
68038011,Scan Global Logistics A/S,WGU,1900004050,Johs. Gram-Hanssen A/S,Denmark,X12002,FCA,2025-02-28,150,S5010216,"Lightweight,flak jacket,male, XL",25,0,LTA,OPEN
68038011,Scan Global Logistics A/S,WGU,1900004050,Johs. Gram-Hanssen A/S,Denmark,X12002,FCA,2025-02-28,160,S5010217,"Lightweight,flak jacket,male, XXL",20,0,LTA,OPEN
68038011,Scan Global Logistics A/S,WGU,1900004050,Johs. Gram-Hanssen A/S,Denmark,X12002,FCA,2025-02-28,170,S5010218,"Lightweight,flak jacket,male, XXXL",5,0,LTA,OPEN
68038011,Scan Global Logistics A/S,WGU,1900004050,Johs. Gram-Hanssen A/S,Denmark,X12002,FCA,2025-02-28,180,S5010219,"Lightweight flak jacket,female, S, B-cup",5,0,LTA,OPEN
68037975,,AWEIS,1900020831,Wuyi Anbo Medical Equipment Manufac,China,X12001,DAP,2024-12-17,10,S0566014,"Infusion Arm Splint, Foldable, Adult",2000,2000,LTA,CLOSED
68037975,,AWEIS,1900020831,Wuyi Anbo Medical Equipment Manufac,China,X12001,DAP,2024-12-17,20,S0566015,"Infusion Arm Splint, Foldable, Child",2000,2000,LTA,CLOSED
68037975,,AWEIS,1900020831,Wuyi Anbo Medical Equipment Manufac,China,X12001,DAP,2024-12-27,30,S0845186,"Stand,infusion,double hook,on castors",1408,1408,LTA,CLOSED
68037979,,AWEIS,1900008382,United Poly Engineering Private Ltd,India,X12001,DAP,2025-02-07,10,S0572510,"Blanket,survival,220x140cm",108000,108000,LTA,CLOSED
68037977,,AWEIS,1900001612,Medela AG,Switzerland,X12004,DAP,2024-11-29,10,S0791501,"Vacuum extractor,Bird(ant&post),manu,set",320,320,LTA,CLOSED
68037980,,AWEIS,1900021784,Durable Hospital Supplies,Pakistan,X12002,DAP,2024-10-04,10,S0726000,"Forceps,artery,Kocher,140mm,str",10000,10000,LTA,CLOSED
68037989,,TNIELSEN,1900012918,Galentic Pharma (India) Pvt.Ltd,India,X12002,DAP,2024-12-15,10,S1521012,Erythromycin 0.5% eye ointment/TBE-3.5g,443360,446360,NONE,CLOSED
68037990,,TNIELSEN,1900012918,Galentic Pharma (India) Pvt.Ltd,India,X12001,DAP,2025-04-15,10,S1521012,Erythromycin 0.5% eye ointment/TBE-3.5g,740000,458170,NONE,OPEN
68037983,,NANXIONNAZ,1900001613,Medentech Ltd,Ireland,X12004,DAP,2024-10-21,10,S1588355,Water purif.(NaDCC) 33mg tabs/PAC-50,33120,33120,LTA,CLOSED
68037983,,NANXIONNAZ,1900001613,Medentech Ltd,Ireland,X12004,DAP,2024-10-21,20,S5006055,"NaDCC,Chlorine Granules 56%, 1/2kg",3024,3024,LTA,CLOSED
68037987,,NANXIONNAZ,1900008365,Tintometer GmbH,Germany,X12004,DAP,2024-10-11,10,S5006129,Chlorine/pH visual comparator,448,448,LTA,CLOSED
68037985,,AWEIS,1900005818,Missionpharma A/S,Denmark,X12004,DAP,2024-10-08,10,S0366010,"Syringe,feeding,50ml,catheter tip,ster",50480,50240,LTA,CLOSED
68037985,,AWEIS,1900005818,Missionpharma A/S,Denmark,X12004,DAP,2024-10-08,20,S0366020,"Syringe,feeding,50ml,luer tip,ster",50400,50240,LTA,CLOSED
68037985,,AWEIS,1900005818,Missionpharma A/S,Denmark,X12004,DAP,2024-10-08,30,S0531990,"Infusion giving set,w/burette,ster,s.u.",99990,99990,LTA,CLOSED
68037985,,AWEIS,1900005818,Missionpharma A/S,Denmark,X12004,DAP,2024-10-08,40,S0531991,"Infusion giving set,sterile,s.u.",200160,200160,LTA,CLOSED
68038015,,AWEIS,1900000137,Wisconsin Aluminum Foundry Co Inc,USA (the),X12001,DAP,2025-02-03,10,S0157000,"Sterilizer,steam,24L",504,504,LTA,CLOSED
68038015,,AWEIS,1900000137,Wisconsin Aluminum Foundry Co Inc,USA (the),X12001,DAP,2025-05-01,20,S0157000,"Sterilizer,steam,24L",216,0,LTA,OPEN
68038016,,AWEIS,1900000137,Wisconsin Aluminum Foundry Co Inc,USA (the),X12001,DAP,2025-04-23,10,S0156000,"Sterilizer,steam,39L",672,0,LTA,OPEN
68037991,,NSEREK,1900001503,Katadyn Products Inc,Switzerland,X12004,DAP,2024-11-07,10,S5619903,"Filter, drinking, approx. 10L container",2208,2208,LTA,CLOSED
68038007,,MKAZEMI,1900001025,Durbin PLC,United Kingdom,X12001,DAP,2024-11-20,10,S1543752,Bisoprolol fumarate 5mg tabs/PAC-2x14,25000,25000,LTA,CLOSED
68037994,,MKAZEMI,1900015853,Mepro Pharmaceuticals Pvt Ltd,India,X12001,DAP,2025-02-15,10,S1511502,Fluoxetine 20mg caps/PAC-10x10,39160,38634,LTA,CLOSED
68037995,,MKAZEMI,1900012086,AMEX Healthcare GmbH,Austria,X12004,DAP,2025-02-20,10,S1514130,Levonorgestrel 750mcg tabs/PAC-2  (I),70000,70200,LTA,CLOSED
68037996,,MKAZEMI,1900000468,Remedica Ltd.,Cyprus,X12002,DAP,2024-12-27,10,S1537150,Sulf.100mg+Trimet.20mg disp.tab/PAC10x10,63360,63360,LTA,CLOSED
68037997,,MKAZEMI,1900014773,MEDOPHARM,India,X12002,DAP,2025-02-05,10,S1543630,Diazepam 5mg tabs/PAC-100             pt,7000,7000,LTA,CLOSED
68037998,,MKAZEMI,1900014773,MEDOPHARM,India,X12001,DAP,2025-02-15,10,S1543751,Amlodipine 5mg tabs/PAC-10x10,10000,10000,LTA,CLOSED
68038010,,MKAZEMI,1900018197,Reyoung Pharmaceutical Co Ltd,China,X12001,DAP,2025-01-30,10,S1580020,Zinc 20mg tablets/PAC-10x10,100800,100800,LTA,CLOSED
68038002,,MKAZEMI,1900014283,Medreich Plc,United Kingdom,X12001,DAP,2025-03-30,10,S1552421,Acetylsalicylic acid 75mg tabs/PAC-1x28,45471,0,LTA,OPEN
68038002,,MKAZEMI,1900014283,Medreich Plc,United Kingdom,X12002,DAP,2025-01-18,20,S1552421,Acetylsalicylic acid 75mg tabs/PAC-1x28,8100,8100,LTA,CLOSED
68037992,Scan Global Logistics A/S,TNIELSEN,1900021554,TRIDEM PHARMA,France,X12002,FCA,2024-10-11,10,S1300008,Artesunate pdr./inj 60mg vial/BOX-1,50000,50000,LTA,CLOSED
62000164,Kuehne + Nagel A/S,PLPETERSEN,1900015387,NRS Relief FZCO,Utd.Arab.Emir.,X44906,FCA,2024-11-12,10,S5085500,"Portable Warehouse,GI/Alu+PVC,24x10m",5,5,NONE,CLOSED
68038047,,TNIELSEN,1900001709,Ovelle Limited,Ireland,X12004,DAP,2024-12-03,10,S1568200,Permethrin shampoo/solution 1%/BOT-100ml,27392,27408,LTA,CLOSED
68038051,,TNIELSEN,1900001709,Ovelle Limited,Ireland,X12004,DAP,2025-01-31,10,S1568200,Permethrin shampoo/solution 1%/BOT-100ml,36800,36432,LTA,CLOSED
68038001,,BKERNKAMP,1900019625,DuPont de Nemours (Luxembourg) S.à,Luxembourg,X12004,DAP,2024-10-15,10,S0305127,"Coverall,protection,CatIII,type 6b,XL",3000,3000,LTA,CLOSED
68038001,,BKERNKAMP,1900019625,DuPont de Nemours (Luxembourg) S.à,Luxembourg,X12004,DAP,2024-10-15,20,S0305101,"Coverall,protection,CatIII,Type3b,M",2000,2000,LTA,CLOSED
68038001,,BKERNKAMP,1900019625,DuPont de Nemours (Luxembourg) S.à,Luxembourg,X12004,DAP,2024-10-15,30,S0305102,"Coverall,protection,CatIII,Type3b,XL",2000,2000,LTA,CLOSED
68038001,,BKERNKAMP,1900019625,DuPont de Nemours (Luxembourg) S.à,Luxembourg,,DAP,2024-10-23,40,S0305103,"Coverall,protection,CatIII,Type 3b,L",2000,2000,LTA,CLOSED
68038000,,BKERNKAMP,1900019467,Barna Import Medica S.A.,Spain,X12004,DAP,2024-10-30,10,S0845205,"Gloves,heavy-duty,rubber/nitrile,M,pair",16000,16000,LTA,CLOSED
68038000,,BKERNKAMP,1900019467,Barna Import Medica S.A.,Spain,X12004,DAP,2024-10-30,20,S0845204,"Gloves,heavy-duty,rubber/nitrile,S,pair",7000,7000,LTA,CLOSED
68038000,,BKERNKAMP,1900019467,Barna Import Medica S.A.,Spain,X12004,DAP,2024-10-30,30,S0845206,"Gloves,heavy-duty,rubber/nitrile,L,pair",7000,7000,LTA,CLOSED
68038006,,AWEIS,1900011351,Narang Medical Ltd.,India,X12001,DAP,2025-03-21,10,S0361020,"Drawsheet,plastic,90x180cm",63360,63360,LTA,CLOSED
68037984,,AWEIS,1900016551,Romsons International,India,,DAP,2025-01-10,30,S0323302,"Catheter,Foley,CH14,ster,disp",16000,16000,LTA,CLOSED
68038003,,AWEIS,1900015320,Svizera Europe B V,Netherlands,X12004,DAP,2024-10-29,10,S0845164,"Bag,biohazard,yellow,50L,box/100",200,200,LTA,CLOSED
68038004,,AWEIS,1900011349,KD Medical GmbH Hospital Products,Germany,,DAP,2024-10-18,10,S0709233,"Cannula IV short 22G, ster, disp, BOX-50",5440,5440,LTA,CLOSED
68038004,,AWEIS,1900011349,KD Medical GmbH Hospital Products,Germany,,DAP,2024-12-16,20,S0709237,"Needle scalp vein 25G, ster, disp,BOX-50",1440,1440,LTA,CLOSED
68038004,,AWEIS,1900011349,KD Medical GmbH Hospital Products,Germany,,DAP,2024-11-11,30,S0709231,"Cannula IV short 18G, ster, disp, BOX-50",5440,5440,LTA,CLOSED
68038004,,AWEIS,1900011349,KD Medical GmbH Hospital Products,Germany,,DAP,2024-10-18,40,S0709236,"Needle scalp vein 21G, ster, disp,BOX-50",960,960,LTA,CLOSED
68038004,,AWEIS,1900011349,KD Medical GmbH Hospital Products,Germany,,DAP,2024-10-25,60,S0709240,"Three-way valve, Luer, w/caps/BOX-50",2400,2400,LTA,CLOSED
68038017,,MDASILVA,1900018197,Reyoung Pharmaceutical Co Ltd,China,X12001,DAP,2025-02-17,10,S1550030,Iron 60mg + Folic ac. 400mcg tab/PAC-100,194400,194400,LTA,CLOSED
68038022,,MDASILVA,1900021271,Lomapharm GmbH,Germany,X12004,DAP,2025-02-28,10,S1550030,Iron 60mg + Folic ac. 400mcg tab/PAC-100,218000,218000,LTA,CLOSED
68038023,,BKERNKAMP,1900022427,Eastwest Medico ApS,Denmark,X12001,DAP,2025-01-10,10,S0330125,"Gloves,exam,nitrile,ext cuff,M,BOX-100",4000,4000,LTA,CLOSED
68038023,,BKERNKAMP,1900022427,Eastwest Medico ApS,Denmark,X12001,DAP,2025-01-10,20,S0330126,"Gloves,exam,nitrile,ext cuff,L,BOX-100",4000,4000,LTA,CLOSED
68038023,,BKERNKAMP,1900022427,Eastwest Medico ApS,Denmark,X12001,DAP,2025-01-10,30,S0330124,"Gloves,exam,nitrile,ext cuff,S,BOX-100",2000,2000,LTA,CLOSED
68038081,,BMKRTCHYAN,1900000064,KBI Pharmaceuticals GmbH & Co. KG,Germany,X12004,DAP,2025-03-30,10,S1561120,ORS low osm. 20.5g/1L CAR/10x10,21168,0,LTA,OPEN
68038026,,MKAZEMI,1900000468,Remedica Ltd.,Cyprus,X12002,DAP,2024-12-27,10,S1514148,Prednisolone 5mg tabs/PAC-10x10,15000,15000,LTA,CLOSED
68038009,,MKAZEMI,1900000468,Remedica Ltd.,Cyprus,X12001,DAP,2025-02-23,10,S1555945,Clotrimazole 500mg vag.tabs/applicator,80960,80960,LTA,CLOSED
68038005,,BKERNKAMP,1900019467,Barna Import Medica S.A.,Spain,X12004,DAP,2024-10-15,10,S0327520,"Gloves,surg,pwdfree,7.5,ster,s.u.,pair",20000,20000,LTA,CLOSED
68038012,Kuehne + Nagel A/S,PLPETERSEN,1900015387,NRS Relief FZCO,Utd.Arab.Emir.,X12001,FCA,2024-10-24,20,S5088048,High Performance Tent - 48M2,7,7,LTA,CLOSED
68038012,Kuehne + Nagel A/S,PLPETERSEN,1900015387,NRS Relief FZCO,Utd.Arab.Emir.,X12001,FCA,2024-10-24,30,S5085500,"Portable Warehouse,GI/Alu+PVC,24x10m",1,1,NONE,CLOSED
68038021,Kuehne + Nagel A/S,AWEIS,1900010631,HEALTHIUM MEDTECH LTD,India,X12002,FCA,2024-10-24,10,S0564030,"Sut,abs,DEC3,spool/BOX-36",200,200,LTA,CLOSED
68038025,,MKAZEMI,1900014773,MEDOPHARM,India,X12002,DAP,2025-01-15,10,S1505115,"Co-amoxiclav 250mg+62,5mg DT PAC-5x10",3000,3066,LTA,CLOSED
68038173,,TNIELSEN,1900001025,Durbin PLC,United Kingdom,X12004,DAP,2024-12-05,10,S1555950,Morphine sulph.inj 10mg/ml 1ml/BOX-10 nt,4140,4140,NONE,CLOSED
68038013,,BMKRTCHYAN,1900018197,Reyoung Pharmaceutical Co Ltd,China,X12001,DAP,2025-01-02,10,S1561135,ORS low osm. flavour 20.5/1L/CAR10x10,6048,6048,LTA,CLOSED
68038014,,BMKRTCHYAN,1900014000,Renata Limited,Bangladesh,X12001,DAP,2025-02-05,10,S1561135,ORS low osm. flavour 20.5/1L/CAR10x10,8640,8640,LTA,CLOSED
68038018,Kuehne + Nagel A/S,MKAZEMI,1900006253,Ipca Laboratories Limited,India,X12002,FCA,2024-10-17,10,S1300008,Artesunate pdr./inj 60mg vial/BOX-1,32550,32550,LTA,CLOSED
68038019,,MKAZEMI,1900014773,MEDOPHARM,India,X12002,DAP,2025-02-06,10,S1559312,Phenobarbital 30mg tabs/PAC-10x10   pt,9000,9000,LTA,CLOSED
68038027,Kuehne + Nagel A/S,MKAZEMI,1900012560,Micro Labs Limited,India,X12002,FCA,2025-03-30,20,S1537321,Cefalexin 250mg caps/PAC-10x10,12000,0,LTA,OPEN
68038035,,MKAZEMI,1900000468,Remedica Ltd.,Cyprus,,DAP,2025-03-30,10,S1543711,Methyldopa 250mg tabs/PAC-10x10,44000,41155,LTA,OPEN
68038030,,MKAZEMI,1900001025,Durbin PLC,United Kingdom,X12004,DAP,2025-01-06,10,S1543752,Bisoprolol fumarate 5mg tabs/PAC-2x14,30000,30000,LTA,CLOSED
68038031,Kuehne + Nagel A/S,MKAZEMI,1900020345,Acme Formulation Pvt Ltd,India,X12002,FCA,2025-01-30,10,S1570501,Misoprostol 200mcg tabs/PAC-1x4,25000,25005,LTA,CLOSED
68038024,Scan Global Logistics A/S,MDASILVA,1900018197,Reyoung Pharmaceutical Co Ltd,China,X12002,FCA,2024-11-28,10,S1551005,Folic acid 5mg tabs/PAC-1000,5000,5000,LTA,CLOSED
68038033,,MDASILVA,1900000443,Purna Pharmaceuticals N.V.,Belgium,X12004,DAP,2025-02-24,10,S1550180,Ferrous sulp.oral sol. 125mg/ml/BOT-30ml,310000,312400,LTA,CLOSED
68038040,,SHVISWANATHA,1900006967,Hydrachem Limited,United Kingdom,X12004,DAP,2024-11-13,10,S5008345,Water purif.(NaDCC) 67mg tabs/BOX-400,4992,4992,LTA,CLOSED
68038040,,SHVISWANATHA,1900006967,Hydrachem Limited,United Kingdom,X12004,DAP,2024-11-13,20,S5008346,Water purif.(NaDCC) 67mg tabs/BOX-2800,498,498,LTA,CLOSED
68038038,,SHVISWANATHA,1900008365,Tintometer GmbH,Germany,X12004,DAP,2024-10-28,10,S5006129,Chlorine/pH visual comparator,896,896,LTA,CLOSED
68038049,,MKAZEMI,1900001025,Durbin PLC,United Kingdom,X12004,DAP,2025-02-20,10,S1555951,Morphine sulfate 10mg IR tabs/PAC-56 nt,1000,1000,LTA,CLOSED
68038032,,AWEIS,1900000451,SECA GmbH & Co. KG,Germany,,DAP,2024-10-28,10,S0145558,"Scale,infant,tray,20kgx5g,batteries",100,100,NONE,CLOSED
68038041,Scan Global Logistics A/S,SHILIU,1900020185,Abbott Rapid Dx International Limit,Ireland,X12002,FCA,2024-12-03,30,S0584613,"BiolineMalAgPf/PanNonSafetyLancet,kit/25",10000,10000,LTA,CLOSED
68038041,Scan Global Logistics A/S,SHILIU,1900020185,Abbott Rapid Dx International Limit,Ireland,X12002,FCA,2024-12-16,40,S0584613,"BiolineMalAgPf/PanNonSafetyLancet,kit/25",24445,24445,LTA,CLOSED
68038028,Scan Global Logistics A/S,TNIELSEN,1900021554,TRIDEM PHARMA,France,X12002,FCA,2024-10-17,10,S1300008,Artesunate pdr./inj 60mg vial/BOX-1,80000,80000,LTA,CLOSED
68038036,,SHVISWANATHA,1900001361,GOIZPER S. COOP,Spain,X12004,DAP,2024-11-06,10,S5006031,"Sprayer,compression type, approx. 11 L",1000,1000,LTA,CLOSED
68038034,,SHVISWANATHA,1900001860,Saponerie Mario Fissi S.R.L,Italy,X12004,DAP,2024-11-14,10,S0552000,"Soap,toilet,bar,approx.100-110g,wrapped",100800,100800,LTA,CLOSED
68038034,,SHVISWANATHA,1900001860,Saponerie Mario Fissi S.R.L,Italy,X12004,DAP,2024-12-18,20,S0552000,"Soap,toilet,bar,approx.100-110g,wrapped",100800,100800,LTA,CLOSED
68038034,,SHVISWANATHA,1900001860,Saponerie Mario Fissi S.R.L,Italy,X12004,DAP,2024-12-27,30,S0552000,"Soap,toilet,bar,approx.100-110g,wrapped",100800,100800,LTA,CLOSED
68038039,,SHVISWANATHA,1900010258,Procter & Gamble Company,USA (the),X12001,DAP,2024-12-13,10,S5007321,"Water floc. & disinfectant,pdr/BOX-240",17200,17200,LTA,CLOSED
68038048,Kuehne + Nagel A/S,TNIELSEN,1900006253,Ipca Laboratories Limited,India,X12004,FCA,2025-05-10,10,S1300008,Artesunate pdr./inj 60mg vial/BOX-1,30000,0,LTA,OPEN
68038044,,TNIELSEN,1900014549,Sirmaxo Chemicals Pvt Ltd,India,X12001,DAP,2025-01-31,10,S1531510,Chlorhexidine conc. sol. 5%/BOT-100ml,48000,48000,LTA,CLOSED
68038042,Kuehne + Nagel A/S,TNIELSEN,1900000983,Amstelfarma B.V.,Netherlands,X12004,FCA,2024-12-17,10,S1511500,Beclometa.oral inh. 0.05mg/ds 200ds,15000,15000,LTA,CLOSED
68038043,,TNIELSEN,1900015853,Mepro Pharmaceuticals Pvt Ltd,India,X12001,DAP,2025-02-10,10,S1515060,Miconazole nitrate cream 2%/TBE-30g,80000,83670,LTA,CLOSED
68038046,,TNIELSEN,1900014596,Macleods Pharmaceuticals Limited,India,X12002,DAP,2025-01-27,20,S1562020,Salbutamol oral inh. 0.1mg/ds 200ds,30000,30000,LTA,CLOSED
68038045,,TNIELSEN,1900014549,Sirmaxo Chemicals Pvt Ltd,India,X12001,DAP,2025-02-05,10,S1553110,Povidone iodine sol 10%/BOT-200ml,51200,51200,LTA,CLOSED
68038109,,AWEIS,1900009154,IMRES BV,Netherlands,X12001,DAP,2025-03-21,10,S0305025,"Towel,cotton,tetra,100x100cm",120000,0,NONE,OPEN
68038057,Kuehne + Nagel A/S,AWEIS,1900001115,Chempatex Medizinische,Germany,X12001,FCA,2024-12-02,10,S0512025,"Bandage,gauze,8cmx4m,roll",652000,652000,LTA,CLOSED
68038057,Kuehne + Nagel A/S,AWEIS,1900001115,Chempatex Medizinische,Germany,X12001,FCA,2024-12-02,20,S0523015,"Compress,gauze,10x10cm,n/ster/PAC-100",16800,16800,LTA,CLOSED
68038054,,AWEIS,1900021784,Durable Hospital Supplies,Pakistan,X12001,DAP,2025-01-27,10,S0106000,"Drum,sterilizing,165mm diam",7680,7680,LTA,CLOSED
68038075,,AWEIS,1900015844,Wrangler Instruments,Pakistan,X12001,DAP,2025-02-04,10,S0211000,"Basin,kidney,stainless steel,825ml",7680,7680,LTA,CLOSED
68038067,,AWEIS,1900008382,United Poly Engineering Private Ltd,India,X12001,DAP,2025-02-28,20,S0334700,"Jug,measuring,1L",4608,4608,LTA,CLOSED
68038055,Kuehne + Nagel A/S,AWEIS,1900006469,SURU INTERNATIONAL PVT LTD,India,X12001,FCA,2024-12-16,10,S0374025,"Tube,suction,CH14,L50cm,ster,disp",60000,60000,LTA,CLOSED
68038055,Kuehne + Nagel A/S,AWEIS,1900006469,SURU INTERNATIONAL PVT LTD,India,X12001,FCA,2024-12-16,20,S0374010,"Tube,suction,CH08,L50cm,ster,disp",30000,30000,LTA,CLOSED
68038055,Kuehne + Nagel A/S,AWEIS,1900006469,SURU INTERNATIONAL PVT LTD,India,X12001,FCA,2024-12-16,30,S0372020,"Tube,asp/feed,CH12,L125cm,ster,disp",30000,30000,LTA,CLOSED
68038055,Kuehne + Nagel A/S,AWEIS,1900006469,SURU INTERNATIONAL PVT LTD,India,X12001,FCA,2024-12-16,40,S0373500,"Tube,feeding,CH05,L40cm,ster,disp",60000,60000,LTA,CLOSED
68038055,Kuehne + Nagel A/S,AWEIS,1900006469,SURU INTERNATIONAL PVT LTD,India,X12001,FCA,2024-12-16,50,S0322010,"Catheter,urethral,CH12,ster,disp",100000,100000,LTA,CLOSED
68038055,Kuehne + Nagel A/S,AWEIS,1900006469,SURU INTERNATIONAL PVT LTD,India,X12001,FCA,2024-12-16,60,S0323302,"Catheter,Foley,CH14,ster,disp",36000,36000,LTA,CLOSED
68038055,Kuehne + Nagel A/S,AWEIS,1900006469,SURU INTERNATIONAL PVT LTD,India,X12001,FCA,2024-12-16,70,S0373000,"Tube,feeding,CH08,L40cm,ster,disp",60000,60000,LTA,CLOSED
68038053,,AWEIS,1900000451,SECA GmbH & Co. KG,Germany,X12001,DAP,2025-01-31,10,S0141025,"Scale,survey,mother/child,bat,150kg",2880,2880,LTA,CLOSED
68038056,,EPERNETTE,1900011349,KD Medical GmbH Hospital Products,Germany,X12004,DAP,2024-10-23,10,S0747432,"Needle,disp,21G,ster/BOX-100",10500,10500,LTA,CLOSED
68038056,,EPERNETTE,1900011349,KD Medical GmbH Hospital Products,Germany,X12004,DAP,2024-10-23,20,S0782205,"Syringe,disp,2ml,ster/BOX-100",5000,5000,LTA,CLOSED
68038050,Kuehne + Nagel A/S,TNIELSEN,1900016235,Ciron Drugs and Pharmaceuticals Pvt,India,X12002,FCA,2025-04-15,10,S1552610,Hydrocortisone pdr/inj 100mg vial/BOX-10,7000,0,LTA,OPEN
68038071,,MKAZEMI,1900001025,Durbin PLC,United Kingdom,X12004,DAP,2025-02-20,10,S1552426,Glyceryl trinitrate 500mcg tabs/PAC-100,3000,3000,LTA,CLOSED
68038068,,AWEIS,1900020895,Keter Italia S.p.A,Italy,X12004,DAP,2024-12-16,10,S0782216,"Container,sharps,leak-resistant,w\lid-L",7200,7200,LTA,CLOSED
68038067,,AWEIS,1900008382,United Poly Engineering Private Ltd,India,X12001,DAP,2025-02-28,10,S0921600,"Bottle,plastic,1L,w/screw cap",14976,14976,LTA,CLOSED
68038076,,AWEIS,1900021784,Durable Hospital Supplies,Pakistan,X12002,DAP,2024-12-12,10,S0715200,"Curette,uterine,Sims,12mm,sharp",1000,1000,LTA,CLOSED
68038076,,AWEIS,1900021784,Durable Hospital Supplies,Pakistan,X12002,DAP,2024-12-12,20,S0715300,"Scoop,uterine,Simon,12mm,sharp",1000,1000,LTA,CLOSED
68038076,,AWEIS,1900021784,Durable Hospital Supplies,Pakistan,X12002,DAP,2024-12-12,30,S0718210,"Dilators,uter,Hegar,d-e,3-4to17-18mm",1200,1200,LTA,CLOSED
68038076,,AWEIS,1900021784,Durable Hospital Supplies,Pakistan,X12002,DAP,2024-12-12,40,S0724000,"Forceps,artery,Kelly,140mm,cvd",1000,1000,LTA,CLOSED
68038076,,AWEIS,1900021784,Durable Hospital Supplies,Pakistan,X12002,DAP,2024-12-12,50,S0726000,"Forceps,artery,Kocher,140mm,str",10000,10000,LTA,CLOSED
68038076,,AWEIS,1900021784,Durable Hospital Supplies,Pakistan,X12002,DAP,2024-12-12,60,S0730000,"Forceps,artery,Halst-Mosq,125mm,cvd",5000,5000,LTA,CLOSED
68038076,,AWEIS,1900021784,Durable Hospital Supplies,Pakistan,X12002,DAP,2024-12-12,70,S0737000,"Forceps,tissue,standard,145mm,str",3000,3000,LTA,CLOSED
68038076,,AWEIS,1900021784,Durable Hospital Supplies,Pakistan,X12002,DAP,2024-12-12,80,S0742400,"Forceps,uterine,Museux,240mm,cvd",1200,1200,LTA,CLOSED
68038076,,AWEIS,1900021784,Durable Hospital Supplies,Pakistan,X12002,DAP,2024-12-12,90,S0743600,"Needle holder,Mayo-Hegar,180mm,str",3000,3000,LTA,CLOSED
68038076,,AWEIS,1900021784,Durable Hospital Supplies,Pakistan,X12002,DAP,2024-12-12,100,S0768400,"Retractor,vaginal,Doyen,45x85mm",2000,2000,LTA,CLOSED
68038076,,AWEIS,1900021784,Durable Hospital Supplies,Pakistan,X12002,DAP,2024-12-12,110,S0770600,"Scissors,Mayo,170mm,cvd,b/b",1000,1000,LTA,CLOSED
68038076,,AWEIS,1900021784,Durable Hospital Supplies,Pakistan,X12002,DAP,2024-12-12,120,S0771350,"Scissors,Metzem/Nelson,180mm,cvd,b/b",1000,1000,LTA,CLOSED
68038076,,AWEIS,1900021784,Durable Hospital Supplies,Pakistan,X12002,DAP,2024-12-12,130,S0773500,"Scissors,Deaver,140mm,str,s/b",6000,6000,LTA,CLOSED
68038076,,AWEIS,1900021784,Durable Hospital Supplies,Pakistan,X12002,DAP,2024-12-12,140,S0774700,"Scissors,gyneco,200mm,cvd,b/b",1000,1000,LTA,CLOSED
68038076,,AWEIS,1900021784,Durable Hospital Supplies,Pakistan,X12002,DAP,2024-12-12,150,S0775200,"Sound,uterine,Martin,320mm",1000,1000,LTA,CLOSED
68038076,,AWEIS,1900021784,Durable Hospital Supplies,Pakistan,X12002,DAP,2024-12-12,160,S0777000,"Speculum,vaginal,Graves,75x20mm",1200,1200,LTA,CLOSED
68038076,,AWEIS,1900021784,Durable Hospital Supplies,Pakistan,X12002,DAP,2024-12-12,170,S0777500,"Speculum,vaginal,Graves,95x35mm",2000,2000,LTA,CLOSED
68038076,,AWEIS,1900021784,Durable Hospital Supplies,Pakistan,X12002,DAP,2024-12-12,180,S0778000,"Speculum,vaginal,Graves,115x35mm",1200,1200,LTA,CLOSED
68038076,,AWEIS,1900021784,Durable Hospital Supplies,Pakistan,X12002,DAP,2024-12-12,190,S0779500,"Retractor,vaginal,Auvard,38x80mm",1000,1000,LTA,CLOSED
68038066,,AWEIS,1900005818,Missionpharma A/S,Denmark,X12001,DAP,2025-04-01,10,S0531991,"Infusion giving set,sterile,s.u.",702600,0,LTA,OPEN
62000166,Kuehne + Nagel A/S,PLPETERSEN,1900006246,"Puyoung Ind. Co., Ltd.","South Korea,Rep",X44906,FCA,2024-12-11,10,S5086013,Plastic Tarpaulin F.R. Sheet 4 x 50m,100,100,NONE,CLOSED
68038101,,TNIELSEN,1900002981,NOVO NORDISK A/S,Denmark,X12004,DAP,2025-02-15,10,S1560501,SolubleInsulin100IU/ml inj 10ml vl/BOX-1,2000,2000,LTA,CLOSED
68038061,,TNIELSEN,1900001026,B Braun Melsungen AG,Germany,X12004,DAP,2025-01-09,10,S1569650,Naloxone inj 400mcg/ml 1ml amp/BOX-10,1500,1500,LTA,CLOSED
68038063,,TNIELSEN,1900018859,Hameln Pharma Ltd,United Kingdom,X12004,DAP,2024-11-27,10,S1543625,Diazepam inj 5mg/ml 2ml amp/BOX-10    pt,10000,10000,LTA,CLOSED
68038062,,TNIELSEN,1900001026,B Braun Melsungen AG,Germany,X12004,DAP,2025-02-06,10,S1555208,Bupivacaine 5mg/ml inj 20ml amp/BOX-20,570,570,LTA,CLOSED
68038058,,AWEIS,1900011304,Bicakcilar Global Tibbi Urunler,Türkiye,X12004,DAP,2024-12-27,10,S0390021,"Airway,Guedel,size1,ster,single use",4800,4800,LTA,CLOSED
68038058,,AWEIS,1900011304,Bicakcilar Global Tibbi Urunler,Türkiye,X12004,DAP,2024-12-27,20,S0390041,"Airway,Guedel,size2,ster,single use",4800,4800,LTA,CLOSED
68038058,,AWEIS,1900011304,Bicakcilar Global Tibbi Urunler,Türkiye,X12004,DAP,2024-12-27,30,S0390051,"Airway,Guedel,size3,ster,single use",3600,3600,LTA,CLOSED
68038065,Kuehne + Nagel A/S,TNIELSEN,1900014549,Sirmaxo Chemicals Pvt Ltd,India,X12001,FCA,2025-01-23,10,S1519500,Benzyl benzoate 25% lotion /BOT-1000ml,19200,19200,LTA,CLOSED
68038099,Kuehne + Nagel A/S,TNIELSEN,1900014623,CSPC Zhongnuo Pharmaceutical,China,X12001,FCA,2025-01-10,10,S1520011,Benzylpenicillin pdr/inj 5MIUvial/BOX-50,4748,0,LTA,OPEN
68038070,,NANXIONNAZ,1900002764,Jose Miguel Poveda S.A. (JOMIPSA),Spain,X12004,DAP,2024-11-05,10,S5007315,"Bucket,HDPE,with lid,14 l",10080,10080,LTA,CLOSED
68038059,,AWEIS,1900019065,Qingdao Narising International Trad,China,X12001,DAP,2025-02-06,10,S0523050,"Compress,paraffin,10x10cm,ster/BOX-10",51000,51000,LTA,CLOSED
68038059,,AWEIS,1900019065,Qingdao Narising International Trad,China,X12001,DAP,2025-02-06,20,S0523058,"Swab,alcohol,6x3cm,BOX-100",7200,7200,LTA,CLOSED
68038059,,AWEIS,1900019065,Qingdao Narising International Trad,China,X12001,DAP,2025-02-06,30,S0523055,"Compress,gauze,10x10cm,ster/PAC-5",414720,414720,LTA,CLOSED
68038052,,AWEIS,1900022348,Albino Dias de Andrade,Portugal,X12004,DAP,2024-12-02,10,S0512015,"Bandage,elastic,7.5cmx5m,roll",58320,60480,LTA,CLOSED
68038060,,NANXIONNAZ,1900002822,LABARONNE CITAF SAS,France,X12004,DAP,2024-11-11,10,S5006019,"Water tank,collapsible,5000l,w/dist.kit",26,26,LTA,CLOSED
68038060,,NANXIONNAZ,1900002822,LABARONNE CITAF SAS,France,X12004,DAP,2024-11-11,20,S5006020,"Water tank,collapsible,10000l,w/dist.kit",12,12,LTA,CLOSED
68038074,,AWEIS,1900005947,Fazzini s.r.l.,Italy,X12004,DAP,2024-11-07,10,S0760640,"Pump,suction,foot-operated",500,500,NONE,CLOSED
68038069,,AWEIS,1900005947,Fazzini s.r.l.,Italy,X12004,DAP,2024-12-12,10,S0782214,"Container,sharps,leak-resistant,w\lid-S",2500,2500,LTA,CLOSED
68038077,,BMKRTCHYAN,1900014916,Sandoz d d,Slovenia,X12004,DAP,2024-10-29,10,S1520011,Benzylpenicillin pdr/inj 5MIUvial/BOX-50,2000,2000,LTA,CLOSED
68038082,,NANXIONNAZ,1900001613,Medentech Ltd,Ireland,X12004,DAP,2024-11-28,10,S1588355,Water purif.(NaDCC) 33mg tabs/PAC-50,22080,22080,LTA,CLOSED
68038082,,NANXIONNAZ,1900001613,Medentech Ltd,Ireland,X12004,DAP,2024-11-28,20,S1588360,Water purif.(NaDCC) 1.67g tabs/PAC-200,1008,1008,LTA,CLOSED
62000166,Kuehne + Nagel A/S,PLPETERSEN,1900006246,"Puyoung Ind. Co., Ltd.","South Korea,Rep",X44906,FCA,2024-12-11,20,S5086014,Plastic Tarpaulin F.R. Sheet (4x5m),2000,2000,NONE,CLOSED
68038078,,BKERNKAMP,1900019467,Barna Import Medica S.A.,Spain,X12004,DAP,2024-10-31,10,S0305135,"Mask,surgic,typeIIR,tiestrap,disp.pack50",15000,15000,LTA,CLOSED
68038072,,MKAZEMI,1900014773,MEDOPHARM,India,X12001,DAP,2025-03-15,10,S1555979,Paracetamol 100mg disp. tabs/PAC-100,154560,154560,LTA,CLOSED
68038083,,MKAZEMI,1900006474,FDC Limited,India,X12001,DAP,2025-06-15,10,S1561125,"ReSoMal,42g sachet for 1 litre/CAR-100",2880,0,LTA,OPEN
68038093,,BMKRTCHYAN,1900014000,Renata Limited,Bangladesh,X12001,DAP,2025-02-12,10,S1561120,ORS low osm. 20.5g/1L CAR/10x10,3680,3680,LTA,CLOSED
68038089,,BMKRTCHYAN,1900018197,Reyoung Pharmaceutical Co Ltd,China,X12001,DAP,2025-03-15,20,S1561120,ORS low osm. 20.5g/1L CAR/10x10,12096,12096,LTA,CLOSED
68038142,,MKAZEMI,1900015853,Mepro Pharmaceuticals Pvt Ltd,India,X12001,DAP,2025-04-02,10,S1561135,ORS low osm. flavour 20.5/1L/CAR10x10,11520,0,LTA,OPEN
68038158,Scan Global Logistics A/S,TNIELSEN,1900021554,TRIDEM PHARMA,France,X12002,FCA,2024-12-13,10,S1300008,Artesunate pdr./inj 60mg vial/BOX-1,50000,50000,LTA,CLOSED
68038075,,AWEIS,1900015844,Wrangler Instruments,Pakistan,X12001,DAP,2025-02-04,20,S0773500,"Scissors,Deaver,140mm,str,s/b",20000,20000,LTA,CLOSED
68038075,,AWEIS,1900015844,Wrangler Instruments,Pakistan,X12001,DAP,2025-02-04,30,S0774700,"Scissors,gyneco,200mm,cvd,b/b",3000,3000,LTA,CLOSED
68038079,,AWEIS,1900005947,Fazzini s.r.l.,Italy,X12004,DAP,2024-12-16,10,S0774750,"Scissors,umbilical cord,b/b,sterile",17000,17000,LTA,CLOSED
68038080,,IMUNOZ,1900012086,AMEX Healthcare GmbH,Austria,,DAP,2024-12-09,10,S0969030,"Container, sample, 50 ml, box/10",300,300,NONE,CLOSED
68038153,,BKERNKAMP,1900001115,Chempatex Medizinische,Germany,X12004,DAP,2024-11-29,10,S0189000,"Weighing trousers,infant,25kg,PAC-5",2160,2160,LTA,CLOSED
68038153,,BKERNKAMP,1900001115,Chempatex Medizinische,Germany,X12004,DAP,2024-11-29,20,S0141022,"Scale,mother/child,batteries,250kg",765,765,LTA,CLOSED
68038087,,BMKRTCHYAN,1900018197,Reyoung Pharmaceutical Co Ltd,China,X12001,DAP,2025-02-20,10,S1580022,ORS fl.1Lx2+ Zinc 20mg 10tabs.kit/PAC,100000,100000,LTA,CLOSED
68038073,,EPERNETTE,1900011349,KD Medical GmbH Hospital Products,Germany,X12004,DAP,2024-10-25,10,S0782398,"Needle,disp,23G,SIP,ster/BOX-100",1024,1024,LTA,CLOSED
68038107,,BKERNKAMP,1900011351,Narang Medical Ltd.,India,X12001,DAP,2025-04-01,10,S0305081,"Trousers,surgical,woven,size L",6000,0,LTA,OPEN
68038107,,BKERNKAMP,1900011351,Narang Medical Ltd.,India,X12001,DAP,2025-04-01,20,S0305082,"Trousers,surgical,woven,size XL",5000,0,LTA,OPEN
68038107,,BKERNKAMP,1900011351,Narang Medical Ltd.,India,X12001,DAP,2025-05-30,30,S0305083,"Tunic,surgical,woven,size M",1500,0,LTA,OPEN
68038107,,BKERNKAMP,1900011351,Narang Medical Ltd.,India,X12001,DAP,2025-04-01,40,S0305084,"Tunic,surgical,woven, size L",5000,0,LTA,OPEN
68038107,,BKERNKAMP,1900011351,Narang Medical Ltd.,India,X12001,DAP,2025-02-14,50,S0305085,"Tunic,surgical,woven,size XL",4000,0,LTA,OPEN
68038108,,BKERNKAMP,1900008236,Fleischhacker GmbH & Co.KG,Germany,X12004,DAP,2025-01-24,10,S0305140,"Gown,surgic,nonster,nonwoven,STD,disp,XL",10000,4000,LTA,OPEN
68038097,,BKERNKAMP,1900001115,Chempatex Medizinische,Germany,X12004,DAP,2025-03-15,10,S0145558,"Scale,infant,tray,20kgx5g,batteries",540,540,LTA,CLOSED
68038097,,BKERNKAMP,1900001115,Chempatex Medizinische,Germany,X12004,DAP,2025-04-15,20,S0145558,"Scale,infant,tray,20kgx5g,batteries",540,0,LTA,OPEN
68038088,Kuehne + Nagel A/S,TNIELSEN,1900009466,Ajanta Pharma Limited,India,X12002,FCA,2025-01-28,10,S1300063,Artemeth20mg+Lumefan120mg tabs/24/PAC-30,6400,6400,LTA,CLOSED
68038088,Kuehne + Nagel A/S,TNIELSEN,1900009466,Ajanta Pharma Limited,India,X12002,FCA,2025-01-28,20,S1300074,Artem 20mg+Lumef120mg disp tabs/6/PAC-30,5008,5008,LTA,CLOSED
68038085,Scan Global Logistics A/S,TNIELSEN,1900021554,TRIDEM PHARMA,France,X12002,FCA,2024-11-15,10,S1300008,Artesunate pdr./inj 60mg vial/BOX-1,50000,50000,LTA,CLOSED
68038094,,TNIELSEN,1900016885,Fresenius Kabi,Denmark,X12004,DAP,2025-02-04,10,S1560822,Compound Sodium Lactate 1L bag/BOX-10,25352,25265,LTA,CLOSED
68038084,,MKAZEMI,1900000468,Remedica Ltd.,Cyprus,X12002,DAP,2024-12-20,10,S1543630,Diazepam 5mg tabs/PAC-100             pt,5700,5700,NONE,CLOSED
68038161,,TNIELSEN,1900001709,Ovelle Limited,Ireland,X12004,DAP,2025-01-28,10,S1568201,Permethrin 5% cream/TBE 30g,19000,17600,LTA,CLOSED
68038166,,TNIELSEN,1900012918,Galentic Pharma (India) Pvt.Ltd,India,X12001,DAP,2025-03-20,10,S1568201,Permethrin 5% cream/TBE 30g,76800,80560,LTA,CLOSED
68038091,Kuehne + Nagel A/S,TNIELSEN,1900016608,Hetero Labs Ltd,India,X12002,FCA,2025-01-31,10,S1400652,DTG50mg+3TC300mg+TDF300mg tabs/PAC-30 gb,33120,33120,LTA,CLOSED
68038114,,BKERNKAMP,1900019467,Barna Import Medica S.A.,Spain,X12004,DAP,2024-11-08,10,S0327500,"Gloves,surg,pwdfree,6.5,ster,s.u.,pair",1000,1000,LTA,CLOSED
68038114,,BKERNKAMP,1900019467,Barna Import Medica S.A.,Spain,X12004,DAP,2024-11-08,20,S0327510,"Gloves,surg,pwdfree,7,ster,s.u.,pair",12000,12000,LTA,CLOSED
68038114,,BKERNKAMP,1900019467,Barna Import Medica S.A.,Spain,X12004,DAP,2024-11-08,30,S0327520,"Gloves,surg,pwdfree,7.5,ster,s.u.,pair",25000,25000,LTA,CLOSED
68038114,,BKERNKAMP,1900019467,Barna Import Medica S.A.,Spain,X12004,DAP,2024-11-08,40,S0327540,"Gloves,surg,pwdfree,8.5,ster,s.u.,pair",40000,40000,LTA,CLOSED
68038113,Kuehne + Nagel A/S,TNIELSEN,1900001026,B Braun Melsungen AG,Germany,X12004,FCA,2025-02-26,10,S1552115,Glucose hyperton.inj 50% 50mL vl/BOX-20,3780,3579,LTA,CLOSED
68038092,,MKAZEMI,1900014773,MEDOPHARM,India,X12001,DAP,2025-03-20,10,S1555966,Paracetamol 250mg disp. tabs/PAC-10x10,300000,150000,LTA,OPEN
68038102,,TNIELSEN,1900014063,NCPC International Corp,China,X12001,DAP,2025-03-15,10,S1559005,Benzabenzylpen.pdr/inj 2.4MIUvl/BOX-50,4536,0,LTA,OPEN
68038098,,BMKRTCHYAN,1900014308,MILAN LABORATORIES (INDIA) PVT. LTD,India,X12001,DAP,2025-02-28,10,S1533010,Ibuprofen 200mg tabs/PAC 10x10,80000,79208,LTA,CLOSED
68038100,Kuehne + Nagel A/S,TNIELSEN,1900020581,JSC Kalceks,Latvia,X12004,FCA,2024-11-06,10,S1559355,Magn.sulph.inj 500mg/ml 10ml amp/BOX-10,6000,6000,LTA,CLOSED
68038106,,TNIELSEN,1900001025,Durbin PLC,United Kingdom,X12004,DAP,2025-02-20,10,S1504014,Metoclopramide inj 5mg/ml 2ml amp/BOX-10,5000,5000,LTA,CLOSED
68038096,,TNIELSEN,1900012098,Novartis Pharma Services AG,Switzerland,X12004,DAP,2024-11-23,10,S1300063,Artemeth20mg+Lumefan120mg tabs/24/PAC-30,6008,6008,LTA,CLOSED
68038105,,TNIELSEN,1900007417,DEMO S.A. Pharmaceutical Industry,Greece,X12001,DAP,2025-04-30,10,S1514010,Atropine inj 1mg/ml 1ml amp/BOX-10,6000,0,LTA,OPEN
68038172,,TNIELSEN,1900001026,B Braun Melsungen AG,Germany,X12004,DAP,2025-02-19,10,S1555206,Lidocaine inj 1% 20ml ampl/BOX-20,9640,9640,LTA,CLOSED
68038104,Panalpina / DSV Air & Sea A/S,TNIELSEN,1900019367,JSC Grindeks,Latvia,X12004,FCA,2025-03-31,10,S1545300,Oxytocin inj 10 IU 1ml amp/BOX-10,48000,0,LTA,OPEN
68038103,,TNIELSEN,1900007417,DEMO S.A. Pharmaceutical Industry,Greece,X12001,DAP,2025-04-29,10,S1552118,Glucose 10% 500ml bot/BOX-20,2500,0,LTA,OPEN
68038122,,MKAZEMI,1900000468,Remedica Ltd.,Cyprus,X12001,DAP,2025-03-20,10,S1544402,Doxycycline 100mg tabs PAC/10x10,126720,0,LTA,OPEN
68038110,,MKAZEMI,1900006253,Ipca Laboratories Limited,India,X12001,DAP,2025-04-30,10,S1580020,Zinc 20mg tablets/PAC-10x10,200000,0,LTA,OPEN
68038111,,MKAZEMI,1900018197,Reyoung Pharmaceutical Co Ltd,China,X12001,DAP,2025-04-30,10,S1580020,Zinc 20mg tablets/PAC-10x10,100800,0,LTA,OPEN
68038160,,BKERNKAMP,1900000451,SECA GmbH & Co. KG,Germany,X12001,DAP,2025-02-13,20,S0114520,"Length/height board,baby/child/adult",312,312,LTA,CLOSED
68038160,,BKERNKAMP,1900000451,SECA GmbH & Co. KG,Germany,X12001,DAP,2025-02-27,60,S0114520,"Length/height board,baby/child/adult",480,480,LTA,CLOSED
68038160,,BKERNKAMP,1900000451,SECA GmbH & Co. KG,Germany,X12001,DAP,2025-02-20,50,S0114520,"Length/height board,baby/child/adult",192,192,LTA,CLOSED
68038160,,BKERNKAMP,1900000451,SECA GmbH & Co. KG,Germany,X12001,DAP,2025-03-06,80,S0114520,"Length/height board,baby/child/adult",72,0,LTA,OPEN
68038160,,BKERNKAMP,1900000451,SECA GmbH & Co. KG,Germany,X12001,DAP,2025-02-20,30,S0141024,"Scale,survey,mother/chld,bat.solar,150kg",600,600,LTA,CLOSED
68038160,,BKERNKAMP,1900000451,SECA GmbH & Co. KG,Germany,X12001,DAP,2025-02-20,40,S0141023,"Scale,mother/child,batteries,solar,250kg",600,600,LTA,CLOSED
68038160,,BKERNKAMP,1900000451,SECA GmbH & Co. KG,Germany,X12001,DAP,2025-02-13,10,S0145555,"Scale,spring type,infant,25kgx100g",2520,2520,LTA,CLOSED
68038160,,BKERNKAMP,1900000451,SECA GmbH & Co. KG,Germany,X12001,DAP,2025-03-06,70,S0145555,"Scale,spring type,infant,25kgx100g",2520,0,LTA,OPEN
68038152,,STAHERISAEID,1900014955,Phoenix Design Aid A S,Denmark,X12002,DAP,2024-11-18,10,S0145580,"Instruction sheet, Clean delivery kit",60000,60600,NONE,CLOSED
68038152,,STAHERISAEID,1900014955,Phoenix Design Aid A S,Denmark,X12002,DAP,2024-11-18,20,S0145590,"User feedback sheet, IEHK",5000,5100,NONE,CLOSED
68038123,,BMKRTCHYAN,1900015853,Mepro Pharmaceuticals Pvt Ltd,India,X12001,DAP,2025-03-15,10,S1533010,Ibuprofen 200mg tabs/PAC 10x10,80000,78549,LTA,CLOSED
68038125,,MKAZEMI,1900018197,Reyoung Pharmaceutical Co Ltd,China,X12001,DAP,2025-01-15,10,S1533001,Co-Amoxiclav 500mg+125mg tabs/PAC3x5,172200,172200,LTA,CLOSED
68038115,,TNIELSEN,1900012918,Galentic Pharma (India) Pvt.Ltd,India,X12001,DAP,2025-05-05,10,S1515060,Miconazole nitrate cream 2%/TBE-30g,151360,88590,LTA,OPEN
68038115,,TNIELSEN,1900012918,Galentic Pharma (India) Pvt.Ltd,India,X12001,DAP,2025-05-05,20,S1515060,Miconazole nitrate cream 2%/TBE-30g,8640,8640,LTA,CLOSED
68038118,,TNIELSEN,1900012918,Galentic Pharma (India) Pvt.Ltd,India,X12001,DAP,2025-05-05,10,S1515060,Miconazole nitrate cream 2%/TBE-30g,99999,0,LTA,OPEN
68038117,,TNIELSEN,1900014549,Sirmaxo Chemicals Pvt Ltd,India,X12001,DAP,2025-02-08,10,S1553110,Povidone iodine sol 10%/BOT-200ml,102400,51200,LTA,OPEN
68038086,,TNIELSEN,1900020581,JSC Kalceks,Latvia,X12004,DAP,2024-11-19,20,S1514140,Dexamethasone Phos 4mg/ml 1ml amp/BOX-10,6600,6600,NONE,CLOSED
68038116,,TNIELSEN,1900001025,Durbin PLC,United Kingdom,X12004,DAP,2025-03-31,10,S1555950,Morphine sulph.inj 10mg/ml 1ml/BOX-10 nt,2000,0,LTA,OPEN
68038132,,TNIELSEN,1900000064,KBI Pharmaceuticals GmbH & Co. KG,Germany,X12004,DAP,2025-07-15,10,S1561120,ORS low osm. 20.5g/1L CAR/10x10,42336,0,LTA,OPEN
68038139,,AWEIS,1900008382,United Poly Engineering Private Ltd,India,X12001,DAP,2025-03-14,10,S0237000,"Bowl,stainless steel,180ml",14400,0,LTA,OPEN
68038139,,AWEIS,1900008382,United Poly Engineering Private Ltd,India,X12001,DAP,2025-03-14,20,S0279000,"Tray,dressing,ss,300x200x30mm",17920,0,LTA,OPEN
68038139,,AWEIS,1900008382,United Poly Engineering Private Ltd,India,X12001,DAP,2025-03-14,30,S0107700,"Drum,sterilizing,260mm diam",96,0,LTA,OPEN
68038139,,AWEIS,1900008382,United Poly Engineering Private Ltd,India,X12001,DAP,2025-03-14,40,S0109000,"Drum,sterilizing,340mm diam",60,0,LTA,OPEN
68038121,,AWEIS,1900019065,Qingdao Narising International Trad,China,X12001,DAP,2025-02-10,10,S0512015,"Bandage,elastic,7.5cmx5m,roll",483840,483840,LTA,CLOSED
68038137,,AWEIS,1900022348,Albino Dias de Andrade,Portugal,X12004,DAP,2025-01-03,10,S0512015,"Bandage,elastic,7.5cmx5m,roll",190080,190080,LTA,CLOSED
68038140,,AWEIS,1900010631,HEALTHIUM MEDTECH LTD,India,X12001,DAP,2025-04-01,10,S0564004,"Sut,abs,DEC2,need 3/8 26mm,tri/BOX-36",5184,0,LTA,OPEN
68038140,,AWEIS,1900010631,HEALTHIUM MEDTECH LTD,India,X12001,DAP,2025-04-01,20,S0564050,"Sut,abs,DEC4,need 1/2 30mm,round/BOX-36",1728,0,LTA,OPEN
68038140,,AWEIS,1900010631,HEALTHIUM MEDTECH LTD,India,X12001,DAP,2025-04-01,30,S0564012,"Sut,abs,DEC3,need 1/2 30mm,round/BOX-36",2304,0,LTA,OPEN
68038140,,AWEIS,1900010631,HEALTHIUM MEDTECH LTD,India,X12001,DAP,2025-04-01,40,S0564040,"Sut,abs,DEC4,need 3/8 50mm,round/BOX-36",2304,0,LTA,OPEN
68038140,,AWEIS,1900010631,HEALTHIUM MEDTECH LTD,India,X12001,DAP,2025-04-01,50,S0565040,"Sut,nonabs,DEC4,need 1/2 30mm,rnd/BOX-36",576,0,LTA,OPEN
68038140,,AWEIS,1900010631,HEALTHIUM MEDTECH LTD,India,X12001,DAP,2025-04-01,60,S0564030,"Sut,abs,DEC3,spool/BOX-36",576,0,LTA,OPEN
68038067,,AWEIS,1900008382,United Poly Engineering Private Ltd,India,X12001,DAP,2025-02-28,30,S0919305,"Bottle,plastic,250ml,wash bottle",8100,8100,LTA,CLOSED
68038133,,MKAZEMI,1900014773,MEDOPHARM,India,X12001,DAP,2025-03-30,10,S1543755,Enalapril maleate 5mg tabs/PAC-10x10,60000,0,LTA,OPEN
68038131,,MKAZEMI,1900000468,Remedica Ltd.,Cyprus,X12001,DAP,2025-03-19,10,S1543755,Enalapril maleate 5mg tabs/PAC-10x10,30000,30000,LTA,CLOSED
68038135,,TNIELSEN,1900016885,Fresenius Kabi,Denmark,X12004,DAP,2025-05-25,10,S1560832,Water for injection 10ml amp/BOX-50,40000,0,LTA,OPEN
68038119,,MKAZEMI,1900014773,MEDOPHARM,India,X12001,DAP,2025-04-10,10,S1555370,Albendazole 400mg chewable tabs/PAC-100,103500,70000,LTA,OPEN
68038120,,TNIELSEN,1900007785,Morningside Pharmaceuticals Ltd.,United Kingdom,X12004,DAP,2024-11-20,10,S1533003,Cefotaxime 500mg pdr/inj. vial/BOX-10,1400,1400,LTA,CLOSED
68038124,,MKAZEMI,1900014308,MILAN LABORATORIES (INDIA) PVT. LTD,India,X12001,DAP,2025-02-28,10,S1504008,Omeprazole 20mg capsules (e/c) PAC/10x10,70792,70792,LTA,CLOSED
68038124,,MKAZEMI,1900014308,MILAN LABORATORIES (INDIA) PVT. LTD,India,X12002,DAP,2024-12-27,20,S1504008,Omeprazole 20mg capsules (e/c) PAC/10x10,8000,8000,LTA,CLOSED
68038126,,MKAZEMI,1900001025,Durbin PLC,United Kingdom,X12001,DAP,2025-02-20,10,S1543752,Bisoprolol fumarate 5mg tabs/PAC-2x14,90000,30000,LTA,OPEN
68038127,,MKAZEMI,1900007784,SM Pharmaceuticals SDN. BHD,Malaysia,X12001,DAP,2025-02-15,10,S1555964,Paracetamol 500mg tabs/PAC-10x10,250000,250000,LTA,CLOSED
68038128,,MKAZEMI,1900000468,Remedica Ltd.,Cyprus,X12001,DAP,2025-02-28,10,S1559370,Carbamazepine 200mg tabs/PAC-10x10,30000,30000,LTA,CLOSED
68038129,Kuehne + Nagel A/S,MKAZEMI,1900020345,Acme Formulation Pvt Ltd,India,X12002,FCA,2025-04-15,10,S1570501,Misoprostol 200mcg tabs/PAC-1x4,25000,0,LTA,OPEN
68038134,,TNIELSEN,1900016885,Fresenius Kabi,Denmark,X12004,DAP,2025-06-25,10,S1505099,Ampicillin pdr/inj 500mg vial/BOX-50,15000,0,LTA,OPEN
68038136,,AWEIS,1900019065,Qingdao Narising International Trad,China,X12001,DAP,2025-02-18,10,S0523015,"Compress,gauze,10x10cm,n/ster/PAC-100",30240,30240,LTA,CLOSED
68038130,,BMKRTCHYAN,1900014916,Sandoz d d,Slovenia,X12004,DAP,2025-03-30,10,S1505075,Amoxicillin 500mg disp.tab/PAC-100,69552,15000,LTA,OPEN
68038136,,AWEIS,1900019065,Qingdao Narising International Trad,China,X12001,DAP,2025-02-14,20,S0519000,"Cotton wool,500g,roll,non-ster",16800,16800,LTA,CLOSED
68038141,Panalpina / DSV Air & Sea A/S,MKAZEMI,1900014617,Atabay Pharmaceuticals and,Türkiye,X12002,FCA,2025-01-31,10,S1553011,Ibuprofen 400mg tabs/PAC 10x10,25000,10000,LTA,OPEN
68038139,,AWEIS,1900008382,United Poly Engineering Private Ltd,India,X12001,DAP,2025-03-14,50,S0170000,"Stove,kerosene,single-burner,pressure",1872,0,LTA,OPEN
68038212,,TNIELSEN,1900014596,Macleods Pharmaceuticals Limited,India,X12001,DAP,2025-04-30,10,S1552610,Hydrocortisone pdr/inj 100mg vial/BOX-10,21000,0,LTA,OPEN
68038143,,TNIELSEN,1900019765,S Kant Healthcare Ltd.,India,X12001,DAP,2025-04-30,60,S1531011,Azithromycin pdr/or s 200mg/5ml/BOT-15ml,49000,49000,LTA,CLOSED
68038145,,TNIELSEN,1900014549,Sirmaxo Chemicals Pvt Ltd,India,X12001,DAP,2025-04-02,30,S1531042,Chlorhex.diglu.7.1% gel cord.c.TBE/20g,96000,0,LTA,OPEN
68038146,,TNIELSEN,1900012559,Gland Pharma Ltd,India,X12001,DAP,2025-08-05,10,S1551961,Gentamicin inj 10mg/ml 2ml amp/BOX-50,9000,0,LTA,OPEN
68038145,,TNIELSEN,1900014549,Sirmaxo Chemicals Pvt Ltd,India,X12001,DAP,2025-04-02,10,S1553105,Povidone iodine sol 10%/BOT-500ml,30240,0,LTA,OPEN
68038138,,AWEIS,1900005947,Fazzini s.r.l.,Italy,X12004,DAP,2024-11-22,10,S0845157,"Otoscope, set.",1000,1000,LTA,CLOSED
68038147,,MKAZEMI,1900018197,Reyoung Pharmaceutical Co Ltd,China,X12001,DAP,2025-03-25,10,S1561135,ORS low osm. flavour 20.5/1L/CAR10x10,18144,18144,LTA,CLOSED
68038148,,MKAZEMI,1900018197,Reyoung Pharmaceutical Co Ltd,China,X12001,DAP,2025-03-30,10,S1553011,Ibuprofen 400mg tabs/PAC 10x10,50000,0,LTA,OPEN
68038149,,MKAZEMI,1900014308,MILAN LABORATORIES (INDIA) PVT. LTD,India,X12001,DAP,2025-03-15,10,S1553011,Ibuprofen 400mg tabs/PAC 10x10,50000,47795,LTA,CLOSED
68038157,Kuehne + Nagel A/S,AWEIS,1900006469,SURU INTERNATIONAL PVT LTD,India,X12001,FCA,2024-11-29,10,S0330501,"Bag,urine collecting,2L,drain.,sterile",100800,100800,LTA,CLOSED
68038155,,TNIELSEN,1900012047,Square Pharmaceuticals PLC,Bangladesh,X12001,DAP,2025-03-12,10,S1533005,Flucloxacil125mg/5ml pdr/or liq/BOT100ml,5000,0,LTA,OPEN
68038151,,TNIELSEN,1900015853,Mepro Pharmaceuticals Pvt Ltd,India,X12001,DAP,2025-03-30,10,S1505122,Silver Sulfadiaz. 1% cream 50g unsterile,40000,0,LTA,OPEN
68038143,,TNIELSEN,1900019765,S Kant Healthcare Ltd.,India,X12001,DAP,2025-01-31,50,S1537135,Sul.200mg+Trim.40mg/5ml or.sus/BOT-100ml,50760,49140,LTA,CLOSED
68038143,,TNIELSEN,1900019765,S Kant Healthcare Ltd.,India,X12001,DAP,2025-01-31,40,S1546310,Erythro.pdr/oral sus 125mg/5ml/BOT-100ml,49302,49302,LTA,CLOSED
68038143,,TNIELSEN,1900019765,S Kant Healthcare Ltd.,India,X12001,DAP,2025-01-31,10,S1585009,Paracetamol 120mg/5ml or.liq/BOT-60ml,181440,179802,LTA,CLOSED
68038150,Kuehne + Nagel A/S,TNIELSEN,1900000983,Amstelfarma B.V.,Netherlands,X12004,FCA,2024-12-12,10,S1511500,Beclometa.oral inh. 0.05mg/ds 200ds,15000,15000,LTA,CLOSED
68038145,,TNIELSEN,1900014549,Sirmaxo Chemicals Pvt Ltd,India,X12001,DAP,2025-04-02,20,S1531505,Chlorhexidine conc. sol. 5%/BOT-1000ml,19530,0,LTA,OPEN
68038143,,TNIELSEN,1900019765,S Kant Healthcare Ltd.,India,X12001,DAP,2025-01-31,20,S1555930,"Nystatin oral sus 100,000IU/ml/BOT-30ml",60000,65000,LTA,CLOSED
68038144,,TNIELSEN,1900014596,Macleods Pharmaceuticals Limited,India,,DAP,2025-02-15,20,S1562020,Salbutamol oral inh. 0.1mg/ds 200ds,30000,30000,LTA,CLOSED
68038156,,NANXIONNAZ,1900001613,Medentech Ltd,Ireland,X12004,DAP,2024-12-26,10,S1588360,Water purif.(NaDCC) 1.67g tabs/PAC-200,3024,3024,LTA,CLOSED
68038156,,NANXIONNAZ,1900001613,Medentech Ltd,Ireland,X12004,DAP,2024-12-26,20,S5008346,Water purif.(NaDCC) 67mg tabs/BOX-2800,420,420,LTA,CLOSED
68038159,,NANXIONNAZ,1900002822,LABARONNE CITAF SAS,France,X12004,DAP,2024-12-06,10,S5006019,"Water tank,collapsible,5000l,w/dist.kit",8,8,LTA,CLOSED
68038159,,NANXIONNAZ,1900002822,LABARONNE CITAF SAS,France,X12004,DAP,2024-12-06,20,S5006020,"Water tank,collapsible,10000l,w/dist.kit",6,6,LTA,CLOSED
68038143,,TNIELSEN,1900019765,S Kant Healthcare Ltd.,India,X12001,DAP,2025-03-30,30,S1555690,Metronidazol pdr/o.s.200mg/5ml/BOT-100ml,32800,32800,LTA,CLOSED
68038200,Kuehne + Nagel A/S,PLPETERSEN,1900016865,Streamflow Polyweave PVT. LTD.,India,X12001,FCA,2024-12-10,10,S0575060,"Plastic Mat w/o logo,1.8 x 0.9m/BALE-25",180,0,NONE,OPEN
68038163,,MKAZEMI,1900015951,Universal Corporation Limited,Kenya,X12001,DAP,2025-05-31,10,S1580022,ORS fl.1Lx2+ Zinc 20mg 10tabs.kit/PAC,95040,0,LTA,OPEN
68038164,,MKAZEMI,1900014000,Renata Limited,Bangladesh,X12001,DAP,2025-02-05,10,S1580022,ORS fl.1Lx2+ Zinc 20mg 10tabs.kit/PAC,154560,154560,LTA,CLOSED
68038162,,MKAZEMI,1900018197,Reyoung Pharmaceutical Co Ltd,China,X12001,DAP,2025-04-29,10,S1580022,ORS fl.1Lx2+ Zinc 20mg 10tabs.kit/PAC,226800,0,LTA,OPEN
68038165,,BKERNKAMP,1900008236,Fleischhacker GmbH & Co.KG,Germany,X12004,DAP,2025-01-24,10,S0845220,"Bag,biohazard,yellow,20L,BOX-100",1500,1500,LTA,CLOSED
68038175,,AWEIS,1900021784,Durable Hospital Supplies,Pakistan,X12002,DAP,2025-02-03,10,S0721000,"Forceps,dressing,standard,155mm,str",25000,25000,LTA,CLOSED
68038175,,AWEIS,1900021784,Durable Hospital Supplies,Pakistan,X12002,DAP,2025-02-03,20,S0725000,"Forceps,artery,Mixter,230mm",1000,1000,LTA,CLOSED
68038175,,AWEIS,1900021784,Durable Hospital Supplies,Pakistan,X12002,DAP,2025-02-03,30,S0726000,"Forceps,artery,Kocher,140mm,str",10000,10000,LTA,CLOSED
68038176,,AWEIS,1900012086,AMEX Healthcare GmbH,Austria,X12001,DAP,2025-03-22,10,S0370115,"Prongs,nasal,Oxygen,child,s.u.",40000,0,LTA,OPEN
68038176,,AWEIS,1900012086,AMEX Healthcare GmbH,Austria,X12001,DAP,2025-03-22,20,S0370125,"Prongs,nasal,Oxygen,neonate,s.u.",20000,0,LTA,OPEN
68038174,,AWEIS,1900011349,KD Medical GmbH Hospital Products,Germany,X12004,DAP,2024-12-02,10,S0782403,"Cannula,IV short,18G,SIP,ster,disp,BOX50",1200,1200,LTA,CLOSED
68038174,,AWEIS,1900011349,KD Medical GmbH Hospital Products,Germany,X12004,DAP,2024-12-02,20,S0782402,"Cannula,IV short,20G,SIP,ster,disp,BOX50",600,600,LTA,CLOSED
68038174,,AWEIS,1900011349,KD Medical GmbH Hospital Products,Germany,X12004,DAP,2024-12-02,30,S0782401,"Cannula,IV short,22G,SIP,ster,disp,BOX50",600,600,LTA,CLOSED
68038174,,AWEIS,1900011349,KD Medical GmbH Hospital Products,Germany,X12004,DAP,2024-12-02,40,S0782400,"Cannula,IV short,24G,SIP,ster,disp,BOX50",900,900,LTA,CLOSED
68038179,,BKERNKAMP,1900016305,PKP Bardejov S.r.o.,Slovakia,X12004,DAP,2025-01-14,10,S0114530,"Length/height board,baby/child,SET-2",702,702,LTA,CLOSED
68038179,,BKERNKAMP,1900016305,PKP Bardejov S.r.o.,Slovakia,X12004,DAP,2025-02-18,20,S0114530,"Length/height board,baby/child,SET-2",702,702,LTA,CLOSED
68038179,,BKERNKAMP,1900016305,PKP Bardejov S.r.o.,Slovakia,X12004,DAP,2025-03-05,30,S0114530,"Length/height board,baby/child,SET-2",702,702,LTA,CLOSED
68038184,,BKERNKAMP,1900019726,Dunlop Protective Footwear B.V.,Netherlands,X12004,DAP,2024-12-10,10,S0305042,"Boots,rubber/PVC,reusable,pair,size42",1920,1920,NONE,CLOSED
68038184,,BKERNKAMP,1900019726,Dunlop Protective Footwear B.V.,Netherlands,X12004,DAP,2024-12-10,20,S0305044,"Boots,rubber/PVC,reusable,pair,size44",576,576,NONE,CLOSED
68038179,,BKERNKAMP,1900016305,PKP Bardejov S.r.o.,Slovakia,X12004,DAP,2025-02-04,40,S0114540,"Length/height board,baby/chld/adlt,SET-2",468,468,LTA,CLOSED
68038179,,BKERNKAMP,1900016305,PKP Bardejov S.r.o.,Slovakia,X12004,DAP,2025-03-11,50,S0114540,"Length/height board,baby/chld/adlt,SET-2",468,468,LTA,CLOSED
68038215,,WGU,1900002424,Albe Emballage A/S,Denmark,X12004,DAP,2024-12-13,20,S8902041,LabelsA6-White-Man.Printers-Land.,100,100,NONE,CLOSED
68038215,,WGU,1900002424,Albe Emballage A/S,Denmark,X12004,DAP,2024-12-13,30,S8902042,LabelsA5-White-Man.Printers-Land.,20,20,NONE,CLOSED
68038215,,WGU,1900002424,Albe Emballage A/S,Denmark,X12004,DAP,2024-12-13,40,S8902043,LabelsA6-White-Auto.Printers-Portr.,20,20,NONE,CLOSED
68038230,,WGU,1900014798,Celio Packaging ApS,Denmark,X12004,DAP,2024-12-20,10,S8903067,"PP Strapping,12X0.55mm, PCR",96,96,NONE,CLOSED
68038326,,TNIELSEN,1900006885,Cipla Ltd,India,X12002,DAP,2025-06-15,10,S1400729,ABC60+DTG5+3TC30mg disp.tab/PAC-90 NoCTN,10000,0,LTA,OPEN
68038177,Scan Global Logistics A/S,LSUN,1900020904,"Hangzhou Biotest Biotech Co., Ltd",China,X12002,FCA,2024-12-04,10,S0584506,"Pregnancy,Urine,HCG,MidStream,1T/kit",10000,10000,LTA,CLOSED
68038215,,WGU,1900002424,Albe Emballage A/S,Denmark,X12004,DAP,2024-11-26,10,S8903055,"Plastic foil f. auto wrapper, campus 2",300,300,LTA,CLOSED
68038217,,WGU,1900006531,MC Emballage A/S,Denmark,X12004,DAP,2024-11-26,10,S8903060,Top plast.foil f auto wrapper width 1600,40,40,LTA,CLOSED
68038187,,BKERNKAMP,1900019467,Barna Import Medica S.A.,Spain,X12004,DAP,2024-12-10,20,S0305150,"Apron,protection,heavy-duty,reusable",5000,5000,LTA,CLOSED
68038187,,BKERNKAMP,1900019467,Barna Import Medica S.A.,Spain,X12004,DAP,2024-12-15,10,S0845203,"Apron,protection,plastic,disp,PAC-100",2000,2000,LTA,CLOSED
68038187,,BKERNKAMP,1900019467,Barna Import Medica S.A.,Spain,X12004,DAP,2025-01-15,30,S0845203,"Apron,protection,plastic,disp,PAC-100",3000,3000,LTA,CLOSED
68038182,,BKERNKAMP,1900016014,Rudolf Riester GmbH,Germany,X12004,DAP,2024-11-30,10,S0481056,"Thermometer, clinical, digital, no Li",4000,4000,LTA,CLOSED
68038183,,BKERNKAMP,1900005947,Fazzini s.r.l.,Italy,X12004,DAP,2024-12-30,10,S0481056,"Thermometer, clinical, digital, no Li",26000,11000,LTA,OPEN
68038182,,BKERNKAMP,1900016014,Rudolf Riester GmbH,Germany,X12004,DAP,2024-11-30,20,S0481057,"Thermometer,clinical,non-cntct,incl bat",3000,3000,LTA,CLOSED
68038183,,BKERNKAMP,1900005947,Fazzini s.r.l.,Italy,X12004,DAP,2024-11-30,20,S0481057,"Thermometer,clinical,non-cntct,incl bat",2000,2000,LTA,CLOSED
68038188,,BKERNKAMP,1900022427,Eastwest Medico ApS,Denmark,X12004,DAP,2025-02-15,10,S0969021,"Gloves,exam,nitrile,pwdfree,S,BOX-100",10100,10100,LTA,CLOSED
68038189,,BKERNKAMP,1900019467,Barna Import Medica S.A.,Spain,X12004,DAP,2024-11-30,10,S0969021,"Gloves,exam,nitrile,pwdfree,S,BOX-100",5000,5000,LTA,CLOSED
68038188,,BKERNKAMP,1900022427,Eastwest Medico ApS,Denmark,X12004,DAP,2025-02-15,20,S0969025,"Gloves,exam,nitrile,pwdfree,M,BOX-100",10300,10300,LTA,CLOSED
68038188,,BKERNKAMP,1900022427,Eastwest Medico ApS,Denmark,X12004,DAP,2025-02-15,30,S0969026,"Gloves,exam,nitrile,pwdfree,L,BOX-100",10100,10100,LTA,CLOSED
68038189,,BKERNKAMP,1900019467,Barna Import Medica S.A.,Spain,X12004,DAP,2024-11-30,20,S0969026,"Gloves,exam,nitrile,pwdfree,L,BOX-100",3000,3000,LTA,CLOSED
68038171,,TNIELSEN,1900007417,DEMO S.A. Pharmaceutical Industry,Greece,X12001,DAP,2025-06-15,10,S1501000,Epinephrine inj 1mg/ml 1ml amp/BOX-10,11800,0,LTA,OPEN
68038178,,TNIELSEN,1900001025,Durbin PLC,United Kingdom,X12004,DAP,2025-06-30,10,S1551050,"Heparin 5000IU/ml inj, 5ml vial/PAC-10",6000,0,LTA,OPEN
68038168,Kuehne + Nagel A/S,TNIELSEN,1900020581,JSC Kalceks,Latvia,X12004,FCA,2024-12-10,10,S1559355,Magn.sulph.inj 500mg/ml 10ml amp/BOX-10,6000,6000,LTA,CLOSED
68038181,,BKERNKAMP,1900012695,"Hangzhou Cereal, Oils &",China,X12001,DAP,2025-02-17,30,S0145632,"MUAC,Adult,w/o color code,PAC-50,French",11220,11220,LTA,CLOSED
68038181,,BKERNKAMP,1900012695,"Hangzhou Cereal, Oils &",China,X12001,DAP,2025-02-17,40,S0145630,"MUAC,Adult,w/o color code,PAC-50,English",38016,38016,LTA,CLOSED
68038181,,BKERNKAMP,1900012695,"Hangzhou Cereal, Oils &",China,X12001,DAP,2025-02-17,50,S0145620,"MUAC,Child 11.5 Red,PAC-50,English",44880,44880,LTA,CLOSED
68038181,,BKERNKAMP,1900012695,"Hangzhou Cereal, Oils &",China,X12001,DAP,2025-02-17,10,S0145635,"MUAC,Child 11.5 Red,PAC-50,French",33660,33660,LTA,CLOSED
68038181,,BKERNKAMP,1900012695,"Hangzhou Cereal, Oils &",China,X12001,DAP,2025-02-17,20,S0145635,"MUAC,Child 11.5 Red,PAC-50,French",33660,33660,LTA,CLOSED
68038190,,MKAZEMI,1900001025,Durbin PLC,United Kingdom,X12004,DAP,2024-12-12,10,S1506001,Acetylsalicylic acid 300mg tab/PAC-10x10,25000,25000,LTA,CLOSED
68038193,,MKAZEMI,1900015853,Mepro Pharmaceuticals Pvt Ltd,India,X12001,DAP,2025-03-15,10,S1531009,Azithromycin 250mg tablets/PAC-6,147000,13320,LTA,OPEN
68038194,,MKAZEMI,1900014773,MEDOPHARM,India,,DAP,2025-07-15,10,S1531009,Azithromycin 250mg tablets/PAC-6,150000,0,LTA,OPEN
68038197,,MKAZEMI,1900015853,Mepro Pharmaceuticals Pvt Ltd,India,,DAP,2025-03-15,10,S1533010,Ibuprofen 200mg tabs/PAC 10x10,75000,49492,LTA,OPEN
68038198,,MKAZEMI,1900014308,MILAN LABORATORIES (INDIA) PVT. LTD,India,X12001,DAP,2025-05-10,10,S1533010,Ibuprofen 200mg tabs/PAC 10x10,80000,49504,LTA,OPEN
68038191,,MKAZEMI,1900014617,Atabay Pharmaceuticals and,Türkiye,X12001,DAP,2025-05-10,10,S1537120,Sulf.800mg+Trimet.160mg tabs/PAC-10x10,40000,0,LTA,OPEN
68038195,,MKAZEMI,1900000468,Remedica Ltd.,Cyprus,X12001,DAP,2025-04-15,10,S1546315,Erythromycin 250mg tabs/PAC-10x10,140000,34690,LTA,OPEN
68038217,,WGU,1900006531,MC Emballage A/S,Denmark,X12004,DAP,2024-12-20,40,S8913860,"Staples Lock 18, BOX 20",15,15,NONE,CLOSED
68038217,,WGU,1900006531,MC Emballage A/S,Denmark,X12004,DAP,2024-12-12,50,S8913881,"Staples 140/8 for Rapid 34,box/1000",20,20,NONE,CLOSED
68038217,,WGU,1900006531,MC Emballage A/S,Denmark,X12004,DAP,2024-12-12,60,S8913992,Boxcutter,30,30,NONE,CLOSED
68038217,,WGU,1900006531,MC Emballage A/S,Denmark,X12004,DAP,2024-12-12,70,S8913993,"Blade,for boxcutter S8913992/BOX-100",30,30,NONE,CLOSED
68038217,,WGU,1900006531,MC Emballage A/S,Denmark,X12004,DAP,2024-11-26,20,S8903050,"Tape, clear, 50 mm x 66 m roll",4752,4752,NONE,CLOSED
68038217,,WGU,1900006531,MC Emballage A/S,Denmark,X12004,DAP,2024-12-05,30,S8903025,"Tape, clear, TESA 4100 for Miniload",72,72,NONE,CLOSED
68038220,,WGU,1900020101,All 4 Labels Denmark SB A/S,Denmark,X12004,DAP,2024-12-12,10,S8902039,Thermal ribbon BLACK,100,100,NONE,CLOSED
68038220,,WGU,1900020101,All 4 Labels Denmark SB A/S,Denmark,X12004,DAP,2024-12-12,20,S8501040,"Thermal Transfer Ribbon,110mmx360m",100,100,NONE,CLOSED
68038196,,MKAZEMI,1900014773,MEDOPHARM,India,X12001,DAP,2025-03-15,10,S1555652,Metronidazole 500mg tabs PAC/10x10,73600,0,LTA,OPEN
68038169,,TNIELSEN,1900007417,DEMO S.A. Pharmaceutical Industry,Greece,X12004,DAP,2025-06-15,10,S1552118,Glucose 10% 500ml bot/BOX-20,2500,0,LTA,OPEN
68038167,,TNIELSEN,1900021380,Cheplapharm Arzneimittel GmbH,Germany,X12004,DAP,2025-05-15,10,S1560202,Phytomenadione 2mg/0.2ml inj. amp/BOX-5,5000,0,LTA,OPEN
62000168,Kuehne + Nagel A/S,PLPETERSEN,1900015387,NRS Relief FZCO,Utd.Arab.Emir.,X44906,FCA,2024-12-12,10,S5088048,High Performance Tent - 48M2,68,68,LTA,CLOSED
68038295,Scan Global Logistics A/S,TNIELSEN,1900014623,CSPC Zhongnuo Pharmaceutical,China,X12002,FCA,2025-02-05,10,S1531019,Benzylpenicillin pdr/inj 1MIU vl/BOX-100,1000,1000,LTA,CLOSED
68038185,,TNIELSEN,1900007417,DEMO S.A. Pharmaceutical Industry,Greece,X12001,DAP,2025-03-31,10,S1560832,Water for injection 10ml amp/BOX-50,14720,0,LTA,OPEN
68038192,,TNIELSEN,1900014596,Macleods Pharmaceuticals Limited,India,X12002,DAP,2025-03-31,10,S1562020,Salbutamol oral inh. 0.1mg/ds 200ds,60000,59998,LTA,OPEN
68038209,,AWEIS,1900008236,Fleischhacker GmbH & Co.KG,Germany,X12004,DAP,2025-01-15,10,S1802209,"Battery,drycell,alkaline,'AA',1.5V/PAC-4",2400,2400,LTA,CLOSED
68038210,,AWEIS,1900020895,Keter Italia S.p.A,Italy,X12004,DAP,2025-01-17,10,S0782215,"Container,sharps,leak-resistant,w\lid-M",9120,9120,LTA,CLOSED
68038207,,TNIELSEN,1900001026,B Braun Melsungen AG,Germany,X12004,DAP,2025-03-25,10,S1555206,Lidocaine inj 1% 20ml ampl/BOX-20,9825,9070,LTA,CLOSED
68038205,,AWEIS,1900008236,Fleischhacker GmbH & Co.KG,Germany,X12004,DAP,2025-01-17,10,S0686000,"Stethoscope,binaural,complete",9900,9900,LTA,CLOSED
68038201,,AWEIS,1900016551,Romsons International,India,X12001,DAP,2025-03-10,10,S0323301,"Catheter,Foley,CH12,ster,disp",20000,20000,LTA,CLOSED
68038201,,AWEIS,1900016551,Romsons International,India,X12001,DAP,2025-03-10,20,S0372000,"Tube,asp/feed,CH06,L125cm,ster,disp",30000,30000,LTA,CLOSED
68038219,,IMUNOZ,1900012086,AMEX Healthcare GmbH,Austria,X12002,DAP,2025-02-10,10,S0969036,"Cary-Blair,agar,swab,disposable,BOX/10",600,600,LTA,CLOSED
68038202,,AWEIS,1900019065,Qingdao Narising International Trad,China,X12001,DAP,2025-03-10,10,S0512015,"Bandage,elastic,7.5cmx5m,roll",241920,241920,LTA,CLOSED
68038203,,AWEIS,1900012086,AMEX Healthcare GmbH,Austria,X12001,DAP,2025-03-21,10,S0531991,"Infusion giving set,sterile,s.u.",207000,0,LTA,OPEN
68038204,,AWEIS,1900005947,Fazzini s.r.l.,Italy,X12004,DAP,2025-01-15,10,S0683200,"Sphygmomanometer,(adult),aneroid",10000,5000,LTA,OPEN
68038204,,AWEIS,1900005947,Fazzini s.r.l.,Italy,X12004,DAP,2025-01-15,20,S0686000,"Stethoscope,binaural,complete",3000,1000,LTA,OPEN
68038204,,AWEIS,1900005947,Fazzini s.r.l.,Italy,X12004,DAP,2025-02-14,30,S0686500,"Stethoscope,foetal,Pinard",4000,4000,LTA,CLOSED
68038199,,BKERNKAMP,1900005947,Fazzini s.r.l.,Italy,X12004,DAP,2025-01-31,10,S0145555,"Scale,spring type,infant,25kgx100g",5000,5000,LTA,CLOSED
68038206,,AWEIS,1900011349,KD Medical GmbH Hospital Products,Germany,X12004,DAP,2025-01-10,10,S0709231,"Cannula IV short 18G, ster, disp, BOX-50",3200,3200,LTA,CLOSED
68038206,,AWEIS,1900011349,KD Medical GmbH Hospital Products,Germany,X12004,DAP,2024-12-10,20,S0709233,"Cannula IV short 22G, ster, disp, BOX-50",3520,3520,LTA,CLOSED
68038206,,AWEIS,1900011349,KD Medical GmbH Hospital Products,Germany,X12004,DAP,2024-12-10,30,S0709232,"Cannula IV short 20G, ster, disp, BOX-50",640,640,LTA,CLOSED
68038206,,AWEIS,1900011349,KD Medical GmbH Hospital Products,Germany,X12004,DAP,2024-12-10,40,S0709234,"Cannula IV short 24G, ster, disp, BOX-50",2560,2560,LTA,CLOSED
68038206,,AWEIS,1900011349,KD Medical GmbH Hospital Products,Germany,X12004,DAP,2024-12-10,50,S0709235,"Cannula,IV short,16G,ster,disp, BOX-50",640,640,LTA,CLOSED
68038206,,AWEIS,1900011349,KD Medical GmbH Hospital Products,Germany,X12004,DAP,2024-12-10,60,S0709236,"Needle scalp vein 21G, ster, disp,BOX-50",480,480,LTA,CLOSED
68038206,,AWEIS,1900011349,KD Medical GmbH Hospital Products,Germany,X12004,DAP,2024-12-10,70,S0709237,"Needle scalp vein 25G, ster, disp,BOX-50",3360,3360,LTA,CLOSED
68038206,,AWEIS,1900011349,KD Medical GmbH Hospital Products,Germany,X12004,DAP,2024-12-10,80,S0709240,"Three-way valve, Luer, w/caps/BOX-50",720,720,LTA,CLOSED
68038206,,AWEIS,1900011349,KD Medical GmbH Hospital Products,Germany,X12004,DAP,2024-12-10,90,S0744300,"Needle,scalp vein,25G,ster,disp",16000,16000,LTA,CLOSED
68038206,,AWEIS,1900011349,KD Medical GmbH Hospital Products,Germany,X12004,DAP,2024-12-10,100,S0744301,"Needle,scalp vein,23G,ster,disp/BOX-50",960,960,LTA,CLOSED
68038206,,AWEIS,1900011349,KD Medical GmbH Hospital Products,Germany,X12004,DAP,2024-12-10,110,S0744400,"Needle,scalp vein,21G,ster,disp",16000,16000,LTA,CLOSED
68038238,,AWEIS,1900016452,Revital Healthcare EPZ Ltd,Kenya,X12001,DAP,2025-03-28,10,S0709231,"Cannula IV short 18G, ster, disp, BOX-50",1080,0,LTA,OPEN
68038238,,AWEIS,1900016452,Revital Healthcare EPZ Ltd,Kenya,X12001,DAP,2025-03-28,20,S0709232,"Cannula IV short 20G, ster, disp, BOX-50",432,0,LTA,OPEN
68038238,,AWEIS,1900016452,Revital Healthcare EPZ Ltd,Kenya,X12001,DAP,2025-03-28,30,S0709233,"Cannula IV short 22G, ster, disp, BOX-50",1512,0,LTA,OPEN
68038238,,AWEIS,1900016452,Revital Healthcare EPZ Ltd,Kenya,X12001,DAP,2025-03-28,40,S0709234,"Cannula IV short 24G, ster, disp, BOX-50",1512,0,LTA,OPEN
68038208,,AWEIS,1900001612,Medela AG,Switzerland,X12004,DAP,2025-01-15,10,S0791500,"Vacuum extractor,Bird,manual,comple.set",300,300,LTA,CLOSED
68038232,,BKERNKAMP,1900019625,DuPont de Nemours (Luxembourg) S.à,Luxembourg,X12004,DAP,2024-12-12,10,S0305103,"Coverall,protection,CatIII,Type 3b,L",5000,5000,LTA,CLOSED
68038232,,BKERNKAMP,1900019625,DuPont de Nemours (Luxembourg) S.à,Luxembourg,X12004,DAP,2024-12-12,20,S0305117,"Coverall,protection,CatIII,type 6b,L",3000,3000,LTA,CLOSED
68038232,,BKERNKAMP,1900019625,DuPont de Nemours (Luxembourg) S.à,Luxembourg,X12004,DAP,2024-12-12,30,S0305126,"Coverall,protection,CatIII,type 6b,M",2000,2000,LTA,CLOSED
68038232,,BKERNKAMP,1900019625,DuPont de Nemours (Luxembourg) S.à,Luxembourg,X12004,DAP,2024-12-12,40,S0305127,"Coverall,protection,CatIII,type 6b,XL",2000,2000,LTA,CLOSED
68038234,,BKERNKAMP,1900012695,"Hangzhou Cereal, Oils &",China,X12001,DAP,2025-03-20,10,S0145620,"MUAC,Child 11.5 Red,PAC-50,English",44800,44800,LTA,CLOSED
68038236,,AWEIS,1900005947,Fazzini s.r.l.,Italy,X12004,DAP,2025-01-15,10,S0782214,"Container,sharps,leak-resistant,w\lid-S",2500,2500,LTA,CLOSED
68038214,,TNIELSEN,1900014308,MILAN LABORATORIES (INDIA) PVT. LTD,India,X12001,DAP,2025-03-30,10,S1505046,Amoxicillin 125mg/5ml pdr.or.s/BOT-100ml,300000,98003,LTA,OPEN
68038175,,AWEIS,1900021784,Durable Hospital Supplies,Pakistan,X12002,DAP,2025-02-03,40,S0722500,"Forceps,dressing,Cheron,250mm",5000,5000,LTA,CLOSED
68038276,,TNIELSEN,1900001025,Durbin PLC,United Kingdom,X12004,DAP,2025-03-18,10,S1552305,Protamine sulfate 10mg/ml inj 5ml/BOX-10,1500,1500,LTA,CLOSED
68038246,Kuehne + Nagel A/S,PLPETERSEN,1900015387,NRS Relief FZCO,Utd.Arab.Emir.,X12001,FCA,2024-12-12,20,S5088024,High Performance Tent - 24M2,30,30,LTA,CLOSED
68038246,Kuehne + Nagel A/S,PLPETERSEN,1900015387,NRS Relief FZCO,Utd.Arab.Emir.,X12001,FCA,2024-12-12,10,S5088048,High Performance Tent - 48M2,48,48,LTA,CLOSED
62000171,DHL Global Forwarding (Denmark) A/S,PLPETERSEN,1900015387,NRS Relief FZCO,Utd.Arab.Emir.,X33308,FCA,2025-01-03,10,S5088072,High Performance Tent - 72M2,8,0,LTA,OPEN
62000171,DHL Global Forwarding (Denmark) A/S,PLPETERSEN,1900015387,NRS Relief FZCO,Utd.Arab.Emir.,X33308,FCA,2025-01-03,20,S5088048,High Performance Tent - 48M2,2,0,LTA,OPEN
62000171,DHL Global Forwarding (Denmark) A/S,PLPETERSEN,1900015387,NRS Relief FZCO,Utd.Arab.Emir.,X33308,FCA,2025-01-03,30,S5088024,High Performance Tent - 24M2,2,0,LTA,OPEN
62000171,DHL Global Forwarding (Denmark) A/S,PLPETERSEN,1900015387,NRS Relief FZCO,Utd.Arab.Emir.,X33308,FCA,2025-01-03,40,S5086013,Plastic Tarpaulin F.R. Sheet 4 x 50m,10,0,NONE,OPEN
68038216,,MDASILVA,1900014773,MEDOPHARM,India,X12001,DAP,2025-03-30,10,S1580006,Ascorbic acid 250mg tabs/100x10BLIS,2000,0,LTA,OPEN
62000167,Kuehne + Nagel A/S,SHVISWANATHA,1900016590,RELIEF SUPPLIER,India,X44906,FCA,2024-12-04,10,S5007311,"Water-cont,LDPE,10l,collapsibl.,w/o logo",39600,39600,LTA,CLOSED
68038239,,MSERGIO,1900011349,KD Medical GmbH Hospital Products,Germany,X12003,DAP,2024-12-12,10,S0747420,"Needle,disp,19G,ster/BOX-100",10500,10500,LTA,CLOSED
68038239,,MSERGIO,1900011349,KD Medical GmbH Hospital Products,Germany,X12003,DAP,2024-12-12,20,S0747432,"Needle,disp,21G,ster/BOX-100",10500,10500,LTA,CLOSED
68038239,,MSERGIO,1900011349,KD Medical GmbH Hospital Products,Germany,X12003,DAP,2024-12-12,30,S0747452,"Needle,disp,23G,ster/BOX-100",5600,5600,LTA,CLOSED
68038239,,MSERGIO,1900011349,KD Medical GmbH Hospital Products,Germany,X12003,DAP,2024-12-12,40,S0782205,"Syringe,disp,2ml,ster/BOX-100",2000,2000,LTA,CLOSED
68038267,,MSERGIO,1900021010,Smurfit Westrock Sverige AB,Sweden,X12004,DAP,2024-12-12,20,S0782379,"Safety box f.used syrg/ndl5L,Smur/BOX-25",3456,3456,LTA,CLOSED
68038239,,MSERGIO,1900011349,KD Medical GmbH Hospital Products,Germany,,DAP,2024-12-12,50,S0782440,"Syringe,insulin,1ml,U-100,30-31G/BOX-100",1728,1728,LTA,CLOSED
68038239,,MSERGIO,1900011349,KD Medical GmbH Hospital Products,Germany,,DAP,2024-12-12,60,S0782413,"Syringe,disp,10ml,ster/BOX-100",4992,4992,LTA,CLOSED
68038239,,MSERGIO,1900011349,KD Medical GmbH Hospital Products,Germany,,DAP,2024-12-12,70,S0782205,"Syringe,disp,2ml,ster/BOX-100",2000,2000,LTA,CLOSED
68038213,Scan Global Logistics A/S,TNIELSEN,1900021554,TRIDEM PHARMA,France,X12002,FCA,2025-03-30,10,S1300008,Artesunate pdr./inj 60mg vial/BOX-1,50000,0,LTA,OPEN
68038218,,MDASILVA,1900015879,Lekapharm A/S,Denmark,X12001,DAP,2025-05-15,10,S1550005,Iron 60mg+Folic ac.400mcg tab/PAC(10x10),225000,0,LTA,OPEN
68038226,,TNIELSEN,1900019765,S Kant Healthcare Ltd.,India,X12001,DAP,2025-04-10,10,S1537135,Sul.200mg+Trim.40mg/5ml or.sus/BOT-100ml,49140,0,LTA,OPEN
68038235,Kuehne + Nagel A/S,BKERNKAMP,1900002012,The Medical Export Group BV,Netherlands,X12001,FCA,2024-12-27,10,S0305144,"Goggles,protective,indirect-side-venti",20000,0,LTA,OPEN
68038228,Scan Global Logistics A/S,LSUN,1900020185,Abbott Rapid Dx International Limit,Ireland,X12002,FCA,2025-01-20,10,S0584613,"BiolineMalAgPf/PanNonSafetyLancet,kit/25",5000,5000,LTA,CLOSED
68038229,,TNIELSEN,1900007417,DEMO S.A. Pharmaceutical Industry,Greece,X12001,DAP,2025-04-18,10,S1560833,Water for injection 5ml amp/BOX-50,4400,0,LTA,OPEN
68038233,,BKERNKAMP,1900019467,Barna Import Medica S.A.,Spain,X12004,DAP,2025-02-13,10,S0305151,"Gown,isolation,nonwoven,disp,L",6000,6000,LTA,CLOSED
68038233,,BKERNKAMP,1900019467,Barna Import Medica S.A.,Spain,X12004,DAP,2025-02-13,20,S0305152,"Gown,isolation,nonwoven,disp,XL",2500,2500,LTA,CLOSED
68038233,,BKERNKAMP,1900019467,Barna Import Medica S.A.,Spain,X12004,DAP,2025-03-25,30,S0305138,"Gown,surgic,nonster,nonwoven,STD,disp,L",7200,0,LTA,OPEN
68038233,,BKERNKAMP,1900019467,Barna Import Medica S.A.,Spain,X12004,DAP,2024-12-17,40,S0845207,"Cap,surgical,bouffant,non-woven,BOX-100",6000,6000,LTA,CLOSED
68038237,,TNIELSEN,1900014063,NCPC International Corp,China,X12001,DAP,2025-04-30,10,S1531006,Ceftriaxone pdr/inj 250mg vial/BOX-50,10000,0,LTA,OPEN
68038247,,TNIELSEN,1900012086,AMEX Healthcare GmbH,Austria,X12004,DAP,2025-08-30,10,S1533005,Flucloxacil125mg/5ml pdr/or liq/BOT100ml,36000,0,NONE,OPEN
68038242,,MKAZEMI,1900002012,The Medical Export Group BV,Netherlands,X12004,DAP,2024-12-23,10,S1561143,ORS low osm. 20.5g/1L/ CAR-/100,44500,44500,NONE,CLOSED
68038227,,NANXIONNAZ,1900016590,RELIEF SUPPLIER,India,X12010,DAP,2025-02-12,20,S5007312,"Water-cont,LDPE,10l,collapsibl.,w tap",8400,8400,LTA,CLOSED
68038227,,NANXIONNAZ,1900016590,RELIEF SUPPLIER,India,X12010,DAP,2025-02-12,10,S5007311,"Water-cont,LDPE,10l,collapsibl.,w/o logo",19200,19200,LTA,CLOSED
68038225,,TNIELSEN,1900019765,S Kant Healthcare Ltd.,India,X12001,DAP,2025-05-15,10,S1546310,Erythro.pdr/oral sus 125mg/5ml/BOT-100ml,49302,0,LTA,OPEN
68038224,,TNIELSEN,1900000443,Purna Pharmaceuticals N.V.,Belgium,X12004,DAP,2025-05-15,10,S1552510,Zinc oxide ointment 10%/TBE-100g,56000,0,LTA,OPEN
68038223,,TNIELSEN,1900014549,Sirmaxo Chemicals Pvt Ltd,India,X12001,DAP,2025-04-15,10,S1553105,Povidone iodine sol 10%/BOT-500ml,30240,0,LTA,OPEN
68038222,Kuehne + Nagel A/S,TNIELSEN,1900001709,Ovelle Limited,Ireland,X12001,FCA,2025-03-07,10,S1568201,Permethrin 5% cream/TBE 30g,19000,17920,LTA,CLOSED
68038221,,TNIELSEN,1900012047,Square Pharmaceuticals PLC,Bangladesh,X12001,DAP,2025-04-30,10,S1585009,Paracetamol 120mg/5ml or.liq/BOT-60ml,181440,0,LTA,OPEN
68038249,,TNIELSEN,1900012918,Galentic Pharma (India) Pvt.Ltd,India,X12001,DAP,2025-05-23,10,S1521012,Erythromycin 0.5% eye ointment/TBE-3.5g,740000,0,LTA,OPEN
68038248,,TNIELSEN,1900000443,Purna Pharmaceuticals N.V.,Belgium,X12004,DAP,2025-06-15,10,S1552510,Zinc oxide ointment 10%/TBE-100g,168000,0,LTA,OPEN
68038252,,MKAZEMI,1900014773,MEDOPHARM,India,X12001,DAP,2025-04-25,10,S1555653,Metronidazole 250mg tabs PAC/10x10,70000,0,LTA,OPEN
68038240,,TNIELSEN,1900007417,DEMO S.A. Pharmaceutical Industry,Greece,X12001,DAP,2025-05-15,10,S1564320,Sod.chloride inj.0.9% 10ml/BOX-5,33000,0,LTA,OPEN
68038244,,MDASILVA,1900000443,Purna Pharmaceuticals N.V.,Belgium,X12004,DAP,2025-03-30,10,S1550180,Ferrous sulp.oral sol. 125mg/ml/BOT-30ml,373200,0,LTA,OPEN
68038304,,AWEIS,1900016551,Romsons International,India,,DAP,2025-03-10,10,S0323304,"Catheter,Foley,CH16,ster,disp",8000,8000,NONE,CLOSED
68038301,,AWEIS,1900020102,Qingdao LEFF International,China,X12001,DAP,2025-03-24,10,S0366030,"Syringe,feeding,20ml,ENFit,sterile",100000,0,NONE,OPEN
68038301,,AWEIS,1900020102,Qingdao LEFF International,China,X12001,DAP,2025-03-24,20,S0845242,"Hanger, urine bag, two hooks/PAC-10",500,0,NONE,OPEN
68038301,,AWEIS,1900020102,Qingdao LEFF International,China,X12001,DAP,2025-03-24,30,S0373510,"Tube,feeding,CH08,L40-60cm,ENFit,blue",24000,0,NONE,OPEN
68038301,,AWEIS,1900020102,Qingdao LEFF International,China,X12001,DAP,2025-03-24,40,S0373520,"Tube,feeding,CH10,L40-60cm,ENFit,black",60000,0,NONE,OPEN
68038265,,AWEIS,1900010631,HEALTHIUM MEDTECH LTD,India,X12001,DAP,2025-04-01,10,S0565050,"Sut,nonabs,DEC1,3/8,13-16mm,taper/BOX 36",1000,0,NONE,OPEN
68038285,,AWEIS,1900011349,KD Medical GmbH Hospital Products,Germany,X12004,DAP,2024-12-16,10,S0747997,"NeedleSpinal22G(0.7x40mm)Ster,disp,BOX25",960,720,LTA,OPEN
68038271,,BKERNKAMP,1900019467,Barna Import Medica S.A.,Spain,X12004,DAP,2025-03-05,10,S0845199,"Faceshield,fog-resistant,disposable",22000,10000,LTA,OPEN
68038250,,AWEIS,1900012695,"Hangzhou Cereal, Oils &",China,X12001,DAP,2025-02-28,10,S0846022,"Bag,drugs,plastic,6x8,pictogram/PAC-1000",11000,11000,NONE,CLOSED
68038266,,AWEIS,1900002072,Van Oostveen Medical (Romed),Netherlands,X12004,DAP,2024-12-19,10,S0921601,"Cutter, tablets, plastic",960,960,NONE,CLOSED
68038289,,AWEIS,1900019467,Barna Import Medica S.A.,Spain,X12004,DAP,2025-01-06,20,S0503016,"Tape, medical, paper, 2.5cm x 5m, roll",14000,14000,NONE,CLOSED
68038243,,TNIELSEN,1900005818,Missionpharma A/S,Denmark,X12004,DAP,2025-02-05,10,S1560836,Compound Sodium Lactate 500ml bot/BOX-10,5000,5000,LTA,CLOSED
68038245,,MDASILVA,1900021271,Lomapharm GmbH,Germany,X12004,DAP,2025-04-25,10,S1551005,Folic acid 5mg tabs/PAC-1000,75000,0,LTA,OPEN
68038262,,MDASILVA,1900018197,Reyoung Pharmaceutical Co Ltd,China,X12001,DAP,2025-03-30,10,S1550030,Iron 60mg + Folic ac. 400mcg tab/PAC-100,272160,0,LTA,OPEN
68038301,,AWEIS,1900020102,Qingdao LEFF International,China,X12001,DAP,2025-03-24,50,S0921602,"Counting tray, triangular, round tablets",3000,0,NONE,OPEN
68038270,,BKERNKAMP,1900020220,Yangzhou Daintybird Funeral,China,X12001,DAP,2025-03-17,10,S0990040,"Body bag,infection control,child",4320,4320,LTA,CLOSED
68038270,,BKERNKAMP,1900020220,Yangzhou Daintybird Funeral,China,X12001,DAP,2025-03-17,20,S0990030,"Body bag,infection control,adult",3840,3840,LTA,CLOSED
68038257,,NANXIONNAZ,1900001613,Medentech Ltd,Ireland,X12004,DAP,2025-01-10,10,S1588355,Water purif.(NaDCC) 33mg tabs/PAC-50,66240,66240,LTA,CLOSED
68038257,,NANXIONNAZ,1900001613,Medentech Ltd,Ireland,X12004,DAP,2025-01-10,20,S1588360,Water purif.(NaDCC) 1.67g tabs/PAC-200,5040,5040,LTA,CLOSED
68038261,,MDASILVA,1900000468,Remedica Ltd.,Cyprus,X12001,DAP,2025-01-30,10,S1550005,Iron 60mg+Folic ac.400mcg tab/PAC(10x10),423000,150000,LTA,OPEN
68038259,,MDASILVA,1900018197,Reyoung Pharmaceutical Co Ltd,China,X12001,DAP,2025-03-30,10,S1550009,Iron 60mg+Folic ac. 2800mcg tabs/PAC-100,115200,0,LTA,OPEN
68038260,Kuehne + Nagel A/S,MDASILVA,1900012253,DSM Nutritional Products Europe Ltd,Switzerland,X12004,FCA,2025-02-17,10,S1580201,"Multiple micronutrient pdr,sach./PAC-30",390000,390000,LTA,CLOSED
68038263,,MDASILVA,1900014000,Renata Limited,Bangladesh,X12001,DAP,2025-05-01,10,S1580201,"Multiple micronutrient pdr,sach./PAC-30",610000,0,LTA,OPEN
68038264,,MDASILVA,1900021271,Lomapharm GmbH,Germany,X12004,DAP,2025-05-15,10,S1550030,Iron 60mg + Folic ac. 400mcg tab/PAC-100,728000,0,LTA,OPEN
68038274,,MDASILVA,1900015879,Lekapharm A/S,Denmark,X12001,DAP,2025-05-15,10,S1580101,"Micronutrient tabs, pregnancy/BOT-100",127660,0,LTA,OPEN
68038269,,BKERNKAMP,1900008236,Fleischhacker GmbH & Co.KG,Germany,X12004,DAP,2025-03-21,10,S0845164,"Bag,biohazard,yellow,50L,box/100",2872,0,LTA,OPEN
68038269,,BKERNKAMP,1900008236,Fleischhacker GmbH & Co.KG,Germany,X12004,DAP,2025-03-21,20,S0845165,"Bag,biohazard,red,100L,box/100",2000,0,LTA,OPEN
68038256,,TNIELSEN,1900012047,Square Pharmaceuticals PLC,Bangladesh,X12001,DAP,2025-03-20,10,S1504003,Cefixime pwd.for sus.100mg/5ml/BOT50ml,20000,0,LTA,OPEN
68038255,,TNIELSEN,1900007417,DEMO S.A. Pharmaceutical Industry,Greece,X12001,DAP,2025-05-30,10,S1514010,Atropine inj 1mg/ml 1ml amp/BOX-10,6000,0,LTA,OPEN
68038254,,TNIELSEN,1900001026,B Braun Melsungen AG,Germany,X12004,DAP,2025-05-22,10,S1555208,Bupivacaine 5mg/ml inj 20ml amp/BOX-20,570,0,LTA,OPEN
68038258,,TNIELSEN,1900007417,DEMO S.A. Pharmaceutical Industry,Greece,X12001,DAP,2025-07-22,10,S1560826,Compound Sodium Lactate 500ml bot/BOX-20,19938,0,LTA,OPEN
68038253,,TNIELSEN,1900001026,B Braun Melsungen AG,Germany,X12004,DAP,2025-05-27,10,S1569650,Naloxone inj 400mcg/ml 1ml amp/BOX-10,1500,0,LTA,OPEN
68038315,Kuehne + Nagel A/S,TNIELSEN,1900001026,B Braun Melsungen AG,Germany,X12004,FCA,2025-04-10,10,S1552115,Glucose hyperton.inj 50% 50mL vl/BOX-20,3780,0,LTA,OPEN
68038284,Kuehne + Nagel A/S,MKAZEMI,1900014773,MEDOPHARM,India,X12002,FCA,2025-03-04,10,S1562017,Salbutamol 4mg tabs/PAC-100,12600,12600,LTA,CLOSED
68038273,,MKAZEMI,1900000468,Remedica Ltd.,Cyprus,X12002,DAP,2025-04-10,10,S1514151,Metformin HCl 500mg/PAC-10x10,40000,0,LTA,OPEN
68038411,,TNIELSEN,1900008082,Laboratorio Aldo-Union S.A.,Spain,X12004,DAP,2025-04-30,10,S1562043,Beclometha100mcg/dose inh 200doses/PAC-1,50000,0,NONE,OPEN
68038268,,BKERNKAMP,1900001115,Chempatex Medizinische,Germany,X12004,DAP,2025-02-27,10,S0141023,"Scale,mother/child,batteries,solar,250kg",600,600,LTA,CLOSED
68038268,,BKERNKAMP,1900001115,Chempatex Medizinische,Germany,X12004,DAP,2025-05-01,20,S0145558,"Scale,infant,tray,20kgx5g,batteries",540,0,LTA,OPEN
68038268,,BKERNKAMP,1900001115,Chempatex Medizinische,Germany,X12004,DAP,2025-06-02,30,S0145558,"Scale,infant,tray,20kgx5g,batteries",540,0,LTA,OPEN
68038268,,BKERNKAMP,1900001115,Chempatex Medizinische,Germany,X12004,DAP,2025-03-03,40,S0557200,"Weighing sling,infant,5kg",10800,10800,LTA,CLOSED
68038268,,BKERNKAMP,1900001115,Chempatex Medizinische,Germany,X12004,DAP,2025-03-28,50,S0189000,"Weighing trousers,infant,25kg,PAC-5",2160,2160,LTA,CLOSED
68038282,,TNIELSEN,1900001025,Durbin PLC,United Kingdom,X12004,DAP,2025-01-15,10,S1559319,"Midazolam 1mg/ml inj, 5ml amp/BOX-10 pt",2000,2000,LTA,CLOSED
68038352,,MKAZEMI,1900018197,Reyoung Pharmaceutical Co Ltd,China,X12002,DAP,2025-04-15,10,S1537310,Cloxacillin 250mg caps/PAC-500,3000,0,LTA,OPEN
68038278,,NANXIONNAZ,1900010258,Procter & Gamble Company,USA (the),X12010,DAP,2025-03-10,10,S5007321,"Water floc. & disinfectant,pdr/BOX-240",17200,17200,LTA,CLOSED
68038310,,TNIELSEN,1900007785,Morningside Pharmaceuticals Ltd.,United Kingdom,X12004,DAP,2025-01-07,10,S1552306,Tranexamic acid 100mg/ml inj 5ml/BOX-5,3000,3000,LTA,CLOSED
68038279,,NSEREK,1900009651,Promens Packaging GmbH,Germany,X12004,DAP,2024-12-15,10,S5007311,"Water-cont,LDPE,10l,collapsibl.,w/o logo",22800,22800,LTA,CLOSED
68038279,,NSEREK,1900009651,Promens Packaging GmbH,Germany,X12004,DAP,2025-02-15,20,S5007311,"Water-cont,LDPE,10l,collapsibl.,w/o logo",45600,45600,LTA,CLOSED
68038280,,TNIELSEN,1900001855,Sanofi Winthrop Industrie,France,X12004,DAP,2025-02-10,10,S1555682,"Meglumine antimoniate 1,5g/5ml amp/BOX-5",1555,1555,LTA,CLOSED
68038204,,AWEIS,1900005947,Fazzini s.r.l.,Italy,X12004,DAP,2025-03-31,40,S0385010,"Tourniquet,latex-free,50cm",10000,10000,LTA,CLOSED
68038299,,MSERGIO,1900011349,KD Medical GmbH Hospital Products,Germany,X12004,DAP,2025-01-13,10,S0782399,"Needle,disp,25G,SIP,ster/BOX-100",256,256,LTA,CLOSED
68038299,,MSERGIO,1900011349,KD Medical GmbH Hospital Products,Germany,X12004,DAP,2025-02-28,20,S0782399,"Needle,disp,25G,SIP,ster/BOX-100",2816,2816,LTA,CLOSED
68038316,,TNIELSEN,1900012086,AMEX Healthcare GmbH,Austria,X12004,DAP,2025-12-31,10,S1511505,Biperiden 5mg /ml inj. amp/PAC-5,5000,0,LTA,OPEN
68038272,Scan Global Logistics A/S,LSUN,1900020185,Abbott Rapid Dx International Limit,Ireland,X12002,FCA,2025-01-06,10,S0584613,"BiolineMalAgPf/PanNonSafetyLancet,kit/25",8000,8000,LTA,CLOSED
68038281,Scan Global Logistics A/S,LSUN,1900020904,"Hangzhou Biotest Biotech Co., Ltd",China,X12002,FCA,2025-01-06,10,S0584506,"Pregnancy,Urine,HCG,MidStream,1T/kit",15000,15000,LTA,CLOSED
68038275,,MDASILVA,1900021271,Lomapharm GmbH,Germany,X12004,DAP,2025-04-25,10,S1580101,"Micronutrient tabs, pregnancy/BOT-100",120000,0,LTA,OPEN
68038328,,BKERNKAMP,1900000451,SECA GmbH & Co. KG,Germany,X12001,DAP,2025-03-26,10,S0189001,"Weighing sling w/legs,infant,25kg,PAC-5",1980,0,LTA,OPEN
68038328,,BKERNKAMP,1900000451,SECA GmbH & Co. KG,Germany,X12001,DAP,2025-03-26,20,S0141025,"Scale,survey,mother/child,bat,150kg",2880,0,LTA,OPEN
68038290,,BKERNKAMP,1900019467,Barna Import Medica S.A.,Spain,X12004,DAP,2025-03-01,10,S0305080,"Trousers,surgical,woven,size M",2500,2500,LTA,CLOSED
68038290,,BKERNKAMP,1900019467,Barna Import Medica S.A.,Spain,X12004,DAP,2025-02-17,20,S0305081,"Trousers,surgical,woven,size L",2000,2000,LTA,CLOSED
68038290,,BKERNKAMP,1900019467,Barna Import Medica S.A.,Spain,X12004,DAP,2025-02-17,30,S0305082,"Trousers,surgical,woven,size XL",2000,2000,LTA,CLOSED
68038290,,BKERNKAMP,1900019467,Barna Import Medica S.A.,Spain,X12004,DAP,2025-02-17,40,S0305083,"Tunic,surgical,woven,size M",1500,1500,LTA,CLOSED
68038290,,BKERNKAMP,1900019467,Barna Import Medica S.A.,Spain,X12004,DAP,2025-02-17,50,S0305085,"Tunic,surgical,woven,size XL",2000,2000,LTA,CLOSED
68038290,,BKERNKAMP,1900019467,Barna Import Medica S.A.,Spain,X12004,DAP,2025-04-15,60,S0305138,"Gown,surgic,nonster,nonwoven,STD,disp,L",1000,0,LTA,OPEN
68038290,,BKERNKAMP,1900019467,Barna Import Medica S.A.,Spain,X12004,DAP,2025-02-17,70,S0305084,"Tunic,surgical,woven, size L",3000,3000,LTA,CLOSED
68038286,,AWEIS,1900019065,Qingdao Narising International Trad,China,X12001,DAP,2025-04-01,10,S0523055,"Compress,gauze,10x10cm,ster/PAC-5",272160,0,LTA,OPEN
68038287,,AWEIS,1900019065,Qingdao Narising International Trad,China,X12001,DAP,2025-04-01,10,S0523057,"Surgical(Laparotomy)Pads,sterile,/PAC-5",6000,0,LTA,OPEN
68038287,,AWEIS,1900019065,Qingdao Narising International Trad,China,X12001,DAP,2025-04-01,20,S0523015,"Compress,gauze,10x10cm,n/ster/PAC-100",18000,0,LTA,OPEN
68038286,,AWEIS,1900019065,Qingdao Narising International Trad,China,X12001,DAP,2025-04-01,20,S0519000,"Cotton wool,500g,roll,non-ster",16800,16800,LTA,CLOSED
68038287,,AWEIS,1900019065,Qingdao Narising International Trad,China,X12001,DAP,2025-04-01,30,S0523020,"Tape umbilical,3mmx50m,non-ster",4800,0,LTA,OPEN
68038287,,AWEIS,1900019065,Qingdao Narising International Trad,China,X12001,DAP,2025-04-01,40,S0503015,"Medical tape,2.5cmx5m,roll",158400,0,LTA,OPEN
68038288,,AWEIS,1900001115,Chempatex Medizinische,Germany,X12001,DAP,2025-04-15,10,S0523015,"Compress,gauze,10x10cm,n/ster/PAC-100",33600,0,LTA,OPEN
62000172,Kuehne + Nagel A/S,PLPETERSEN,1900015387,NRS Relief FZCO,Utd.Arab.Emir.,X44906,FCA,2025-01-10,10,S5088048,High Performance Tent - 48M2,102,102,LTA,CLOSED
62000172,Kuehne + Nagel A/S,PLPETERSEN,1900015387,NRS Relief FZCO,Utd.Arab.Emir.,X44906,FCA,2025-01-10,20,S5088024,High Performance Tent - 24M2,153,153,LTA,CLOSED
62000173,Kuehne + Nagel A/S,PLPETERSEN,1900015387,NRS Relief FZCO,Utd.Arab.Emir.,X44906,FCA,2025-01-24,10,S5088048,High Performance Tent - 48M2,68,68,LTA,CLOSED
62000173,Kuehne + Nagel A/S,PLPETERSEN,1900015387,NRS Relief FZCO,Utd.Arab.Emir.,X44906,FCA,2025-01-24,30,S5088024,High Performance Tent - 24M2,24,24,LTA,CLOSED
68038293,,TNIELSEN,1900019367,JSC Grindeks,Latvia,X12004,FCA,2025-04-14,10,S1545300,Oxytocin inj 10 IU 1ml amp/BOX-10,48000,0,LTA,OPEN
68038438,,WGU,1900002424,Albe Emballage A/S,Denmark,X12004,DAP,2025-03-27,10,S8903002,"Tape,white,w/UNICEF logo,50mmx66m",2376,0,NONE,OPEN
68038292,,TNIELSEN,1900018859,Hameln Pharma Ltd,United Kingdom,X12004,DAP,2025-06-15,10,S1543625,Diazepam inj 5mg/ml 2ml amp/BOX-10    pt,5000,0,LTA,OPEN
68038291,,TNIELSEN,1900007093,"Laboratorio Reig Jofre, SA",Spain,X12004,DAP,2025-06-15,10,S1514135,Benzabenzylpen pdr.inj 1.2MIUv/sol/PAC-1,15000,0,LTA,OPEN
68038294,Kuehne + Nagel A/S,MKAZEMI,1900015514,Zydus Lifesciences Limited,India,X12001,FCA,2024-12-30,10,S1537110,Sulf.400mg+Trimet.80mg tabs/PAC-10x10,11623,11623,LTA,CLOSED
68038336,,WGU,1900009169,Smurfit Kappa GmbH,Germany,X12011,DAP,2025-01-15,10,S8941505,"Pre-pack Carton, 32x24x20 cm, 0.015 m3",20000,14850,LTA,OPEN
68038336,,WGU,1900009169,Smurfit Kappa GmbH,Germany,X12011,DAP,2025-01-15,20,S8942200,"Pre-pack Ctn,  37.5x29x19.5 cm, 0.021 m3",19500,10050,LTA,OPEN
68038306,,WGU,1900009169,Smurfit Kappa GmbH,Germany,X12011,DAP,2024-12-22,10,S9010633,"Double-wall ctn.80x40x33 cm, 0.106 m3",7280,7280,LTA,CLOSED
68038306,,WGU,1900009169,Smurfit Kappa GmbH,Germany,X12011,DAP,2025-01-15,60,S9010633,"Double-wall ctn.80x40x33 cm, 0.106 m3",7280,7697,LTA,CLOSED
68038306,,WGU,1900009169,Smurfit Kappa GmbH,Germany,X12011,DAP,2025-01-15,20,S9019200,"Double-wall ctn.100x40x48cm, 0.192 m3",2660,2660,LTA,CLOSED
68038306,,WGU,1900009169,Smurfit Kappa GmbH,Germany,X12011,DAP,2025-01-15,30,S9006014,"Double-wall ctn.60x40x25 cm, 0.060 m3",4000,4050,LTA,CLOSED
68038298,,WGU,1900020333,DS Smith Packaging Denmark A/S,Denmark,X12004,DAP,2025-01-17,10,S8941505,"Pre-pack Carton, 32x24x20 cm, 0.015 m3",20000,20650,LTA,CLOSED
68038298,,WGU,1900020333,DS Smith Packaging Denmark A/S,Denmark,X12004,DAP,2025-01-17,20,S8942200,"Pre-pack Ctn,  37.5x29x19.5 cm, 0.021 m3",19500,18900,LTA,CLOSED
68038298,,WGU,1900020333,DS Smith Packaging Denmark A/S,Denmark,X12004,DAP,2024-12-20,30,S9010633,"Double-wall ctn.80x40x33 cm, 0.106 m3",4032,4032,LTA,CLOSED
68038298,,WGU,1900020333,DS Smith Packaging Denmark A/S,Denmark,,DAP,2024-12-23,50,S9010633,"Double-wall ctn.80x40x33 cm, 0.106 m3",4032,4032,LTA,CLOSED
68038298,,WGU,1900020333,DS Smith Packaging Denmark A/S,Denmark,,DAP,2025-01-10,60,S9010633,"Double-wall ctn.80x40x33 cm, 0.106 m3",4032,4032,LTA,CLOSED
68038298,,WGU,1900020333,DS Smith Packaging Denmark A/S,Denmark,X12004,DAP,2025-01-10,40,S9008013,"Double-wall ctn.80x40x25 cm, 0.080 m3",4032,4073,LTA,CLOSED
68038296,,MKAZEMI,1900018197,Reyoung Pharmaceutical Co Ltd,China,X12001,DAP,2025-03-15,10,S1533001,Co-Amoxiclav 500mg+125mg tabs/PAC3x5,172200,0,LTA,OPEN
68038297,,MKAZEMI,1900014308,MILAN LABORATORIES (INDIA) PVT. LTD,India,X12001,DAP,2025-03-30,10,S1537110,Sulf.400mg+Trimet.80mg tabs/PAC-10x10,40000,37345,LTA,CLOSED
68038308,,AWEIS,1900005947,Fazzini s.r.l.,Italy,X12004,DAP,2025-02-26,10,S0845182,"Gel, ultrasound, bottle, min. 250ml",5250,5250,LTA,CLOSED
68038307,,AWEIS,1900015722,STERIS Corporation,USA (the),X12004,DAP,2025-02-12,10,S0558100,"Indicator,TST control spot/PAC-300",1000,1000,LTA,CLOSED
68038362,Kuehne + Nagel A/S,STAHERISAEID,1900020040,Gemini Global Limited,China,X12001,FCA,2025-01-15,10,S5001010,"Box,metal,lockable,for storage",1920,0,LTA,OPEN
68038362,Kuehne + Nagel A/S,STAHERISAEID,1900020040,Gemini Global Limited,China,X12001,FCA,2025-02-17,20,S5001010,"Box,metal,lockable,for storage",1920,0,LTA,OPEN
62000170,Kuehne + Nagel A/S,NSEREK,1900019045,Control Chemicals Ltd,South Africa,X44906,FCA,2024-12-27,10,S5007321,"Water floc. & disinfectant,pdr/BOX-240",8640,8640,LTA,CLOSED
68038305,,TNIELSEN,1900018197,Reyoung Pharmaceutical Co Ltd,China,X12001,DAP,2025-04-30,10,S1531005,Ceftriaxone pdr/inj 1g vial/BOX-10,15000,0,LTA,OPEN
68038329,,BKERNKAMP,1900020102,Qingdao LEFF International,China,X12001,DAP,2025-03-15,10,S0845049,"Nasal Catheter, 8 Fr",12000,0,LTA,OPEN
68038388,,PLPETERSEN,1900012538,Dansk Traemballage A/S,Denmark,X12004,DAP,2025-01-10,10,S8920076,"Pallet, wooden one-way pallet,EURO size",540,531,NONE,CLOSED
68038312,,TNIELSEN,1900015853,Mepro Pharmaceuticals Pvt Ltd,India,X12001,DAP,2025-03-30,10,S1515060,Miconazole nitrate cream 2%/TBE-30g,320000,0,LTA,OPEN
68038313,,TNIELSEN,1900012918,Galentic Pharma (India) Pvt.Ltd,India,X12001,DAP,2025-08-30,10,S1515060,Miconazole nitrate cream 2%/TBE-30g,160000,0,LTA,OPEN
68038325,,TNIELSEN,1900012918,Galentic Pharma (India) Pvt.Ltd,India,X12001,DAP,2025-06-15,10,S1531042,Chlorhex.diglu.7.1% gel cord.c.TBE/20g,96000,0,LTA,OPEN
68038324,,TNIELSEN,1900019765,S Kant Healthcare Ltd.,India,X12001,DAP,2025-04-10,10,S1555690,Metronidazol pdr/o.s.200mg/5ml/BOT-100ml,32800,0,LTA,OPEN
68038311,,TNIELSEN,1900018859,Hameln Pharma Ltd,United Kingdom,X12004,DAP,2025-01-23,10,S1552116,Glucose hyperton.inj 50% 50mL vl/BOX-25,1021,1021,NONE,CLOSED
68038323,,TNIELSEN,1900007417,DEMO S.A. Pharmaceutical Industry,Greece,X12001,DAP,2025-06-15,10,S1523005,Dexamethasone Phos 4mg/ml 1ml amp/BOX-50,2700,0,LTA,OPEN
68038302,,NANXIONNAZ,1900002822,LABARONNE CITAF SAS,France,X12004,DAP,2025-02-05,10,S5006018,"Water tank,collapsible,1500l,w/distr.kit",12,12,LTA,CLOSED
68038302,,NANXIONNAZ,1900002822,LABARONNE CITAF SAS,France,X12004,DAP,2025-02-05,20,S5006019,"Water tank,collapsible,5000l,w/dist.kit",22,22,LTA,CLOSED
68038302,,NANXIONNAZ,1900002822,LABARONNE CITAF SAS,France,X12004,DAP,2025-02-05,30,S5006020,"Water tank,collapsible,10000l,w/dist.kit",12,12,LTA,CLOSED
68038302,,NANXIONNAZ,1900002822,LABARONNE CITAF SAS,France,X12004,DAP,2025-02-05,40,S5006035,"Water tank,collapsible for trucking,6m³",14,14,LTA,CLOSED
68038302,,NANXIONNAZ,1900002822,LABARONNE CITAF SAS,France,X12004,DAP,2025-02-05,50,S5006036,"Water tank,onion,collaps,30m3,w/taps",8,8,LTA,CLOSED
68038303,,NANXIONNAZ,1900006967,Hydrachem Limited,United Kingdom,X12004,DAP,2025-01-17,10,S1588355,Water purif.(NaDCC) 33mg tabs/PAC-50,98560,98560,LTA,CLOSED
68038303,,NANXIONNAZ,1900006967,Hydrachem Limited,United Kingdom,X12004,DAP,2025-01-17,20,S5008345,Water purif.(NaDCC) 67mg tabs/BOX-400,6272,6272,LTA,CLOSED
68038322,,TNIELSEN,1900007417,DEMO S.A. Pharmaceutical Industry,Greece,X12001,DAP,2025-06-30,10,S1552117,Glucose 5% 500ml bot/BOX-20,5000,0,LTA,OPEN
68038321,,TNIELSEN,1900007417,DEMO S.A. Pharmaceutical Industry,Greece,X12001,DAP,2025-07-30,10,S1552118,Glucose 10% 500ml bot/BOX-20,2500,0,LTA,OPEN
68038320,,TNIELSEN,1900001026,B Braun Melsungen AG,Germany,X12004,DAP,2025-06-16,10,S1555208,Bupivacaine 5mg/ml inj 20ml amp/BOX-20,570,0,LTA,OPEN
68038349,,TNIELSEN,1900007417,DEMO S.A. Pharmaceutical Industry,Greece,X12001,DAP,2025-04-30,10,S1555680,Metronidazole inj 500mg/100ml vl/BOX-50,1008,0,LTA,OPEN
68038334,,NANXIONNAZ,1900002764,Jose Miguel Poveda S.A. (JOMIPSA),Spain,X12004,DAP,2025-02-06,10,S5006122,"WASH&DignityKit,firstResp,1HH,noPurifTab",1152,1152,LTA,CLOSED
68038334,,NANXIONNAZ,1900002764,Jose Miguel Poveda S.A. (JOMIPSA),Spain,X12004,DAP,2025-02-06,20,S5007315,"Bucket,HDPE,with lid,14 l",2400,2400,LTA,CLOSED
68038314,Kuehne + Nagel A/S,TNIELSEN,1900000983,Amstelfarma B.V.,Netherlands,X12004,FCA,2025-02-05,10,S1511500,Beclometa.oral inh. 0.05mg/ds 200ds,50000,50000,LTA,CLOSED
68038309,Kuehne + Nagel A/S,IMUNOZ,1900012086,AMEX Healthcare GmbH,Austria,X12004,FCA,2025-03-15,10,S0969030,"Container, sample, 50 ml, box/10",2000,0,NONE,OPEN
68038317,,BKERNKAMP,1900005947,Fazzini s.r.l.,Italy,X12004,DAP,2025-05-01,10,S0481056,"Thermometer, clinical, digital, no Li",30000,0,LTA,OPEN
68038318,,BKERNKAMP,1900016014,Rudolf Riester GmbH,Germany,X12004,DAP,2024-12-31,10,S0481057,"Thermometer,clinical,non-cntct,incl bat",1500,1500,LTA,CLOSED
68038331,,BKERNKAMP,1900019467,Barna Import Medica S.A.,Spain,X12004,DAP,2025-01-30,10,S0305038,"Shoe cover,non-woven,s.u.,BOX-100",6000,400,LTA,OPEN
68038330,,BKERNKAMP,1900019625,DuPont de Nemours (Luxembourg) S.à,Luxembourg,X12004,DAP,2025-05-09,10,S0305101,"Coverall,protection,CatIII,Type3b,M",4000,0,LTA,OPEN
68038330,,BKERNKAMP,1900019625,DuPont de Nemours (Luxembourg) S.à,Luxembourg,X12004,DAP,2025-03-09,20,S0305103,"Coverall,protection,CatIII,Type 3b,L",5000,0,LTA,OPEN
68038330,,BKERNKAMP,1900019625,DuPont de Nemours (Luxembourg) S.à,Luxembourg,X12004,DAP,2025-05-09,30,S0305163,Hood protection CatIII,7000,0,LTA,OPEN
68038333,Kuehne + Nagel A/S,PLPETERSEN,1900006246,"Puyoung Ind. Co., Ltd.","South Korea,Rep",X12001,FCA,2025-01-02,10,S5086014,Plastic Tarpaulin F.R. Sheet (4x5m),6000,0,NONE,OPEN
62000179,Kuehne + Nagel A/S,PLPETERSEN,1900006246,"Puyoung Ind. Co., Ltd.","South Korea,Rep",X44906,FCA,2025-02-10,10,S5086014,Plastic Tarpaulin F.R. Sheet (4x5m),3000,0,NONE,OPEN
68038332,,BKERNKAMP,1900016305,PKP Bardejov S.r.o.,Slovakia,X12004,DAP,2025-04-08,10,S0114530,"Length/height board,baby/child,SET-2",702,0,LTA,OPEN
68038332,,BKERNKAMP,1900016305,PKP Bardejov S.r.o.,Slovakia,X12004,DAP,2025-05-06,20,S0114540,"Length/height board,baby/chld/adlt,SET-2",468,0,LTA,OPEN
68038356,,AWEIS,1900005818,Missionpharma A/S,Denmark,X12001,DAP,2025-06-30,10,S0531991,"Infusion giving set,sterile,s.u.",702600,0,LTA,OPEN
68038319,,AWEIS,1900019467,Barna Import Medica S.A.,Spain,X12004,DAP,2025-01-12,10,S0373510,"Tube,feeding,CH08,L40-60cm,ENFit,blue",7200,4000,NONE,OPEN
68038319,,AWEIS,1900019467,Barna Import Medica S.A.,Spain,X12004,DAP,2025-01-12,20,S0373520,"Tube,feeding,CH10,L40-60cm,ENFit,black",18000,3500,NONE,OPEN
68038319,,AWEIS,1900019467,Barna Import Medica S.A.,Spain,X12004,DAP,2025-01-06,30,S0323304,"Catheter,Foley,CH16,ster,disp",1800,1800,NONE,CLOSED
68038344,,TNIELSEN,1900019765,S Kant Healthcare Ltd.,India,X12001,DAP,2025-04-10,10,S1585009,Paracetamol 120mg/5ml or.liq/BOT-60ml,179928,0,LTA,OPEN
68038363,Kuehne + Nagel A/S,STAHERISAEID,1900020775,TIANJIN MACHINERY AND ELECTRIC EQUI,China,X12001,FCA,2025-01-30,10,S5001010,"Box,metal,lockable,for storage",1920,0,LTA,OPEN
68038363,Kuehne + Nagel A/S,STAHERISAEID,1900020775,TIANJIN MACHINERY AND ELECTRIC EQUI,China,X12001,FCA,2025-04-30,20,S5001010,"Box,metal,lockable,for storage",1920,0,LTA,OPEN
68038367,Kuehne + Nagel A/S,STAHERISAEID,1900020635,Zhejiang E-Bang Outsourcing and Tra,China,X12001,FCA,2025-02-24,30,S5034000,Science Teaching Kit,504,0,LTA,OPEN
68038362,Kuehne + Nagel A/S,STAHERISAEID,1900020040,Gemini Global Limited,China,X12001,FCA,2025-04-15,30,S5001010,"Box,metal,lockable,for storage",1920,0,LTA,OPEN
68038363,Kuehne + Nagel A/S,STAHERISAEID,1900020775,TIANJIN MACHINERY AND ELECTRIC EQUI,China,X12001,FCA,2025-05-20,30,S5001010,"Box,metal,lockable,for storage",1920,0,LTA,OPEN
68038364,Kuehne + Nagel A/S,STAHERISAEID,1900000422,BIAB International AB,Sweden,X12001,FCA,2025-03-03,10,S5001010,"Box,metal,lockable,for storage",1920,0,LTA,OPEN
68038364,Kuehne + Nagel A/S,STAHERISAEID,1900000422,BIAB International AB,Sweden,X12001,FCA,2025-05-28,20,S5001010,"Box,metal,lockable,for storage",1920,0,LTA,OPEN
68038350,Kuehne + Nagel A/S,STAHERISAEID,1900000444,Select Sport A/S,Denmark,X12010,FCA,2025-04-07,10,S2731220,"Hard surface Football, Size 4",18240,0,LTA,OPEN
68038350,Kuehne + Nagel A/S,STAHERISAEID,1900000444,Select Sport A/S,Denmark,X12010,FCA,2025-04-07,20,S2731222,"Hard surface Football, Size 3",8160,0,LTA,OPEN
68038366,Kuehne + Nagel A/S,STAHERISAEID,1900020775,TIANJIN MACHINERY AND ELECTRIC EQUI,China,X12010,FCA,2025-01-20,10,S5001300,"Bag,school,UNICEF,ARABIC,400x270x100mm",53760,0,LTA,OPEN
68038367,Kuehne + Nagel A/S,STAHERISAEID,1900020635,Zhejiang E-Bang Outsourcing and Tra,China,X12001,FCA,2025-02-24,10,S5001300,"Bag,school,UNICEF,ARABIC,400x270x100mm",53760,0,LTA,OPEN
68038368,Kuehne + Nagel A/S,STAHERISAEID,1900000422,BIAB International AB,Sweden,X12010,FCA,2025-04-01,10,S5001300,"Bag,school,UNICEF,ARABIC,400x270x100mm",53760,0,LTA,OPEN
68038369,Kuehne + Nagel A/S,STAHERISAEID,1900020040,Gemini Global Limited,China,X12010,FCA,2025-05-01,10,S5001300,"Bag,school,UNICEF,ARABIC,400x270x100mm",53760,0,LTA,OPEN
68038367,Kuehne + Nagel A/S,STAHERISAEID,1900020635,Zhejiang E-Bang Outsourcing and Tra,China,X12001,FCA,2025-02-24,20,S2797600,"Tape, measure, 5 m, retractable",43200,0,LTA,OPEN
68038335,Kuehne + Nagel A/S,JFRANDSEN,2300091038,LLC TK Domashniy tekstyl,Ukraine,X12011,FCA,2025-01-27,10,S0538203,Set Winter clothes-severe winter 3month,48,48,LTA,CLOSED
68038335,Kuehne + Nagel A/S,JFRANDSEN,2300091038,LLC TK Domashniy tekstyl,Ukraine,X12011,FCA,2025-01-27,20,S0538204,Set Winter clothes-severe winter 12month,48,48,LTA,CLOSED
68038335,Kuehne + Nagel A/S,JFRANDSEN,2300091038,LLC TK Domashniy tekstyl,Ukraine,X12011,FCA,2025-01-27,30,S0538205,Set Winter clothes-severe winter 2yrs,72,72,LTA,CLOSED
68038335,Kuehne + Nagel A/S,JFRANDSEN,2300091038,LLC TK Domashniy tekstyl,Ukraine,X12011,FCA,2025-01-27,40,S0538206,Set Winter clothes-severe winter 3yrs,264,264,LTA,CLOSED
68038335,Kuehne + Nagel A/S,JFRANDSEN,2300091038,LLC TK Domashniy tekstyl,Ukraine,X12011,FCA,2025-01-27,50,S0538207,Set Winter clothes-severe winter 5yrs,240,240,LTA,CLOSED
68038327,Kuehne + Nagel A/S,TNIELSEN,1900006885,Cipla Ltd,India,X12002,FCA,2025-05-30,10,S1300074,Artem 20mg+Lumef120mg disp tabs/6/PAC-30,5040,5040,LTA,CLOSED
68038338,,SHVISWANATHA,1900001503,Katadyn Products Inc,Switzerland,X12004,DAP,2025-01-15,10,S5619903,"Filter, drinking, approx. 10L container",1056,1056,LTA,CLOSED
68038357,,BKERNKAMP,1900019467,Barna Import Medica S.A.,Spain,X12004,DAP,2025-01-24,10,S0330115,"Gloves,gyn,pwdfree,medium,ster,s.u.,pair",69600,19200,LTA,OPEN
68038357,,BKERNKAMP,1900019467,Barna Import Medica S.A.,Spain,X12004,DAP,2025-01-20,20,S0330025,"Gloves,exam,latex,pwdfree,M,BOX-100",68400,23000,LTA,OPEN
68038357,,BKERNKAMP,1900019467,Barna Import Medica S.A.,Spain,X12004,DAP,2025-01-20,30,S0327540,"Gloves,surg,pwdfree,8.5,ster,s.u.,pair",82400,48000,LTA,OPEN
68038357,,BKERNKAMP,1900019467,Barna Import Medica S.A.,Spain,X12004,DAP,2025-01-20,40,S0327510,"Gloves,surg,pwdfree,7,ster,s.u.,pair",68000,68000,LTA,CLOSED
68038337,,SHVISWANATHA,1900001860,Saponerie Mario Fissi S.R.L,Italy,X12004,DAP,2025-01-03,10,S0552000,"Soap,toilet,bar,approx.100-110g,wrapped",100800,100800,LTA,CLOSED
68038337,,SHVISWANATHA,1900001860,Saponerie Mario Fissi S.R.L,Italy,X12004,DAP,2025-02-26,20,S0552000,"Soap,toilet,bar,approx.100-110g,wrapped",100800,100800,LTA,CLOSED
68038345,,BKERNKAMP,1900016014,Rudolf Riester GmbH,Germany,X12004,DAP,2025-07-03,10,S0481056,"Thermometer, clinical, digital, no Li",30000,0,LTA,OPEN
68038345,,BKERNKAMP,1900016014,Rudolf Riester GmbH,Germany,X12004,DAP,2025-01-29,20,S0481056,"Thermometer, clinical, digital, no Li",550,550,LTA,CLOSED
68038345,,BKERNKAMP,1900016014,Rudolf Riester GmbH,Germany,X12004,DAP,2025-07-25,30,S0481056,"Thermometer, clinical, digital, no Li",30000,0,LTA,OPEN
68038343,,TNIELSEN,1900014063,NCPC International Corp,China,X12001,DAP,2025-08-15,10,S1531005,Ceftriaxone pdr/inj 1g vial/BOX-10,10000,0,LTA,OPEN
68038342,,TNIELSEN,1900018859,Hameln Pharma Ltd,United Kingdom,X12004,DAP,2025-07-05,10,S1543625,Diazepam inj 5mg/ml 2ml amp/BOX-10    pt,5000,0,LTA,OPEN
68038341,Kuehne + Nagel A/S,TNIELSEN,1900020581,JSC Kalceks,Latvia,X12004,FCA,2025-03-06,10,S1559355,Magn.sulph.inj 500mg/ml 10ml amp/BOX-10,6000,6000,LTA,CLOSED
68038340,,TNIELSEN,1900021380,Cheplapharm Arzneimittel GmbH,Germany,X12004,DAP,2025-08-15,10,S1560202,Phytomenadione 2mg/0.2ml inj. amp/BOX-5,5000,0,LTA,OPEN
68038339,,TNIELSEN,1900001025,Durbin PLC,United Kingdom,X12004,DAP,2025-06-01,10,S1585000,Calc.glucon.inj 100mg/ml 10ml amp/BOX-10,3000,0,LTA,OPEN
68038353,,MKAZEMI,1900014773,MEDOPHARM,India,X12001,DAP,2025-03-25,10,S1505115,"Co-amoxiclav 250mg+62,5mg DT PAC-5x10",14000,0,LTA,OPEN
68038358,,BKERNKAMP,1900019467,Barna Import Medica S.A.,Spain,X12004,DAP,2025-01-29,10,S0327520,"Gloves,surg,pwdfree,7.5,ster,s.u.,pair",160000,160000,LTA,CLOSED
68038358,,BKERNKAMP,1900019467,Barna Import Medica S.A.,Spain,X12004,DAP,2025-02-28,20,S0327520,"Gloves,surg,pwdfree,7.5,ster,s.u.,pair",160000,160000,LTA,CLOSED
68038358,,BKERNKAMP,1900019467,Barna Import Medica S.A.,Spain,X12004,DAP,2025-02-14,30,S0845205,"Gloves,heavy-duty,rubber/nitrile,M,pair",32000,32000,LTA,CLOSED
68038358,,BKERNKAMP,1900019467,Barna Import Medica S.A.,Spain,X12004,DAP,2025-01-29,40,S0327500,"Gloves,surg,pwdfree,6.5,ster,s.u.,pair",67200,67200,LTA,CLOSED
68038358,,BKERNKAMP,1900019467,Barna Import Medica S.A.,Spain,X12004,DAP,2025-01-29,50,S0969025,"Gloves,exam,nitrile,pwdfree,M,BOX-100",21600,21600,LTA,CLOSED
68038358,,BKERNKAMP,1900019467,Barna Import Medica S.A.,Spain,X12004,DAP,2025-01-29,60,S0969026,"Gloves,exam,nitrile,pwdfree,L,BOX-100",21600,21600,LTA,CLOSED
68038351,,MKAZEMI,1900000468,Remedica Ltd.,Cyprus,X12002,DAP,2025-04-02,10,S1543660,Haloperidol 5mg tabs/PAC-10x10,20000,0,LTA,OPEN
68038401,,WGU,1900002424,Albe Emballage A/S,Denmark,X12004,DAP,2025-02-10,10,S8902044,LabelsA5-White-Auto.Printers-Land.,24,24,NONE,CLOSED
68038401,,WGU,1900002424,Albe Emballage A/S,Denmark,X12004,DAP,2025-02-10,20,S8902045,LabelsA6-Green-Auto.Printers-Portr.,10,10,NONE,CLOSED
68038401,,WGU,1900002424,Albe Emballage A/S,Denmark,X12004,DAP,2025-02-10,30,S8902053,LabelsA6-Green-Man.Printers-Land.,30,30,NONE,CLOSED
68038401,,WGU,1900002424,Albe Emballage A/S,Denmark,X12004,DAP,2025-02-10,40,S8902058,LabelsA6-Pink-Man.Printers-Land,25,26,NONE,CLOSED
68038401,,WGU,1900002424,Albe Emballage A/S,Denmark,X12004,DAP,2025-02-10,50,S8902041,LabelsA6-White-Man.Printers-Land.,50,50,NONE,CLOSED
68038400,,WGU,1900006531,MC Emballage A/S,Denmark,X12004,DAP,2025-02-19,10,S8913860,"Staples Lock 18, BOX 20",20,20,NONE,CLOSED
68038400,,WGU,1900006531,MC Emballage A/S,Denmark,X12004,DAP,2025-02-20,20,S8903001,Tape dispenser w/springloaded tape brake,25,25,NONE,CLOSED
68038400,,WGU,1900006531,MC Emballage A/S,Denmark,X12004,DAP,2025-02-20,30,S8913821,"String,polycord,450m/kg",60,60,NONE,CLOSED
68038300,,AWEIS,1900009154,IMRES BV,Netherlands,X12004,DAP,2025-02-11,20,S0845243,"Mucosal atomisation device, BOX-25",52,52,NONE,CLOSED
68038289,,AWEIS,1900019467,Barna Import Medica S.A.,Spain,,DAP,2025-02-26,40,S0845243,"Mucosal atomisation device, BOX-25",240,101,NONE,OPEN
62000176,Kuehne + Nagel A/S,PLPETERSEN,1900020218,MAHINDRA EMIRATES VEHICLE,Utd.Arab.Emir.,X22204,FCA,2025-03-12,10,S8000010,"Armoured Toyota LC 300, Petrol, Auto",1,0,LTA,OPEN
68038346,,MSERGIO,1900011349,KD Medical GmbH Hospital Products,Germany,X12004,DAP,2025-01-09,10,S0782405,"Syringe,disp,5ml,ster/BOX-100",10240,10240,LTA,CLOSED
68038347,,TNIELSEN,1900001709,Ovelle Limited,Ireland,X12004,DAP,2025-03-30,10,S1552500,Hydrocortisone ointment 1%/TBE-15g,15000,15048,LTA,CLOSED
68038348,,TNIELSEN,1900012918,Galentic Pharma (India) Pvt.Ltd,India,X12001,DAP,2025-05-31,10,S1552226,Betamethasone 0.1% cream/TBE-15g,32000,0,LTA,OPEN
68038361,Kuehne + Nagel A/S,TNIELSEN,1900013434,Aurobindo Pharma Limited,India,X12002,FCA,2025-03-20,10,S1400653,Dolutegravir 50mg tabs/PAC-30 gb,7168,7168,LTA,CLOSED
68038360,,TNIELSEN,1900012918,Galentic Pharma (India) Pvt.Ltd,India,X12001,DAP,2025-06-15,10,S1523000,Calamine lotion/BOT-500ml,23040,0,LTA,OPEN
68038365,,TNIELSEN,1900019765,S Kant Healthcare Ltd.,India,X12001,DAP,2025-06-30,10,S1531011,Azithromycin pdr/or s 200mg/5ml/BOT-15ml,49000,0,LTA,OPEN
68038359,,TNIELSEN,1900012047,Square Pharmaceuticals PLC,Bangladesh,X12001,DAP,2025-06-30,10,S1585009,Paracetamol 120mg/5ml or.liq/BOT-60ml,181440,0,LTA,OPEN
68038386,,AWEIS,1900016551,Romsons International,India,X12001,DAP,2025-04-14,10,S0370500,"Tube,asp/feed,CH16,L125cm,ster,disp",24000,0,LTA,OPEN
68038355,Kuehne + Nagel A/S,PLPETERSEN,1900015387,NRS Relief FZCO,Utd.Arab.Emir.,X12001,FCA,2025-01-22,10,S5088048,High Performance Tent - 48M2,34,0,LTA,OPEN
68038370,,SHVISWANATHA,1900001613,Medentech Ltd,Ireland,X12001,DAP,2025-01-10,10,S1588345,Water purif.(NaDCC) 67mg tabs/BOX-16000,750,750,LTA,CLOSED
68038370,,SHVISWANATHA,1900001613,Medentech Ltd,Ireland,X12001,DAP,2025-01-10,20,S1588355,Water purif.(NaDCC) 33mg tabs/PAC-50,121440,121440,LTA,CLOSED
68038370,,SHVISWANATHA,1900001613,Medentech Ltd,Ireland,X12001,DAP,2025-01-10,30,S1588360,Water purif.(NaDCC) 1.67g tabs/PAC-200,6552,6552,LTA,CLOSED
68038371,,SHVISWANATHA,1900010258,Procter & Gamble Company,USA (the),X12001,DAP,2025-04-20,10,S5007321,"Water floc. & disinfectant,pdr/BOX-240",17200,0,LTA,OPEN
68038384,,SHVISWANATHA,1900009651,Promens Packaging GmbH,Germany,X12010,DAP,2025-01-22,10,S5007311,"Water-cont,LDPE,10l,collapsibl.,w/o logo",45600,45600,LTA,CLOSED
68038372,,SHVISWANATHA,1900002822,LABARONNE CITAF SAS,France,X12001,DAP,2025-01-29,10,S5006018,"Water tank,collapsible,1500l,w/distr.kit",15,15,LTA,CLOSED
68038372,,SHVISWANATHA,1900002822,LABARONNE CITAF SAS,France,X12001,DAP,2025-01-29,20,S5006019,"Water tank,collapsible,5000l,w/dist.kit",2,2,LTA,CLOSED
68038372,,SHVISWANATHA,1900002822,LABARONNE CITAF SAS,France,X12001,DAP,2025-01-29,30,S5006020,"Water tank,collapsible,10000l,w/dist.kit",13,13,LTA,CLOSED
68038373,Kuehne + Nagel A/S,IMUNOZ,1900008236,Fleischhacker GmbH & Co.KG,Germany,X12004,FCA,2025-01-20,10,S0584005,"Test strip,urine,gluc/prot,box-100",400,400,LTA,CLOSED
62000177,Kuehne + Nagel A/S,NANXIONNAZ,1900006967,Hydrachem Limited,United Kingdom,X44906,FCA,2025-04-07,10,S1588360,Water purif.(NaDCC) 1.67g tabs/PAC-200,6720,0,LTA,OPEN
68038392,,TNIELSEN,1900007417,DEMO S.A. Pharmaceutical Industry,Greece,X12001,DAP,2025-10-30,10,S1552118,Glucose 10% 500ml bot/BOX-20,2500,0,NONE,OPEN
68038409,,AWEIS,1900005947,Fazzini s.r.l.,Italy,X12004,DAP,2025-03-14,10,S0760640,"Pump,suction,foot-operated",520,520,NONE,CLOSED
68038385,,AWEIS,1900011631,GPC Medical Ltd,India,X12001,DAP,2025-04-29,10,S0845009,"Resuscitator,hand-oper.,neonate,set",8000,0,LTA,OPEN
68038387,,AWEIS,1900021846,DISPOSAFE HEALTH AND LIFE CARE LTD,India,X12001,DAP,2025-05-15,10,S0746010,"Scalpel blade,ster,disp,no.10",80000,0,LTA,OPEN
68038387,,AWEIS,1900021846,DISPOSAFE HEALTH AND LIFE CARE LTD,India,X12001,DAP,2025-05-15,20,S0746110,"Scalpel blade,ster,disp,no.11",20000,0,LTA,OPEN
68038387,,AWEIS,1900021846,DISPOSAFE HEALTH AND LIFE CARE LTD,India,X12001,DAP,2025-05-15,30,S0746510,"Scalpel blade,ster,disp,no.22",700000,0,LTA,OPEN
68038175,,AWEIS,1900021784,Durable Hospital Supplies,Pakistan,X12002,DAP,2025-02-03,50,S0743600,"Needle holder,Mayo-Hegar,180mm,str",3000,3000,LTA,CLOSED
68038175,,AWEIS,1900021784,Durable Hospital Supplies,Pakistan,X12002,DAP,2025-02-03,60,S0745500,"Scalpel handle,no.4",3000,3000,LTA,CLOSED
68038175,,AWEIS,1900021784,Durable Hospital Supplies,Pakistan,X12002,DAP,2025-02-03,70,S0770500,"Scissors,Mayo,140mm,cvd,b/b",3000,3000,LTA,CLOSED
68038175,,AWEIS,1900021784,Durable Hospital Supplies,Pakistan,X12002,DAP,2025-02-03,80,S0773500,"Scissors,Deaver,140mm,str,s/b",4000,4000,LTA,CLOSED
68038175,,AWEIS,1900021784,Durable Hospital Supplies,Pakistan,X12002,DAP,2025-02-03,90,S0778000,"Speculum,vaginal,Graves,115x35mm",2000,2000,LTA,CLOSED
68038175,,AWEIS,1900021784,Durable Hospital Supplies,Pakistan,X12002,DAP,2025-02-03,100,S0779700,"Spatula,abdo,malleable,250mm",1000,1000,LTA,CLOSED
68038378,,TNIELSEN,1900019765,S Kant Healthcare Ltd.,India,X12001,DAP,2025-07-30,10,S1531011,Azithromycin pdr/or s 200mg/5ml/BOT-15ml,49000,0,LTA,OPEN
68038377,,TNIELSEN,1900014549,Sirmaxo Chemicals Pvt Ltd,India,X12001,DAP,2025-05-30,10,S1531042,Chlorhex.diglu.7.1% gel cord.c.TBE/20g,96000,0,LTA,OPEN
68038423,,TNIELSEN,1900012047,Square Pharmaceuticals PLC,Bangladesh,X12001,DAP,2025-04-30,10,S1533005,Flucloxacil125mg/5ml pdr/or liq/BOT100ml,9000,0,LTA,OPEN
68038376,,TNIELSEN,1900014308,MILAN LABORATORIES (INDIA) PVT. LTD,India,X12001,DAP,2025-07-15,10,S1537135,Sul.200mg+Trim.40mg/5ml or.sus/BOT-100ml,50760,0,LTA,OPEN
68038375,,TNIELSEN,1900000443,Purna Pharmaceuticals N.V.,Belgium,X12004,DAP,2025-10-15,10,S1552510,Zinc oxide ointment 10%/TBE-100g,56000,0,LTA,OPEN
68038419,,AWEIS,1900005947,Fazzini s.r.l.,Italy,X12004,DAP,2025-03-31,10,S0845177,"Papersheet,crepe,ster.pack. /PAC-250/252",100,100,LTA,CLOSED
68038406,,AWEIS,1900008236,Fleischhacker GmbH & Co.KG,Germany,X12004,DAP,2025-03-05,10,S0845177,"Papersheet,crepe,ster.pack. /PAC-250/252",600,600,LTA,CLOSED
68038379,,MKAZEMI,1900014308,MILAN LABORATORIES (INDIA) PVT. LTD,India,X12001,DAP,2025-04-15,10,S1511502,Fluoxetine 20mg caps/PAC-10x10,20000,0,LTA,OPEN
68038380,,MKAZEMI,1900000468,Remedica Ltd.,Cyprus,X12001,DAP,2025-05-15,10,S1552412,Atenolol 50mg tabs/PAC-10x10,25000,0,LTA,OPEN
68038382,,MKAZEMI,1900000468,Remedica Ltd.,Cyprus,X12001,DAP,2025-04-30,10,S1555945,Clotrimazole 500mg vag.tabs/applicator,80960,0,LTA,OPEN
68038497,Kuehne + Nagel A/S,PLPETERSEN,1900015387,NRS Relief FZCO,Utd.Arab.Emir.,X12001,FCA,2025-04-15,12,S5085500,"Portable Warehouse,GI/Alu+PVC,24x10m",2,0,NONE,OPEN
68038497,Kuehne + Nagel A/S,PLPETERSEN,1900015387,NRS Relief FZCO,Utd.Arab.Emir.,X12001,FCA,2025-04-15,11,S5088048,High Performance Tent - 48M2,8,0,LTA,OPEN
68038412,,TNIELSEN,1900008082,Laboratorio Aldo-Union S.A.,Spain,X12004,DAP,2025-04-24,10,S1511500,Beclometa.oral inh. 0.05mg/ds 200ds,80000,0,NONE,OPEN
68038383,,MKAZEMI,1900014916,Sandoz d d,Slovenia,X12004,DAP,2025-05-10,10,S1505075,Amoxicillin 500mg disp.tab/PAC-100,69552,0,LTA,OPEN
68038394,,AWEIS,1900008382,United Poly Engineering Private Ltd,India,X12002,DAP,2025-02-07,10,S0921600,"Bottle,plastic,1L,w/screw cap",1088,1088,LTA,CLOSED
68038374,,TNIELSEN,1900019765,S Kant Healthcare Ltd.,India,X12001,DAP,2025-10-15,10,S1585009,Paracetamol 120mg/5ml or.liq/BOT-60ml,181440,0,LTA,OPEN
68038299,,MSERGIO,1900011349,KD Medical GmbH Hospital Products,Germany,X12002,DAP,2025-04-15,30,S0782440,"Syringe,insulin,1ml,U-100,30-31G/BOX-100",2688,0,LTA,OPEN
68038299,,MSERGIO,1900011349,KD Medical GmbH Hospital Products,Germany,X12002,DAP,2025-02-20,40,S0782440,"Syringe,insulin,1ml,U-100,30-31G/BOX-100",384,384,LTA,CLOSED
68038395,,BKERNKAMP,1900016551,Romsons International,India,X12001,DAP,2025-04-24,10,S0845208,"Tubing, oxygen supply, 7.6 mtr",16000,0,LTA,OPEN
68038390,,TNIELSEN,1900007417,DEMO S.A. Pharmaceutical Industry,Greece,X12001,DAP,2025-09-29,10,S1555680,Metronidazole inj 500mg/100ml vl/BOX-50,1008,0,LTA,OPEN
68038393,Kuehne + Nagel A/S,TNIELSEN,1900020581,JSC Kalceks,Latvia,X12004,FCA,2025-05-15,10,S1559355,Magn.sulph.inj 500mg/ml 10ml amp/BOX-10,6000,0,LTA,OPEN
68038391,,TNIELSEN,1900007417,DEMO S.A. Pharmaceutical Industry,Greece,X12001,DAP,2025-09-30,10,S1564320,Sod.chloride inj.0.9% 10ml/BOX-5,12000,0,LTA,OPEN
68038389,,TNIELSEN,1900001025,Durbin PLC,United Kingdom,X12004,DAP,2025-09-15,10,S1585000,Calc.glucon.inj 100mg/ml 10ml amp/BOX-10,3000,0,LTA,OPEN
68038429,,TNIELSEN,1900000983,Amstelfarma B.V.,Netherlands,X12004,DAP,2025-03-30,10,S1562020,Salbutamol oral inh. 0.1mg/ds 200ds,50000,16004,NONE,OPEN
68038398,,WGU,1900020333,DS Smith Packaging Denmark A/S,Denmark,X12004,DAP,2025-02-14,10,S8940100,"Pre-pack Carton, 45x35x15 cm, 0.024 m3",10000,10200,LTA,CLOSED
68038398,,WGU,1900020333,DS Smith Packaging Denmark A/S,Denmark,X12004,DAP,2025-02-14,20,S8942200,"Pre-pack Ctn,  37.5x29x19.5 cm, 0.021 m3",19500,20175,LTA,CLOSED
68038402,,WGU,1900006531,MC Emballage A/S,Denmark,X12004,DAP,2025-02-19,10,S8941500,"Pre-pack Carton, 70x19x10 cm, 0.014 m3",7680,7484,NONE,CLOSED
68038399,,WGU,1900020333,DS Smith Packaging Denmark A/S,Denmark,X12011,DAP,2025-02-13,10,S9004801,"Double-wall ctn.60x40x20 cm, 0.048 m3",4368,4443,LTA,CLOSED
68038399,,WGU,1900020333,DS Smith Packaging Denmark A/S,Denmark,X12011,DAP,2025-02-13,20,S9005301,"Double-wall ctn.50x30x35 cm, 0.053 m3",5376,5592,LTA,CLOSED
68038399,,WGU,1900020333,DS Smith Packaging Denmark A/S,Denmark,X12011,DAP,2025-02-13,30,S9010633,"Double-wall ctn.80x40x33 cm, 0.106 m3",8064,8034,LTA,CLOSED
68038399,,WGU,1900020333,DS Smith Packaging Denmark A/S,Denmark,X12011,DAP,2025-02-13,40,S9016023,"Double-wall ctn.80x40x50 cm, 0.160 m3",6720,6666,LTA,OPEN
68038405,,WGU,1900009169,Smurfit Kappa GmbH,Germany,X12004,DAP,2025-02-06,10,S9005301,"Double-wall ctn.50x30x35 cm, 0.053 m3",6760,7393,LTA,CLOSED
68038405,,WGU,1900009169,Smurfit Kappa GmbH,Germany,X12004,DAP,2025-02-12,20,S9010633,"Double-wall ctn.80x40x33 cm, 0.106 m3",7280,7340,LTA,CLOSED
68038405,,WGU,1900009169,Smurfit Kappa GmbH,Germany,X12004,DAP,2025-02-12,30,S9016023,"Double-wall ctn.80x40x50 cm, 0.160 m3",7800,8050,LTA,CLOSED
68038405,,WGU,1900009169,Smurfit Kappa GmbH,Germany,X12004,DAP,2025-02-06,40,S9012012,"Double-wall ctn.80x60x25 cm, 0.120 m3",3900,3690,LTA,CLOSED
68038396,Scan Global Logistics A/S,AWEIS,1900020102,Qingdao LEFF International,China,X12002,FCA,2025-01-23,10,S0921602,"Counting tray, triangular, round tablets",2000,2000,NONE,CLOSED
68038396,Scan Global Logistics A/S,AWEIS,1900020102,Qingdao LEFF International,China,X12002,FCA,2025-01-23,20,S0845242,"Hanger, urine bag, two hooks/PAC-10",700,700,NONE,CLOSED
68038397,Kuehne + Nagel A/S,IMUNOZ,1900022780,Spectrum Diagnostics,Egypt,X12002,FCA,2025-03-15,10,S0584005,"Test strip,urine,gluc/prot,box-100",1100,0,LTA,OPEN
62000183,Kuehne + Nagel A/S,PLPETERSEN,1900016865,Streamflow Polyweave PVT. LTD.,India,X44906,FCA,2025-02-24,10,S0575060,"Plastic Mat w/o logo,1.8 x 0.9m/BALE-25",720,0,NONE,OPEN
62000178,Kuehne + Nagel A/S,NSEREK,1900020051,Real Relief ApS,Denmark,X44906,FCA,2025-01-20,10,S5006122,"WASH&DignityKit,firstResp,1HH,noPurifTab",2268,2268,LTA,CLOSED
68038407,Kuehne + Nagel A/S,STAHERISAEID,1900015781,JINHUA LONGTAI IMP EXP TRADING,China,X12001,FCA,2025-03-24,10,S0521425,"Sachet,tablet,plastic,10x16cm/PAC-100",169344,0,LTA,OPEN
68038420,,NANXIONNAZ,1900002764,Jose Miguel Poveda S.A. (JOMIPSA),Spain,X12004,DAP,2025-02-14,10,S5006122,"WASH&DignityKit,firstResp,1HH,noPurifTab",288,288,LTA,CLOSED
62000186,Kuehne + Nagel A/S,PLPETERSEN,1900015387,NRS Relief FZCO,Utd.Arab.Emir.,X44906,FCA,2025-02-24,10,S5088048,High Performance Tent - 48M2,34,34,LTA,CLOSED
62000186,Kuehne + Nagel A/S,PLPETERSEN,1900015387,NRS Relief FZCO,Utd.Arab.Emir.,X44906,FCA,2025-02-24,20,S5088024,High Performance Tent - 24M2,204,204,LTA,CLOSED
68038425,,BKERNKAMP,1900000451,SECA GmbH & Co. KG,Germany,X12001,DAP,2025-05-05,10,S0114520,"Length/height board,baby/child/adult",480,0,LTA,OPEN
68038425,,BKERNKAMP,1900000451,SECA GmbH & Co. KG,Germany,X12001,DAP,2025-05-05,20,S0114520,"Length/height board,baby/child/adult",336,0,LTA,OPEN
68038425,,BKERNKAMP,1900000451,SECA GmbH & Co. KG,Germany,X12001,DAP,2025-05-19,40,S0114520,"Length/height board,baby/child/adult",336,0,LTA,OPEN
68038425,,BKERNKAMP,1900000451,SECA GmbH & Co. KG,Germany,X12001,DAP,2025-06-02,60,S0114520,"Length/height board,baby/child/adult",240,0,LTA,OPEN
68038425,,BKERNKAMP,1900000451,SECA GmbH & Co. KG,Germany,X12001,DAP,2025-05-05,30,S0141023,"Scale,mother/child,batteries,solar,250kg",600,0,LTA,OPEN
68038425,,BKERNKAMP,1900000451,SECA GmbH & Co. KG,Germany,X12001,DAP,2025-05-19,50,S0141023,"Scale,mother/child,batteries,solar,250kg",600,0,LTA,OPEN
68038424,,BKERNKAMP,1900019467,Barna Import Medica S.A.,Spain,X12004,DAP,2025-03-26,10,S0305027,"Gown,surg,nonsterile,nonwoven,HP,disp,XL",3000,0,LTA,OPEN
68038453,,WGU,1900003974,Walpak A/S,Denmark,X12004,DAP,2025-02-14,10,S8902068,Paper roll 250/580mm x 300m,30,32,NONE,CLOSED
68038408,Kuehne + Nagel A/S,STAHERISAEID,1900020040,Gemini Global Limited,China,X12010,FCA,2025-02-28,10,S1993554,"Users guide Recreation Kit, English",34560,0,LTA,OPEN
68038408,Kuehne + Nagel A/S,STAHERISAEID,1900020040,Gemini Global Limited,China,X12010,FCA,2025-02-28,20,S1993545,"Book, children's, cardboard",10368,0,LTA,OPEN
68038442,Kuehne + Nagel A/S,PLPETERSEN,1900006246,"Puyoung Ind. Co., Ltd.","South Korea,Rep",X12001,FCA,2025-02-17,10,S5086014,Plastic Tarpaulin F.R. Sheet (4x5m),6000,0,NONE,OPEN
68038404,Kuehne + Nagel A/S,STAHERISAEID,1900012695,"Hangzhou Cereal, Oils &",China,X12010,FCA,2025-02-20,10,S4410040,"Book,exercise,A5,ruled,48pgs,ARABIC/P-20",15360,0,LTA,OPEN
68038404,Kuehne + Nagel A/S,STAHERISAEID,1900012695,"Hangzhou Cereal, Oils &",China,X12010,FCA,2025-02-20,20,S4410030,"Book,exercise,A5,sqre,48 pgs,ARABIC/P-20",14400,0,LTA,OPEN
68038404,Kuehne + Nagel A/S,STAHERISAEID,1900012695,"Hangzhou Cereal, Oils &",China,X12010,FCA,2025-04-01,30,S4410040,"Book,exercise,A5,ruled,48pgs,ARABIC/P-20",15360,0,LTA,OPEN
68038404,Kuehne + Nagel A/S,STAHERISAEID,1900012695,"Hangzhou Cereal, Oils &",China,X12010,FCA,2025-04-01,40,S4410030,"Book,exercise,A5,sqre,48 pgs,ARABIC/P-20",14400,0,LTA,OPEN
68038421,Kuehne + Nagel A/S,MKAZEMI,1900010421,Fulton Medicinali S.p.A.,Italy,X12004,FCA,2025-08-03,10,S1585007,Paracetamol 125mg supp/PAC-10,6496,0,LTA,OPEN
68038403,Kuehne + Nagel A/S,STAHERISAEID,1900012695,"Hangzhou Cereal, Oils &",China,X12010,FCA,2025-02-25,10,S2684006,"Colouring pencils,12 ass cols,in case",146880,0,LTA,OPEN
68038403,Kuehne + Nagel A/S,STAHERISAEID,1900012695,"Hangzhou Cereal, Oils &",China,X12010,FCA,2025-02-25,20,S4460701,"Pencil,HB grade,black lead/BOX-10",69120,0,LTA,OPEN
68038403,Kuehne + Nagel A/S,STAHERISAEID,1900012695,"Hangzhou Cereal, Oils &",China,X12010,FCA,2025-04-01,30,S2684006,"Colouring pencils,12 ass cols,in case",146880,0,LTA,OPEN
68038403,Kuehne + Nagel A/S,STAHERISAEID,1900012695,"Hangzhou Cereal, Oils &",China,X12010,FCA,2025-04-01,40,S4460701,"Pencil,HB grade,black lead/BOX-10",69120,0,LTA,OPEN
68038413,Kuehne + Nagel A/S,TNIELSEN,1900001709,Ovelle Limited,Ireland,X12001,FCA,2025-03-19,10,S1568201,Permethrin 5% cream/TBE 30g,95000,18560,LTA,OPEN
68038426,,AWEIS,1900015844,Wrangler Instruments,Pakistan,X12001,DAP,2025-05-01,10,S0211000,"Basin,kidney,stainless steel,825ml",7680,0,LTA,OPEN
68038427,,AWEIS,1900016551,Romsons International,India,X12001,DAP,2025-05-20,10,S0374015,"Tube,suction,CH10,L50cm,ster,disp",75000,0,LTA,OPEN
68038427,,AWEIS,1900016551,Romsons International,India,X12001,DAP,2025-05-20,20,S0370125,"Prongs,nasal,Oxygen,neonate,s.u.",40000,0,LTA,OPEN
68038447,Kuehne + Nagel A/S,TNIELSEN,1900000983,Amstelfarma B.V.,Netherlands,X12004,FCA,2025-05-30,10,S1532305,Ketamine inj 50mg/ml 10ml vial/BOX-25 nt,3000,942,LTA,OPEN
62000181,Kuehne + Nagel A/S,NANXIONNAZ,1900001086,Butyl Products Ltd.,United Kingdom,X44906,FCA,2025-04-15,10,S5006019,"Water tank,collapsible,5000l,w/dist.kit",42,0,LTA,OPEN
68038416,,AWEIS,1900001115,Chempatex Medizinische,Germany,X12001,DAP,2025-05-16,10,S0512020,"Bandage,gauze,5cmx5m,roll",108000,0,LTA,OPEN
68038415,,AWEIS,2300012709,PT Damarus Panen Utama,Indonesia,X12001,DAP,2025-06-16,10,S0845065,"Timer,for respiration,ARI (mark 2)",10000,0,LTA,OPEN
68038414,,AWEIS,1900001652,Moneray International Ltd.,China,X12002,DAP,2025-05-09,10,S0845065,"Timer,for respiration,ARI (mark 2)",10000,0,LTA,OPEN
68038417,,AWEIS,1900021784,Durable Hospital Supplies,Pakistan,X12002,DAP,2025-03-21,10,S0726000,"Forceps,artery,Kocher,140mm,str",30000,8000,LTA,OPEN
68038417,,AWEIS,1900021784,Durable Hospital Supplies,Pakistan,X12002,DAP,2025-05-01,20,S0768400,"Retractor,vaginal,Doyen,45x85mm",1000,0,LTA,OPEN
68038417,,AWEIS,1900021784,Durable Hospital Supplies,Pakistan,X12002,DAP,2025-05-01,30,S0777000,"Speculum,vaginal,Graves,75x20mm",1000,0,LTA,OPEN
68038417,,AWEIS,1900021784,Durable Hospital Supplies,Pakistan,X12002,DAP,2025-05-01,40,S0777500,"Speculum,vaginal,Graves,95x35mm",1000,0,LTA,OPEN
68038418,,AWEIS,1900015844,Wrangler Instruments,Pakistan,X12002,DAP,2025-05-01,10,S0737000,"Forceps,tissue,standard,145mm,str",6000,0,LTA,OPEN
68038418,,AWEIS,1900015844,Wrangler Instruments,Pakistan,X12002,DAP,2025-05-01,20,S0739100,"Forceps,tissue,Duval,230mm",1000,0,LTA,OPEN
68038418,,AWEIS,1900015844,Wrangler Instruments,Pakistan,X12002,DAP,2025-05-01,30,S0743600,"Needle holder,Mayo-Hegar,180mm,str",6000,0,LTA,OPEN
68038418,,AWEIS,1900015844,Wrangler Instruments,Pakistan,X12002,DAP,2025-02-24,40,S0759820,"Probe,double-ended,145mm",8000,3600,LTA,OPEN
68038418,,AWEIS,1900015844,Wrangler Instruments,Pakistan,X12002,DAP,2025-05-01,50,S0773550,"Scissors,Deaver,140mm,cvd,s/b",5000,0,LTA,OPEN
68038418,,AWEIS,1900015844,Wrangler Instruments,Pakistan,X12002,DAP,2025-05-01,60,S0774700,"Scissors,gyneco,200mm,cvd,b/b",2000,0,LTA,OPEN
68038422,,NSEREK,1900001503,Katadyn Products Inc,Switzerland,X12004,DAP,2025-02-20,10,S5619903,"Filter, drinking, approx. 10L container",1056,1056,LTA,CLOSED
68038422,,NSEREK,1900001503,Katadyn Products Inc,Switzerland,,DAP,2025-02-20,20,S5619903,"Filter, drinking, approx. 10L container",200,200,LTA,CLOSED
68038434,,AWEIS,1900011349,KD Medical GmbH Hospital Products,Germany,X12004,DAP,2025-02-21,10,S0709200,"Cannula,IV short,16G,ster,disp",16000,16000,LTA,CLOSED
68038434,,AWEIS,1900011349,KD Medical GmbH Hospital Products,Germany,X12004,DAP,2025-02-21,20,S0709230,"Cannula,IV short,24G,ster,disp",16000,16000,LTA,CLOSED
68038434,,AWEIS,1900011349,KD Medical GmbH Hospital Products,Germany,X12004,DAP,2025-02-21,30,S0709231,"Cannula IV short 18G, ster, disp, BOX-50",1280,1280,LTA,CLOSED
68038434,,AWEIS,1900011349,KD Medical GmbH Hospital Products,Germany,X12004,DAP,2025-02-21,40,S0709232,"Cannula IV short 20G, ster, disp, BOX-50",2240,2240,LTA,CLOSED
68038434,,AWEIS,1900011349,KD Medical GmbH Hospital Products,Germany,X12004,DAP,2025-02-21,50,S0709233,"Cannula IV short 22G, ster, disp, BOX-50",1920,1920,LTA,CLOSED
68038434,,AWEIS,1900011349,KD Medical GmbH Hospital Products,Germany,X12004,DAP,2025-02-21,60,S0709234,"Cannula IV short 24G, ster, disp, BOX-50",1920,1920,LTA,CLOSED
68038434,,AWEIS,1900011349,KD Medical GmbH Hospital Products,Germany,X12004,DAP,2025-02-21,70,S0709237,"Needle scalp vein 25G, ster, disp,BOX-50",1440,1440,LTA,CLOSED
68038434,,AWEIS,1900011349,KD Medical GmbH Hospital Products,Germany,X12004,DAP,2025-02-21,80,S0782403,"Cannula,IV short,18G,SIP,ster,disp,BOX50",900,900,LTA,CLOSED
68038434,,AWEIS,1900011349,KD Medical GmbH Hospital Products,Germany,X12004,DAP,2025-02-21,90,S0782401,"Cannula,IV short,22G,SIP,ster,disp,BOX50",600,600,LTA,CLOSED
68038434,,AWEIS,1900011349,KD Medical GmbH Hospital Products,Germany,X12004,DAP,2025-02-21,100,S0782400,"Cannula,IV short,24G,SIP,ster,disp,BOX50",300,300,LTA,CLOSED
68038434,,AWEIS,1900011349,KD Medical GmbH Hospital Products,Germany,X12004,DAP,2025-03-14,110,S0747997,"NeedleSpinal22G(0.7x40mm)Ster,disp,BOX25",720,720,LTA,CLOSED
68038432,,AWEIS,1900005818,Missionpharma A/S,Denmark,X12004,DAP,2025-07-25,10,S0531990,"Infusion giving set,w/burette,ster,s.u.",99990,0,LTA,OPEN
68038428,,AWEIS,1900001612,Medela AG,Switzerland,X12004,DAP,2025-05-01,10,S0791500,"Vacuum extractor,Bird,manual,comple.set",200,0,LTA,OPEN
68038428,,AWEIS,1900001612,Medela AG,Switzerland,X12004,DAP,2025-05-01,20,S0791501,"Vacuum extractor,Bird(ant&post),manu,set",100,0,LTA,OPEN
62000180,Kuehne + Nagel A/S,NANXIONNAZ,1900001613,Medentech Ltd,Ireland,X44907,FCA,2025-01-30,20,S1588360,Water purif.(NaDCC) 1.67g tabs/PAC-200,1344,1344,LTA,CLOSED
68038433,,AWEIS,1900011351,Narang Medical Ltd.,India,X12001,DAP,2025-07-01,10,S0361020,"Drawsheet,plastic,90x180cm",63360,0,LTA,OPEN
68038436,,AWEIS,1900015318,Peak International Trade LTD,China,X12001,DAP,2025-05-01,10,S0983400,"Timer,60 min",6000,0,LTA,OPEN
68038437,,AWEIS,1900010631,HEALTHIUM MEDTECH LTD,India,X12001,DAP,2025-05-01,10,S0565050,"Sut,nonabs,DEC1,3/8,13-16mm,taper/BOX 36",1152,0,NONE,OPEN
68038439,,AWEIS,1900020102,Qingdao LEFF International,China,X12001,DAP,2025-06-06,10,S0845242,"Hanger, urine bag, two hooks/PAC-10",5000,0,NONE,OPEN
68038439,,AWEIS,1900020102,Qingdao LEFF International,China,X12001,DAP,2025-06-06,30,S0921602,"Counting tray, triangular, round tablets",5000,0,NONE,OPEN
68038435,,AWEIS,1900010631,HEALTHIUM MEDTECH LTD,India,X12001,DAP,2025-05-01,10,S0564004,"Sut,abs,DEC2,need 3/8 26mm,tri/BOX-36",4604,0,LTA,OPEN
68038435,,AWEIS,1900010631,HEALTHIUM MEDTECH LTD,India,X12001,DAP,2025-05-01,20,S0564040,"Sut,abs,DEC4,need 3/8 50mm,round/BOX-36",576,0,LTA,OPEN
68038435,,AWEIS,1900010631,HEALTHIUM MEDTECH LTD,India,X12001,DAP,2025-05-01,30,S0564030,"Sut,abs,DEC3,spool/BOX-36",576,0,LTA,OPEN
68038443,,BKERNKAMP,1900019467,Barna Import Medica S.A.,Spain,X12004,DAP,2025-03-03,10,S0305135,"Mask,surgic,typeIIR,tiestrap,disp.pack50",15000,15000,LTA,CLOSED
68038431,,TNIELSEN,1900001025,Durbin PLC,United Kingdom,X12004,DAP,2025-03-12,10,S1555950,Morphine sulph.inj 10mg/ml 1ml/BOX-10 nt,4140,4140,LTA,CLOSED
62000182,Kuehne + Nagel A/S,NSEREK,1900007256,Alpinter SA NV,Belgium,X44908,FCA,2025-02-04,10,S5007311,"Water-cont,LDPE,10l,collapsibl.,w/o logo",2800,2800,LTA,CLOSED
62000182,Kuehne + Nagel A/S,NSEREK,1900007256,Alpinter SA NV,Belgium,X44908,FCA,2025-02-04,20,S5007311,"Water-cont,LDPE,10l,collapsibl.,w/o logo",9200,9200,LTA,CLOSED
68038448,,TNIELSEN,1900014596,Macleods Pharmaceuticals Limited,India,X12001,DAP,2025-06-15,10,S1555930,"Nystatin oral sus 100,000IU/ml/BOT-30ml",65000,0,LTA,OPEN
68038444,,BKERNKAMP,1900019467,Barna Import Medica S.A.,Spain,X12004,DAP,2025-05-10,10,S0305160,"Respirator,FFP2/Surg N95,fluid-resist",10000,0,LTA,OPEN
62000185,Kuehne + Nagel A/S,JFRANDSEN,2300130532,RAMI KABALAN FZE,Utd.Arab.Emir.,X44908,FCA,2025-04-14,10,S0538207,Set Winter clothes-severe winter 5yrs,600,0,LTA,OPEN
62000185,Kuehne + Nagel A/S,JFRANDSEN,2300130532,RAMI KABALAN FZE,Utd.Arab.Emir.,X44908,FCA,2025-04-14,20,S0538209,Set Winter clothes-severe winter 9yrs,600,0,LTA,OPEN
62000185,Kuehne + Nagel A/S,JFRANDSEN,2300130532,RAMI KABALAN FZE,Utd.Arab.Emir.,X44908,FCA,2025-04-14,30,S0538210,Set Winter clothes-severe winter 12yrs,675,0,LTA,OPEN
62000185,Kuehne + Nagel A/S,JFRANDSEN,2300130532,RAMI KABALAN FZE,Utd.Arab.Emir.,X44908,FCA,2025-04-14,40,S0538211,Set Winter clothes-severe winter 14yrs,550,0,LTA,OPEN
62000185,Kuehne + Nagel A/S,JFRANDSEN,2300130532,RAMI KABALAN FZE,Utd.Arab.Emir.,X44908,FCA,2025-04-14,50,S0538212,Set Winter clothes-severe winter 16yrs,500,0,LTA,OPEN
68038441,,SHVISWANATHA,1900002764,Jose Miguel Poveda S.A. (JOMIPSA),Spain,X12004,DAP,2025-02-21,10,S5006276,"Multipurpose Cloth, cotton, 1x1.5m",5760,5760,LTA,CLOSED
68038446,,SHVISWANATHA,1900002764,Jose Miguel Poveda S.A. (JOMIPSA),Spain,X12004,DAP,2025-02-21,10,S0552003,Soap box,6300,6300,RFQ,CLOSED
68038445,Kuehne + Nagel A/S,TNIELSEN,1900020581,JSC Kalceks,Latvia,X12004,FCA,2025-05-15,10,S1559355,Magn.sulph.inj 500mg/ml 10ml amp/BOX-10,10000,0,LTA,OPEN
68038440,,AWEIS,1900010631,HEALTHIUM MEDTECH LTD,India,X12002,DAP,2025-02-21,10,S0565050,"Sut,nonabs,DEC1,3/8,13-16mm,taper/BOX 36",380,380,NONE,CLOSED
68038440,,AWEIS,1900010631,HEALTHIUM MEDTECH LTD,India,X12002,DAP,2025-02-21,20,S0564004,"Sut,abs,DEC2,need 3/8 26mm,tri/BOX-36",916,916,LTA,CLOSED
68038439,,AWEIS,1900020102,Qingdao LEFF International,China,X12001,DAP,2025-06-06,40,S0503017,"Tape,medical,paper,2.5cmx5m,roll,PAC-12",1500,0,NONE,OPEN
62000184,Kuehne + Nagel A/S,NANXIONNAZ,1900013306,K.K.Nag Pvt. Ltd,India,X44907,FCA,2025-02-20,10,S5007345,"Pan and ""P"" trap,for sq. plate 5007335",66,66,LTA,CLOSED
68038459,Kuehne + Nagel A/S,BKERNKAMP,1900005947,Fazzini s.r.l.,Italy,X12002,FCA,2025-03-20,10,S0539000,"Pin,safety,medium size/PAC-12",2000,0,LTA,OPEN
68038460,,BKERNKAMP,1900005947,Fazzini s.r.l.,Italy,X12004,DAP,2025-05-15,10,S0539000,"Pin,safety,medium size/PAC-12",20000,0,LTA,OPEN
68038459,Kuehne + Nagel A/S,BKERNKAMP,1900005947,Fazzini s.r.l.,Italy,X12002,FCA,2025-03-20,20,S0539000,"Pin,safety,medium size/PAC-12",4000,0,LTA,OPEN
68038449,,MKAZEMI,1900014308,MILAN LABORATORIES (INDIA) PVT. LTD,India,X12001,DAP,2025-04-20,10,S1555653,Metronidazole 250mg tabs PAC/10x10,146450,0,LTA,OPEN
68038470,,SHVISWANATHA,1900002764,Jose Miguel Poveda S.A. (JOMIPSA),Spain,X12004,DAP,2025-03-11,10,S5006122,"WASH&DignityKit,firstResp,1HH,noPurifTab",840,840,LTA,CLOSED
68038469,Kuehne + Nagel A/S,SHVISWANATHA,1900019545,Dunster House Ltd,United Kingdom,X12001,FCA,2025-03-17,10,S5007335,"Squatting plate,plastic,w/o pan,120x80cm",1250,0,LTA,OPEN
62000192,Kuehne + Nagel A/S,TNIELSEN,1900001026,B Braun Melsungen AG,Germany,X44906,FCA,2025-04-30,10,S1560823,Compound Sodium Lactate 1L bot/BOX-10,2760,0,NONE,OPEN
68038450,Scan Global Logistics A/S,LSUN,1900020904,"Hangzhou Biotest Biotech Co., Ltd",China,X12002,FCA,2025-03-03,10,S0584506,"Pregnancy,Urine,HCG,MidStream,1T/kit",8000,8000,LTA,CLOSED
68038514,,MSERGIO,1900011349,KD Medical GmbH Hospital Products,Germany,X12004,DAP,2025-03-17,10,S0747452,"Needle,disp,23G,ster/BOX-100",6300,6300,LTA,CLOSED
68038514,,MSERGIO,1900011349,KD Medical GmbH Hospital Products,Germany,X12004,DAP,2025-03-17,20,S0782205,"Syringe,disp,2ml,ster/BOX-100",4000,4000,LTA,CLOSED
68038514,,MSERGIO,1900011349,KD Medical GmbH Hospital Products,Germany,X12004,DAP,2025-03-17,30,S0782413,"Syringe,disp,10ml,ster/BOX-100",4992,4992,LTA,CLOSED
68038514,,MSERGIO,1900011349,KD Medical GmbH Hospital Products,Germany,X12004,DAP,2025-07-04,40,S0782425,"Syringe,disp,20ml,ster/BOX-100",4096,0,LTA,OPEN
68038514,,MSERGIO,1900011349,KD Medical GmbH Hospital Products,Germany,X12004,DAP,2025-03-17,50,S0747420,"Needle,disp,19G,ster/BOX-100",5600,5600,LTA,CLOSED
68038514,,MSERGIO,1900011349,KD Medical GmbH Hospital Products,Germany,X12004,DAP,2025-03-17,60,S0782405,"Syringe,disp,5ml,ster/BOX-100",10240,10240,LTA,CLOSED
68038471,,MKAZEMI,1900014916,Sandoz d d,Slovenia,X12004,DAP,2025-03-30,10,S1505043,Amoxicillin 250mg disp.tab/PAC-(10x10),113847,0,LTA,OPEN
68038472,,MKAZEMI,1900000468,Remedica Ltd.,Cyprus,,DAP,2025-05-31,10,S1505043,Amoxicillin 250mg disp.tab/PAC-(10x10),180077,0,LTA,OPEN
68038454,,WGU,1900006531,MC Emballage A/S,Denmark,,DAP,2025-03-10,10,S8903025,"Tape, clear, TESA 4100 for Miniload",90,90,NONE,CLOSED
68038454,,WGU,1900006531,MC Emballage A/S,Denmark,,DAP,2025-03-06,20,S8913993,"Blade,for boxcutter S8913992/BOX-100",30,30,NONE,CLOSED
68038454,,WGU,1900006531,MC Emballage A/S,Denmark,,DAP,2025-03-06,30,S8920090,"Pocket for Packing List, A5, BOX 1000",20,20,NONE,CLOSED
68038473,,MKAZEMI,1900006474,FDC Limited,India,X12001,DAP,2025-08-30,10,S1561125,"ReSoMal,42g sachet for 1 litre/CAR-100",4100,0,LTA,OPEN
68038474,,MKAZEMI,1900018197,Reyoung Pharmaceutical Co Ltd,China,X12001,DAP,2025-06-15,10,S1561135,ORS low osm. flavour 20.5/1L/CAR10x10,20000,0,LTA,OPEN
68038495,,BKERNKAMP,1900005947,Fazzini s.r.l.,Italy,X12004,DAP,2025-05-31,10,S0557000,"Scale,spring type,infant,5kgx25g",8000,0,LTA,OPEN
68038495,,BKERNKAMP,1900005947,Fazzini s.r.l.,Italy,X12004,DAP,2025-05-31,20,S0557000,"Scale,spring type,infant,5kgx25g",8000,0,LTA,OPEN
68038496,,BKERNKAMP,1900001115,Chempatex Medizinische,Germany,X12004,DAP,2025-05-01,10,S0557200,"Weighing sling,infant,5kg",21600,0,LTA,OPEN
68038496,,BKERNKAMP,1900001115,Chempatex Medizinische,Germany,X12004,DAP,2025-06-15,20,S0557200,"Weighing sling,infant,5kg",10800,0,LTA,OPEN
68038496,,BKERNKAMP,1900001115,Chempatex Medizinische,Germany,X12004,DAP,2025-07-15,30,S0557200,"Weighing sling,infant,5kg",10800,0,LTA,OPEN
68038495,,BKERNKAMP,1900005947,Fazzini s.r.l.,Italy,X12004,DAP,2025-07-15,30,S0557000,"Scale,spring type,infant,5kgx25g",8000,0,LTA,OPEN
68038452,,NANXIONNAZ,1900001613,Medentech Ltd,Ireland,X12004,DAP,2025-03-03,20,S5008345,Water purif.(NaDCC) 67mg tabs/BOX-400,1620,1620,LTA,CLOSED
68038452,,NANXIONNAZ,1900001613,Medentech Ltd,Ireland,X12004,DAP,2025-03-03,10,S5006055,"NaDCC,Chlorine Granules 56%, 1/2kg",2160,2160,LTA,CLOSED
68038462,,WGU,1900012530,AB GLF Genarps Lådfabrik,Sweden,X12004,DAP,2025-03-03,10,S8920076,"Pallet, wooden one-way pallet,EURO size",1060,990,NONE,CLOSED
68038451,,WGU,1900009169,Smurfit Kappa GmbH,Germany,X12011,DAP,2025-03-21,10,S9005301,"Double-wall ctn.50x30x35 cm, 0.053 m3",6800,7185,LTA,CLOSED
68038451,,WGU,1900009169,Smurfit Kappa GmbH,Germany,X12011,DAP,2025-03-21,20,S9010633,"Double-wall ctn.80x40x33 cm, 0.106 m3",7276,0,LTA,OPEN
68038451,,WGU,1900009169,Smurfit Kappa GmbH,Germany,X12011,DAP,2025-03-21,30,S9016023,"Double-wall ctn.80x40x50 cm, 0.160 m3",3808,0,LTA,OPEN
68038451,,WGU,1900009169,Smurfit Kappa GmbH,Germany,X12011,DAP,2025-03-21,40,S9012024,"Double-wall ctn.60x40x50 cm, 0.120 m3",7548,0,LTA,OPEN
68038451,,WGU,1900009169,Smurfit Kappa GmbH,Germany,X12011,DAP,2025-03-21,50,S9008013,"Double-wall ctn.80x40x25 cm, 0.080 m3",7280,3640,LTA,OPEN
68038455,,SLERIKSSON,1900014773,MEDOPHARM,India,X12001,DAP,2025-06-20,10,S1580006,Ascorbic acid 250mg tabs/100x10BLIS,3000,0,LTA,OPEN
68038456,Kuehne + Nagel A/S,SLERIKSSON,1900014773,MEDOPHARM,India,X12002,FCA,2025-04-28,10,S1580006,Ascorbic acid 250mg tabs/100x10BLIS,720,0,LTA,OPEN
68038458,,TNIELSEN,1900021794,APL Healthcare Ltd,India,X12002,DAP,2025-05-15,10,S1400729,ABC60+DTG5+3TC30mg disp.tab/PAC-90 NoCTN,5000,0,LTA,OPEN
68038457,Kuehne + Nagel A/S,TNIELSEN,1900016608,Hetero Labs Ltd,India,X12002,FCA,2025-08-30,10,S1400652,DTG50mg+3TC300mg+TDF300mg tabs/PAC-30 gb,22080,0,LTA,OPEN
68038463,Kuehne + Nagel A/S,STAHERISAEID,1900016590,RELIEF SUPPLIER,India,X12010,FCA,2025-04-30,10,S2731220,"Hard surface Football, Size 4",19040,0,LTA,OPEN
68038463,Kuehne + Nagel A/S,STAHERISAEID,1900016590,RELIEF SUPPLIER,India,X12010,FCA,2025-04-30,20,S2731222,"Hard surface Football, Size 3",6400,0,LTA,OPEN
68038463,Kuehne + Nagel A/S,STAHERISAEID,1900016590,RELIEF SUPPLIER,India,X12010,FCA,2025-06-16,30,S2731220,"Hard surface Football, Size 4",19040,0,LTA,OPEN
68038463,Kuehne + Nagel A/S,STAHERISAEID,1900016590,RELIEF SUPPLIER,India,X12010,FCA,2025-06-16,40,S2731222,"Hard surface Football, Size 3",6400,0,LTA,OPEN
68038464,Kuehne + Nagel A/S,ABOFFELLI,1900020635,Zhejiang E-Bang Outsourcing and Tra,China,X12010,FCA,2025-03-27,10,S2702802,"Ball,rubber/foam, app10cm diam/NET-5",12000,0,LTA,OPEN
68038464,Kuehne + Nagel A/S,ABOFFELLI,1900020635,Zhejiang E-Bang Outsourcing and Tra,China,X12010,FCA,2025-03-27,20,S2795700,"Volleyball,professional model",16320,0,LTA,OPEN
62000187,Kuehne + Nagel A/S,PLPETERSEN,1900015387,NRS Relief FZCO,Utd.Arab.Emir.,X44906,FCA,2025-03-05,10,S5088072,High Performance Tent - 72M2,168,0,LTA,OPEN
62000187,Kuehne + Nagel A/S,PLPETERSEN,1900015387,NRS Relief FZCO,Utd.Arab.Emir.,X44906,FCA,2025-03-20,20,S5088072,High Performance Tent - 72M2,112,0,LTA,OPEN
68038461,,NANXIONNAZ,1900008365,Tintometer GmbH,Germany,X12004,DAP,2025-02-28,10,S5006129,Chlorine/pH visual comparator,896,896,LTA,CLOSED
68038465,Kuehne + Nagel A/S,ABOFFELLI,1900000422,BIAB International AB,Sweden,X12010,FCA,2025-04-16,10,S5001000,"Bag,UNICEF,blue polyester,360x230x610mm",25200,0,LTA,OPEN
68038465,Kuehne + Nagel A/S,ABOFFELLI,1900000422,BIAB International AB,Sweden,X12010,FCA,2025-04-16,20,S2702801,"Ball,sponge rubber,60mm diam./SET-5",22680,0,LTA,OPEN
68038465,Kuehne + Nagel A/S,ABOFFELLI,1900000422,BIAB International AB,Sweden,X12010,FCA,2025-04-16,30,S2657311,"Drawing pad,white,A3,48 sheets/PAC-10",15360,0,LTA,OPEN
68038465,Kuehne + Nagel A/S,ABOFFELLI,1900000422,BIAB International AB,Sweden,X12010,FCA,2025-04-16,40,S0145590,"User feedback sheet, IEHK",16000,0,LTA,OPEN
68038493,,BKERNKAMP,1900020220,Yangzhou Daintybird Funeral,China,X12001,DAP,2025-06-30,20,S0990020,"Body bag,child",1920,0,LTA,OPEN
68038493,,BKERNKAMP,1900020220,Yangzhou Daintybird Funeral,China,X12001,DAP,2025-06-30,10,S0990010,"Body bag,adult",960,0,LTA,OPEN
68038493,,BKERNKAMP,1900020220,Yangzhou Daintybird Funeral,China,X12001,DAP,2025-06-30,30,S0990030,"Body bag,infection control,adult",2112,0,LTA,OPEN
68038493,,BKERNKAMP,1900020220,Yangzhou Daintybird Funeral,China,X12001,DAP,2025-06-30,40,S0990040,"Body bag,infection control,child",2880,0,LTA,OPEN
68038475,,MKAZEMI,1900014308,MILAN LABORATORIES (INDIA) PVT. LTD,India,X12001,DAP,2025-05-15,10,S1511502,Fluoxetine 20mg caps/PAC-10x10,20000,0,LTA,OPEN
68038476,,MKAZEMI,1900014773,MEDOPHARM,India,,,2025-05-15,10,S1537150,Sulf.100mg+Trimet.20mg disp.tab/PAC10x10,25000,0,LTA,OPEN
68038477,,MKAZEMI,1900014308,MILAN LABORATORIES (INDIA) PVT. LTD,India,X12001,DAP,2025-08-15,10,S1537150,Sulf.100mg+Trimet.20mg disp.tab/PAC10x10,25000,0,LTA,OPEN
68038478,,MKAZEMI,1900018197,Reyoung Pharmaceutical Co Ltd,China,X12001,DAP,2025-08-15,10,S1537310,Cloxacillin 250mg caps/PAC-500,3200,0,LTA,OPEN
68038480,Kuehne + Nagel A/S,MKAZEMI,1900012560,Micro Labs Limited,India,X12002,FCA,2025-06-30,10,S1537321,Cefalexin 250mg caps/PAC-10x10,12000,0,LTA,OPEN
68038468,,TNIELSEN,1900014549,Sirmaxo Chemicals Pvt Ltd,India,X12001,DAP,2025-05-30,20,S1531042,Chlorhex.diglu.7.1% gel cord.c.TBE/20g,96000,0,LTA,OPEN
68038468,,TNIELSEN,1900014549,Sirmaxo Chemicals Pvt Ltd,India,X12001,DAP,2025-05-30,10,S1531505,Chlorhexidine conc. sol. 5%/BOT-1000ml,19530,0,LTA,OPEN
68038467,,TNIELSEN,1900000443,Purna Pharmaceuticals N.V.,Belgium,X12004,DAP,2025-11-13,10,S1552510,Zinc oxide ointment 10%/TBE-100g,112000,0,LTA,OPEN
68038466,,TNIELSEN,1900001025,Durbin PLC,United Kingdom,X12004,DAP,2025-08-30,10,S1562046,Caffeine Cit 10mg/ml or sol 5ml vl/PAC-1,3645,0,LTA,OPEN
68038513,Kuehne + Nagel A/S,TNIELSEN,1900020581,JSC Kalceks,Latvia,X12004,FCA,2025-05-15,10,S1559355,Magn.sulph.inj 500mg/ml 10ml amp/BOX-10,10000,0,LTA,OPEN
68038481,,MKAZEMI,1900021000,G.L. Pharma GmbH,Austria,X12004,DAP,2025-07-15,10,S1552421,Acetylsalicylic acid 75mg tabs/PAC-1x28,68000,0,LTA,OPEN
68038482,,MKAZEMI,1900014308,MILAN LABORATORIES (INDIA) PVT. LTD,India,X12001,DAP,2025-05-30,10,S1555710,Ciprofloxacin 500mg tabs/PAC-10,300000,0,LTA,OPEN
68038483,Kuehne + Nagel A/S,MKAZEMI,1900014773,MEDOPHARM,India,X12002,FCA,2025-05-15,10,S1562017,Salbutamol 4mg tabs/PAC-100,12600,0,LTA,OPEN
68038484,Kuehne + Nagel A/S,MKAZEMI,1900014773,MEDOPHARM,India,X12002,FCA,2025-06-15,10,S1562041,Magnesium trisilicate compd. tab/PAC-100,10000,0,LTA,OPEN
62000188,Kuehne + Nagel A/S,TJI,1900014000,Renata Limited,Bangladesh,X44906,FCA,2025-03-14,10,S1580201,"Multiple micronutrient pdr,sach./PAC-30",85120,0,LTA,OPEN
68038479,,NANXIONNAZ,1900006967,Hydrachem Limited,United Kingdom,X12004,DAP,2025-03-10,10,S5008346,Water purif.(NaDCC) 67mg tabs/BOX-2800,1470,1470,LTA,CLOSED
68038487,Kuehne + Nagel A/S,ABOFFELLI,1900012695,"Hangzhou Cereal, Oils &",China,X12010,FCA,2025-04-07,10,S2741600,Inflating-kit for balls,21000,0,LTA,OPEN
68038487,Kuehne + Nagel A/S,ABOFFELLI,1900012695,"Hangzhou Cereal, Oils &",China,X12010,FCA,2025-04-07,20,S4420000,"Posters,plasticized paper,set of 3",9600,0,LTA,OPEN
68038487,Kuehne + Nagel A/S,ABOFFELLI,1900012695,"Hangzhou Cereal, Oils &",China,X12010,FCA,2025-04-07,30,S4570005,"Ruler,plastic,c.30cm,set of 10",54000,0,LTA,OPEN
68038488,Kuehne + Nagel A/S,ABOFFELLI,1900012695,"Hangzhou Cereal, Oils &",China,X12010,FCA,2025-03-28,10,S4410031,"Book,exercise,A4,ruled,96pgs,ARABIC/P-10",11520,0,LTA,OPEN
62000189,Kuehne + Nagel A/S,PLPETERSEN,1900015387,NRS Relief FZCO,Utd.Arab.Emir.,X44906,FCA,2025-04-15,20,S5085500,"Portable Warehouse,GI/Alu+PVC,24x10m",1,0,NONE,OPEN
62000189,Kuehne + Nagel A/S,PLPETERSEN,1900015387,NRS Relief FZCO,Utd.Arab.Emir.,X44906,FCA,2025-04-15,10,S5088048,High Performance Tent - 48M2,8,0,LTA,OPEN
68038485,Scan Global Logistics A/S,LSUN,1900020185,Abbott Rapid Dx International Limit,Ireland,X12002,FCA,2025-04-02,10,S0584613,"BiolineMalAgPf/PanNonSafetyLancet,kit/25",10000,0,LTA,OPEN
68038486,Scan Global Logistics A/S,LSUN,1900020185,Abbott Rapid Dx International Limit,Ireland,X12002,FCA,2025-04-02,10,S0584613,"BiolineMalAgPf/PanNonSafetyLancet,kit/25",15000,0,LTA,OPEN
68038542,,TNIELSEN,1900014063,NCPC International Corp,China,X12001,DAP,2025-06-30,10,S1537065,Cloxacillin pdr/inj 500mg vial/BOX-50,2000,0,LTA,OPEN
68038489,Kuehne + Nagel A/S,ABOFFELLI,2300034708,Garg Sports International Private L,India,X12010,FCA,2025-05-27,10,S2797701,"Tabards,red/blue,large(age 13+)/PAC-20",9072,0,LTA,OPEN
68038489,Kuehne + Nagel A/S,ABOFFELLI,2300034708,Garg Sports International Private L,India,X12010,FCA,2025-05-27,20,S2760001,"Skipping rope,polyester,3m/PAC-10",13608,0,LTA,OPEN
68038489,Kuehne + Nagel A/S,ABOFFELLI,2300034708,Garg Sports International Private L,India,X12010,FCA,2025-05-27,30,S2795800,"Volleyball net,9.5x1m,without posts",7560,0,LTA,OPEN
68038489,Kuehne + Nagel A/S,ABOFFELLI,2300034708,Garg Sports International Private L,India,X12010,FCA,2025-06-27,50,S2760001,"Skipping rope,polyester,3m/PAC-10",6480,0,LTA,OPEN
68038489,Kuehne + Nagel A/S,ABOFFELLI,2300034708,Garg Sports International Private L,India,X12010,FCA,2025-06-27,60,S2795800,"Volleyball net,9.5x1m,without posts",3600,0,LTA,OPEN
68038490,,NSUSCHEVICI,1900001998,Temperature Sensitive Solutions,Sweden,,DAP,2025-03-25,10,S8902071,TSS Weblogger II PQS E006/043,100,12,NONE,OPEN
68038490,,NSUSCHEVICI,1900001998,Temperature Sensitive Solutions,Sweden,,DAP,2025-03-25,20,S8902070,TSS Weblogger II PQS E006/043,25,13,NONE,OPEN
68038511,,TNIELSEN,1900007417,DEMO S.A. Pharmaceutical Industry,Greece,X12001,DAP,2025-06-30,10,S1560826,Compound Sodium Lactate 500ml bot/BOX-20,9500,0,NONE,OPEN
68038512,,TNIELSEN,1900007417,DEMO S.A. Pharmaceutical Industry,Greece,X12001,DAP,2025-06-23,10,S1560826,Compound Sodium Lactate 500ml bot/BOX-20,45500,0,NONE,OPEN
68038494,,BKERNKAMP,1900019467,Barna Import Medica S.A.,Spain,X12004,DAP,2025-03-10,20,S0305084,"Tunic,surgical,woven, size L",2000,2000,LTA,CLOSED
68038494,,BKERNKAMP,1900019467,Barna Import Medica S.A.,Spain,X12004,DAP,2025-04-10,10,S0305081,"Trousers,surgical,woven,size L",2000,0,LTA,OPEN
68038492,,NANXIONNAZ,1900016590,RELIEF SUPPLIER,India,X12010,DAP,2025-04-30,10,S5007312,"Water-cont,LDPE,10l,collapsibl.,w tap",12000,0,LTA,OPEN
68038491,,TNIELSEN,1900002981,NOVO NORDISK A/S,Denmark,,DAP,2025-06-06,10,S1560500,IntermediateInsulin100IU/ml 10mlVl/BOX-1,500,0,LTA,OPEN
68038508,,MKAZEMI,1900000468,Remedica Ltd.,Cyprus,X12001,,2025-05-30,10,S1514151,Metformin HCl 500mg/PAC-10x10,80000,0,LTA,OPEN
68038500,,MKAZEMI,1900015853,Mepro Pharmaceuticals Pvt Ltd,India,X12001,DAP,2025-06-15,10,S1555370,Albendazole 400mg chewable tabs/PAC-100,150000,0,LTA,OPEN
68038501,,MKAZEMI,1900000468,Remedica Ltd.,Cyprus,X12001,DAP,2025-05-15,10,S1514148,Prednisolone 5mg tabs/PAC-10x10,30000,0,LTA,OPEN
68038506,,MKAZEMI,1900007784,SM Pharmaceuticals SDN. BHD,Malaysia,X12001,,2025-08-30,10,S1555964,Paracetamol 500mg tabs/PAC-10x10,250000,0,LTA,OPEN
68038505,,MKAZEMI,1900018197,Reyoung Pharmaceutical Co Ltd,China,X12001,DAP,2025-07-15,10,S1555964,Paracetamol 500mg tabs/PAC-10x10,100800,0,LTA,OPEN
68038509,,TNIELSEN,1900000468,Remedica Ltd.,Cyprus,X12001,DAP,2025-05-31,10,S1560609,Quinine sulfate 300mg tabs/PAC-10x10 gp,16000,0,LTA,OPEN
68038499,,MKAZEMI,1900014773,MEDOPHARM,India,X12001,DAP,2025-11-15,10,S1555370,Albendazole 400mg chewable tabs/PAC-100,150000,0,LTA,OPEN
68038498,,BKERNKAMP,1900009154,IMRES BV,Netherlands,X12004,DAP,2025-03-21,10,S0481059,"Thermometer, clinical, digital",15000,0,NONE,OPEN
68038507,,MKAZEMI,1900006253,Ipca Laboratories Limited,India,,DAP,2025-11-15,10,S1555964,Paracetamol 500mg tabs/PAC-10x10,141120,0,LTA,OPEN
68038504,,MKAZEMI,1900014773,MEDOPHARM,India,X12001,DAP,2025-06-15,10,S1555964,Paracetamol 500mg tabs/PAC-10x10,110000,0,LTA,OPEN
68038502,,MKAZEMI,1900014000,Renata Limited,Bangladesh,X12001,DAP,2025-07-15,10,S1580022,ORS fl.1Lx2+ Zinc 20mg 10tabs.kit/PAC,100000,0,LTA,OPEN
68038503,,MKAZEMI,1900018197,Reyoung Pharmaceutical Co Ltd,China,X12001,DAP,2025-10-15,10,S1580022,ORS fl.1Lx2+ Zinc 20mg 10tabs.kit/PAC,100000,0,LTA,OPEN
68038510,Kuehne + Nagel A/S,TNIELSEN,1900000983,Amstelfarma B.V.,Netherlands,X12004,FCA,2025-11-30,10,S1532305,Ketamine inj 50mg/ml 10ml vial/BOX-25 nt,6000,0,LTA,OPEN
68038529,,BKERNKAMP,1900002012,The Medical Export Group BV,Netherlands,X12004,DAP,2025-07-31,10,S0519001,"Non-pneumatic Anti-shock Garment,sizeM/L",1000,0,LTA,OPEN
68038529,,BKERNKAMP,1900002012,The Medical Export Group BV,Netherlands,X12004,DAP,2025-07-31,20,S0519002,"Non-pneumatic Anti-shock Garment, size S",500,0,LTA,OPEN
68038520,,TNIELSEN,1900014308,MILAN LABORATORIES (INDIA) PVT. LTD,India,X12001,DAP,2025-05-15,10,S1505046,Amoxicillin 125mg/5ml pdr.or.s/BOT-100ml,628061,0,LTA,OPEN
68038525,Kuehne + Nagel A/S,TNIELSEN,1900006885,Cipla Ltd,India,X12002,FCA,2025-08-20,20,S1300062,Artemeth20mg+Lumefan120mg tabs/18/PAC-30,3024,0,LTA,OPEN
68038525,Kuehne + Nagel A/S,TNIELSEN,1900006885,Cipla Ltd,India,X12002,FCA,2025-04-05,10,S1300074,Artem 20mg+Lumef120mg disp tabs/6/PAC-30,5040,0,LTA,OPEN
68038517,,TNIELSEN,1900019765,S Kant Healthcare Ltd.,India,X12001,DAP,2025-09-15,10,S1531011,Azithromycin pdr/or s 200mg/5ml/BOT-15ml,49000,0,LTA,OPEN
68038516,,TNIELSEN,1900019765,S Kant Healthcare Ltd.,India,X12001,DAP,2025-10-15,20,S1537135,Sul.200mg+Trim.40mg/5ml or.sus/BOT-100ml,50760,0,LTA,OPEN
68038516,,TNIELSEN,1900019765,S Kant Healthcare Ltd.,India,X12001,DAP,2025-09-15,10,S1555690,Metronidazol pdr/o.s.200mg/5ml/BOT-100ml,32800,0,LTA,OPEN
68038530,,BKERNKAMP,1900015722,STERIS Corporation,USA (the),X12004,DAP,2025-04-11,10,S0558100,"Indicator,TST control spot/PAC-300",1000,0,LTA,OPEN
68038533,,BKERNKAMP,1900020831,Wuyi Anbo Medical Equipment Manufac,China,X12001,DAP,2025-06-15,10,S0566014,"Infusion Arm Splint, Foldable, Adult",2000,0,LTA,OPEN
68038533,,BKERNKAMP,1900020831,Wuyi Anbo Medical Equipment Manufac,China,X12001,DAP,2025-06-15,20,S0566015,"Infusion Arm Splint, Foldable, Child",2000,0,LTA,OPEN
68038526,,BKERNKAMP,1900019467,Barna Import Medica S.A.,Spain,X12004,DAP,2025-04-11,10,S0305150,"Apron,protection,heavy-duty,reusable",2000,2000,LTA,CLOSED
68038526,,BKERNKAMP,1900019467,Barna Import Medica S.A.,Spain,X12004,DAP,2025-06-01,20,S0305150,"Apron,protection,heavy-duty,reusable",2000,0,LTA,OPEN
68038515,,TNIELSEN,1900012918,Galentic Pharma (India) Pvt.Ltd,India,X12001,DAP,2025-08-15,20,S1531042,Chlorhex.diglu.7.1% gel cord.c.TBE/20g,96000,0,LTA,OPEN
68038515,,TNIELSEN,1900012918,Galentic Pharma (India) Pvt.Ltd,India,X12001,DAP,2025-08-15,10,S1531510,Chlorhexidine conc. sol. 5%/BOT-100ml,48000,0,LTA,OPEN
68038524,Kuehne + Nagel A/S,ABOFFELLI,1900000422,BIAB International AB,Sweden,X12001,FCA,2025-04-28,10,S0516110,"First Aid bag,UNICEF,blue,410x280x170mm",14784,0,LTA,OPEN
68038523,Kuehne + Nagel A/S,ABOFFELLI,1900012695,"Hangzhou Cereal, Oils &",China,X12010,FCA,2025-06-28,20,S4460701,"Pencil,HB grade,black lead/BOX-10",172800,0,LTA,OPEN
68038519,Kuehne + Nagel A/S,ABOFFELLI,1900012695,"Hangzhou Cereal, Oils &",China,X12010,FCA,2025-04-04,10,S4410040,"Book,exercise,A5,ruled,48pgs,ARABIC/P-20",29760,0,LTA,OPEN
68038522,Kuehne + Nagel A/S,ABOFFELLI,1900020040,Gemini Global Limited,China,X12010,FCA,2025-04-25,10,S2684006,"Colouring pencils,12 ass cols,in case",226800,0,LTA,OPEN
62000191,Scan Global Logistics A/S,ABOFFELLI,1900010874,Arab Printing Press  S.A.L,Lebanon,X44906,FCA,2025-03-17,10,S5034001,Adolescent Kit,392,0,LTA,OPEN
68038535,,WGU,1900014798,Celio Packaging ApS,Denmark,X12004,DAP,2025-04-03,10,S8903055,"Plastic foil f. auto wrapper, campus 2",300,0,LTA,OPEN
68038521,,ABOFFELLI,1900014955,Phoenix Design Aid A S,Denmark,X12004,DAP,2025-03-17,10,S0145590,"User feedback sheet, IEHK",5000,5000,LTA,CLOSED
68038531,,TNIELSEN,1900007417,DEMO S.A. Pharmaceutical Industry,Greece,X12001,DAP,2025-10-15,10,S1501000,Epinephrine inj 1mg/ml 1ml amp/BOX-10,11800,0,LTA,OPEN
68038527,,TNIELSEN,1900012086,AMEX Healthcare GmbH,Austria,X12004,DAP,2025-05-05,10,S1552416,Hydralazine pdr/inj 20mg amp/BOX-5,8000,0,LTA,OPEN
68038541,,TNIELSEN,1900001026,B Braun Melsungen AG,Germany,X12004,DAP,2025-05-15,10,S1560823,Compound Sodium Lactate 1L bot/BOX-10,5520,0,NONE,OPEN
68038528,,WGU,1900012538,Dansk Traemballage A/S,Denmark,X12004,DAP,2025-03-24,10,S8920076,"Pallet, wooden one-way pallet,EURO size",627,627,NONE,CLOSED
68038528,,WGU,1900012538,Dansk Traemballage A/S,Denmark,X12004,DAP,2025-03-25,20,S8920076,"Pallet, wooden one-way pallet,EURO size",627,0,NONE,OPEN
68038540,Kuehne + Nagel A/S,AWEIS,1900011351,Narang Medical Ltd.,India,X12002,FCA,2025-03-25,10,S0539000,"Pin,safety,medium size/PAC-12",2000,0,NONE,OPEN
68038537,,TNIELSEN,1900001709,Ovelle Limited,Ireland,X12004,DAP,2025-04-30,10,S1568200,Permethrin shampoo/solution 1%/BOT-100ml,36800,0,LTA,OPEN
68038534,,TNIELSEN,1900007417,DEMO S.A. Pharmaceutical Industry,Greece,X12001,DAP,2025-09-15,10,S1555680,Metronidazole inj 500mg/100ml vl/BOX-50,1800,0,LTA,OPEN
68038536,,WGU,1900006531,MC Emballage A/S,Denmark,X12004,DAP,2025-03-18,10,S8903050,"Tape, clear, 50 mm x 66 m roll",2376,2376,NONE,CLOSED
68038548,,CNJWENG,1900001613,Medentech Ltd,Ireland,X12001,DAP,2025-04-10,10,S1588345,Water purif.(NaDCC) 67mg tabs/BOX-16000,150,0,LTA,OPEN
68038548,,CNJWENG,1900001613,Medentech Ltd,Ireland,X12001,DAP,2025-04-10,20,S1588350,Water purif.(NaDCC) 8.5mg tabs/PAC-100,1000,0,LTA,OPEN
68038538,,TNIELSEN,1900007417,DEMO S.A. Pharmaceutical Industry,Greece,X12001,DAP,2025-09-15,10,S1523005,Dexamethasone Phos 4mg/ml 1ml amp/BOX-50,2400,0,LTA,OPEN
68038539,Scan Global Logistics A/S,ABOFFELLI,1900020635,Zhejiang E-Bang Outsourcing and Tra,China,X12002,FCA,2025-04-03,10,S0516110,"First Aid bag,UNICEF,blue,410x280x170mm",768,0,LTA,OPEN
68038546,,AWEIS,1900008236,Fleischhacker GmbH & Co.KG,Germany,X12004,DAP,2025-06-24,10,S0686000,"Stethoscope,binaural,complete",8000,0,LTA,OPEN
68038543,,TNIELSEN,1900007417,DEMO S.A. Pharmaceutical Industry,Greece,X12001,DAP,2025-07-30,10,S1552119,Sodium Chloride 0.9% 500ml bot/BOX-20,12672,0,NONE,OPEN
68038545,,BKERNKAMP,1900016305,PKP Bardejov S.r.o.,Slovakia,X12004,DAP,2025-07-09,10,S0114530,"Length/height board,baby/child,SET-2",702,0,LTA,OPEN
68038545,,BKERNKAMP,1900016305,PKP Bardejov S.r.o.,Slovakia,X12004,DAP,2025-09-10,20,S0114530,"Length/height board,baby/child,SET-2",702,0,LTA,OPEN
68038545,,BKERNKAMP,1900016305,PKP Bardejov S.r.o.,Slovakia,X12004,DAP,2025-11-26,30,S0114530,"Length/height board,baby/child,SET-2",702,0,LTA,OPEN
68038547,,AWEIS,1900005947,Fazzini s.r.l.,Italy,X12004,DAP,2025-05-09,10,S0845182,"Gel, ultrasound, bottle, min. 250ml",5250,0,LTA,OPEN
68038545,,BKERNKAMP,1900016305,PKP Bardejov S.r.o.,Slovakia,X12004,DAP,2025-07-30,40,S0114540,"Length/height board,baby/chld/adlt,SET-2",468,0,LTA,OPEN
68038545,,BKERNKAMP,1900016305,PKP Bardejov S.r.o.,Slovakia,X12004,DAP,2025-09-30,50,S0114540,"Length/height board,baby/chld/adlt,SET-2",468,0,LTA,OPEN
68038545,,BKERNKAMP,1900016305,PKP Bardejov S.r.o.,Slovakia,X12004,DAP,2025-11-19,60,S0114540,"Length/height board,baby/chld/adlt,SET-2",468,0,LTA,OPEN
68038549,,BKERNKAMP,1900019467,Barna Import Medica S.A.,Spain,X12004,DAP,2025-06-12,10,S0305135,"Mask,surgic,typeIIR,tiestrap,disp.pack50",15000,0,LTA,OPEN
68038549,,BKERNKAMP,1900019467,Barna Import Medica S.A.,Spain,X12004,DAP,2025-04-28,20,S6780358,"Mask,surgic,typeIIR,ear loop,disp.pack50",5280,0,LTA,OPEN
68038550,,BKERNKAMP,1900000451,SECA GmbH & Co. KG,Germany,X12001,DAP,2025-08-14,10,S0114520,"Length/height board,baby/child/adult",480,0,LTA,OPEN
68038550,,BKERNKAMP,1900000451,SECA GmbH & Co. KG,Germany,X12001,DAP,2025-10-14,20,S0114520,"Length/height board,baby/child/adult",480,0,LTA,OPEN
68038550,,BKERNKAMP,1900000451,SECA GmbH & Co. KG,Germany,X12001,DAP,2025-07-28,30,S0141024,"Scale,survey,mother/chld,bat.solar,150kg",750,0,LTA,OPEN
68038550,,BKERNKAMP,1900000451,SECA GmbH & Co. KG,Germany,X12001,DAP,2025-07-28,40,S0141023,"Scale,mother/child,batteries,solar,250kg",750,0,LTA,OPEN
68038550,,BKERNKAMP,1900000451,SECA GmbH & Co. KG,Germany,X12001,DAP,2025-07-28,50,S0141022,"Scale,mother/child,batteries,250kg",504,0,LTA,OPEN
