Material Number,Description,Article Type,Batch Managed,Plant,Unit of Measure,Multi-Part,Kit parrent,KIT Routing,Full Pallet Qty,Weight,Weight UOM,Volume,Volume UOM,Shelf life allowed,Storage Strategy,Batch Class,Packing Material,Packing material Volume,Less Than Count Percentage,Temperature cond.,Hazardous Material Number
S0721000,"Forceps,dressing,standard,155mm,str",Z01,No,1000,EA,No,--,SHORT_LINE,Yes,0.034,KGM,0.001,DMQ,--,HBW,--,No,--,10,--,--
S0390020,"Airway,Guedel,size 0",Z01,No,1000,EA,No,--,SHORT_LINE,Yes,0.029,KGM,0.28,DMQ,--,HBW,--,No,--,10,--,--
S0514000,"Brush,hand,scrubbing,plastic",Z01,No,1000,EA,No,--,SHORT_LINE,Yes,0.032,KGM,0.155,DMQ,--,HBW,--,No,--,10,--,--
S0189000,"Weighing trousers,infant,25kg,PAC-5",Z01,No,1000,PAC,No,--,SHORT_LINE,Yes,0.538,KGM,3.655,DMQ,--,HBW,--,No,--,10,--,--
S0276500,"Tray,instr,ss,310x195x60mm,w/cover",Z01,No,1000,EA,No,--,SHORT_LINE,Yes,1.107,KGM,6.816,DMQ,--,HBW,--,No,--,10,--,--
S0327540,"Gloves,surg,pwdfree,8.5,ster,s.u.,pair",Z01,Yes,1000,EA,No,--,SHORT_LINE,Yes,0.041,KGM,0.216,DMQ,425,HBW,MEDICAL,No,--,10,--,--
S0330025,"Gloves,exam,latex,pwdfree,M,BOX-100",Z01,Yes,1000,EA,No,--,SHORT_LINE,Yes,0.722,KGM,3.143,DMQ,425,HBW,MEDICAL,No,--,10,--,--
S0512111,"Bandage,gauze,8cmx4m,roll",Z01,No,1000,EA,No,--,SHORT_LINE,Yes,0.01,KGM,0.071,DMQ,--,HBW,--,No,--,10,--,--
S0728000,"Forceps,artery,Pean/Roch,200mm,cvd",Z01,No,1000,EA,No,--,SHORT_LINE,Yes,0.118,KGM,1.016,DMQ,--,HBW,--,No,--,10,--,--
S0114400,Height measuring instrument (0-2.2m),Z01,No,1000,EA,No,--,SHORT_LINE,Yes,0.257,KGM,1.612,DMQ,--,HBW,--,No,--,10,--,--
S0516110,"First Aid bag,UNICEF,blue,410x280x170mm",Z01,No,1000,EA,No,--,SHORT_LINE,Yes,0.59,KGM,7.672,DMQ,--,HBW,--,No,--,10,--,--
S0210020,"Basin,kidney,polypropylene,475ml",Z01,No,1000,EA,No,--,SHORT_LINE,Yes,0.07,KGM,0.414,DMQ,--,HBW,--,No,--,10,--,--
S0322010,"Catheter,urethral,CH12,ster,disp",Z01,Yes,1000,EA,No,--,SHORT_LINE,Yes,0.012,KGM,0.141,DMQ,425,HBW,MEDICAL,No,--,10,--,--
S0372020,"Tube,asp/feed,CH12,L125cm,ster,disp",Z01,Yes,1000,EA,No,--,SHORT_LINE,Yes,0.029,KGM,0.323,DMQ,425,HBW,MEDICAL,No,--,10,--,--
S0374025,"Tube,suction,CH14,L50cm,ster,disp",Z01,Yes,1000,EA,No,--,SHORT_LINE,Yes,0.016,KGM,0.153,DMQ,425,HBW,MEDICAL,No,--,10,--,--
S0725000,"Forceps,artery,Mixter,230mm",Z01,No,1000,EA,No,--,SHORT_LINE,Yes,0.091,KGM,0.369,DMQ,--,HBW,--,No,--,10,--,--
S0114051,"Nut. kit,inpatient,module-registration",Z01,No,1000,EA,No,--,SHORT_LINE,Yes,25.186,KGM,0.137,MTQ,--,HBW,--,No,--,10,--,--
S0140500,"Scale,beam type,child/adult,220kgx50g",Z01,No,1000,EA,No,--,SHORT_LINE,Yes,22.661,KGM,0.153,MTQ,--,HBW,--,No,--,10,--,--
S0145555,"Scale,spring type,infant,25kgx100g",Z01,No,1000,EA,No,--,SHORT_LINE,Yes,1.53,KGM,7.318,DMQ,--,HBW,--,No,--,10,--,--
S0145750,"ID Bracelet,child,white/PAC-400",Z01,No,1000,PAC,No,--,SHORT_LINE,Yes,1.222,KGM,5.699,DMQ,--,HBW,--,No,--,10,--,--
S0167100,"Papersheet,crepe,for ster. pack/PAC-100",Z01,No,1000,EA,No,--,SHORT_LINE,Yes,6.4,KGM,0.028,MTQ,--,HBW,--,No,--,10,--,--
S0108000,"Drum,sterilizing,290mm diam",Z01,No,1000,EA,No,--,SHORT_LINE,Yes,1.726,KGM,24.573,DMQ,--,HBW,--,No,--,10,--,--
S0737200,"Forceps,tissue,Collin,160mm",Z01,No,1000,EA,No,--,SHORT_LINE,Yes,0.083,KGM,0.609,DMQ,--,HBW,--,No,--,10,--,--
S0114530,"Length/height board,baby/child,SET-2",Z01,No,1000,SET,No,--,SHORT_LINE,Yes,12.656,KGM,0.133,MTQ,--,HBW,--,No,--,10,--,--
S0170000,"Stove,kerosene,single-burner,pressure",Z01,No,1000,EA,No,--,SHORT_LINE,Yes,2.421,KGM,21.779,DMQ,--,HBW,--,No,--,10,--,--
S0330030,"Gloves,exam,latex,pwdfree,L,BOX-100",Z01,Yes,1000,EA,No,--,SHORT_LINE,Yes,0.73,KGM,3.3,DMQ,425,HBW,MEDICAL,No,--,10,--,--
S0330110,"Gloves,gyn,pwdfree,small,ster,s.u.,pair",Z01,Yes,1000,EA,No,--,SHORT_LINE,Yes,0.075,KGM,0.4,DMQ,425,HBW,MEDICAL,No,--,10,--,--
S0330500,"Bag,urine,collecting,2000ml",Z01,No,1000,EA,No,--,SHORT_LINE,Yes,0.054,KGM,0.393,DMQ,--,HBW,--,No,--,10,--,--
S0109000,"Drum,sterilizing,340mm diam",Z01,No,1000,EA,No,--,SHORT_LINE,Yes,3.548,KGM,28.877,DMQ,--,HBW,--,No,--,10,--,--
TRAY,Material for pallets with trays to wash,wms,No,--,,No,--,SHORT_LINE,No,1.0,--,--,--,--,--,--,No,--,--,--,--
S0145760,"ID Bracelet,child,red/PAC-400",Z01,No,1000,PAC,No,--,SHORT_LINE,Yes,1.503,KGM,7.878,DMQ,--,HBW,--,No,--,10,--,--
S0323303,"Catheter,Foley,CH18,ster,disp",Z01,Yes,1000,EA,No,--,SHORT_LINE,Yes,0.033,KGM,0.277,DMQ,425,HBW,MEDICAL,No,--,10,--,--
S0334200,"Jar,thermometer,pp,11cm,w/o cover",Z01,No,1000,EA,No,--,SHORT_LINE,Yes,0.048,KGM,0.512,DMQ,--,HBW,--,No,--,10,--,--
S0372010,"Tube,asp/feed,CH08,L125cm,ster,disp",Z01,Yes,1000,EA,No,--,SHORT_LINE,Yes,0.021,KGM,0.24,DMQ,425,HBW,MEDICAL,No,--,10,--,--
S0114050,"Nutrition kit,anthropometric",Z01,No,1000,EA,No,--,SHORT_LINE,Yes,30.0,KGM,0.134,MTQ,--,HBW,--,No,--,10,--,--
S0222020,"Bedpan,polypropylene,adult",Z01,No,1000,EA,No,--,SHORT_LINE,Yes,0.953,KGM,15.93,DMQ,--,HBW,--,No,--,10,--,--
S0323010,"Catheter,urethral,CH14,ster,disp",Z01,Yes,1000,EA,No,--,SHORT_LINE,Yes,0.011,KGM,0.118,DMQ,425,HBW,MEDICAL,No,--,10,--,--
S0327510,"Gloves,surg,pwdfree,7,ster,s.u.,pair",Z01,Yes,1000,EA,No,--,SHORT_LINE,Yes,0.038,KGM,0.223,DMQ,425,HBW,MEDICAL,No,--,10,--,--
S0372000,"Tube,asp/feed,CH06,L125cm,ster,disp",Z01,Yes,1000,EA,No,--,SHORT_LINE,Yes,0.017,KGM,0.246,DMQ,425,HBW,MEDICAL,No,--,10,--,--
S0383040,"Tube,endotrach,7.5,w/cuff,ster,disp",Z01,Yes,1000,EA,No,--,SHORT_LINE,Yes,0.053,KGM,0.866,DMQ,425,HBW,MEDICAL,No,--,10,--,--
S0385010,"Tourniquet,latex-free,50cm",Z01,No,1000,EA,No,--,SHORT_LINE,Yes,0.03,KGM,0.165,DMQ,--,HBW,--,No,--,10,--,--
S0503025,"Bandage,elastic,7.5cmx5m,roll",Z01,No,1000,EA,No,--,SHORT_LINE,Yes,0.033,KGM,0.245,DMQ,--,HBW,--,No,--,10,--,--
S0728500,"Forceps,artery,Pean/Roch,220mm,str",Z01,No,1000,EA,No,--,SHORT_LINE,No,0.073,KGM,0.069,DMQ,--,HBW,--,No,--,10,--,--
S0270000,"Tray,instr,ss,225x125x50mm,w/cover",Z01,No,1000,EA,No,--,SHORT_LINE,Yes,0.444,KGM,2.314,DMQ,--,HBW,--,No,--,10,--,--
S0327530,"Gloves,surg,pwdfree,8,ster,s.u.,pair",Z01,Yes,1000,EA,No,--,SHORT_LINE,Yes,0.04,KGM,0.211,DMQ,425,HBW,MEDICAL,No,--,10,--,--
S0782151,"Syringe,A-D,0.5ml,Terumo/BOX-100",Z01,Yes,1000,BOX,No,--,SHORT_LINE,No,0.556,KGM,6.067,DMQ,425,HBW,MEDICAL,No,--,--,--,--
S0782309,"Syringe,RUPw/SIP,5ml,w/fixed ndl/BOX-100",Z01,Yes,1000,BOX,No,--,SHORT_LINE,No,0.67,KGM,6,DMQ,425,HBW,PHARMACEUTICALS,No,--,--,--,--
S0715300,"Scoop,uterine,Simon,12mm,sharp",Z01,No,1000,EA,No,--,SHORT_LINE,Yes,0.104,KGM,0.619,DMQ,--,HBW,--,No,--,10,--,--
S0724000,"Forceps,artery,Kelly,140mm,cvd",Z01,No,1000,EA,No,--,SHORT_LINE,Yes,0.031,KGM,0.037,DMQ,--,HBW,--,No,--,10,--,--
S0323301,"Catheter,Foley,CH12,ster,disp",Z01,Yes,1000,EA,No,--,SHORT_LINE,Yes,0.026,KGM,0.301,DMQ,425,HBW,MEDICAL,No,--,10,--,--
S0334700,"Jug,measuring,1L",Z01,No,1000,EA,No,--,SHORT_LINE,Yes,0.208,KGM,2.816,DMQ,--,HBW,--,No,--,10,--,--
S0330020,"Gloves,exam,latex,pwdfree,S,BOX-100",Z01,Yes,1000,EA,No,--,SHORT_LINE,Yes,0.7,KGM,3.854,DMQ,425,HBW,MEDICAL,No,--,10,--,--
S0330115,"Gloves,gyn,pwdfree,medium,ster,s.u.,pair",Z01,Yes,1000,EA,No,--,SHORT_LINE,Yes,0.069,KGM,0.437,DMQ,425,HBW,MEDICAL,No,--,10,--,--
S0366010,"Syringe,feeding,50ml,catheter tip,ster",Z01,Yes,1000,EA,No,--,SHORT_LINE,Yes,0.049,KGM,0.456,DMQ,425,HBW,MEDICAL,No,--,10,--,--
S0713000,"Curette,uterine,Sims,8mm,blunt",Z01,No,1000,EA,No,--,SHORT_LINE,Yes,0.107,KGM,0.526,DMQ,--,HBW,--,No,--,10,--,--
S0319000,"Extractor,mucus,20ml,ster,disp",Z01,Yes,1000,EA,No,--,SHORT_LINE,Yes,0.051,KGM,0.518,DMQ,425,HBW,MEDICAL,No,--,10,--,--
S0370100,"Prongs,nasal,Oxygen,adult,s.u.",Z01,No,1000,EA,No,--,SHORT_LINE,No,0.046,KGM,0.34,DMQ,--,HBW,--,No,--,10,--,--
S0114600,"Measuring mat,length,child,0-3 years",Z01,No,1000,EA,No,--,SHORT_LINE,Yes,0.88,KGM,8.249,DMQ,--,HBW,--,No,--,10,--,--
S0145630,"MUAC,Adult,w/o color code,PAC-50,English",Z01,No,1000,PAC,No,--,SHORT_LINE,Yes,0.189,KGM,0.398,DMQ,--,HBW,--,No,--,10,--,--
S0323302,"Catheter,Foley,CH14,ster,disp",Z01,Yes,1000,EA,No,--,SHORT_LINE,Yes,0.029,KGM,0.295,DMQ,425,HBW,MEDICAL,No,--,10,--,--
S0374010,"Tube,suction,CH08,L50cm,ster,disp",Z01,Yes,1000,EA,No,--,SHORT_LINE,Yes,0.013,KGM,0.163,DMQ,425,HBW,MEDICAL,No,--,10,--,--
S0374015,"Tube,suction,CH10,L50cm,ster,disp",Z01,Yes,1000,EA,No,--,SHORT_LINE,Yes,0.012,KGM,0.144,DMQ,425,HBW,MEDICAL,No,--,10,--,--
S0383010,"Tube,endotrach,3.5,w/o cuff,ster,disp",Z01,Yes,1000,EA,No,--,SHORT_LINE,Yes,0.035,KGM,0.595,DMQ,425,HBW,MEDICAL,No,--,10,--,--
S0715200,"Curette,uterine,Sims,12mm,sharp",Z01,No,1000,EA,No,--,SHORT_LINE,Yes,0.126,KGM,1.921,DMQ,--,HBW,--,No,--,10,--,--
S0504000,"Tape,adhesive,Z.O,perforated,10cmx5m",Z01,No,1000,EA,No,--,SHORT_LINE,Yes,0.154,KGM,0.772,DMQ,--,HBW,--,No,--,10,--,--
S0714300,"Curette,uterine,Sims,7mm,sharp",Z01,No,1000,EA,No,--,SHORT_LINE,Yes,0.086,KGM,0.496,DMQ,--,HBW,--,No,--,10,--,--
S0114052,"Nut. kit,inpatient,module-equipment",Z01,No,1000,EA,No,--,SHORT_LINE,Yes,81.9,KGM,1.013,MTQ,--,HBW,--,No,--,10,--,--
S0157000,"Sterilizer,steam,24L",Z01,No,1000,EA,No,--,SHORT_LINE,Yes,14.409,KGM,0.103,MTQ,--,HBW,--,No,--,10,--,--
S0190000,"Receptacle,waste,pedal action,20L",Z01,No,1000,EA,No,--,SHORT_LINE,Yes,5.831,KGM,87.344,DMQ,--,HBW,--,No,--,10,--,--
S0214020,"Bowl,round,polypropylene,6 - 8L",Z01,No,1000,EA,No,--,SHORT_LINE,Yes,0.327,KGM,2.735,DMQ,--,HBW,--,No,--,10,--,--
S0305000,"Apron,protection,plastic,reusable",Z01,No,1000,EA,No,--,SHORT_LINE,Yes,0.327,KGM,0.001,MTQ,--,HBW,--,No,--,10,--,--
S0278000,"Tray,dressing,ss,480x330x20mm",Z01,No,1000,EA,No,--,SHORT_LINE,Yes,1.256,KGM,1.533,DMQ,--,HBW,--,No,--,10,--,--
S0390040,"Airway,Guedel,size 2",Z01,No,1000,EA,No,--,SHORT_LINE,No,0.039,KGM,0.343,DMQ,--,HBW,--,No,--,10,--,--
S0714700,"Curette,uterine,Sims,9mm,sharp",Z01,No,1000,EA,No,--,SHORT_LINE,Yes,0.189,KGM,1.843,DMQ,--,HBW,--,No,--,10,--,--
S0738000,"Forceps,tissue,Allis,150mm",Z01,No,1000,EA,No,--,SHORT_LINE,Yes,0.048,KGM,0.188,DMQ,--,HBW,--,No,--,10,--,--
S0739100,"Forceps,tissue,Duval,230mm",Z01,No,1000,EA,No,--,SHORT_LINE,Yes,0.102,KGM,0.394,DMQ,--,HBW,--,No,--,10,--,--
S0737700,"Forceps,tissue,standard,250mm,str",Z01,No,1000,EA,No,--,SHORT_LINE,Yes,0.093,KGM,0.529,DMQ,--,HBW,--,No,--,10,--,--
S0741500,"Forceps,uterine,Phaneuf,215mm,cvd",Z01,No,1000,EA,No,--,SHORT_LINE,Yes,0.095,KGM,0.434,DMQ,--,HBW,--,No,--,10,--,--
S0746110,"Scalpel blade,ster,disp,no.11",Z01,Yes,1000,EA,No,--,SHORT_LINE,Yes,0.001,KGM,0.012,DMQ,425,HBW,MEDICAL,No,--,10,--,--
S0744300,"Needle,scalp vein,25G,ster,disp",Z01,Yes,1000,EA,No,--,SHORT_LINE,Yes,0.005,KGM,0.066,DMQ,425,HBW,MEDICAL,No,--,10,--,--
S0747440,"Needle,disp,22G,ster/BOX-100",Z01,Yes,1000,BOX,No,--,SHORT_LINE,Yes,0.153,KGM,1.026,DMQ,425,HBW,MEDICAL,No,--,10,--,--
S0746010,"Scalpel blade,ster,disp,no.10",Z01,Yes,1000,EA,No,--,SHORT_LINE,Yes,0.001,KGM,0.011,DMQ,425,HBW,MEDICAL,No,--,10,--,--
S0747445,"Needle,disp,25G,ster/BOX-100",Z01,Yes,1000,BOX,No,--,SHORT_LINE,Yes,0.125,KGM,1.105,DMQ,425,HBW,MEDICAL,No,--,10,--,--
S0771250,"Scissors,Metzembaum,140mm,cvd,b/b",Z01,No,1000,EA,No,--,SHORT_LINE,Yes,0.12,KGM,0.9,DMQ,--,HBW,--,No,--,10,--,--
S0773550,"Scissors,Deaver,140mm,cvd,s/b",Z01,No,1000,EA,No,--,SHORT_LINE,Yes,0.046,KGM,0.14,DMQ,--,HBW,--,No,--,10,--,--
S0770800,"Scissors,Mayo,230mm,cvd,b/b",Z01,No,1000,EA,No,--,SHORT_LINE,Yes,0.139,KGM,0.459,DMQ,--,HBW,--,No,--,10,--,--
S0760800,"Tube suction,Yankauer,270mm",Z01,No,1000,EA,No,--,SHORT_LINE,Yes,0.117,KGM,0.503,DMQ,--,HBW,--,No,--,10,--,--
S0760640,"Pump,suction,foot-operated",Z01,No,1000,EA,No,--,SHORT_LINE,Yes,5.211,KGM,48.691,DMQ,--,HBW,--,No,--,10,--,--
S0778000,"Speculum,vaginal,Graves,115x35mm",Z01,No,1000,EA,No,--,SHORT_LINE,Yes,0.208,KGM,1.091,DMQ,--,HBW,--,No,--,10,--,--
S0747420,"Needle,disp,19G,ster/BOX-100",Z01,Yes,1000,BOX,No,--,SHORT_LINE,Yes,0.176,KGM,1.446,DMQ,425,HBW,MEDICAL,No,--,10,--,--
S0767800,"Retractor,abdo,Collin,3 blades",Z01,No,1000,EA,No,--,SHORT_LINE,Yes,0.567,KGM,2.25,DMQ,--,HBW,--,No,--,10,--,--
S0747995,"Needle,spinal,22G(0.7x40mm),ster,disp",Z01,Yes,1000,EA,No,--,SHORT_LINE,Yes,0.006,KGM,0.066,DMQ,425,HBW,MEDICAL,No,--,10,--,--
S0777500,"Speculum,vaginal,Graves,95x35mm",Z01,No,1000,EA,No,--,SHORT_LINE,Yes,0.174,KGM,0.821,DMQ,--,HBW,--,No,--,10,--,--
S0782304,"Syringe,RUPw/SIP,3ml,w/fixed ndl/BOX-100",Z01,Yes,1000,BOX,No,--,SHORT_LINE,No,0.9,KGM,6,DMQ,425,HBW,MEDICAL,No,--,--,--,--
S5006281,"Family Hygiene and Dignity Kit, Standard",Z01,No,1000,EA,No,--,SHORT_LINE,Yes,8.156,KGM,37.879,DMQ,--,HBW,--,No,--,--,--,--
S5031029,Freeze Dried Meal Kit for 1 Day Veg,Z01,Yes,1000,EA,No,--,SHORT_LINE,No,0.48,KGM,0.06,MTQ,425,HBW,PHARMACEUTICALS,No,--,--,--,--
S1400101,Lamivudine oral sol.10mg/ml/BOT-240ml gb,Z01,Yes,1000,EA,No,--,SHORT_LINE,No,0.345,KGM,0.7,DMQ,240,HBW,PHARMACEUTICALS,No,--,10,Z1,--
S0584634,DPP ZCD IgM/IgG System/pack 20,Z01,Yes,1000,EA,No,--,SHORT_LINE,No,0.9,KGM,0.001,MTQ,425,HBW,MEDICAL,No,--,--,--,--
S9996755,"SUB 2/2 S9906754 Nut,Anthropometric. ETH",Z02,No,1000,EA,No,S9906754,SHORT_LINE,No,14.0,KGM,0.102,MTQ,--,HBW,--,No,--,--,Z1,--
S1400128,Nevirapine oral susp10mg/ml/BOT-100ml gb,Z01,Yes,1000,EA,No,--,SHORT_LINE,No,0.184,KGM,0.673,DMQ,240,HBW,PHARMACEUTICALS,No,--,10,Z1,--
S1400100,Lamivudine oral sol.10mg/ml/BOT-100ml gb,Z01,Yes,1000,EA,No,--,SHORT_LINE,Yes,0.188,KGM,0.82,DMQ,240,HBW,PHARMACEUTICALS,No,--,10,Z1,--
S1400122,Nevirapine 200mg tabs/PAC-60          gb,Z01,Yes,1000,EA,No,--,SHORT_LINE,No,0.043,KGM,0.221,DMQ,240,HBW,PHARMACEUTICALS,No,--,10,Z1,--
S1400502,ABC300mg+3TC150mg+AZT300mg tabs/PAC-60gb,Z01,Yes,1000,EA,No,--,SHORT_LINE,No,0.111,KGM,0.358,DMQ,240,HBW,PHARMACEUTICALS,No,--,10,Z1,--
S1400400,"Zidovudine IV,10mg/ml,inf.,20ml vl/BOX-5",Z01,Yes,1000,EA,No,--,SHORT_LINE,No,0.0,KGM,0,DMQ,240,HBW,PHARMACEUTICALS,No,--,10,Z1,--
S1400200,Zidovudine oral sol.10mg/ml/BOT-100ml gb,Z01,Yes,1000,EA,No,--,SHORT_LINE,No,0.223,KGM,0.879,DMQ,240,HBW,PHARMACEUTICALS,No,--,10,Z1,--
S9906734.5,"South Sudan, PHCU Kit 2018",Z02,Yes,1000,EA,No,--,SHORT_LINE,Yes,16.0,KGM,0.12,MTQ,425,--,PHARMACEUTICALS,No,--,--,Z1,--
S0772000,"Scissors,bandage,200mm,str",Z01,No,1000,EA,No,--,SHORT_LINE,No,0.132,KGM,0.11,DMQ,--,HBW,--,No,--,10,--,--
S0748100,"Needle,spinal,22G(0.7x90mm),ster,disp",Z01,Yes,1000,EA,No,--,SHORT_LINE,Yes,0.006,KGM,0.089,DMQ,425,HBW,MEDICAL,No,--,10,--,--
S0748300,"Needle,spinal,20G(0.9x90mm),ster,disp",Z01,Yes,1000,EA,No,--,SHORT_LINE,Yes,0.007,KGM,0.055,DMQ,425,HBW,MEDICAL,No,--,10,--,--
S0768930,"Retractor,Farabeuf,d-e,120mm,pair",Z01,No,1000,EA,No,--,SHORT_LINE,Yes,0.096,KGM,0.513,DMQ,--,HBW,--,No,--,10,--,--
S0774700,"Scissors,gyneco,200mm,cvd,b/b",Z01,No,1000,EA,No,--,SHORT_LINE,Yes,0.099,KGM,0.357,DMQ,--,HBW,--,No,--,10,--,--
S0759820,"Probe,double-ended,145mm",Z01,No,1000,EA,No,--,SHORT_LINE,Yes,0.011,KGM,0.094,DMQ,--,HBW,--,No,--,10,--,--
S0771450,"Scissors,Metzem/Nelson,230mm,cvd,b/b",Z01,No,1000,EA,No,--,SHORT_LINE,Yes,0.102,KGM,0.287,DMQ,--,HBW,--,No,--,10,--,--
S0969022,"Label,biohaz,adhesive,5x7.5cm,roll/500",Z01,No,1000,EA,No,--,SHORT_LINE,No,4.5,KGM,0.6,DMQ,--,HBW,--,No,--,--,--,--
S0969023,"Lancet,2.0 mm, disp, box/100",Z01,No,1000,BOX,No,--,SHORT_LINE,Yes,0.412,KGM,0.003,MTQ,--,HBW,--,No,--,--,--,--
S0782160,"Syringe,A-D,0.5ml,Kojak Selinge/BOX-100",Z01,Yes,1000,BOX,No,--,SHORT_LINE,No,0.6,KGM,3.84,DMQ,425,HBW,MEDICAL,No,--,10,--,--
S0782153,"Syringe,A-D,0.5ml,Medeco Inject/BOX-100",Z01,Yes,1000,BOX,No,--,SHORT_LINE,Yes,0.349,KGM,3.18,DMQ,425,HBW,MEDICAL,No,--,10,--,--
S0782157,"Syringe,A-D,0.05ml,Soloshot Mini/BOX-100",Z01,Yes,1000,BOX,No,--,SHORT_LINE,Yes,0.283,KGM,2.73,DMQ,425,HBW,MEDICAL,No,--,10,Z1,--
S0782425,"Syringe,disp,20ml,ster/BOX-100",Z01,Yes,1000,BOX,No,--,SHORT_LINE,Yes,1.356,KGM,13.885,DMQ,425,HBW,MEDICAL,No,--,10,--,--
S0782205,"Syringe,disp,2ml,ster/BOX-100",Z01,Yes,1000,BOX,No,--,SHORT_LINE,Yes,0.447,KGM,4.314,DMQ,425,HBW,MEDICAL,No,--,10,--,--
S0782203,"Syringe,disp,1ml,ster/BOX-100",Z01,Yes,1000,BOX,No,--,SHORT_LINE,Yes,0.504,KGM,4.764,DMQ,425,HBW,MEDICAL,No,--,10,--,--
S0921600,"Bottle,plastic,1L,w/screw cap",Z01,No,1000,EA,No,--,SHORT_LINE,Yes,0.21,KGM,2.859,DMQ,--,HBW,--,No,--,10,--,--
S0782112,"Syringe,disp,10ml,w/ndl,21G/BOX-100",Z01,Yes,1000,BOX,No,--,SHORT_LINE,Yes,1.1,KGM,8.395,DMQ,425,HBW,MEDICAL,No,--,10,--,--
S0782213,Safety box f.used syrgs/ndls 5lt,Z01,No,1000,EA,No,--,SHORT_LINE,Yes,0.28,KGM,0.001,MTQ,--,HBW,--,No,--,10,--,--
S0782159,"Syringe,A-D,0.5ml,Helm Wuxi/BOX-200",Z01,Yes,1000,BOX,No,--,SHORT_LINE,No,0.803,KGM,0.54,DMQ,425,HBW,MEDICAL,No,--,10,--,--
S1300004,Artesunate 50mg+SP 525mg tabs/6+2/PAC-1,Z01,Yes,1000,EA,No,--,SHORT_LINE,No,0.006,KGM,0.052,DMQ,425,HBW,PHARMACEUTICALS,No,--,--,Z1,--
S0990000,"Body bag,adult",Z01,No,1000,EA,No,--,SHORT_LINE,Yes,25.0,KGM,0.07,MTQ,--,HBW,--,No,--,10,--,--
S0782413,"Syringe,disp,10ml,ster/BOX-100",Z01,Yes,1000,BOX,No,--,SHORT_LINE,Yes,1.016,KGM,9.757,DMQ,425,HBW,MEDICAL,No,--,10,--,--
S0983400,"Timer,60 min",Z01,No,1000,EA,No,--,SHORT_LINE,Yes,0.091,KGM,0.458,DMQ,--,HBW,--,No,--,10,--,--
S0919305,"Bottle,plastic,250ml,wash bottle",Z01,No,1000,EA,No,--,SHORT_LINE,Yes,0.102,KGM,1.201,DMQ,--,HBW,--,No,--,10,--,--
S1300049,Primaquine base 7.5mg tabs/PAC-1000,Z01,Yes,1000,PAC,No,--,SHORT_LINE,No,0.13,KGM,0.24,DMQ,425,HBW,PHARMACEUTICALS,No,--,--,Z1,--
S0845000,"Resuscitator,hand-oper.,infant/child,set",Z01,No,1000,EA,No,--,SHORT_LINE,Yes,1.144,KGM,8.911,DMQ,--,HBW,--,No,--,10,--,--
S0791500,"Vacuum extractor,Bird,manual,comple.set",Z01,No,1000,EA,No,--,SHORT_LINE,Yes,3.799,KGM,50.611,DMQ,--,HBW,--,No,--,10,--,--
S0305139,"Gown,isol,nonwoven,ligt,ISO16604,disp,XL",Z01,Yes,1000,EA,No,--,SHORT_LINE,Yes,0.088,KGM,0.001,MTQ,425,HBW,MEDICAL,No,--,--,--,--
S1300056,Arte200mg+Meflo250mg tabs/3+6/PAC-1,Z01,Yes,1000,PAC,No,--,SHORT_LINE,No,0.016,KGM,0.09,DMQ,425,HBW,PHARMACEUTICALS,No,--,--,Z1,--
S0305141,"Gown,isolation,nonwoven,disp,univ size",Z01,Yes,1000,EA,No,--,SHORT_LINE,Yes,2.665,KGM,0.019,MTQ,425,HBW,MEDICAL,No,--,--,--,--
S0782405,"Syringe,disp,5ml,ster/BOX-100",Z01,Yes,1000,BOX,No,--,SHORT_LINE,Yes,0.685,KGM,6.69,DMQ,425,HBW,MEDICAL,No,--,10,--,--
S0789999,Yellow Fever Vaccination Card/PAC-200,Z01,No,1000,PAC,No,--,SHORT_LINE,Yes,0.516,KGM,1.117,DMQ,--,HBW,--,No,--,10,--,--
S0990001,"Body bag,child",Z01,No,1000,EA,No,--,SHORT_LINE,Yes,3.608,KGM,0.119,MTQ,--,HBW,--,No,--,10,--,--
S1564336,Potassium Chl 10% inj 10ml amp/BOX-10,Z01,Yes,1000,EA,No,--,SHORT_LINE,Yes,0.17,KGM,0.8,DMQ,425,HBW,PHARMACEUTICALS,No,--,10,Z1,--
S1564338,SodiumChloride 0.9% inj 10ml amp/BOX-100,Z01,Yes,1000,EA,No,--,SHORT_LINE,No,1.485,KGM,3.7,DMQ,425,HBW,PHARMACEUTICALS,No,--,10,Z1,--
S0481056,"Thermometer, clinical, digital, no Li",Z01,Yes,1000,EA,No,--,SHORT_LINE,Yes,0.043,KGM,0.25,DMQ,425,HBW,MEDICAL,No,--,--,--,9000
S1552428,Warfarin sodium 3mg tabs/PAC-2x14,Z01,Yes,1000,PAC,No,--,SHORT_LINE,No,0.019,KGM,0.16,DMQ,425,HBW,PHARMACEUTICALS,No,--,--,Z1,--
S8501040,"Thermal Transfer Ribbon,110mmx360m",Z04,No,1000,EA,No,--,SHORT_LINE,Yes,0.5,KGM,0.952,DMQ,--,HBW,--,Yes,--,--,--,--
S1552429,Warfarin sodium 1mg tabs/PAC-2x14,Z01,Yes,1000,PAC,No,--,SHORT_LINE,No,0.018,KGM,0.16,DMQ,425,HBW,PHARMACEUTICALS,No,--,--,Z1,--
S1552430,Amlodipine 10mg tabs/PAC-10x10,Z01,Yes,1000,PAC,No,--,SHORT_LINE,No,0.076,KGM,0.402,DMQ,425,HBW,PHARMACEUTICALS,No,--,--,Z1,--
S8913996,Plastic Flooring Tile,Z01,No,1000,EA,No,--,SHORT_LINE,No,0.0,KGM,0,DMQ,--,HBW,--,No,--,--,--,--
S1300070,Artesunate 50mg rectal caps/6/PAC-1,Z01,Yes,1000,PAC,No,--,SHORT_LINE,No,0.025,KGM,0.165,DMQ,240,HBW,PHARMACEUTICALS,No,--,10,Z1,--
S9000000,Supplier's Packing Material,Z04,No,1000,EA,No,--,SHORT_LINE,No,0.0,KGM,0,DMQ,--,HBW,--,Yes,--,--,--,--
S0845156,"Ophthalmoscope,set",Z01,Yes,1000,EA,No,--,SHORT_LINE,Yes,0.528,KGM,1.49,DMQ,425,HBW,MEDICAL,No,--,--,--,9000
S0845154,"Laryngoscope,neonate,set",Z01,Yes,1000,EA,No,--,SHORT_LINE,Yes,0.78,KGM,8.5,DMQ,425,HBW,MEDICAL,No,--,--,--,9000
S0845162,"Tongue depressor,wooden,disp/BOX-100",Z01,Yes,1000,EA,No,--,SHORT_LINE,Yes,0.282,KGM,0.711,DMQ,425,HBW,MEDICAL,No,--,--,--,--
S0845184,"Stethoscope, neonatal, binaural,complete",Z01,No,1000,EA,No,--,SHORT_LINE,Yes,0.131,KGM,35.315,DMQ,--,HBW,--,No,--,--,--,--
S1300101,Amod 135mg+Arte 50mg tab/3/PAC-25,Z01,Yes,1000,PAC,No,--,SHORT_LINE,No,0.104,KGM,1.167,DMQ,425,HBW,PHARMACEUTICALS,No,--,10,Z1,--
S1300121,Amod 67.5mg+Arte 25mg tab/3/PAC-25,Z01,Yes,1000,PAC,No,--,SHORT_LINE,No,0.11,KGM,0.673,DMQ,425,HBW,PHARMACEUTICALS,No,--,10,Z1,--
S5006029,"Sprayer,trigger bottle,handheld,1 liter",Z01,No,1000,EA,No,--,SHORT_LINE,Yes,0.357,KGM,5.302,DMQ,--,HBW,--,No,--,--,--,--
S1506001,Acetylsalicylic acid 300mg tab/PAC-10x10,Z01,Yes,1000,PAC,No,--,SHORT_LINE,Yes,0.084,KGM,0.708,DMQ,425,HBW,PHARMACEUTICALS,No,--,10,Z1,--
S0373000,"Tube,feeding,CH08,L40cm,ster,disp",Z01,Yes,1000,EA,No,--,SHORT_LINE,Yes,0.013,KGM,0.28,DMQ,425,HBW,MEDICAL,No,--,10,--,--
S0385000,"Tourniquet,latex rubber,50cm",Z01,No,1000,EA,No,--,SHORT_LINE,Yes,0.018,KGM,0.06,DMQ,--,HBW,--,No,--,10,--,--
S0390060,"Airway,Guedel,size 4",Z01,No,1000,EA,No,--,SHORT_LINE,No,0.042,KGM,0.539,DMQ,--,HBW,--,No,--,10,--,--
S0726000,"Forceps,artery,Kocher,140mm,str",Z01,No,1000,EA,No,--,SHORT_LINE,Yes,0.045,KGM,0.125,DMQ,--,HBW,--,No,--,10,--,--
S0145520,"Scale,beam type,clinical,infant,16kgx5g",Z01,No,1000,EA,No,--,SHORT_LINE,Yes,10.153,KGM,57.989,DMQ,--,HBW,--,No,--,10,--,--
S0718210,"Dilators,uter,Hegar,d-e,3-4to17-18mm",Z01,No,1000,EA,No,--,SHORT_LINE,Yes,0.646,KGM,2.704,DMQ,--,HBW,--,No,--,10,--,--
S0736500,"Forceps,tissue,Babcock,200mm",Z01,No,1000,EA,No,--,SHORT_LINE,Yes,0.08,KGM,0.613,DMQ,--,HBW,--,No,--,10,--,--
S0145620,"MUAC,Child 11.5 Red,PAC-50,English",Z01,No,1000,PAC,No,--,SHORT_LINE,Yes,0.115,KGM,0.232,DMQ,--,HBW,--,No,--,10,--,--
S0216000,"Bowl,round,stainless steel,4L",Z01,No,1000,EA,No,--,SHORT_LINE,Yes,0.728,KGM,2.089,DMQ,--,HBW,--,No,--,10,--,--
S0279000,"Tray,dressing,ss,300x200x30mm",Z01,No,1000,EA,No,--,SHORT_LINE,Yes,0.557,KGM,0.853,DMQ,--,HBW,--,No,--,10,--,--
S0383050,"Tube,endotrach,8,w/cuff,ster,disp",Z01,Yes,1000,EA,No,--,SHORT_LINE,Yes,0.056,KGM,0.81,DMQ,425,HBW,MEDICAL,No,--,10,--,--
S0728670,"Forceps,intest,clamp,Doyen,230mm,cvd",Z01,No,1000,EA,No,--,SHORT_LINE,Yes,0.097,KGM,0.383,DMQ,--,HBW,--,No,--,10,--,--
S0730000,"Forceps,artery,Halst-Mosq,125mm,cvd",Z01,No,1000,EA,No,--,SHORT_LINE,Yes,0.031,KGM,0.119,DMQ,--,HBW,--,No,--,10,--,--
S1552416,Hydralazine pdr/inj 20mg amp/BOX-5,Z01,Yes,1000,BOX,No,--,SHORT_LINE,Yes,0.039,KGM,0.41,DMQ,425,HBW,PHARMACEUTICALS,No,--,10,Z1,--
S1555395,Fluconazole 50mg caps/PAC-7,Z01,Yes,1000,PAC,No,--,SHORT_LINE,Yes,0.016,KGM,0.145,DMQ,425,HBW,PHARMACEUTICALS,No,--,10,Z1,--
S1555410,Fluconazole 200mg caps/PAC-10x10,Z01,Yes,1000,PAC,No,--,SHORT_LINE,Yes,0.084,KGM,0.706,DMQ,425,HBW,PHARMACEUTICALS,No,--,10,Z1,--
S1555680,Metronidazole inj 500mg/100ml vl/BOX-50,Z01,Yes,1000,BOX,No,--,SHORT_LINE,Yes,7.82,KGM,48.55,DMQ,425,HBW,PHARMACEUTICALS,No,--,10,Z1,--
S1553010,Ibuprofen 400mg tabs/PAC-100,Z01,Yes,1000,PAC,No,--,SHORT_LINE,Yes,0.11,KGM,0.547,DMQ,425,HBW,PHARMACEUTICALS,No,--,10,Z1,--
S1555690,Metronidazol pdr/o.s.200mg/5ml/BOT-100ml,Z01,Yes,1000,BOT,No,--,SHORT_LINE,Yes,0.074,KGM,0.585,DMQ,425,HBW,PHARMACEUTICALS,No,--,10,Z1,--
S1555930,"Nystatin oral sus 100,000IU/ml/BOT-30ml",Z01,Yes,1000,BOT,No,--,SHORT_LINE,Yes,0.122,KGM,0.35,DMQ,240,HBW,PHARMACEUTICALS,No,--,10,Z1,--
S0523005,"Compress,gauze,10x10cm,n/ster/PAC-100",Z01,No,1000,EA,No,--,SHORT_LINE,Yes,0.315,KGM,2.659,DMQ,--,HBW,--,No,--,10,--,--
S1555940,Miconazole 10mg Muco Adhesive tb/PAC-350,Z01,Yes,1000,PAC,No,--,SHORT_LINE,Yes,0.242,KGM,2.427,DMQ,425,HBW,PHARMACEUTICALS,No,--,10,Z1,--
S1555945,Clotrimazole 500mg vag.tabs/applicator,Z01,Yes,1000,EA,No,--,SHORT_LINE,Yes,0.025,KGM,0.274,DMQ,425,HBW,PHARMACEUTICALS,No,--,10,Z1,--
S1560811,Sod.lactat.comp.inj 500ml w/g.set/BOX-20,Z01,Yes,1000,BOX,No,--,SHORT_LINE,Yes,13.005,KGM,43.876,DMQ,425,HBW,PHARMACEUTICALS,No,--,10,Z1,--
S1560678,Proca.benz.peni.pdr/inj 1MIU vl/BOX-50,Z01,Yes,1000,BOX,No,--,SHORT_LINE,Yes,1.326,KGM,3.033,DMQ,425,HBW,PHARMACEUTICALS,No,--,10,Z1,--
S1560610,Quinine sulfate 300mg tabs/PAC-100,Z01,Yes,1000,PAC,No,--,SHORT_LINE,Yes,0.089,KGM,0.327,DMQ,425,HBW,PHARMACEUTICALS,No,--,10,Z1,--
S1561125,"ReSoMal,42g sachet for 1 litre/CAR-100",Z01,Yes,1000,CAR,No,--,SHORT_LINE,Yes,6.17,KGM,32.04,DMQ,425,HBW,PHARMACEUTICALS,No,--,10,Z1,--
S1559211,Promethazine inj 25mg/ml 2ml amp/BOX-10,Z01,Yes,1000,BOX,No,--,SHORT_LINE,No,0.069,KGM,0.324,DMQ,425,HBW,PHARMACEUTICALS,No,--,10,Z1,--
S1560310,Prednisolone 5mg tabs/PAC-100,Z01,Yes,1000,PAC,No,--,SHORT_LINE,Yes,0.029,KGM,0.224,DMQ,425,HBW,PHARMACEUTICALS,No,--,10,Z1,--
S1560812,Sod.lact.comp.inj 1000ml w/g.set/BOX-10,Z01,Yes,1000,BOX,No,--,SHORT_LINE,Yes,12.774,KGM,43.179,DMQ,425,HBW,PHARMACEUTICALS,No,--,10,Z1,--
S1560185,Pyridoxine 25mg tabs/PAC-100,Z01,Yes,1000,PAC,No,--,SHORT_LINE,Yes,0.044,KGM,0.349,DMQ,425,HBW,PHARMACEUTICALS,No,--,10,Z1,--
S1560250,Praziquantel 600mg tabs/PAC-100,Z01,Yes,1000,PAC,No,--,SHORT_LINE,Yes,0.165,KGM,1.018,DMQ,425,HBW,PHARMACEUTICALS,No,--,10,Z1,--
S1561120,ORS low osm. 20.5g/1L CAR/10x10,Z01,Yes,1000,BOX,No,--,SHORT_LINE,Yes,2.647,KGM,8.627,DMQ,425,HBW,PHARMACEUTICALS,No,--,10,Z1,--
S1561130,ORS low osm. flavour 20.5g/1L CAR/100,Z01,Yes,1000,CAR,No,--,SHORT_LINE,Yes,2.634,KGM,8.272,DMQ,425,HBW,PHARMACEUTICALS,No,--,10,Z1,--
S1564326,Sodium chl.inj 0.9% 500ml w/giv.s/BOX-20,Z01,Yes,1000,BOX,No,--,SHORT_LINE,Yes,12.893,KGM,43.41,DMQ,425,HBW,PHARMACEUTICALS,No,--,10,Z1,--
S1568040,Sulfadox+Pyrimeth 500+25mg tabs/PAC-100,Z01,Yes,1000,PAC,No,--,SHORT_LINE,Yes,0.103,KGM,0.389,DMQ,425,HBW,PHARMACEUTICALS,No,--,10,Z1,--
S1568200,Permethrin shampoo/solution 1%/BOT-100ml,Z01,Yes,1000,BOT,No,--,SHORT_LINE,Yes,0.138,KGM,0.443,DMQ,425,HBW,PHARMACEUTICALS,No,--,10,Z1,--
S1562020,Salbutamol oral inh. 0.1mg/ds 200ds,Z01,Yes,1000,EA,No,--,SHORT_LINE,Yes,0.07,KGM,0.435,DMQ,425,HBW,PHARMACEUTICALS,No,--,10,Z1,9001
S0114080,"CARD, WEIGHT/HEIGHT, NCHS, Eng A4",Z01,No,1000,EA,No,--,SHORT_LINE,Yes,0.035,KGM,0.08,DMQ,--,HBW,--,No,--,10,--,--
S0114081,"CARD, WEIGHT/HEIGHT, NCHS, Fre A4",Z01,No,1000,EA,No,--,SHORT_LINE,Yes,0.035,KGM,0.08,DMQ,--,HBW,--,No,--,10,--,--
S0114082,"CARD, random number PAC-10",Z01,No,1000,EA,No,--,SHORT_LINE,No,0.03,KGM,0.08,DMQ,--,HBW,--,No,--,10,--,--
S0330132,"Gloves,exam,nitrile,BIO,pwdfree,L,BOX100",Z01,Yes,1000,BOX,No,--,SHORT_LINE,No,0.563,KGM,2.538,DMQ,425,HBW,MEDICAL,No,--,--,--,--
S0305101,"Coverall,protection,CatIII,Type3b,M",Z01,Yes,1000,EA,No,--,SHORT_LINE,Yes,0.342,KGM,2.788,DMQ,240,HBW,MEDICAL,No,--,10,--,--
S8513897,Differential Thermometer,Z04,No,1000,EA,No,--,SHORT_LINE,No,0.0,KGM,0,DMQ,--,HBW,--,Yes,--,--,--,--
S0305043,"Boots,rubber/PVC,reusable,pair,size43",Z01,Yes,1000,EA,No,--,SHORT_LINE,Yes,2.333,KGM,9.994,DMQ,425,HBW,MEDICAL,No,--,--,--,--
S1400532,LPV/r oral sol.80+20mg/ml/BOT-5x60ml  pb,Z01,Yes,1000,EA,No,--,SHORT_LINE,No,0.47,KGM,1.44,DMQ,240,CLD,PHARMACEUTICALS,No,--,10,Z3,1170
S1400575,LPV/r 100+25mg heat/st tabs/PAC-60    pb,Z01,Yes,1000,EA,No,--,SHORT_LINE,No,0.3,KGM,0.4,DMQ,240,HBW,PHARMACEUTICALS,No,--,10,Z1,--
S0305116,"Faceshield,fog-resistant,fullface,disp",Z01,No,1000,EA,No,--,SHORT_LINE,Yes,0.049,KGM,0.625,DMQ,--,HBW,--,No,--,10,--,--
S1400566,EFV600mg+FTC200mg+TDF300mg tab/PAC-30 gb,Z01,Yes,1000,EA,No,--,SHORT_LINE,No,0.082,KGM,0.32,DMQ,240,HBW,PHARMACEUTICALS,No,--,10,Z1,--
S1400546,FTC 200mg+TDF 300mg tabs/PAC-30 pb,Z01,Yes,1000,EA,No,--,SHORT_LINE,No,0.07,KGM,0.225,DMQ,240,HBW,PHARMACEUTICALS,No,--,10,Z1,--
S0845230,"Faceshield,fog-resistant,reusable",Z01,Yes,1000,EA,No,--,SHORT_LINE,No,0.175,KGM,17,DMQ,425,HBW,MEDICAL,No,--,--,--,--
S1400606,Efavirenz 200mg (scored) tabs/PAC-90  gb,Z01,Yes,1000,EA,No,--,SHORT_LINE,No,0.4,KGM,2.6,DMQ,240,HBW,PHARMACEUTICALS,No,--,10,Z1,--
S1400576,LPV/r 100+25mg heat/st tabs/PAC-60    gb,Z01,Yes,1000,EA,No,--,SHORT_LINE,Yes,0.145,KGM,1.555,DMQ,240,HBW,PHARMACEUTICALS,No,--,10,Z1,--
S1400655,Darunavir 600mg tabs/PAC-60           gb,Z01,Yes,1000,EA,No,--,SHORT_LINE,No,0.033,KGM,0.3,DMQ,240,HBW,PHARMACEUTICALS,No,--,10,Z1,--
S6780342,Acetylsalicylic acid 300mg tabs/PAC-16,Z01,Yes,1000,PAC,No,--,SHORT_LINE,No,0.016,KGM,0.095,DMQ,425,HBW,PHARMACEUTICALS,No,--,--,--,--
S0782141,"Syringe,A-D,0.25ml,/BOX-100",Z01,Yes,1000,BOX,No,--,SHORT_LINE,No,0.436,KGM,3.18,DMQ,425,HBW,MEDICAL,No,--,--,--,--
S1400630,3TC300mg+TDF300mg tabs/PAC-30         gb,Z01,Yes,1000,EA,No,--,SHORT_LINE,Yes,0.139,KGM,1.161,DMQ,240,HBW,PHARMACEUTICALS,No,--,10,Z1,--
S1400645,EFV600mg+3TC300mg+TDF300mg tab/PAC-30 gb,Z01,Yes,1000,EA,No,--,SHORT_LINE,No,0.098,KGM,0.3,DMQ,240,HBW,PHARMACEUTICALS,No,--,10,Z1,--
S1400662,Raltegravir 400mg tabs/PAC-60         pb,Z01,Yes,1000,EA,No,--,SHORT_LINE,No,0.1,KGM,0.31,DMQ,240,HBW,PHARMACEUTICALS,No,--,10,Z1,--
S5006119,"Funnels,100ml,w/MCE-membranes for MICS",Z01,No,1000,PAC,No,--,SHORT_LINE,Yes,2.001,KGM,23.497,DMQ,--,HBW,--,No,--,--,--,--
S9996732,S. Sudan PHCC 2018 I sub 2/8 f S9906736,Z02,Yes,1000,EA,No,S9906736,SHORT_LINE,Yes,12.0,KGM,0.031,MTQ,425,HBW,MEDICAL,No,--,--,Z1,--
S5006120,"Stand, vacuum filter support,1-place,SS",Z01,No,1000,EA,No,--,SHORT_LINE,Yes,2.28,KGM,15.902,DMQ,--,HBW,--,No,--,--,--,--
S1501000,Epinephrine inj 1mg/ml 1ml amp/BOX-10,Z01,Yes,1000,BOX,No,--,SHORT_LINE,Yes,0.069,KGM,0.523,DMQ,425,HBW,PHARMACEUTICALS,No,--,10,Z1,--
S1504200,Magn.trisilicate compound tabs/PAC-1000,Z01,Yes,1000,PAC,No,--,SHORT_LINE,Yes,0.42,KGM,1.232,DMQ,425,HBW,PHARMACEUTICALS,No,--,10,Z1,--
S1505070,Amoxicillin 500mg tabs/PAC-10x10,Z01,Yes,1000,PAC,No,--,SHORT_LINE,Yes,0.112,KGM,0.565,DMQ,425,HBW,PHARMACEUTICALS,No,--,10,Z1,--
S1505051,Am.125mg+Clav.ac.31.25mg pd.os/BOT-100ml,Z01,Yes,1000,BOT,No,--,SHORT_LINE,Yes,0.141,KGM,0.652,DMQ,425,HBW,PHARMACEUTICALS,No,--,10,Z1,--
S1505043,Amoxicillin 250mg disp.tab/PAC-(10x10),Z01,Yes,1000,PAC,No,--,SHORT_LINE,Yes,0.102,KGM,0.656,DMQ,425,HBW,PHARMACEUTICALS,No,--,10,Z1,--
S1506005,Acetylsalicylic acid 500mg tabs/PAC-100,Z01,Yes,1000,PAC,No,--,SHORT_LINE,Yes,0.103,KGM,0.472,DMQ,425,HBW,PHARMACEUTICALS,No,--,10,Z1,--
S1510000,Tetracycline eye ointment 1%/TBE-5g,Z01,Yes,1000,TBE,No,--,SHORT_LINE,Yes,0.015,KGM,0.089,DMQ,425,HBW,PHARMACEUTICALS,No,--,10,Z1,--
S1506002,Acetylsalicylic acid 300mg tabs/PAC-1000,Z01,Yes,1000,PAC,No,--,SHORT_LINE,Yes,0.494,KGM,1.248,DMQ,425,HBW,PHARMACEUTICALS,No,--,10,Z1,--
S1506003,Acetylsalicylic acid 300mg tabs/PAC-100,Z01,Yes,1000,PAC,No,--,SHORT_LINE,Yes,0.072,KGM,0.383,DMQ,425,HBW,PHARMACEUTICALS,No,--,10,Z1,--
S1514130,Levonorgestrel 750mcg tabs/PAC-2  (I),Z01,Yes,1000,PAC,No,--,SHORT_LINE,Yes,0.011,KGM,0.124,DMQ,425,HBW,PHARMACEUTICALS,No,--,10,Z1,--
S1515020,Benz.acid 6%+salic.acid 3% oint./TBE-40g,Z01,Yes,1000,TBE,No,--,SHORT_LINE,Yes,0.068,KGM,0.315,DMQ,425,HBW,PHARMACEUTICALS,No,--,10,Z1,--
S1523000,Calamine lotion/BOT-500ml,Z01,Yes,1000,BOT,No,--,SHORT_LINE,Yes,0.706,KGM,1.558,DMQ,425,HBW,PHARMACEUTICALS,No,--,10,Z1,--
S1519500,Benzyl benzoate 25% lotion /BOT-1000ml,Z01,Yes,1000,BOT,No,--,SHORT_LINE,Yes,1.137,KGM,2.642,DMQ,425,HBW,PHARMACEUTICALS,No,--,10,Z1,--
S1531001,Azithromycin 500mg tablets/PAC-10,Z01,Yes,1000,PAC,No,--,SHORT_LINE,Yes,0.028,KGM,0.146,DMQ,240,HBW,PHARMACEUTICALS,No,--,10,Z1,--
S1521030,Oseltamivir 45mg caps/PAC-10,Z01,Yes,1000,PAC,No,--,SHORT_LINE,No,0.228,KGM,4.808,DMQ,425,HBW,PHARMACEUTICALS,No,--,10,Z1,--
S1523005,Dexamethasone Phos 4mg/ml 1ml amp/BOX-50,Z01,Yes,1000,BOX,No,--,SHORT_LINE,Yes,0.267,KGM,1.772,DMQ,425,HBW,PHARMACEUTICALS,No,--,10,Z1,--
S1521025,Oseltamivir 30mg caps/PAC-10,Z01,Yes,1000,PAC,No,--,SHORT_LINE,No,0.031,KGM,0.378,DMQ,425,HBW,PHARMACEUTICALS,No,--,10,Z1,--
S1533975,Chloroquine syrup 50mg/5ml/BOT-60ml,Z01,Yes,1000,BOT,No,--,SHORT_LINE,No,0.088,KGM,0.19,DMQ,425,HBW,PHARMACEUTICALS,No,--,10,Z1,--
S0521425,"Sachet,tablet,plastic,10x16cm/PAC-100",Z01,No,1000,EA,No,--,SHORT_LINE,Yes,0.19,KGM,0.567,DMQ,--,HBW,--,No,--,10,--,--
S1531505,Chlorhexidine conc. sol. 5%/BOT-1000ml,Z01,Yes,1000,BOT,No,--,SHORT_LINE,Yes,1.22,KGM,2.699,DMQ,425,HBW,PHARMACEUTICALS,No,--,10,Z1,--
S1532305,Ketamine inj 50mg/ml 10ml vial/BOX-25 nt,Z01,Yes,1000,BOX,No,--,SHORT_LINE,Yes,0.97,KGM,1.747,DMQ,240,HBW,PHARMACEUTICALS,No,--,10,Z1,EX2-PSYC.EXP.LIC.
S1537115,Sulf.100mg+Trimet.20mg tabs/PAC-100,Z01,Yes,1000,PAC,No,--,SHORT_LINE,Yes,0.048,KGM,0.288,DMQ,425,HBW,PHARMACEUTICALS,No,--,10,Z1,--
S1537120,Sulf.800mg+Trimet.160mg tabs/PAC-10x10,Z01,Yes,1000,PAC,No,--,SHORT_LINE,Yes,0.152,KGM,0.635,DMQ,425,HBW,PHARMACEUTICALS,No,--,10,Z1,--
S1537140,Sulf.100mg+Trimet.20mg disp.tab/PAC-50,Z01,Yes,1000,PAC,No,--,SHORT_LINE,No,0.073,KGM,0.05,DMQ,425,HBW,PHARMACEUTICALS,No,--,10,Z1,--
S1537300,Cloxacillin 500mg caps/PAC-500,Z01,Yes,1000,PAC,No,--,SHORT_LINE,Yes,0.557,KGM,2.522,DMQ,425,HBW,PHARMACEUTICALS,No,--,10,Z1,--
S1543660,Haloperidol 5mg tabs/PAC-10x10,Z01,Yes,1000,PAC,No,--,SHORT_LINE,Yes,0.049,KGM,0.289,DMQ,425,HBW,PHARMACEUTICALS,No,--,10,Z1,--
S1543805,Water for inj 10ml amp/BOX-50,Z01,Yes,1000,BOX,No,--,SHORT_LINE,Yes,0.876,KGM,3.355,DMQ,425,HBW,PHARMACEUTICALS,No,--,10,Z1,--
S1543650,Biperiden 2mg tabs/PAC-50,Z01,Yes,1000,PAC,No,--,SHORT_LINE,No,0.043,KGM,0.38,DMQ,425,HBW,PHARMACEUTICALS,No,--,10,Z1,--
S1543803,Water for inj 5ml amp/BOX-50,Z01,Yes,1000,BOX,No,--,SHORT_LINE,Yes,0.539,KGM,2.738,DMQ,425,HBW,PHARMACEUTICALS,No,--,10,Z1,--
S1537150,Sulf.100mg+Trimet.20mg disp.tab/PAC10x10,Z01,Yes,1000,PAC,No,--,SHORT_LINE,Yes,0.049,KGM,0.334,DMQ,425,HBW,PHARMACEUTICALS,No,--,10,Z1,--
S1545200,Methylergom. inj 0.2mg/ml 1ml amp/BOX-10,Z01,Yes,1000,BOX,No,--,SHORT_LINE,Yes,0.051,KGM,0.293,DMQ,240,HBW,PHARMACEUTICALS,No,--,10,Z1,--
S1545600,Methylergometrine 0.125mg tabs/PAC-100,Z01,Yes,1000,PAC,No,--,SHORT_LINE,Yes,0.028,KGM,0.164,DMQ,425,HBW,PHARMACEUTICALS,No,--,10,Z1,--
S1546300,Erythro.pdr/oral sus 125mg/5ml/BOT-60ml,Z01,Yes,1000,BOT,No,--,SHORT_LINE,Yes,0.053,KGM,0.389,DMQ,425,HBW,PHARMACEUTICALS,No,--,10,Z1,--
S1550000,Ferrous salt 60mg iron tabs/PAC-1000,Z01,Yes,1000,PAC,No,--,SHORT_LINE,Yes,0.336,KGM,0.552,DMQ,425,HBW,PHARMACEUTICALS,No,--,10,Z1,--
S1546315,Erythromycin 250mg tabs/PAC-10x10,Z01,Yes,1000,PAC,No,--,SHORT_LINE,Yes,0.099,KGM,0.621,DMQ,425,HBW,PHARMACEUTICALS,No,--,10,Z1,--
S1550500,Furosemide 40mg tabs/PAC-1000,Z01,Yes,1000,PAC,No,--,SHORT_LINE,Yes,0.158,KGM,0.758,DMQ,425,HBW,PHARMACEUTICALS,No,--,10,Z1,--
S1550180,Ferrous sulp.oral sol. 125mg/ml/BOT-30ml,Z01,Yes,1000,BOT,No,--,SHORT_LINE,Yes,0.099,KGM,0.202,DMQ,425,HBW,PHARMACEUTICALS,No,--,10,Z1,--
S1552002,Gentian violet (Methylros) pdr 25g/PAC-1,Z01,Yes,1000,PAC,No,--,SHORT_LINE,Yes,0.052,KGM,0.331,DMQ,425,HBW,PHARMACEUTICALS,No,--,10,Z1,--
S1544400,Doxycycline 100mg tabs/PAC-1000,Z01,Yes,1000,PAC,No,--,SHORT_LINE,Yes,0.218,KGM,0.928,DMQ,425,HBW,PHARMACEUTICALS,No,--,10,Z1,--
S1545300,Oxytocin inj 10 IU 1ml amp/BOX-10,Z01,Yes,1000,BOX,No,--,SHORT_LINE,Yes,0.142,KGM,0.419,DMQ,425,CLD,PHARMACEUTICALS,No,--,10,Z3,--
S1550525,Furosemide inj 10mg/ml 2ml amp/BOX-10,Z01,Yes,1000,BOX,No,--,SHORT_LINE,Yes,0.082,KGM,0.524,DMQ,425,HBW,PHARMACEUTICALS,No,--,10,Z1,--
S1552225,Betamethasone valerate cream 0.1%/TB-20g,Z01,Yes,1000,TBE,No,--,SHORT_LINE,Yes,0.036,KGM,0.137,DMQ,425,HBW,PHARMACEUTICALS,No,--,10,Z1,--
S1551960,Gentamicin inj 40mg/ml 2ml amp/BOX-50,Z01,Yes,1000,BOX,No,--,SHORT_LINE,Yes,0.326,KGM,1.86,DMQ,425,HBW,PHARMACEUTICALS,No,--,10,Z1,--
S1552300,Hydrochlorothiazide 25mg tabs/PAC-100,Z01,Yes,1000,PAC,No,--,SHORT_LINE,Yes,0.036,KGM,0.251,DMQ,425,HBW,PHARMACEUTICALS,No,--,10,Z1,--
S1555360,Mebendazole 500mg chewable tabs/PAC-100,Z01,Yes,1000,PAC,No,--,SHORT_LINE,Yes,0.128,KGM,0.509,DMQ,425,HBW,PHARMACEUTICALS,No,--,10,Z1,--
S1555290,Lidocaine 5%+gluc.7.5% inj 2ml amp/BOX10,Z01,Yes,1000,BOX,No,--,SHORT_LINE,Yes,0.071,KGM,0.504,DMQ,425,HBW,PHARMACEUTICALS,No,--,10,Z1,--
S1552115,Glucose hyperton.inj 50% 50mL vl/BOX-20,Z01,Yes,1000,BOX,No,--,SHORT_LINE,Yes,2.427,KGM,4.579,DMQ,425,HBW,PHARMACEUTICALS,No,--,10,Z1,--
S1552411,Atenolol 50mg tabs/PAC-1000,Z01,Yes,1000,PAC,No,--,SHORT_LINE,Yes,0.201,KGM,0.849,DMQ,425,HBW,PHARMACEUTICALS,No,--,10,Z1,--
S2511000,"Memory Game,card/BOX app 16 pairs",Z01,No,1000,EA,No,--,SHORT_LINE,Yes,0.145,KGM,0.328,DMQ,--,HBW,--,No,--,10,--,--
S2512015,"Shape-sorter, app. 9 pcs",Z01,No,1000,EA,No,--,SHORT_LINE,Yes,0.354,KGM,4.503,DMQ,--,HBW,--,No,--,10,--,--
S1993411,"IEHK06 Treatment guideline,French",Z01,No,1000,EA,No,--,SHORT_LINE,No,0.389,KGM,0.559,DMQ,--,HBW,--,No,--,10,--,--
S2170000,"Pail w/bail,handle,polyethylene,10 litre",Z01,No,1000,EA,No,--,SHORT_LINE,Yes,0.424,KGM,4.602,DMQ,--,HBW,--,No,--,10,--,--
S2512020,"Dominoes,plastic,colourd/SET-28",Z01,No,1000,EA,No,--,SHORT_LINE,Yes,0.189,KGM,0.265,DMQ,--,HBW,--,No,--,10,--,--
S2512025,"Sort & Stack Set,plastic,app.19 stack",Z01,No,1000,EA,No,--,SHORT_LINE,Yes,0.587,KGM,4.6,DMQ,--,HBW,--,No,--,10,--,--
S2521040,"Counting Circle,wood,app.20 pieces",Z01,No,1000,EA,No,--,SHORT_LINE,Yes,0.141,KGM,0.658,DMQ,--,HBW,--,No,--,10,--,--
S2521030,"Jigsaw Puzzle,app. 24 pcs",Z01,No,1000,EA,No,--,SHORT_LINE,Yes,0.107,KGM,0.387,DMQ,--,HBW,--,No,--,10,--,--
S2535015,"Puppet,hand,diff characters/SET-6",Z01,No,1000,EA,No,--,SHORT_LINE,Yes,0.335,KGM,5.586,DMQ,--,HBW,--,No,--,10,--,--
S2535010,"Puppet,finger,diff characters/SET-6",Z01,No,1000,EA,No,--,SHORT_LINE,Yes,0.043,KGM,0.58,DMQ,--,HBW,--,No,--,10,--,--
S2587010,"Beads,wood,col,/BOX-50",Z01,No,1000,BOX,No,--,SHORT_LINE,Yes,0.817,KGM,5.645,DMQ,--,HBW,--,No,--,10,--,--
S2657311,"Drawing pad,white,A3,48 sheets/PAC-10",Z01,No,1000,PAC,No,--,SHORT_LINE,Yes,7.536,KGM,15.256,DMQ,--,HBW,--,No,--,10,--,--
S2703300,"Basketball,professional size",Z01,No,1000,EA,No,--,SHORT_LINE,Yes,0.659,KGM,2.228,DMQ,--,HBW,--,No,--,10,--,--
S2593000,"Blocks,modular,wood/plastic,set of 80",Z01,No,1000,EA,No,--,SHORT_LINE,No,1.1,KGM,6.51,DMQ,--,HBW,--,No,--,10,--,--
S2608500,"Clay,modelling,assorted colour/BOX-6/8",Z01,No,1000,BOX,No,--,SHORT_LINE,Yes,0.518,KGM,0.919,DMQ,--,HBW,--,No,--,10,--,--
S2595000,"Animal/people set,wood,col.,set of 100",Z01,No,1000,EA,No,--,SHORT_LINE,Yes,0.923,KGM,5.232,DMQ,--,HBW,--,No,--,10,--,--
S1531040,Chlorhex.diglu.7.1% gel cord.c.TBE/3g,Z01,Yes,1000,EA,No,--,SHORT_LINE,No,0.01,KGM,0.15,DMQ,425,HBW,PHARMACEUTICALS,No,--,10,Z1,--
S9991043,"IEHK 2024,Basic Medicine&Renewabl SUB3/3",Z02,Yes,1000,EA,No,S9901040,LONG_LINE,Yes,13.0,KGM,0.06,MTQ,240,HBW,PHARMACEUTICALS,No,--,--,--,--
S1533011,Ibuprofen 400mg tabs/PAC 10x10,Z01,Yes,1000,EA,No,--,SHORT_LINE,No,0.102,KGM,0.613,DMQ,425,HBW,PHARMACEUTICALS,No,--,10,Z1,--
S8501020,"Bin card holder,without UNICEF logo",Z04,No,1000,EA,No,--,SHORT_LINE,No,0.092,KGM,0.144,DMQ,--,HBW,--,Yes,--,--,--,--
S6920000,VSAT Electronic block,Z01,Yes,1000,EA,No,--,SHORT_LINE,Yes,20.0,KGM,1.2,MTQ,425,HBW,CPH_IT,No,--,10,--,--
S7800001,"Retinol 100,000IU soft gel.caps/PAC-500",Z01,Yes,1000,PAC,No,--,SHORT_LINE,Yes,0.225,KGM,0.794,DMQ,425,HBW,PHARMACEUTICALS,No,--,10,Z1,--
S9991041,"IEHK 2024,Basic Medicine&Renewabl SUB1/3",Z02,Yes,1000,EA,No,S9901040,LONG_LINE,Yes,20.0,KGM,0.106,MTQ,240,HBW,PHARMACEUTICALS,No,--,--,--,--
S1531007,Ceftriaxone 1g pdr/inj vial/BOX-100,Z01,Yes,1000,EA,No,--,SHORT_LINE,Yes,2.785,KGM,6.32,DMQ,425,HBW,PHARMACEUTICALS,No,--,10,Z1,--
S1400520,3TC150mg+AZT300mg tabs/PAC-60         pp,Z01,Yes,1000,EA,No,--,SHORT_LINE,No,0.0,KGM,0,DMQ,425,HBW,PHARMACEUTICALS,No,--,--,Z1,--
S1531008,Ceftriaxone 250mg  pdr/inj  vial/BOX-100,Z01,Yes,1000,EA,No,--,SHORT_LINE,No,2.7,KGM,5.3,DMQ,425,HBW,PHARMACEUTICALS,No,--,10,Z1,--
S9993737,PP2/5 f SUB 1/5 S.Sudan18 B.Med S9906733,Z02,Yes,1000,EA,No,--,MINILOAD,No,4.0,KGM,0.021,MTQ,425,HBW,PHARMACEUTICALS,No,--,--,Z1,--
S9906712.1,"Sudan, Primary Healthcare kit, 2016",Z02,Yes,1000,EA,No,--,VIRTUAL_PACKING,Yes,29.0,KGM,0.16,MTQ,240,--,PHARMACEUTICALS,No,--,--,Z1,--
S9906712.2,"Sudan, Primary Healthcare kit, 2016",Z02,Yes,1000,EA,No,--,VIRTUAL_PACKING,Yes,18.0,KGM,0.106,MTQ,240,--,PHARMACEUTICALS,No,--,--,Z1,--
S9906712.3,"Sudan, Primary Healthcare kit, 2016",Z02,Yes,1000,EA,No,--,VIRTUAL_PACKING,Yes,30.0,KGM,0.16,MTQ,240,--,PHARMACEUTICALS,No,--,--,Z1,--
S6780198,Paracetamol 120mg/5ml or.sol/BOT-60ml,Z01,Yes,1000,BOT,No,--,SHORT_LINE,No,0.105,KGM,0.314,DMQ,425,HBW,PHARMACEUTICALS,No,--,10,Z1,--
S7800003,"Retinol 100,000IU soft gel.caps/PAC-100",Z01,Yes,1000,PAC,No,--,SHORT_LINE,Yes,0.069,KGM,0.456,DMQ,425,HBW,PHARMACEUTICALS,No,--,10,Z1,--
S7800002,"Retinol 200,000IU soft gel.caps/PAC-500",Z01,Yes,1000,PAC,No,--,SHORT_LINE,Yes,0.244,KGM,0.739,DMQ,425,HBW,PHARMACEUTICALS,No,--,10,Z1,--
S6930000,VSAT Modem block,Z01,Yes,1000,EA,No,--,SHORT_LINE,Yes,47.68,KGM,0.374,MTQ,--,HBW,CPH_IT,No,--,10,--,--
S8502041,PE Labels 105 x 148 mm/ROLL-1000,Z04,No,1000,ROL,No,--,SHORT_LINE,No,3.662,KGM,28.9,DMQ,--,HBW,--,Yes,--,--,--,--
S8503025,"Tape,clear,25 mm/BOX-72",Z04,No,1000,BOX,No,--,SHORT_LINE,No,4.0,KGM,24.242,DMQ,--,HBW,--,Yes,--,--,--,--
S8513860,"Staples Lock 18,for R555-18 BOX 20000",Z04,No,1000,EA,No,--,SHORT_LINE,No,17.5,KGM,6.048,DMQ,--,HBW,--,Yes,--,--,--,--
S8513904,Expandable conveyor belt,Z04,No,1000,EA,No,--,SHORT_LINE,No,0.8,KGM,0.08,MTQ,--,HBW,--,Yes,--,--,--,--
S2702801,"Ball,sponge rubber,60mm diam./SET-5",Z01,No,1000,SET,No,--,SHORT_LINE,Yes,0.113,KGM,1.443,DMQ,--,HBW,--,No,--,10,--,--
S2741600,Inflating-kit for balls,Z01,No,1000,EA,No,--,SHORT_LINE,Yes,0.1,KGM,0.544,DMQ,--,HBW,--,No,--,10,--,--
S2737000,"Handball,senior",Z01,No,1000,EA,No,--,SHORT_LINE,Yes,0.499,KGM,2.523,DMQ,--,HBW,--,No,--,10,--,--
S2795700,"Volleyball,professional model",Z01,No,1000,EA,No,--,SHORT_LINE,Yes,0.373,KGM,2.342,DMQ,--,HBW,--,No,--,10,--,--
S4460002,"Pen,ball-point,black",Z01,No,1000,EA,No,--,SHORT_LINE,No,8.0,GRM,0.024,DMQ,--,HBW,--,No,--,--,--,--
S2737010,"Handball,junior",Z01,No,1000,EA,No,--,SHORT_LINE,Yes,0.466,KGM,2.854,DMQ,--,HBW,--,No,--,10,--,--
S2760006,"Frisbee,polyethylene,20cm diameter/PAC-4",Z01,No,1000,PAC,No,--,SHORT_LINE,Yes,0.243,KGM,2.596,DMQ,--,HBW,--,No,--,10,--,--
S2797401,Picket with flag/SET-6,Z01,No,1000,SET,No,--,SHORT_LINE,No,0.673,KGM,3.454,DMQ,--,HBW,--,No,--,10,--,--
S4461001,Pencil for slates/BOX-12,Z01,No,1000,BOX,No,--,SHORT_LINE,No,0.8,KGM,0.002,MTQ,--,HBW,--,No,--,--,--,--
S5000271,"Sp,fw,disposables",Z01,No,1000,EA,No,--,SHORT_LINE,No,0.1,KGM,0.1,DMQ,--,HBW,--,No,--,--,--,--
S5000274,Laun det/was pow,Z01,Yes,1000,EA,No,--,SHORT_LINE,No,1.5,KGM,20,DMQ,425,HBW,--,No,--,--,--,--
S4325608,"Paper (photocopying),A4,80gsm/RM-500",Z01,No,1000,RM,No,--,SHORT_LINE,Yes,1.964,KGM,5.043,DMQ,--,HBW,--,No,--,10,--,--
S5006015,GPS Receiver Garmin eTrex Vista HCx,Z01,No,1000,EA,No,--,SHORT_LINE,No,0.5,KGM,2.97,DMQ,--,HBW,--,No,--,--,--,--
S4411001,"Book,drawing,A4,plain,96 pgs/PAC-10",Z01,No,1000,PAC,No,--,SHORT_LINE,Yes,3.705,KGM,7.027,DMQ,--,HBW,--,No,--,10,--,--
S4325497,"Marker,flipchart,colours,tip-5mm/PAC-4",Z01,No,1000,EA,No,--,SHORT_LINE,Yes,0.051,KGM,0.219,DMQ,--,HBW,--,No,--,10,--,--
S4432000,"Glue,classroom use,BOT-170ml",Z01,No,1000,BOT,No,--,SHORT_LINE,Yes,0.165,KGM,0.416,DMQ,--,HBW,--,No,--,10,--,--
S4410020,"Book,exercise,A5,5mm-sqre,48 pgs/PAC-20",Z01,No,1000,PAC,No,--,SHORT_LINE,Yes,1.209,KGM,2.428,DMQ,--,HBW,--,No,--,10,--,--
S4416515,"Slate, plastic, A4/BOX-20",Z01,No,1000,EA,No,--,SHORT_LINE,Yes,2.742,KGM,4.541,DMQ,--,HBW,--,No,--,10,--,--
S4491904,"Set Square, Blackboard,45-45-90 degrees",Z01,No,1000,EA,No,--,SHORT_LINE,Yes,0.232,KGM,1.203,DMQ,--,HBW,--,No,--,10,--,--
S4460005,"Pen,ball-point,blue/BOX-10",Z01,No,1000,BOX,No,--,SHORT_LINE,Yes,0.054,KGM,0.232,DMQ,--,HBW,--,No,--,10,--,--
S4491900,"Set Square,Blackboard,30-60-90 degrees",Z01,No,1000,EA,No,--,SHORT_LINE,Yes,0.226,KGM,1.189,DMQ,--,HBW,--,No,--,10,--,--
S4516510,Student's Geometry set/BOX-20,Z01,No,1000,BOX,No,--,SHORT_LINE,Yes,1.122,KGM,4.551,DMQ,--,HBW,--,No,--,10,--,--
S4419000,"Globe,inflatable,diam.42cm,w/o stand",Z01,No,1000,EA,No,--,SHORT_LINE,Yes,0.127,KGM,0.305,DMQ,--,HBW,--,No,--,10,--,--
S4460007,"Pen,ball-point,black/BOX-10",Z01,No,1000,BOX,No,--,SHORT_LINE,Yes,0.07,KGM,0.279,DMQ,--,HBW,--,No,--,10,--,--
S4462100,"Protractor,plastic,for Blackboard,44cm",Z01,No,1000,EA,No,--,SHORT_LINE,Yes,0.234,KGM,1.073,DMQ,--,HBW,--,No,--,10,--,--
S4417230,"Clock,teaching,wood or plastic",Z01,No,1000,EA,No,--,SHORT_LINE,Yes,0.304,KGM,2.709,DMQ,--,HBW,--,No,--,10,--,--
S4467000,"Ruler,plastic,Blackboard,100cm",Z01,No,1000,EA,No,--,SHORT_LINE,Yes,0.258,KGM,0.89,DMQ,--,HBW,--,No,--,10,--,--
S5001006,"Bag, plastic, interlock seal/PAC-20",Z01,No,1000,PAC,No,--,SHORT_LINE,Yes,0.76,KGM,1.509,DMQ,--,HBW,--,No,--,10,--,--
S5001100,"Bag,UNICEF,blue nylon,280x410x170mm",Z01,No,1000,EA,No,--,SHORT_LINE,Yes,0.621,KGM,7.263,DMQ,--,HBW,--,No,--,10,--,--
S5006116,"Port.Water Field tst kit 1,Basic,Bacteri",Z01,No,1000,EA,No,--,SHORT_LINE,Yes,13.5,KGM,35,DMQ,--,HBW,--,No,--,10,--,--
S5007311,"Water-cont,LDPE,10l,collapsibl.,w/o logo",Z01,No,1000,EA,No,--,SHORT_LINE,Yes,0.293,KGM,3.57,DMQ,--,HBW,--,No,--,10,--,--
S5006036,"Water tank,onion,collaps,30m3,w/taps",Z01,No,1000,EA,No,--,SHORT_LINE,Yes,357.0,KGM,1915,DMQ,--,BLK,--,No,--,10,--,--
S5006001,"Hygiene kit,adult",Z01,No,1000,EA,No,--,SHORT_LINE,Yes,4.993,KGM,0.019,MTQ,--,HBW,--,No,--,10,--,--
S5006035,"Water tank,collapsible for trucking,6m³",Z01,No,1000,EA,No,--,SHORT_LINE,Yes,89.412,KGM,537,DMQ,--,HBW,--,No,--,10,--,--
S5006118,"Bags,Water Sampling,Sterile,Thio,100ml",Z01,No,1000,EA,No,--,SHORT_LINE,No,0.5,KGM,0.3,DMQ,--,HBW,--,No,--,--,--,--
S5007335,"Squatting plate,plastic,w/o pan,120x80cm",Z01,No,1000,EA,No,--,SHORT_LINE,Yes,10.515,KGM,44.511,DMQ,--,HBW,--,No,--,10,--,--
S5006017,"Pump,sbmr,dewat/desludging,w/gen.DIESEL",Z01,No,1000,EA,No,--,SHORT_LINE,No,270.0,KGM,1200,DMQ,--,HBW,--,No,--,10,--,--
S5001200,"Bag,school,students,UNICEF,400x270x100mm",Z01,No,1000,EA,No,--,SHORT_LINE,Yes,0.403,KGM,0.002,MTQ,--,HBW,--,No,--,10,--,--
S5021000,"Ablution Unit Pre-fab,hard wall K",Z01,No,1000,EA,No,--,SHORT_LINE,No,1700.0,KGM,14.82,MTQ,--,HBW,--,No,--,--,--,--
S5006018,"Water tank,collapsible,1500l,w/distr.kit",Z01,No,1000,EA,No,--,SHORT_LINE,Yes,92.33,KGM,530.187,DMQ,--,HBW,--,No,--,10,--,--
S5010257,"Flak Jacket,NIJ III,MALE,size XL",Z01,No,1000,EA,No,--,SHORT_LINE,Yes,13.197,KGM,138.131,DMQ,--,HBW,--,No,--,10,--,--
S5010261,"Flak Jacket,NIJ III,FEMALE,size S(B cup)",Z01,No,1000,EA,No,--,SHORT_LINE,No,9.0,KGM,45.936,DMQ,--,HBW,--,No,--,10,--,--
S5006020,"Water tank,collapsible,10000l,w/dist.kit",Z01,No,1000,EA,No,--,SHORT_LINE,Yes,151.566,KGM,899.606,DMQ,--,HBW,--,No,--,10,--,--
S5007315,"Bucket,HDPE,with lid,14 l",Z01,No,1000,EA,No,--,SHORT_LINE,Yes,0.955,KGM,7.224,DMQ,--,HBW,--,No,--,10,--,--
S5021020,"Living/Accom. Unit,hard wall K",Z01,No,1000,EA,No,--,SHORT_LINE,No,1760.0,KGM,9.55,MTQ,--,HBW,--,No,--,--,--,--
S5010258,"Flak Jacket,NIJ III,MALE,size XXL",Z01,No,1000,EA,No,--,SHORT_LINE,Yes,14.256,KGM,137.592,DMQ,--,HBW,--,No,--,10,--,--
S5010255,"Flak Jacket,NIJ III,MALE,size M",Z01,No,1000,EA,No,--,SHORT_LINE,Yes,12.716,KGM,152.955,DMQ,--,HBW,--,No,--,10,--,--
S5010254,"Flak Jacket,NIJ III,MALE,size S",Z01,No,1000,EA,No,--,SHORT_LINE,Yes,9.4,KGM,99.768,DMQ,--,HBW,--,No,--,10,--,--
S5007321,"Water floc. & disinfectant,pdr/BOX-240",Z01,Yes,1000,BOX,No,--,SHORT_LINE,Yes,1.479,KGM,5.951,DMQ,425,HBW,PHARMACEUTICALS,No,--,10,--,--
S5010268,"Flak Jacket,NIJ III,FEMALE,size XXL",Z01,No,1000,EA,No,--,SHORT_LINE,Yes,12.158,KGM,148.102,DMQ,--,HBW,--,No,--,10,--,--
S5010266,"Flak Jacket,NIJ III,FEMALE,size L(D cup)",Z01,No,1000,EA,No,--,SHORT_LINE,Yes,12.079,KGM,131.195,DMQ,--,HBW,--,No,--,10,--,--
S9906754.1,"Nutrition Kit, Anthropometric. ETH",Z02,No,1000,EA,No,S9996754,LONG_LINE,Yes,18.0,KGM,0.106,MTQ,--,--,--,No,--,--,Z1,--
S5030100,"Emergency Telecoms Response-1 kit,UNICEF",Z01,Yes,1000,EA,No,--,SHORT_LINE,No,30.0,KGM,0.136,MTQ,425,HBW,CPH_IT,No,--,10,--,--
S5010277,"Helmet,ballistic resistant,level IIIA,M",Z01,No,1000,EA,No,--,SHORT_LINE,Yes,2.208,KGM,26.866,DMQ,--,HBW,--,No,--,10,--,--
S5010278,"Helmet,ballistic resistant,lev IIIA,L",Z01,No,1000,EA,No,--,SHORT_LINE,Yes,2.389,KGM,33.031,DMQ,--,HBW,--,No,--,10,--,--
S5021035,Living/Accommodation Unit for 4 people,Z01,No,1000,EA,No,--,SHORT_LINE,No,2200.0,KGM,16.643,MTQ,--,BLK,--,No,--,10,--,--
S5021055,Office/Accommodation Unit for 4 people,Z01,No,1000,EA,Yes,--,SHORT_LINE,No,2088.0,KGM,12.201,MTQ,--,BLK,--,No,--,10,--,--
S5088073,Hard flooring - for HPT 24m2,Z01,No,1000,EA,No,--,SHORT_LINE,No,109.0,KGM,0.526,MTQ,--,HBW,--,No,--,--,--,--
S9906754.2,"Nutrition Kit, Anthropometric. ETH",Z02,No,1000,EA,No,--,SHORT_LINE,Yes,14.0,KGM,0.102,MTQ,--,--,--,No,--,--,Z1,--
S9906736.8,South Sudan PHCC Kit 2018- IV infusions,Z02,Yes,1000,EA,No,--,VIRTUAL_PACKING,No,10.0,KGM,0.06,MTQ,425,--,PHARMACEUTICALS,No,--,--,Z1,--
S5088075,Hard flooring - for HPT 72m2,Z01,No,1000,EA,Yes,--,SHORT_LINE,No,320.0,KGM,1.92,MTQ,--,HBW,--,No,--,--,--,--
S0523057,"Surgical(Laparotomy)Pads,sterile,/PAC-5",Z01,Yes,1000,EA,No,--,SHORT_LINE,Yes,0.116,KGM,1.263,DMQ,425,HBW,MEDICAL,No,--,--,Z1,--
S5007313,"Water-cont,LDPE,collapsible,20l,1.3m tst",Z01,No,1000,EA,No,--,SHORT_LINE,Yes,0.395,KGM,4.676,DMQ,--,HBW,--,No,--,--,--,--
S1588350,Water purif.(NaDCC) 8.5mg tabs/PAC-100,Z01,Yes,1000,PAC,No,--,SHORT_LINE,Yes,0.035,KGM,0.282,DMQ,425,HBW,PHARMACEUTICALS,No,--,10,--,--
S1585000,Calc.glucon.inj 100mg/ml 10ml amp/BOX-10,Z01,Yes,1000,BOX,No,--,SHORT_LINE,Yes,0.239,KGM,0.998,DMQ,425,HBW,PHARMACEUTICALS,No,--,10,Z1,--
S1993307,"MSF Clinical guideline,French",Z01,No,1000,EA,No,--,SHORT_LINE,No,0.521,KGM,1.199,DMQ,--,HBW,--,No,--,10,--,--
S1569650,Naloxone inj 400mcg/ml 1ml amp/BOX-10,Z01,Yes,1000,BOX,No,--,SHORT_LINE,Yes,0.052,KGM,0.338,DMQ,425,HBW,PHARMACEUTICALS,No,--,10,Z1,--
S1580005,Ascorbic acid 250mg tabs/PAC-1000,Z01,Yes,1000,PAC,No,--,SHORT_LINE,Yes,0.542,KGM,1.648,DMQ,425,HBW,PHARMACEUTICALS,No,--,10,Z1,--
S1588355,Water purif.(NaDCC) 33mg tabs/PAC-50,Z01,Yes,1000,PAC,No,--,SHORT_LINE,Yes,0.018,KGM,0.158,DMQ,425,HBW,PHARMACEUTICALS,No,--,10,--,--
S1580020,Zinc 20mg tablets/PAC-10x10,Z01,Yes,1000,PAC,No,--,SHORT_LINE,Yes,0.087,KGM,0.415,DMQ,425,HBW,PHARMACEUTICALS,No,--,10,Z1,--
S1580100,"Micronutrient tabs, pregnancy/PAC-1000",Z01,Yes,1000,PAC,No,--,SHORT_LINE,Yes,0.651,KGM,1.673,DMQ,425,HBW,PHARMACEUTICALS,No,--,10,Z1,--
S1580201,"Multiple micronutrient pdr,sach./PAC-30",Z01,Yes,1000,PAC,No,--,SHORT_LINE,Yes,0.066,KGM,0.499,DMQ,425,HBW,PHARMACEUTICALS,No,--,10,Z1,--
S1583000,"Retinol 200,000IU soft gel.caps/PAC-500",Z01,Yes,1000,PAC,No,--,SHORT_LINE,Yes,0.245,KGM,0.746,DMQ,240,HBW,PHARMACEUTICALS,No,--,10,Z1,--
S1583015,"Retinol 100,000IU soft gel.caps/PAC-500",Z01,Yes,1000,PAC,No,--,SHORT_LINE,Yes,0.233,KGM,0.769,DMQ,425,HBW,PHARMACEUTICALS,No,--,10,Z1,--
S1802209,"Battery,drycell,alkaline,'AA',1.5V/PAC-4",Z01,Yes,1000,PAC,No,--,SHORT_LINE,Yes,0.1,KGM,0.178,DMQ,425,HBW,MEDICAL,No,--,10,--,9000
S1802211,"Battery,dry cell,alkaline,'C',1.5V",Z01,Yes,1000,EA,No,--,SHORT_LINE,Yes,0.061,KGM,0.07,DMQ,425,HBW,MEDICAL,No,--,10,--,9000
S1993311,"MSF Essential drugs guideline,Spanish",Z01,No,1000,EA,No,--,SHORT_LINE,No,0.539,KGM,1.285,DMQ,--,HBW,--,No,--,10,--,--
S1993306,"MSF Clinical guideline,Spanish",Z01,No,1000,EA,No,--,SHORT_LINE,No,0.512,KGM,1.2,DMQ,--,HBW,--,No,--,10,--,--
S9999888,Emergency reservation # Dubai IHC,Z02,No,1000,EA,No,--,SHORT_LINE,No,0.002,KGM,0,DMQ,--,HBW,--,No,--,10,--,--
S9999912,"Subkit 2/4 IEHK2006,1-drugs S9906623",Z02,Yes,1000,EA,No,S9906623,LONG_LINE,No,31.0,KGM,0.12,MTQ,240,HBW,PHARMACEUTICALS,No,--,10,Z1,--
S9999931,Subkit 1/2 for Diarrhoeal kit S9906730,Z02,Yes,1000,EA,No,--,LONG_LINE,No,39.0,KGM,0.192,MTQ,425,HBW,PHARMACEUTICALS,No,--,10,Z1,--
S9999936,"Prepack 2/3 Malawi,PHC package 2011",Z02,Yes,1000,EA,No,--,SHORT_LINE,No,3.0,KGM,0.22,DMQ,425,HBW,PHARMACEUTICALS,No,--,10,Z1,--
S9999954,"Prepack 2/2 Somalia, HC Kit (B1)S9906772",Z02,Yes,1000,EA,No,--,MINILOAD,No,2.0,KGM,0.015,MTQ,425,HBW,PHARMACEUTICALS,No,--,10,Z1,--
S9999968,Prepack 2/3 Diarrhoeal kit S9906730,Z02,Yes,1000,EA,No,--,MINILOAD,No,3.8,KGM,15.36,DMQ,425,HBW,PHARMACEUTICALS,No,--,10,Z1,--
S9999969,Prepack 3/3 Diarrhoeal kit S9906730,Z02,Yes,1000,EA,No,--,SHORT_LINE,No,1.0,KGM,7.68,DMQ,425,HBW,PHARMACEUTICALS,No,--,10,Z1,--
S9999777,Emergency reservation - Panama,Z02,No,1000,EA,No,--,SHORT_LINE,No,0.002,KGM,0,DMQ,--,HBW,--,No,--,10,--,--
S9999913,"Subkit 3/4 IEHK2006,1-drugs S9906623",Z02,Yes,1000,EA,No,S9906623,LONG_LINE,No,43.2,KGM,0.192,MTQ,240,HBW,PHARMACEUTICALS,No,--,10,Z1,--
S9999962,"Prepack 2/3 IEHK Basic, S9906621",Z02,Yes,1000,EA,No,--,MINILOAD,No,10.0,KGM,20.938,DMQ,425,HBW,PHARMACEUTICALS,No,--,10,Z1,--
S9935099,Extra materials for School-in-a-box,Z02,No,1000,EA,No,--,LONG_LINE,Yes,26.0,KGM,0.06,MTQ,--,HBW,--,No,--,10,--,--
S9935060,Early Childhood Development (ECD) kit,Z02,No,1000,EA,No,--,LONG_LINE,Yes,36.317,KGM,0.132,MTQ,--,HBW,--,No,--,10,--,--
S9999911,"Subkit 1/4 IEHK2006,1-drugs S9906623",Z02,Yes,1000,EA,No,S9906623,LONG_LINE,No,29.0,KGM,0.12,MTQ,240,HBW,PHARMACEUTICALS,No,--,10,Z1,--
S9999927,Subkit 3/3 Essential drugs kit Ethiopia,Z02,Yes,1000,EA,No,--,SHORT_LINE,No,42.0,KGM,0.12,MTQ,425,HBW,PHARMACEUTICALS,No,--,10,Z1,--
S9999937,"Prepack 3/3 Malawi,PHC package 2011",Z02,Yes,1000,EA,No,--,SHORT_LINE,No,4.0,KGM,0.22,DMQ,425,HBW,PHARMACEUTICALS,No,--,10,Z1,--
S9999935,"Prepack 1/3 Malawi,PHC package 2011",Z02,Yes,1000,EA,No,--,SHORT_LINE,No,2.0,KGM,0.11,DMQ,425,HBW,PHARMACEUTICALS,No,--,10,Z1,--
S9999952,"Prepack 2/2 Somalia, PHU Kit(A1)S9906770",Z02,Yes,1000,EA,No,--,MINILOAD,No,3.0,KGM,0.015,MTQ,425,HBW,PHARMACEUTICALS,No,--,10,Z1,--
S9999951,"Prepack 1/2 Somalia, PHU Kit(A1)S9906770",Z02,Yes,1000,EA,No,--,BAGGING_LINE,No,2.0,KGM,0.003,MTQ,425,HBW,PHARMACEUTICALS,No,--,10,Z1,--
S9999965,"Prepack 1/2 Zimbabwe,PHC,version 2011",Z02,Yes,1000,EA,No,--,MINILOAD,No,4.362,KGM,0.011,MTQ,425,HBW,PHARMACEUTICALS,No,--,10,Z1,--
S9999961,"Prepack 1/3 IEHK Basic, S9906621",Z02,No,1000,EA,No,--,MINILOAD,No,2.057,KGM,19.598,DMQ,--,HBW,--,No,--,10,--,--
S9975020,First aid kit class A,Z02,Yes,1000,EA,No,--,SHORT_LINE,Yes,3.161,KGM,0.034,MTQ,240,HBW,PHARMACEUTICALS,No,--,10,Z1,--
S9999967,Prepack 1/3 Diarrhoeal kit S9906730,Z02,Yes,1000,EA,No,--,SHORT_LINE,No,1.404,KGM,17.103,DMQ,425,HBW,PHARMACEUTICALS,No,--,10,Z1,--
S9999933,Prepack 1/1 School in a Bag,Z02,No,1000,EA,No,--,MINILOAD,No,3.0,KGM,15,DMQ,--,HBW,--,No,--,10,--,--
S9999949,"Prepack 1/1 Somalia, HC Kit (B2)S9906773",Z02,No,1000,EA,No,--,SHORT_LINE,No,4.0,KGM,0.2,DMQ,--,HBW,--,No,--,10,--,--
S9999963,"Prepack 3/3 IEHK Basic, S9906621",Z02,Yes,1000,EA,No,--,MINILOAD,No,10.0,KGM,15.36,DMQ,425,HBW,PHARMACEUTICALS,No,--,10,Z1,--
S0740000,"Forceps,uterine,Duplay,280mm,cvd",Z01,No,1000,EA,No,--,SHORT_LINE,Yes,0.119,KGM,0.525,DMQ,--,HBW,--,No,--,10,--,--
S9901010,"IEHK2011,kit,suppl.3-renewable",Z02,Yes,1000,EA,No,--,SHORT_LINE,No,0.0,KGM,0,MTQ,425,HBW,PHARMACEUTICALS,No,--,--,--,--
S0745000,"Scalpel handle,no.3",Z01,Yes,1000,EA,No,--,SHORT_LINE,Yes,0.041,KGM,0.217,DMQ,425,HBW,MEDICAL,No,--,10,--,--
S1400523,3TC150mg+AZT300mg tabs/PAC-60         gb,Z01,Yes,1000,EA,No,--,SHORT_LINE,Yes,0.107,KGM,0.483,DMQ,240,HBW,PHARMACEUTICALS,No,--,10,Z1,--
S1400527,3TC150mg+NVP200mg+AZT300mg tabs/PAC-60gb,Z01,Yes,1000,EA,No,--,SHORT_LINE,No,0.08,KGM,0.243,DMQ,240,HBW,PHARMACEUTICALS,No,--,10,Z1,--
S9901211,"Household Protection Kit 3 Families, V-2",Z02,Yes,1000,EA,No,--,SHORT_LINE,No,20.0,KGM,0.192,MTQ,425,HBW,MEDICAL,No,--,--,--,--
S9902300,"Nigeria,CBNC package,version 2013",Z02,Yes,1000,EA,No,--,SHORT_LINE,No,10.0,KGM,0.048,MTQ,425,HBW,MEDICAL,No,--,--,Z1,--
S6780334,Ampicillin pdr/inj 500mg vial/BOX-100,Z01,Yes,1000,EA,No,--,SHORT_LINE,No,1.94,KGM,8.38,DMQ,425,HBW,PHARMACEUTICALS,No,--,--,Z1,--
S8513906,"Handle,45/50 cm,for film S8513905",Z04,No,1000,EA,No,--,SHORT_LINE,No,1.7,KGM,0.027,MTQ,--,HBW,--,Yes,--,--,--,--
S9903006,AWD Community kit Full,Z02,Yes,1000,EA,No,--,SHORT_LINE,No,56.0,KGM,0.352,MTQ,425,HBW,MEDICAL,No,--,--,Z1,--
S8513993,"Blade,for boxcutter S8513992/BOX-100",Z04,No,1000,BOX,No,--,SHORT_LINE,No,0.454,KGM,0.001,MTQ,--,HBW,--,Yes,--,--,--,--
S0950005,"Thermometer, max/min -30C/60C",Z01,No,1000,EA,No,--,SHORT_LINE,Yes,0.149,KGM,0.52,DMQ,--,HBW,--,No,--,--,--,--
S8760026,"Decal,UNICEF,vehicle,large,1000x280mm",Z01,No,1000,EA,No,--,SHORT_LINE,Yes,0.084,KGM,0.205,DMQ,--,HBW,--,No,--,10,--,--
S8760025,"Decal,UNICEF,round,diameter 205mm",Z01,No,1000,EA,No,--,SHORT_LINE,Yes,12.0,GRM,0.019,DMQ,--,HBW,--,No,--,10,--,--
S8790300,"Flag,outdoors,United Nations,150 x 225cm",Z01,No,1000,EA,No,--,SHORT_LINE,Yes,0.595,KGM,3.428,DMQ,--,HBW,--,No,--,10,--,--
S8793300,"Insignia,UNICEF,cloth,85 x 41mm",Z01,No,1000,EA,No,--,SHORT_LINE,No,1.0,GRM,0.003,DMQ,--,HBW,--,No,--,10,--,--
S8794211,"UNICEF T-shirt, cyan blue,cotton,XL",Z01,No,1000,EA,No,--,SHORT_LINE,Yes,0.334,KGM,1.159,DMQ,--,HBW,--,No,--,10,--,--
S8794303,"Sweatshirt,UNICEF,blue,poly/cotton,XL",Z01,No,1000,EA,No,--,SHORT_LINE,Yes,0.611,KGM,4.4,DMQ,--,HBW,--,No,--,10,--,--
S6780317,"Hood,protection,w/mask,integrated,CatIII",Z01,No,1000,EA,No,--,SHORT_LINE,No,45.0,GRM,0.35,DMQ,--,HBW,--,No,--,--,--,--
S8794302,"Sweatshirt,UNICEF,blue,poly/cotton,L",Z01,No,1000,EA,No,--,SHORT_LINE,Yes,0.571,KGM,4.578,DMQ,--,HBW,--,No,--,10,--,--
S8794400,"Windbreaker,UNICEF,cyan blue,lined,L",Z01,No,1000,EA,No,--,SHORT_LINE,Yes,0.518,KGM,2.847,DMQ,--,HBW,--,No,--,10,--,--
S8794401,"Windbreaker,UNICEF,cyan blue,lined,XL",Z01,No,1000,EA,No,--,SHORT_LINE,Yes,0.609,KGM,2.675,DMQ,--,HBW,--,No,--,10,--,--
S8794445,"Safari Vest,100% cotton,w/logo,size S",Z01,No,1000,EA,No,--,SHORT_LINE,Yes,0.747,KGM,3.795,DMQ,--,HBW,--,No,--,10,--,--
S8903025,"Tape, clear, TESA 4100 for Miniload",Z04,No,1000,EA,No,--,SHORT_LINE,Yes,3.736,KGM,0.018,MTQ,--,HBW,--,Yes,--,--,--,--
S8913600,"Silk Paper, 62 x 42 cm, PAC 960",Z04,No,1000,EA,No,--,SHORT_LINE,No,0.0,KGM,0.03,MTQ,--,HBW,--,Yes,--,--,--,--
S8794500,"Round UNICEF metal badge, 55 mm diameter",Z01,No,1000,EA,No,--,SHORT_LINE,Yes,12.0,GRM,0.113,DMQ,--,HBW,--,No,--,10,--,--
S8799000,"Rectangular UNICEF lapel pin,38 mm long",Z01,No,1000,EA,No,--,SHORT_LINE,Yes,9.0,GRM,0.051,DMQ,--,HBW,--,No,--,10,--,--
S8902200,"Pre-pack Ctn, 30.5x13.5x12 cm, 0.005 m3",Z04,No,1000,EA,No,--,SHORT_LINE,No,0.274,KGM,0.003,MTQ,--,HBW,--,Yes,--,--,--,--
S8913820,"String,polycord, 270m per roll,3 threads",Z04,No,1000,EA,No,--,SHORT_LINE,No,0.0,GRM,0,DMQ,--,HBW,--,Yes,--,--,--,--
S0845045,"Spares kit, Caire 5LPM oxygen concentr",Z01,No,1000,EA,No,--,SHORT_LINE,No,11.0,KGM,0.09,MTQ,--,HBW,--,No,--,--,--,--
S8940100,"Pre-pack Carton, 45x35x15 cm, 0.024 m3",Z04,No,1000,EA,No,--,SHORT_LINE,Yes,0.443,KGM,0.005,MTQ,--,HBW,--,Yes,0.024,--,--,--
S8920090,"Pocket for Packing List, A5, BOX 1000",Z04,No,1000,BOX,No,--,SHORT_LINE,No,1.0,KGM,0.03,MTQ,--,HBW,--,Yes,--,--,--,--
S678196,"Book,drawing,A5,plain,96 pgs/PAC-20",Z01,No,1000,PAC,No,--,SHORT_LINE,No,1.0,GRM,1.6,DMQ,--,HBW,--,No,--,--,--,--
S8913902,"PE bag,  300 x 600 x 0.07 mm",Z04,No,1000,EA,No,--,SHORT_LINE,No,0.0,GRM,0,DMQ,--,HBW,--,Yes,--,--,--,--
S8913898,"Multi knife, foldable",Z01,No,1000,EA,No,--,SHORT_LINE,No,0.3,KGM,0.294,DMQ,--,HBW,--,No,--,10,--,--
S8950002,"Stencil, 30cm, for marking of warehouse",Z01,No,1000,EA,No,--,SHORT_LINE,No,0.3,KGM,2.45,DMQ,--,HBW,--,No,--,10,--,--
S8950001,"Stencil, 15cm, for marking of warehouse",Z01,No,1000,EA,No,--,SHORT_LINE,No,0.3,KGM,2.45,DMQ,--,HBW,--,No,--,10,--,--
S8760024,"ECHO stickers,140mm x 57mm/ROLL-100 FOC",Z01,No,1000,ROL,No,--,SHORT_LINE,No,0.0,GRM,0,DMQ,--,HBW,--,No,--,--,--,--
S8941100,"Pre-pack Carton, 29x19x20 cm, 0.011 m3",Z04,No,1000,EA,No,--,SHORT_LINE,Yes,0.206,KGM,0.002,MTQ,--,HBW,--,Yes,0.011,--,--,--
S8949900,Sheet carton for stack pallet,Z04,No,1000,EA,No,--,SHORT_LINE,No,0.5,KGM,1.2,DMQ,--,HBW,--,Yes,--,--,--,--
S8950009,"Gloves, working, size 09",Z04,No,1000,EA,No,--,SHORT_LINE,No,0.0,KGM,0.03,MTQ,--,HBW,--,Yes,--,--,--,--
S8941500,"Pre-pack Carton, 70x19x10 cm, 0.014 m3",Z04,No,1000,EA,No,--,SHORT_LINE,Yes,0.32,KGM,0.003,MTQ,--,HBW,--,Yes,0.013,--,--,--
S9012024,"Double-wall ctn.60x40x50 cm, 0.120 m3",Z04,No,1000,EA,No,--,SHORT_LINE,Yes,2.633,KGM,0.019,MTQ,--,HBW,--,Yes,0.12,--,--,--
S9008013,"Double-wall ctn.80x40x25 cm, 0.080 m3",Z04,No,1000,EA,No,--,SHORT_LINE,Yes,2.614,KGM,0.019,MTQ,--,HBW,--,Yes,0.08,--,--,--
S9203082,"T-Shirt, cyan blue w/logo, size M",Z01,No,1000,EA,No,--,SHORT_LINE,Yes,0.0,GRM,0,DMQ,--,HBW,--,No,--,10,--,--
S9016023,"Double-wall ctn.80x40x50 cm, 0.160 m3",Z04,No,1000,EA,No,--,SHORT_LINE,No,0.0,KGM,0.16,MTQ,--,BLK,--,Yes,0.16,--,--,--
S9009001,Pallet non-standard,Z04,No,1000,EA,No,--,SHORT_LINE,No,0.0,KGM,0,MTQ,--,HBW,--,Yes,0,--,--,--
S9203085,"T-Shirt, cyan blue w/logo, Size XXL",Z01,No,1000,EA,No,--,SHORT_LINE,Yes,0.0,GRM,0,DMQ,--,HBW,--,No,--,10,--,--
S9203080,Poloshirt with short sleeves,Z04,No,1000,EA,No,--,SHORT_LINE,No,1000.0,GRM,1,DMQ,--,HBW,--,Yes,--,--,--,--
S9203184,"Poloshirt with short sleeves, Size XXL",Z01,No,1000,EA,No,--,SHORT_LINE,Yes,358.0,GRM,4.608,DMQ,--,HBW,--,No,--,10,--,--
S9203181,"Poloshirt with short sleeves, Size M",Z01,No,1000,EA,No,--,SHORT_LINE,Yes,284.0,GRM,2.963,DMQ,--,HBW,--,No,--,10,--,--
S9202080,"Working trousers cotton, black size 46",Z01,No,1000,EA,No,--,SHORT_LINE,No,0.333,KGM,0,DMQ,--,HBW,--,No,--,10,--,--
S9204083,"Poloshirt w/long sleeves, Size XL",Z01,No,1000,EA,No,--,SHORT_LINE,Yes,0.974,KGM,4.72,DMQ,--,HBW,--,No,--,10,--,--
S9204082,"Poloshirt w/long sleeves, Size L",Z01,No,1000,EA,No,--,SHORT_LINE,Yes,0.964,KGM,4.72,DMQ,--,HBW,--,No,--,10,--,--
S9205080,"Sweatshirt, w/Unicef logo, Size S",Z04,No,1000,EA,No,--,SHORT_LINE,Yes,1.0,GRM,4.463,DMQ,--,HBW,--,Yes,--,--,--,--
S9205083,"Sweatshirt, w/Unicef logo, Size XL",Z01,No,1000,EA,No,--,SHORT_LINE,Yes,1.0,GRM,4.512,DMQ,--,HBW,--,No,--,10,--,--
S9208080,Thermo overall,Z04,No,1000,EA,No,--,SHORT_LINE,No,0.0,GRM,0,DMQ,--,HBW,--,Yes,--,--,--,--
S9500301,ARCHIVES CSFSC CENTRE,Z16,Yes,1000,BOX,No,--,SHORT_LINE,No,13.901,KGM,81.648,DMQ,--,HBW,ARCHIVES,No,--,--,--,--
S9500401,ARCHIVES OATC,Z16,Yes,1000,BOX,No,--,SHORT_LINE,Yes,139.857,KGM,706.823,DMQ,--,HBW,ARCHIVES,No,--,--,--,--
S9209480,Workwear hat,Z04,No,1000,EA,No,--,SHORT_LINE,Yes,11162.0,GRM,186.24,DMQ,--,HBW,--,Yes,--,--,--,--
S9205086,"Sweatshirt, w/hood, Size L",Z01,No,1000,EA,No,--,SHORT_LINE,No,0.0,GRM,0,DMQ,--,HBW,--,No,--,10,--,--
S9205087,"Sweatshirt, w/hood, Size XL",Z01,No,1000,EA,No,--,SHORT_LINE,No,0.0,GRM,0,DMQ,--,HBW,--,No,--,10,--,--
S9209380,"Working gloves, winter",Z04,No,1000,EA,No,--,SHORT_LINE,No,20.0,GRM,0,DMQ,--,HBW,--,Yes,--,--,--,--
S9206080,Working jacket (warehouse) size S,Z04,No,1000,EA,No,--,SHORT_LINE,No,141.0,GRM,0.02,DMQ,--,HBW,--,Yes,--,--,--,--
S9212009,"Gloves,technical,size 09",Z01,No,1000,EA,No,--,SHORT_LINE,No,0.11,KGM,0.1,DMQ,--,HBW,--,No,--,10,--,--
S9500701,ARCHIVES HRC,Z16,Yes,1000,BOX,No,--,SHORT_LINE,No,15.656,KGM,87.874,DMQ,--,HBW,ARCHIVES,No,--,--,--,--
S9501201,ARCHIVES FOOD FOR OIL,Z16,Yes,1000,BOX,No,--,SHORT_LINE,No,22.456,KGM,134.374,DMQ,--,HBW,ARCHIVES,No,--,--,--,--
S9501501,ARCHIVES WSEC,Z16,Yes,1000,BOX,No,--,SHORT_LINE,No,168.325,KGM,934.5,DMQ,--,HBW,ARCHIVES,No,--,--,--,--
S9500901,ARCHIVES DIR.OFFICE,Z16,Yes,1000,BOX,No,--,SHORT_LINE,No,46.666,KGM,688.8,DMQ,--,HBW,ARCHIVES,No,--,--,--,--
S9501601,ARCHIVES HTC,Z16,Yes,1000,BOX,No,--,SHORT_LINE,No,40.839,KGM,387.38,DMQ,--,HBW,ARCHIVES,No,--,--,--,--
S9901100,Basic family water kit for 10 families,Z02,Yes,1000,EA,No,--,LONG_LINE,Yes,26.0,KGM,0.182,MTQ,425,HBW,PHARMACEUTICALS,No,--,10,--,--
S9902220,"Midwifery kit,suppl.1a-drugs",Z02,Yes,1000,EA,No,--,SHORT_LINE,No,0.7,KGM,0.007,MTQ,425,CLD,PHARMACEUTICALS,No,--,10,Z3,NEX3-KIT W/NARCO
S9906720,"Sudan Juba, PHCC kit",Z02,Yes,1000,EA,No,--,SHORT_LINE,Yes,224.403,KGM,1.138,MTQ,240,HBW,PHARMACEUTICALS,No,--,10,Z1,9001
S9910000,"Surg.inst.,abdominal /SET",Z02,No,1000,SET,No,--,MINILOAD,No,3.308,KGM,0.015,MTQ,--,HBW,--,No,--,10,--,--
S9910001,"Surg.inst.,basic surgery /SET",Z02,No,1000,SET,No,--,MINILOAD,No,1.17,KGM,0.008,MTQ,--,HBW,--,No,--,10,--,--
S9910006,"Surg.inst.,exam/sut,vaginal/cervical/SET",Z02,No,1000,SET,No,--,MINILOAD,No,1.667,KGM,0.008,MTQ,--,HBW,--,No,--,10,--,--
S9991042,"IEHK 2024,Basic Medicine&Renewabl SUB2/3",Z02,Yes,1000,EA,No,S9901040,LONG_LINE,Yes,18.34,KGM,0.08,MTQ,240,HBW,PHARMACEUTICALS,No,--,--,--,--
S9906715,"Sudan Juba, PHCU kit",Z02,Yes,1000,EA,Yes,--,VIRTUAL_PACKING,No,86.425,KGM,0.341,MTQ,240,HBW,PHARMACEUTICALS,No,--,10,Z1,--
S9906701,"Ethiopia Obstet.,surg.kit,suppl.2-equip.",Z02,No,1000,EA,No,--,SHORT_LINE,No,18.1,KGM,0.12,MTQ,--,HBW,--,No,--,--,--,--
S9906703,"Malawi, First aid kit",Z02,Yes,1000,EA,No,--,SHORT_LINE,No,4.0,KGM,0.015,MTQ,425,HBW,PHARMACEUTICALS,No,--,--,Z1,--
S9906724,Myanmar GAVIHSS-Sub Centre Medicines,Z02,Yes,1000,EA,No,--,SHORT_LINE,No,14.5,KGM,0.048,MTQ,425,HBW,PHARMACEUTICALS,No,--,--,Z1,--
S9906709,Ethiopia Emergency Drug kit 2016,Z02,No,1000,EA,No,--,SHORT_LINE,No,0.0,KGM,0,MTQ,--,HBW,--,No,--,--,--,--
S9906726,"DRC Health Centre kit 2013,version2",Z02,Yes,1000,EA,No,--,SHORT_LINE,No,16.0,KGM,0.106,MTQ,425,HBW,PHARMACEUTICALS,No,--,--,Z1,--
S9910002,"Surg.inst.,curettage /SET",Z02,No,1000,SET,No,--,MINILOAD,No,0.695,KGM,0.011,MTQ,--,HBW,--,No,--,10,--,--
S1993702,Info on contents of the EVD staff  kit,Z01,No,1000,EA,No,--,SHORT_LINE,No,0.0,KGM,0,DMQ,--,HBW,--,No,--,--,--,--
S9935095,Replenishment kit for School-in-a-box,Z02,No,1000,EA,No,--,LONG_LINE,Yes,27.0,KGM,0.06,MTQ,--,HBW,--,No,--,10,--,--
S9906714,"Sudan Community Midwife kit, 2016",Z02,Yes,1000,EA,No,--,LONG_LINE,Yes,11.0,KGM,0.079,MTQ,240,HBW,PHARMACEUTICALS,No,--,--,Z1,--
S0739200,"Forceps,Magill,adult",Z01,No,1000,EA,No,--,SHORT_LINE,No,0.105,KGM,0,DMQ,--,HBW,--,No,--,10,--,--
S0746510,"Scalpel blade,ster,disp,no.22",Z01,Yes,1000,EA,No,--,SHORT_LINE,Yes,0.001,KGM,0.004,DMQ,425,HBW,MEDICAL,No,--,10,--,--
S0745500,"Scalpel handle,no.4",Z01,No,1000,EA,No,--,SHORT_LINE,Yes,0.034,KGM,0.114,DMQ,--,HBW,--,No,--,10,--,--
S0747432,"Needle,disp,21G,ster/BOX-100",Z01,Yes,1000,BOX,No,--,SHORT_LINE,Yes,0.173,KGM,1.432,DMQ,425,HBW,MEDICAL,No,--,10,--,--
S0782110,"Syringe,disp,2ml,w/ndl,21G/BOX-100",Z01,Yes,1000,BOX,No,--,SHORT_LINE,Yes,0.63,KGM,4.126,DMQ,425,HBW,MEDICAL,No,--,10,--,--
S0782156,"Syringe,A-D,0.5ml,Soloshot Mini/BOX-100",Z01,Yes,1000,BOX,No,--,SHORT_LINE,Yes,0.407,KGM,3.708,DMQ,425,HBW,MEDICAL,No,--,10,--,--
S0782182,"Syringe,A-D,0.05ml,Medeco Inject/BOX-100",Z01,Yes,1000,BOX,No,--,SHORT_LINE,Yes,0.349,KGM,3.18,DMQ,425,HBW,MEDICAL,No,--,10,Z1,--
S0782208,Safety box f.used syrgs/ndls 5lt/BOX-25,Z01,No,1000,BOX,No,--,SHORT_LINE,Yes,7.0,KGM,19.579,DMQ,--,HBW,--,No,--,10,--,--
S0782300,"Syringe,RUP,5ml,w/fixed ndl/BOX-100",Z01,Yes,1000,BOX,No,--,SHORT_LINE,Yes,0.76,KGM,5.526,DMQ,425,HBW,MEDICAL,No,--,10,--,--
S0782303,"Syringe,RUP,2ml,w/fixed ndl/BOX-100",Z01,Yes,1000,BOX,No,--,SHORT_LINE,Yes,0.63,KGM,3.984,DMQ,425,HBW,MEDICAL,No,--,10,--,--
S0845010,"Timer,respiration for ARI",Z01,Yes,1000,EA,No,--,SHORT_LINE,Yes,0.054,KGM,0.314,DMQ,240,HBW,MEDICAL,No,--,10,--,--
S1300062,Artemeth20mg+Lumefan120mg tabs/18/PAC-30,Z01,Yes,1000,PAC,No,--,SHORT_LINE,Yes,0.56,KGM,3.166,DMQ,425,HBW,PHARMACEUTICALS,No,--,10,Z1,--
S1300072,Artesunate 200mg rectal caps/6/PAC-1,Z01,Yes,1000,PAC,No,--,SHORT_LINE,No,0.026,KGM,0.165,DMQ,240,HBW,PHARMACEUTICALS,No,--,10,Z1,--
S1555990,Paracetamol 125mg/5ml or.liq/BTL-60ml,Z01,Yes,1000,BOT,No,--,SHORT_LINE,Yes,0.168,KGM,0.322,DMQ,425,HBW,PHARMACEUTICALS,No,--,10,Z1,--
S1559005,Benzabenzylpen.pdr/inj 2.4MIUvl/BOX-50,Z01,Yes,1000,BOX,No,--,SHORT_LINE,Yes,1.68,KGM,5.209,DMQ,425,HBW,PHARMACEUTICALS,No,--,10,Z1,--
S1559080,Phenoxymethylpenicil.250mg tabs/PAC-1000,Z01,Yes,1000,PAC,No,--,SHORT_LINE,Yes,0.452,KGM,1.495,DMQ,425,HBW,PHARMACEUTICALS,No,--,10,Z1,--
S1559200,Promethazine 25mg tabs/PAC-100,Z01,Yes,1000,PAC,No,--,SHORT_LINE,Yes,0.043,KGM,0.339,DMQ,425,HBW,PHARMACEUTICALS,No,--,10,Z1,--
S1559305,Phenobarbital 100mg tabs/PAC-100      pt,Z01,Yes,1000,PAC,No,--,SHORT_LINE,No,0.03,KGM,0.107,DMQ,425,HBW,PHARMACEUTICALS,No,--,10,Z1,EX2-PSYC.EXP.LIC.
S1559312,Phenobarbital 30mg tabs/PAC-10x10   pt,Z01,Yes,1000,PAC,No,--,SHORT_LINE,Yes,0.028,KGM,0.209,DMQ,425,HBW,PHARMACEUTICALS,No,--,10,Z1,EX2-PSYC.EXP.LIC.
S1560600,"Quinine DiHCl inj 300mg/ml,2ml amp/BOX10",Z01,Yes,1000,BOX,No,--,SHORT_LINE,Yes,0.085,KGM,0.515,DMQ,425,HBW,PHARMACEUTICALS,No,--,10,Z1,--
S1561121,ORS low osm. 20.5g/1L CAR/10x100,Z01,Yes,1000,CAR,No,--,SHORT_LINE,Yes,23.543,KGM,58.682,DMQ,425,HBW,PHARMACEUTICALS,No,--,10,Z1,--
S1562015,Salbutamol 4mg tabs/PAC-1000,Z01,Yes,1000,PAC,No,--,SHORT_LINE,Yes,0.159,KGM,0.632,DMQ,425,HBW,PHARMACEUTICALS,No,--,10,Z1,--
S1559360,Magn.sulph.inj 500mg/ml 10ml amp/BOX-100,Z01,Yes,1000,BOX,No,--,SHORT_LINE,Yes,2.442,KGM,11.356,DMQ,425,HBW,PHARMACEUTICALS,No,--,10,Z1,--
S1560685,Proca.benz.peni.pdr/inj 3MIU vial/BOX-50,Z01,Yes,1000,BOX,No,--,SHORT_LINE,Yes,1.992,KGM,7.206,DMQ,425,HBW,PHARMACEUTICALS,No,--,10,Z1,--
S1993545,"Book, children's, cardboard",Z01,No,1000,EA,No,--,SHORT_LINE,Yes,0.378,KGM,1.01,DMQ,--,HBW,--,No,--,10,--,--
S1993308,"MSF Clinical guideline,English",Z01,No,1000,EA,No,--,SHORT_LINE,No,0.512,KGM,1.201,DMQ,--,HBW,--,No,--,10,--,--
S1993350,Note on patents for PEP Kits,Z01,No,1000,EA,No,--,SHORT_LINE,No,0.087,KGM,0.818,DMQ,--,HBW,--,No,--,10,Z1,--
S1993410,"IEHK06 Treatment guideline,Spanish",Z01,No,1000,EA,No,--,SHORT_LINE,No,0.392,KGM,0.562,DMQ,--,HBW,--,No,--,10,--,--
S1993312,"MSF Essential drugs guideline,French",Z01,No,1000,EA,No,--,SHORT_LINE,No,0.543,KGM,1.269,DMQ,--,HBW,--,No,--,10,--,--
S1993412,"IEHK06 Treatment guideline,English",Z01,No,1000,EA,No,--,SHORT_LINE,No,2.189,KGM,17.86,DMQ,--,HBW,--,No,--,10,--,--
S2270500,"Scissors,all purpose,sharp,180mm",Z01,No,1000,EA,No,--,SHORT_LINE,Yes,0.039,KGM,0.078,DMQ,--,HBW,--,No,--,10,--,--
S2512000,"Cubes,wood or plast.,coloured,set of 100",Z01,No,1000,EA,No,--,SHORT_LINE,Yes,0.979,KGM,3.14,DMQ,--,HBW,--,No,--,10,--,--
S1993313,"MSF Essential drugs guideline,English",Z01,No,1000,EA,No,--,SHORT_LINE,No,0.543,KGM,1.272,DMQ,--,HBW,--,No,--,10,--,--
S2521060,"Chain Puzzle,wood,coloured,app.5 pieces",Z01,No,1000,EA,No,--,SHORT_LINE,Yes,0.121,KGM,0.331,DMQ,--,HBW,--,No,--,10,--,--
S2555010,"Scissors,safety,school,B/B,135mm/BOX-10",Z01,No,1000,BOX,No,--,SHORT_LINE,Yes,0.203,KGM,0.599,DMQ,--,HBW,--,No,--,10,--,--
S2593010,"Building blocks,wood,coloured /set 50",Z01,No,1000,EA,No,--,SHORT_LINE,Yes,0.898,KGM,2.855,DMQ,--,HBW,--,No,--,10,--,--
S2584010,"Crayon,wax,jumbo,ass. colours/BOX-8",Z01,No,1000,BOX,No,--,SHORT_LINE,Yes,0.177,KGM,0.247,DMQ,--,HBW,--,No,--,10,--,--
S2584000,"Crayon,wax,packs of 8 colours/BOX-10x8",Z01,No,1000,BOX,No,--,SHORT_LINE,Yes,0.546,KGM,0.876,DMQ,--,HBW,--,No,--,10,--,--
S2587000,"Beads,wood,25mm diam,with laces/BOX-100",Z01,No,1000,BOX,No,--,SHORT_LINE,No,1.058,KGM,3.351,DMQ,--,HBW,--,No,--,10,--,--
S2657208,"Paper,plain,70cm wide,25m/ROLL",Z01,No,1000,ROL,No,--,SHORT_LINE,Yes,1.505,KGM,3.941,DMQ,--,HBW,--,No,--,10,--,--
S2797300,"Whistle,referee's,non-metalic",Z01,No,1000,EA,No,--,SHORT_LINE,Yes,0.012,KGM,0.168,DMQ,--,HBW,--,No,--,10,--,--
S1300131,Artesunate 50mg+SP 525mg tabs/6+2/PAC-25,Z01,Yes,1000,EA,No,--,SHORT_LINE,No,0.18,KGM,1.135,DMQ,240,HBW,PHARMACEUTICALS,No,--,10,Z1,--
S1400003,Abacavir oral sol.20mg/ml/BOT-240ml   pb,Z01,Yes,1000,EA,No,--,SHORT_LINE,No,0.347,KGM,0.7,DMQ,240,HBW,PHARMACEUTICALS,No,--,10,Z1,--
S1300135,Artesunate 100mg+SP 525mg tabs/6+3/P-25,Z01,Yes,1000,EA,No,--,SHORT_LINE,No,0.2,KGM,1.135,DMQ,240,HBW,PHARMACEUTICALS,No,--,10,Z1,--
S1400004,Abacavir oral sol.20mg/ml /BOT-240ml  gb,Z01,Yes,1000,EA,No,--,SHORT_LINE,No,0.34,KGM,0.548,DMQ,240,HBW,PHARMACEUTICALS,No,--,10,Z1,--
S1400095,Lamivudine 150mg tabs/PAC-60          pb,Z01,Yes,1000,EA,No,--,SHORT_LINE,No,0.05,KGM,0.19,DMQ,425,HBW,PHARMACEUTICALS,No,--,--,Z1,--
S1400069,Efavirenz 600mg tabs/PAC-30           gb,Z01,Yes,1000,EA,No,--,SHORT_LINE,No,0.089,KGM,0.368,DMQ,240,HBW,PHARMACEUTICALS,No,--,10,Z1,--
S1400097,Lamivudine 150mg tabs/PAC-60          gb,Z01,Yes,1000,EA,No,--,SHORT_LINE,No,0.315,KGM,2.807,DMQ,240,HBW,PHARMACEUTICALS,No,--,10,Z1,--
S1400176,Tenofovir 300mg tabs/PAC-30           gb,Z01,Yes,1000,EA,No,--,SHORT_LINE,No,0.067,KGM,0.191,DMQ,240,HBW,PHARMACEUTICALS,No,--,10,Z1,--
S9999248,"AWD BAG 1/2 Periphery,Renewable S9903003",Z02,No,1000,EA,No,--,SHORT_LINE,No,0.2,KGM,0.01,MTQ,--,HBW,--,No,--,--,--,--
S1400579,Ritonavir 100mg tabs/PAC-30           gb,Z01,Yes,1000,EA,No,--,SHORT_LINE,No,0.084,KGM,0.05,DMQ,240,HBW,PHARMACEUTICALS,No,--,10,Z1,--
S1400547,FTC 200mg+TDF 300mg tabs/PAC-30 gb,Z01,Yes,1000,EA,No,--,SHORT_LINE,No,0.082,KGM,0.265,DMQ,240,HBW,PHARMACEUTICALS,No,--,10,Z1,--
S1400565,EFV600mg+FTC200mg+TDF300mg tab/PAC-30 pb,Z01,Yes,1000,EA,No,--,SHORT_LINE,No,0.07,KGM,0.225,DMQ,240,HBW,PHARMACEUTICALS,No,--,10,Z1,--
S1400535,LPV/r oral sol.80+20mg/ml/BOT-160ml   pb,Z01,Yes,1000,EA,No,--,SHORT_LINE,No,0.2,KGM,0.055,DMQ,240,CLD,PHARMACEUTICALS,No,--,10,Z3,--
S1400595,Atazanavir 300mg caps/PAC-30          gb,Z01,Yes,1000,EA,No,--,SHORT_LINE,No,0.09,KGM,0.317,DMQ,240,HBW,PHARMACEUTICALS,No,--,10,Z1,--
S1400648,DTG50mg+3TC300mg+TDF300mg tab/90 No CTN,Z01,Yes,1000,EA,No,--,SHORT_LINE,No,0.22,KGM,0.56,DMQ,425,HBW,PHARMACEUTICALS,No,--,--,Z1,--
S1505046,Amoxicillin 125mg/5ml pdr.or.s/BOT-100ml,Z01,Yes,1000,BOT,No,--,SHORT_LINE,Yes,0.161,KGM,0.563,DMQ,425,HBW,PHARMACEUTICALS,No,--,10,Z1,--
S9992470,"SUB 1/10 NBK, Hospital,Module 2,Consum",Z02,Yes,1000,EA,No,S9902470,LONG_LINE,No,27.5,KGM,0.192,MTQ,425,HBW,MEDICAL,No,--,--,--,--
S1505050,Amox.500mg+Clav.acid125mg tabs/PAC-15,Z01,Yes,1000,PAC,No,--,SHORT_LINE,Yes,0.062,KGM,0.542,DMQ,425,HBW,PHARMACEUTICALS,No,--,10,Z1,--
S1505060,Amoxicillin 250mg tabs/PAC-1000,Z01,Yes,1000,PAC,No,--,SHORT_LINE,Yes,0.459,KGM,1.408,DMQ,425,HBW,PHARMACEUTICALS,No,--,10,Z1,--
S1505120,Neomyc.+bacitr.oint. 5mg+500IU/g/TBE-20g,Z01,Yes,1000,TBE,No,--,SHORT_LINE,Yes,0.035,KGM,0.142,DMQ,425,HBW,PHARMACEUTICALS,No,--,10,Z1,--
S1505121,Silver sulfadiazine 1% cream/TBE-50g,Z01,Yes,1000,TBE,No,--,SHORT_LINE,Yes,0.086,KGM,0.465,DMQ,425,HBW,PHARMACEUTICALS,No,--,10,Z1,--
S1506010,Amitriptyline 25mg tabs/PAC-500,Z01,Yes,1000,PAC,No,--,SHORT_LINE,Yes,0.093,KGM,0.504,DMQ,425,HBW,PHARMACEUTICALS,No,--,10,Z1,--
S1520011,Benzylpenicillin pdr/inj 5MIUvial/BOX-50,Z01,Yes,1000,BOX,No,--,SHORT_LINE,Yes,1.682,KGM,5.732,DMQ,425,HBW,PHARMACEUTICALS,No,--,10,Z1,--
S1531000,Chloramphenicol 250mg caps/PAC-1000,Z01,Yes,1000,PAC,No,--,SHORT_LINE,Yes,0.492,KGM,2.263,DMQ,425,HBW,PHARMACEUTICALS,No,--,10,Z1,--
S1521015,Aciclovir 200mg tablets/PAC-25,Z01,Yes,1000,PAC,No,--,SHORT_LINE,Yes,0.024,KGM,0.188,DMQ,425,HBW,PHARMACEUTICALS,No,--,10,Z1,--
S1543625,Diazepam inj 5mg/ml 2ml amp/BOX-10    pt,Z01,Yes,1000,BOX,No,--,SHORT_LINE,Yes,0.07,KGM,0.32,DMQ,425,HBW,PHARMACEUTICALS,No,--,10,Z1,EX2-PSYC.EXP.LIC.
S1543670,Haloperidol inj.5mg/ml 1ml amp/BOX-10,Z01,Yes,1000,BOX,No,--,SHORT_LINE,Yes,0.052,KGM,0.33,DMQ,425,HBW,PHARMACEUTICALS,No,--,10,Z1,--
S1543630,Diazepam 5mg tabs/PAC-100             pt,Z01,Yes,1000,PAC,No,--,SHORT_LINE,No,0.045,KGM,0.288,DMQ,425,HBW,PHARMACEUTICALS,No,--,10,Z1,EX2-PSYC.EXP.LIC.
S1550025,Fe(as fum.)+folic 60+0.4mg tab/PAC-1000,Z01,Yes,1000,PAC,No,--,SHORT_LINE,Yes,0.347,KGM,0.803,DMQ,425,HBW,PHARMACEUTICALS,No,--,10,Z1,--
S1551980,Gentamicin eye drops 0.3%/BOT-5ml,Z01,Yes,1000,BOT,No,--,SHORT_LINE,Yes,0.021,KGM,0.153,DMQ,240,HBW,PHARMACEUTICALS,No,--,10,Z1,--
S1551005,Folic acid 5mg tabs/PAC-1000,Z01,Yes,1000,PAC,No,--,SHORT_LINE,Yes,0.086,KGM,0.3,DMQ,425,HBW,PHARMACEUTICALS,No,--,10,Z1,--
S1552500,Hydrocortisone ointment 1%/TBE-15g,Z01,Yes,1000,TBE,No,--,SHORT_LINE,Yes,0.031,KGM,0.159,DMQ,425,HBW,PHARMACEUTICALS,No,--,10,Z1,--
S1552510,Zinc oxide ointment 10%/TBE-100g,Z01,Yes,1000,TBE,No,--,SHORT_LINE,Yes,0.16,KGM,0.734,DMQ,425,HBW,PHARMACEUTICALS,No,--,10,Z1,--
S1553105,Povidone iodine sol 10%/BOT-500ml,Z01,Yes,1000,BOT,No,--,SHORT_LINE,Yes,0.64,KGM,1.579,DMQ,425,HBW,PHARMACEUTICALS,No,--,10,Z1,--
S1555660,Metronidazole 500mg tabs/PAC-1000,Z01,Yes,1000,PAC,No,--,SHORT_LINE,Yes,0.882,KGM,2.059,DMQ,425,HBW,PHARMACEUTICALS,No,--,10,Z1,--
S1555650,Metronidazole 250mg tabs/PAC-1000,Z01,Yes,1000,PAC,No,--,SHORT_LINE,Yes,0.473,KGM,1.651,DMQ,425,HBW,PHARMACEUTICALS,No,--,10,Z1,--
S1553110,Povidone iodine sol 10%/BOT-200ml,Z01,Yes,1000,BOT,No,--,SHORT_LINE,Yes,0.275,KGM,0.777,DMQ,425,HBW,PHARMACEUTICALS,No,--,10,Z1,--
S1555370,Albendazole 400mg chewable tabs/PAC-100,Z01,Yes,1000,PAC,No,--,SHORT_LINE,Yes,0.115,KGM,0.567,DMQ,425,HBW,PHARMACEUTICALS,No,--,10,Z1,--
S1553000,Ibuprofen 200mg tabs/PAC-100,Z01,Yes,1000,PAC,No,--,SHORT_LINE,Yes,0.084,KGM,0.474,DMQ,425,HBW,PHARMACEUTICALS,No,--,10,Z1,--
S1552610,Hydrocortisone pdr/inj 100mg vial/BOX-10,Z01,Yes,1000,BOX,No,--,SHORT_LINE,Yes,0.229,KGM,0.651,DMQ,425,HBW,PHARMACEUTICALS,No,--,10,Z1,--
S1552106,Glucose inj 5% 500ml w/giv.set/BOX-20,Z01,Yes,1000,BOX,No,--,SHORT_LINE,Yes,13.087,KGM,41.881,DMQ,425,HBW,PHARMACEUTICALS,No,--,10,Z1,--
S1552410,Methyldopa 250mg tabs/PAC-100,Z01,Yes,1000,PAC,No,--,SHORT_LINE,Yes,0.08,KGM,0.467,DMQ,425,HBW,PHARMACEUTICALS,No,--,10,Z1,--
S1555280,Lidocain inj 2% 50ml vial/BOX-5,Z01,Yes,1000,BOX,No,--,SHORT_LINE,Yes,0.761,KGM,3.645,DMQ,425,HBW,PHARMACEUTICALS,No,--,10,Z1,--
S1555700,Ciprofloxacin 250mg tabs/PAC-10,Z01,Yes,1000,PAC,No,--,SHORT_LINE,Yes,0.014,KGM,0.073,DMQ,425,HBW,PHARMACEUTICALS,No,--,10,Z1,--
S1555355,Mebendazole 100mg chewable tabs/PAC-100,Z01,Yes,1000,PAC,No,--,SHORT_LINE,Yes,0.067,KGM,0.533,DMQ,425,HBW,PHARMACEUTICALS,No,--,10,Z1,--
S1555205,Lidocaine inj 1% 50ml vial/BOX-5,Z01,Yes,1000,BOX,No,--,SHORT_LINE,Yes,0.664,KGM,1.662,DMQ,425,HBW,PHARMACEUTICALS,No,--,10,Z1,--
S1555950,Morphine sulph.inj 10mg/ml 1ml/BOX-10 nt,Z01,Yes,1000,BOX,No,--,SHORT_LINE,Yes,0.051,KGM,0.393,DMQ,425,HBW,PHARMACEUTICALS,No,--,10,Z1,EX1-NARC.EXP.LIC.
S1555965,Paracetamol 500mg tabs/PAC-1000,Z01,Yes,1000,PAC,No,--,SHORT_LINE,Yes,1.189,KGM,7.356,DMQ,425,HBW,PHARMACEUTICALS,No,--,10,Z1,--
S1555978,Paracetamol 100mg tabs/PAC-1000,Z01,Yes,1000,PAC,No,--,SHORT_LINE,Yes,0.245,KGM,1.279,DMQ,425,HBW,PHARMACEUTICALS,No,--,10,Z1,--
S8760019,"Japan-UNICEF sticker,240x139mm/ROLL-100",Z01,No,1000,ROL,No,--,SHORT_LINE,No,1.0,GRM,6.63,DMQ,--,HBW,--,No,--,--,--,--
S1400626,ABC600mg+3TC300mg tabs/PAC-30 gb,Z01,Yes,1000,EA,No,--,SHORT_LINE,No,0.062,KGM,0.3,DMQ,240,HBW,PHARMACEUTICALS,No,--,10,Z1,--
S1400540,LPV/r 200+50mg heat/st tabs/PAC-120   pb,Z01,Yes,1000,EA,No,--,SHORT_LINE,No,0.48,KGM,0.4,DMQ,240,HBW,PHARMACEUTICALS,No,--,10,Z1,--
S1400541,LPV/r 200+50mg heat/st tabs/PAC-120   gb,Z01,Yes,1000,EA,No,--,SHORT_LINE,Yes,0.285,KGM,1.492,DMQ,240,HBW,PHARMACEUTICALS,No,--,10,Z1,--
S8760023,"ECHO stickers,140mm x 57mm/ROLL-100",Z01,No,1000,ROL,No,--,SHORT_LINE,No,0.0,GRM,0,DMQ,--,HBW,--,No,--,--,--,--
S8913904,Expandable conveyor belt,Z01,No,1000,EA,No,--,SHORT_LINE,No,0.0,KGM,0,DMQ,--,HBW,--,No,--,--,--,--
S5006286,"Torch, handheld, self- powered",Z01,No,1000,EA,No,--,SHORT_LINE,Yes,0.068,KGM,0.294,DMQ,--,HBW,--,No,--,--,--,--
S5006276,"Multipurpose Cloth, cotton, 1x1.5m",Z01,No,1000,EA,No,--,SHORT_LINE,Yes,0.296,KGM,1.011,DMQ,--,HBW,--,No,--,--,--,--
S9000006,Tri-wall box: 127 x 63 x 50cm / 0.400 M3,Z04,No,1000,EA,No,--,SHORT_LINE,No,9.6,KGM,0.4,MTQ,--,HBW,--,Yes,--,--,--,--
S0742400,"Forceps,uterine,Museux,240mm,cvd",Z01,No,1000,EA,No,--,SHORT_LINE,Yes,0.11,KGM,0.156,DMQ,--,HBW,--,No,--,10,--,--
S0744400,"Needle,scalp vein,21G,ster,disp",Z01,Yes,1000,EA,No,--,SHORT_LINE,Yes,0.005,KGM,0.065,DMQ,425,HBW,MEDICAL,No,--,10,--,--
S0743600,"Needle holder,Mayo-Hegar,180mm,str",Z01,No,1000,EA,No,--,SHORT_LINE,Yes,0.07,KGM,0.203,DMQ,--,HBW,--,No,--,10,--,--
S9501301,ARCHIVES VACCINE CENTRE,Z16,Yes,1000,BOX,No,--,SHORT_LINE,No,12.851,KGM,123.505,DMQ,--,HBW,ARCHIVES,No,--,--,--,--
S9501401,ARCHIVES MNC,Z16,Yes,1000,BOX,No,--,SHORT_LINE,Yes,104.565,KGM,737.447,DMQ,--,HBW,ARCHIVES,No,--,--,--,--
S9501701,ARCHIVES WAREHOUSE,Z16,Yes,1000,BOX,No,--,SHORT_LINE,Yes,237.64,KGM,824.915,DMQ,--,HBW,ARCHIVES,No,--,--,--,--
S9500001,ARCHIVES CONTRACTING CENTRE,Z16,Yes,1000,BOX,No,--,SHORT_LINE,Yes,14.624,KGM,111.496,DMQ,--,HBW,ARCHIVES,No,--,--,--,--
S9906621,"IEHK2006,kit,basic unit",Z02,Yes,1000,EA,Yes,--,VIRTUAL_PACKING,No,47.993,KGM,0.24,MTQ,425,HBW,PHARMACEUTICALS,No,--,10,Z1,--
S9209080,Safety shoes S3 various models and sizes,Z04,No,1000,EA,No,--,SHORT_LINE,No,400.0,GRM,9.6,DMQ,--,HBW,--,Yes,--,--,--,--
S9212010,"Gloves with silicone dots, size 10",Z01,No,1000,EA,No,--,SHORT_LINE,No,0.168,KGM,0,DMQ,--,HBW,--,No,--,10,--,--
S9501801,ARCHIVES KMU,Z16,Yes,1000,EA,No,--,SHORT_LINE,Yes,99.723,KGM,619.433,DMQ,--,HBW,ARCHIVES,No,--,--,--,--
S9501101,ARCHIVES PROC.SERVICES CENTRE,Z16,Yes,1000,BOX,No,--,SHORT_LINE,Yes,17.379,KGM,94.44,DMQ,--,HBW,ARCHIVES,No,--,--,--,--
S9906741,EVD Staff Deployment Kit - Replenishment,Z02,Yes,1000,EA,No,--,SHORT_LINE,No,1.9,KGM,0.007,MTQ,425,HBW,PHARMACEUTICALS,No,--,--,--,--
S9500101,ARCHIVES SHIPPING,Z16,Yes,1000,BOX,No,--,SHORT_LINE,Yes,19.131,KGM,90.067,DMQ,--,HBW,ARCHIVES,No,--,--,--,--
S9500201,ARCHIVES TECHNICAL SERVICES CENTRE,Z16,Yes,1000,BOX,No,--,SHORT_LINE,No,10.95,KGM,70.4,DMQ,--,HBW,ARCHIVES,No,--,--,--,--
S9902219,"Midwifery kit,3-renewable",Z02,Yes,1000,EA,Yes,--,VIRTUAL_PACKING,Yes,32.0,KGM,0.239,MTQ,425,HBW,MEDICAL,No,--,10,--,--
S9599000,ARCHIVES QA SAMPLES,Z16,Yes,1000,EA,No,--,SHORT_LINE,Yes,96.687,KGM,842,DMQ,--,HBW,ARCHIVES,No,--,--,--,--
S9902217,"Midwifery kit,1-drugs",Z02,Yes,1000,EA,Yes,--,VIRTUAL_PACKING,Yes,60.8,KGM,0.175,MTQ,240,HBW,PHARMACEUTICALS,No,--,10,Z1,--
S9906623,"IEHK2006,kit,suppl.1-drugs",Z02,Yes,1000,EA,No,--,LONG_LINE,Yes,331.045,KGM,1.073,MTQ,240,HBW,PHARMACEUTICALS,No,--,10,Z1,--
S9906626,"IEHK2006,kit,suppl.2-equipment",Z02,Yes,1000,EA,Yes,--,VIRTUAL_PACKING,No,53.0,KGM,0.309,MTQ,425,HBW,MEDICAL,No,--,10,--,--
S9906793,Myanmar YCSD/WCHD Child Surv.Kit A Ver.2,Z02,Yes,1000,EA,No,--,SHORT_LINE,No,9.4,KGM,0.048,MTQ,425,HBW,PHARMACEUTICALS,No,--,--,Z1,--
S9906627,"IEHK2006,kit,suppl.3-renewable",Z02,Yes,1000,EA,Yes,--,VIRTUAL_PACKING,No,100.0,KGM,0.651,MTQ,425,HBW,MEDICAL,No,--,10,--,--
S9908301,"Obstetric,surgical kit,suppl.2-equipment",Z02,No,1000,EA,No,--,SHORT_LINE,No,17.0,KGM,0.12,MTQ,--,HBW,--,No,--,--,--,9000
S9908300,"Obstetric,surgical kit,suppl.1-drugs",Z02,Yes,1000,EA,Yes,--,VIRTUAL_PACKING,Yes,614.0,KGM,2.112,MTQ,240,HBW,PHARMACEUTICALS,No,--,10,Z1,--
S6780306,"Stand,biohazard bag,50L",Z01,No,1000,EA,No,--,SHORT_LINE,No,4.0,KGM,60,DMQ,--,HBW,--,No,--,--,--,--
S1552439,Carvedilol 25mg tabs/PAC-2x14,Z01,Yes,1000,PAC,No,--,SHORT_LINE,No,0.017,KGM,0.104,DMQ,425,HBW,PHARMACEUTICALS,No,--,--,Z1,--
S9906730,Diarrhoeal Disease Set Packing,Z02,Yes,1000,EA,Yes,--,VIRTUAL_PACKING,No,1670.0,KGM,5.842,MTQ,425,HBW,PHARMACEUTICALS,No,--,10,Z1,--
S1552433,Atorvastatin 10mg tab/PAC-3x10,Z01,Yes,1000,PAC,No,--,SHORT_LINE,No,0.02,KGM,0.14,DMQ,425,HBW,PHARMACEUTICALS,No,--,--,Z1,--
S1552442,Digoxin 62.5mcg tabs/PAC-2x14,Z01,Yes,1000,PAC,No,--,SHORT_LINE,No,0.016,KGM,0.093,DMQ,425,HBW,PHARMACEUTICALS,No,--,--,Z1,--
S9908303,"Obstetric,surgical kit,suppl.1a-drugs",Z02,Yes,1000,EA,No,--,LONG_LINE,No,6.5,KGM,0.03,MTQ,425,CLD,PHARMACEUTICALS,No,--,10,Z3,NEX3-KIT W/NARCO
S9910004,"Surg.inst.,suture /SET",Z02,No,1000,SET,No,--,BAGGING_LINE,No,0.217,KGM,0.3,DMQ,--,HBW,--,No,--,10,--,--
S9908200,"Sterilization, kit C",Z02,Yes,1000,EA,Yes,--,VIRTUAL_PACKING,No,36.797,KGM,0.293,MTQ,425,HBW,MEDICAL,No,--,10,--,--
S9910003,"Surg.inst.,delivery /SET",Z02,No,1000,SET,No,--,BAGGING_LINE,No,0.215,KGM,1.125,DMQ,--,HBW,--,No,--,10,--,--
S9908302,"Obstetric,surgical kit,suppl.3-renewable",Z02,Yes,1000,EA,Yes,--,VIRTUAL_PACKING,No,120.966,KGM,0.797,MTQ,240,HBW,MEDICAL,No,--,10,--,--
S5033106,"School-in-a-carton,40students Ready-Made",Z01,No,1000,EA,No,--,SHORT_LINE,No,43.0,KGM,120,DMQ,--,HBW,--,No,--,--,--,--
S1552447,Enalapril maleate 10mg tabs/PAC-10x10,Z01,Yes,1000,PAC,No,--,SHORT_LINE,No,0.044,KGM,0.025,DMQ,425,HBW,PHARMACEUTICALS,No,--,--,Z1,--
S5033104,"Recreation Kit-in-a-box, Ready-Made",Z01,No,1000,EA,No,--,SHORT_LINE,No,23.0,KGM,134,DMQ,--,HBW,--,No,--,--,--,--
S0584506,"Pregnancy,Urine,HCG,MidStream,1T/kit",Z01,Yes,1000,EA,No,--,SHORT_LINE,Yes,0.035,KGM,0.365,DMQ,425,HBW,MEDICAL,No,--,--,--,--
S1552425,Glyceryl trinitrate500mcg tabs/PAC-10x10,Z01,Yes,1000,EA,No,--,SHORT_LINE,No,0.0,KGM,0,DMQ,425,HBW,PHARMACEUTICALS,No,--,--,--,--
S2731210,"Football,round,junior",Z01,No,1000,EA,No,--,SHORT_LINE,Yes,0.478,KGM,3.7,DMQ,--,HBW,--,No,--,10,--,--
S2657207,"Pad,paper,coloured,A4,50 sheets/PAC-10",Z01,No,1000,PAC,No,--,SHORT_LINE,Yes,2.984,KGM,6.551,DMQ,--,HBW,--,No,--,10,--,--
S2702802,"Ball,rubber/foam, app10cm diam/NET-5",Z01,No,1000,SET,No,--,SHORT_LINE,Yes,0.301,KGM,5.676,DMQ,--,HBW,--,No,--,10,--,--
S4325607,"Paper (photocopying),A3,80gsm/RM-500",Z01,No,1000,RM,No,--,SHORT_LINE,No,5.326,KGM,7.525,DMQ,--,HBW,--,No,--,10,--,--
S4416510,"Slate,fibreboard,double-sided,A4/BOX-20",Z01,No,1000,EA,No,--,SHORT_LINE,Yes,2.761,KGM,5.235,DMQ,--,HBW,--,No,--,10,--,--
S4410010,"Book,exercise,A5,ruled-8mm,48 pgs/PAC-20",Z01,No,1000,PAC,No,--,SHORT_LINE,Yes,1.486,KGM,2.844,DMQ,--,HBW,--,No,--,10,--,--
S4410090,"Book,exercise,A4,5mm-sqre,96 pgs/PAC-10",Z01,No,1000,PAC,No,--,SHORT_LINE,Yes,2.306,KGM,4.364,DMQ,--,HBW,--,No,--,10,--,--
S4416403,"Chalk,white/BOX-100",Z01,No,1000,BOX,No,--,SHORT_LINE,Yes,1.188,KGM,1.434,DMQ,--,HBW,--,No,--,10,--,--
S4465700,"Paint,chalkboard,black",Z01,No,1000,EA,No,--,SHORT_LINE,Yes,0.644,KGM,1.719,DMQ,--,HBW,--,No,--,10,--,--
S4416504,"Brush,paint,for chalkboard,50-60mm",Z01,No,1000,EA,No,--,SHORT_LINE,Yes,0.049,KGM,0.202,DMQ,--,HBW,--,No,--,10,--,--
S4520110,"Eraser,soft,for pencil/BOX-20",Z01,No,1000,EA,No,--,SHORT_LINE,Yes,0.24,KGM,0.28,DMQ,--,HBW,--,No,--,10,--,--
S4570005,"Ruler,plastic,c.30cm,set of 10",Z01,No,1000,EA,No,--,SHORT_LINE,Yes,0.273,KGM,0.557,DMQ,--,HBW,--,No,--,10,--,--
S4590000,"Radio,multiband,solar,wind-up",Z01,No,1000,EA,No,--,SHORT_LINE,Yes,1.72,KGM,7,DMQ,--,HBW,--,No,--,10,--,--
S5001000,"Bag,UNICEF,blue polyester,360x230x610mm",Z01,No,1000,EA,No,--,SHORT_LINE,Yes,0.718,KGM,4.059,DMQ,--,HBW,--,No,--,10,--,--
S4552010,"Pencil sharpener,metal/PAC-20",Z01,No,1000,PAC,No,--,SHORT_LINE,Yes,0.09,KGM,0.145,DMQ,--,HBW,--,No,--,10,--,--
S5001010,"Box,metal,lockable,for storage",Z01,No,1000,EA,No,--,SHORT_LINE,Yes,8.526,KGM,0.133,MTQ,--,HBW,--,No,--,10,--,--
S5010262,"Flak Jacket,NIJ III,FEMALE,size S(D cup)",Z01,No,1000,EA,No,--,SHORT_LINE,Yes,9.0,KGM,45.936,DMQ,--,HBW,--,No,--,10,--,--
S5010264,"Flak Jacket,NIJ III,FEMALE,size M(D cup)",Z01,No,1000,EA,No,--,SHORT_LINE,Yes,9.0,KGM,45.936,DMQ,--,HBW,--,No,--,10,--,--
S5034000,Science Teaching Kit,Z01,No,1000,EA,No,--,SHORT_LINE,Yes,16.378,KGM,80.391,DMQ,--,HBW,--,No,--,10,--,--
S5033000,Maths Teaching Kit,Z01,No,1000,EA,No,--,SHORT_LINE,Yes,16.001,KGM,80.159,DMQ,--,HBW,--,No,--,10,--,--
S1555207,Lidocaine inj 1% 20ml ampl/BOX-10,Z01,Yes,1000,BOX,No,--,SHORT_LINE,No,0.607,KGM,1.22,DMQ,425,HBW,PHARMACEUTICALS,No,--,--,Z1,--
S5088015,"Tent,light weight,rectangular,42m²",Z01,No,1000,EA,No,--,SHORT_LINE,Yes,225.0,KGM,0.923,MTQ,--,BLK,--,No,--,10,--,--
S5086012,"Tarpaulin,plastic,roll,4x50m",Z01,No,1000,EA,No,--,SHORT_LINE,Yes,39.405,KGM,92.719,DMQ,--,HBW,--,No,--,10,--,--
S0845153,"Flashlight,pre-focused",Z01,Yes,1000,EA,No,--,SHORT_LINE,No,0.049,KGM,0.45,DMQ,425,HBW,MEDICAL,No,--,--,--,--
S0845155,"Laryngoscope,adult,child,set",Z01,Yes,1000,EA,No,--,SHORT_LINE,Yes,0.92,KGM,8.5,DMQ,425,HBW,MEDICAL,No,--,--,--,9000
S9903000,"AWD, Community kit, Community Care",Z02,Yes,1000,EA,No,--,LONG_LINE,Yes,30.0,KGM,0.192,MTQ,425,HBW,MEDICAL,No,--,--,--,--
S6910000,"Rack with firewall, switches and AP",Z01,Yes,1000,EA,No,--,SHORT_LINE,Yes,65.917,KGM,0.674,MTQ,--,HBW,CPH_IT,No,--,10,--,--
S9906712,"Sudan, Primary Healthcare kit, 2016",Z02,Yes,1000,EA,Yes,--,VIRTUAL_PACKING,No,77.0,KGM,0.426,MTQ,240,HBW,PHARMACEUTICALS,No,--,--,Z1,--
S8501000,"Laser/copy lab/self ad/A4,box of 500",Z04,No,1000,BOX,No,--,SHORT_LINE,No,5.3,KGM,7.8,DMQ,--,HBW,--,Yes,--,--,--,--
S8541501,"Pre-pack Carton,7.5 cdm",Z01,No,1000,EA,No,--,SHORT_LINE,No,0.23,KGM,1.634,DMQ,--,HBW,--,No,--,--,--,--
S8513820,"String,polycord,270m per roll,3 threads",Z04,No,1000,EA,No,--,SHORT_LINE,No,1.833,KGM,5.088,DMQ,--,HBW,--,Yes,--,--,--,--
S8542200,"Pre-pack Carton,21 cdm",Z01,No,1000,EA,No,--,SHORT_LINE,No,0.378,KGM,3.156,DMQ,--,HBW,--,No,--,--,--,--
S9903001,"AWD Kit, Periphery kit, Logistics Part",Z02,Yes,1000,EA,Yes,--,VIRTUAL_PACKING,No,117.0,KGM,0.651,MTQ,240,HBW,MEDICAL,No,--,--,--,3481
S8513880,"Stapler,Rapid 34,for wood",Z04,No,1000,EA,No,--,SHORT_LINE,No,0.9,KGM,1.26,DMQ,--,HBW,--,Yes,--,--,--,--
S8513696,"Laser/copy lab/self ad/A4, box of 500",Z01,No,1000,BOX,No,--,SHORT_LINE,No,5.3,KGM,7800,CMQ,--,HBW,--,No,--,10,--,--
S5031022,Solar Shower,Z01,No,1000,EA,No,--,SHORT_LINE,No,0.35,KGM,2.8,MTQ,--,HBW,--,No,--,--,--,--
S8513821,"String,polycord,450/1",Z04,No,1000,EA,No,--,SHORT_LINE,No,6.0,KGM,6.083,DMQ,--,HBW,--,Yes,--,--,--,--
S8794447,"Safari Vest,100% cotton,w/logo,size L",Z01,No,1000,EA,No,--,SHORT_LINE,Yes,0.693,KGM,3.64,DMQ,--,HBW,--,No,--,10,--,--
S8794446,"Safari Vest,100% cotton,w/logo,size M",Z01,No,1000,EA,No,--,SHORT_LINE,Yes,0.671,KGM,3.673,DMQ,--,HBW,--,No,--,10,--,--
S8794448,"Safari Vest,100% cotton,w/logo,size XL",Z01,No,1000,EA,No,--,SHORT_LINE,Yes,0.781,KGM,3.595,DMQ,--,HBW,--,No,--,10,--,--
S8799100,UNICEF ID card holder-lanyard/BAG-50,Z01,No,1000,BAG,No,--,SHORT_LINE,Yes,0.979,KGM,5.39,DMQ,--,HBW,--,No,--,10,--,--
S8794600,"Armband,UNICEF,cyan blue cloth",Z01,No,1000,EA,No,--,SHORT_LINE,Yes,31.0,GRM,0.173,DMQ,--,HBW,--,No,--,10,--,--
S8902042,LabelsA5-White-Man.Printers-Land.,Z04,No,1000,EA,No,--,SHORT_LINE,Yes,4.396,KGM,13.171,DMQ,--,HBW,--,Yes,--,--,--,--
S8903070,"Tape, gummed brown paper, 70mm width",Z04,No,1000,EA,No,--,SHORT_LINE,No,0.0,KGM,0,MTQ,--,HBW,--,Yes,--,--,--,--
S8913712,Thermal transfer ribbon for bag machine,Z04,No,1000,ROL,No,--,SHORT_LINE,No,1.0,KGM,0,DMQ,--,HBW,--,Yes,--,--,--,--
S8903003,"Tape dispenser, desk model, for 25mm",Z04,No,1000,EA,No,--,SHORT_LINE,No,0.0,GRM,0,DMQ,--,HBW,--,Yes,--,--,--,--
S8913700,"Airpad Film AP/PE,roll of 800 metres",Z04,No,1000,ROL,No,--,SHORT_LINE,Yes,18.172,KGM,0.026,MTQ,--,HBW,--,Yes,--,--,--,--
S8913899,"Professional torch, Goliat L1",Z01,No,1000,EA,No,--,SHORT_LINE,No,0.75,KGM,3.255,DMQ,--,HBW,--,No,--,10,--,--
S8914100,Carton f/dividers 260 x 150 x 185 mm,Z04,No,1000,EA,No,--,SHORT_LINE,Yes,0.19,KGM,0.002,MTQ,--,HBW,--,Yes,0.007,--,--,--
S8942200,"Pre-pack Ctn,  37.5x29x19.5 cm, 0.021 m3",Z04,No,1000,EA,No,--,SHORT_LINE,Yes,0.376,KGM,0.004,MTQ,--,HBW,--,Yes,0.022,--,--,--
S8950000,"Paint, yellow, Easyline, Spray",Z01,No,1000,EA,No,--,SHORT_LINE,No,0.3,KGM,2.45,DMQ,--,HBW,--,No,--,10,--,--
S8941505,"Pre-pack Carton, 32x24x20 cm, 0.015 m3",Z04,No,1000,EA,No,--,SHORT_LINE,Yes,0.287,KGM,0.003,MTQ,--,HBW,--,Yes,0.015,--,--,--
S8941501,"Pre-pack Carton, 32x24x10 cm, 0.007 m3",Z04,No,1000,EA,No,--,SHORT_LINE,Yes,0.21,KGM,0.002,MTQ,--,HBW,--,Yes,0.008,--,--,--
S9203183,"Poloshirt with short sleeves, Size XL",Z01,No,1000,EA,No,--,SHORT_LINE,Yes,338.0,GRM,4.592,DMQ,--,HBW,--,No,--,10,--,--
S9203180,"Poloshirt with short sleeves, Size S",Z01,No,1000,EA,No,--,SHORT_LINE,Yes,278.0,GRM,2.899,DMQ,--,HBW,--,No,--,10,--,--
S9203083,"T-Shirt, cyan blue w/logo, Size L",Z01,No,1000,EA,No,--,SHORT_LINE,Yes,0.0,GRM,0.866,DMQ,--,HBW,--,No,--,10,--,--
S9204081,"Poloshirt w/long sleeves, Size M",Z01,No,1000,EA,No,--,SHORT_LINE,Yes,0.986,KGM,4.816,DMQ,--,HBW,--,No,--,10,--,--
S9205082,"Sweatshirt, w/Unicef logo, Size L",Z01,No,1000,EA,No,--,SHORT_LINE,Yes,1.0,GRM,5.088,DMQ,--,HBW,--,No,--,10,--,--
S9205081,"Sweatshirt, w/Unicef logo, Size M",Z01,No,1000,EA,No,--,SHORT_LINE,Yes,1.0,GRM,4.463,DMQ,--,HBW,--,No,--,10,--,--
S9205084,"Sweatshirt, w/Unicef logo, Size XXL",Z01,No,1000,EA,No,--,SHORT_LINE,Yes,1.0,GRM,3.936,DMQ,--,HBW,--,No,--,10,--,--
S9205085,"Sweatshirt, w/hood, Size M",Z01,No,1000,EA,No,--,SHORT_LINE,No,0.0,GRM,0,DMQ,--,HBW,--,No,--,10,--,--
S9207080,Hi-Vis jacket yellow outdoor size S,Z04,No,1000,EA,No,--,SHORT_LINE,No,500.0,GRM,0,DMQ,--,HBW,--,Yes,--,--,--,--
S9500601,ARCHIVES FMAC,Z16,Yes,1000,BOX,No,--,SHORT_LINE,Yes,0.0,KGM,0,DMQ,--,HBW,ARCHIVES,No,--,--,--,--
S9500501,ARCHIVES QA CENTRE,Z16,Yes,1000,BOX,No,--,SHORT_LINE,No,78.912,KGM,789.08,DMQ,--,HBW,ARCHIVES,No,--,--,--,--
S9510000,ARCHIVES STAFF ASSOCIATION,Z16,Yes,1000,EA,No,--,SHORT_LINE,Yes,71.513,KGM,673.576,DMQ,--,HBW,ARCHIVES,No,--,--,--,--
S9500801,ARCHIVES TLC,Z16,Yes,1000,BOX,No,--,SHORT_LINE,No,104.038,KGM,682.559,DMQ,--,HBW,ARCHIVES,No,--,--,--,--
S1300112,Amod 270mg+Arte100mg tabs/6/PAC-25,Z01,Yes,1000,PAC,No,--,SHORT_LINE,Yes,0.23,KGM,0.832,DMQ,425,HBW,PHARMACEUTICALS,No,--,10,Z1,--
S1400001,Abacavir 300mg tabs/PAC-60            gb,Z01,Yes,1000,EA,No,--,SHORT_LINE,No,0.075,KGM,1.63,DMQ,240,HBW,PHARMACEUTICALS,No,--,10,Z1,--
S0106000,"Drum,sterilizing,165mm diam",Z01,No,1000,EA,No,--,SHORT_LINE,Yes,0.558,KGM,5.62,DMQ,--,HBW,--,No,--,10,--,--
S0770600,"Scissors,Mayo,170mm,cvd,b/b",Z01,No,1000,EA,No,--,SHORT_LINE,Yes,0.089,KGM,0.445,DMQ,--,HBW,--,No,--,10,--,--
S0771350,"Scissors,Metzem/Nelson,180mm,cvd,b/b",Z01,No,1000,EA,No,--,SHORT_LINE,Yes,0.06,KGM,0.187,DMQ,--,HBW,--,No,--,10,--,--
S0768960,"Retractor,Farabeuf,d-e,150mm,pair",Z01,No,1000,EA,No,--,SHORT_LINE,Yes,0.129,KGM,0.247,DMQ,--,HBW,--,No,--,10,--,--
S0777000,"Speculum,vaginal,Graves,75x20mm",Z01,No,1000,EA,No,--,SHORT_LINE,Yes,0.151,KGM,0.725,DMQ,--,HBW,--,No,--,10,--,--
S0770500,"Scissors,Mayo,140mm,cvd,b/b",Z01,No,1000,EA,No,--,SHORT_LINE,Yes,0.058,KGM,0.157,DMQ,--,HBW,--,No,--,10,--,--
S0773500,"Scissors,Deaver,140mm,str,s/b",Z01,No,1000,EA,No,--,SHORT_LINE,Yes,0.044,KGM,0.116,DMQ,--,HBW,--,No,--,10,--,--
S0768400,"Retractor,vaginal,Doyen,45x85mm",Z01,No,1000,EA,No,--,SHORT_LINE,Yes,0.244,KGM,0.961,DMQ,--,HBW,--,No,--,10,--,--
S0775200,"Sound,uterine,Martin,320mm",Z01,No,1000,EA,No,--,SHORT_LINE,Yes,0.087,KGM,0.553,DMQ,--,HBW,--,No,--,10,--,--
S0747452,"Needle,disp,23G,ster/BOX-100",Z01,Yes,1000,BOX,No,--,SHORT_LINE,Yes,0.149,KGM,1.401,DMQ,425,HBW,MEDICAL,No,--,10,--,--
S9999147,"PP 1/1 AWD Periphery, Equipment",Z02,Yes,1000,EA,No,--,MINILOAD,No,4.0,KGM,22.04,DMQ,425,HBW,MEDICAL,No,--,--,--,--
S0145632,"MUAC,Adult,w/o color code,PAC-50,French",Z01,No,1000,PAC,No,--,SHORT_LINE,Yes,0.18,KGM,0.402,DMQ,--,HBW,--,No,--,--,--,--
S9935019,"School-in-a-bag kit,40 student,1 teacher",Z02,No,1000,EA,No,--,LONG_LINE,Yes,30.0,KGM,0.079,MTQ,--,HBW,--,No,--,10,--,--
S0145633,"MUAC,Adult,w/o color code,PAC-50,Spanish",Z01,No,1000,PAC,No,--,SHORT_LINE,No,0.183,KGM,0.409,DMQ,--,HBW,--,No,--,--,--,--
S9910005,"Surg.inst.,dressing /SET",Z02,No,1000,SET,No,--,BAGGING_LINE,No,0.13,KGM,1,DMQ,--,HBW,--,No,--,10,--,--
W9200029,Sleeping Mats,Z11,Yes,1100,EA,No,--,SHORT_LINE,Yes,0.909,KGM,0.006,MTQ,--,HBW,CPH_UNHCR,No,--,--,--,--
S9999993,Sub 3/10 Obstetric S9908300(i) part 3,Z02,Yes,1000,EA,No,S9908300,LONG_LINE,Yes,23.0,KGM,0.06,MTQ,240,HBW,PHARMACEUTICALS,No,--,10,Z1,--
S9993840,SUB 6/9 S.Sudan PHCC18  B.Med S9906733,Z02,Yes,1000,EA,No,S9906733,LONG_LINE,No,25.0,KGM,0.072,MTQ,425,HBW,--,No,--,--,--,--
S9994733,"Sub3/8 South Sudan,PHCU Kit2018 S9906734",Z02,Yes,1000,EA,No,S9906734,LONG_LINE,Yes,13.5,KGM,0.079,MTQ,240,HBW,PHARMACEUTICALS,No,--,--,Z1,--
S9990033,"Sub 3/6 F S9901030 IEHK2017, suppl.3 ren",Z02,Yes,1000,EA,No,S9901030,LONG_LINE,Yes,31.7,KGM,0.192,MTQ,240,HBW,PHARMACEUTICALS,No,--,--,--,--
S9990034,"Sub 4/6 F S9901030 IEHK2017, suppl.3 ren",Z02,Yes,1000,EA,No,S9901030,LONG_LINE,Yes,14.0,KGM,0.12,MTQ,240,HBW,PHARMACEUTICALS,No,--,--,--,--
S0145634,"MUAC,Child 11.5 Red,PAC-50,Arabic",Z01,No,1000,PAC,No,--,SHORT_LINE,Yes,0.113,KGM,0.242,DMQ,--,HBW,--,No,--,--,--,--
S9999966,"Prepack 2/2 Zimbabwe,PHC,version 2011",Z02,Yes,1000,EA,No,--,MINILOAD,No,4.0,KGM,0.015,MTQ,425,HBW,PHARMACEUTICALS,No,--,10,Z1,--
S9999995,Sub 1/10 Obstetric S9908300(i) part 1,Z02,Yes,1000,EA,No,S9908300,LONG_LINE,Yes,26.0,KGM,0.12,MTQ,240,HBW,PHARMACEUTICALS,No,--,10,Z1,--
S9999998,Emergency reservation - Copenhagen,Z02,No,1000,EA,No,--,SHORT_LINE,No,0.002,KGM,0,DMQ,--,HBW,--,No,--,10,--,--
W9200021,Solar Lamp with DC/DC Charger/Adapter,Z11,Yes,1100,EA,No,--,SHORT_LINE,Yes,1.479,KGM,0.01,MTQ,--,HBW,CPH_UNHCR,No,--,--,--,--
S0845157,"Otoscope, set.",Z01,Yes,1000,EA,No,--,SHORT_LINE,No,0.606,KGM,2.254,DMQ,425,HBW,MEDICAL,No,--,--,--,9000
S9986715,PP 5/5 F SUB 2/6 Ethiopia Emerg.S9906710,Z02,Yes,1000,EA,No,--,MINILOAD,No,0.0,KGM,0,MTQ,425,HBW,MEDICAL,No,--,--,Z1,--
S0779500,"Retractor,vaginal,Auvard,38x80mm",Z01,No,1000,EA,No,--,SHORT_LINE,Yes,1.62,KGM,5.407,DMQ,--,HBW,--,No,--,10,--,--
S0779700,"Spatula,abdo,malleable,250mm",Z01,No,1000,EA,No,--,SHORT_LINE,Yes,0.07,KGM,0.295,DMQ,--,HBW,--,No,--,10,--,--
S0782111,"Syringe,disp,5ml,w/ndl,21G/BOX-100",Z01,Yes,1000,BOX,No,--,SHORT_LINE,Yes,0.791,KGM,6.81,DMQ,425,HBW,MEDICAL,No,--,10,--,--
S5006030,"HE*Tap, for plastic bucket, plastic",Z01,No,1000,EA,No,--,SHORT_LINE,No,25.0,KGM,0.1,DMQ,--,HBW,--,No,--,--,--,--
S9986712,PP 2/5 F SUB 1/6 Ethiopia Emerg.S9906710,Z02,Yes,1000,EA,No,--,MINILOAD,No,0.0,KGM,0,MTQ,425,HBW,MEDICAL,No,--,--,Z1,--
S9000001,Supplier carton,Z04,No,1000,EA,No,--,SHORT_LINE,No,0.038,KGM,0.001,MTQ,--,HBW,--,Yes,--,--,--,--
S1400717,Tenofovir 300mg tabs/PAC-30 No CTN,Z01,Yes,1000,PAC,No,--,SHORT_LINE,No,0.057,KGM,0.15,DMQ,425,HBW,PHARMACEUTICALS,No,--,--,Z1,--
S0709243,"Needle,spinal,22G(0.7x38mm)ster,BD,box25",Z01,Yes,1000,EA,No,--,SHORT_LINE,Yes,0.094,KGM,0.679,DMQ,425,HBW,MEDICAL,No,--,--,--,--
S0709241,"Needle, spinal, 22G(0.7x90mm),ster,box25",Z01,Yes,1000,EA,No,--,SHORT_LINE,Yes,0.145,KGM,1.225,DMQ,425,HBW,MEDICAL,No,--,--,--,--
S0709242,"Needle,spinal,20G(0.9x90mm),ster,Box25",Z01,Yes,1000,EA,No,--,SHORT_LINE,Yes,0.154,KGM,1.225,DMQ,425,HBW,MEDICAL,No,--,--,--,--
S1300063,Artemeth20mg+Lumefan120mg tabs/24/PAC-30,Z01,Yes,1000,PAC,No,--,SHORT_LINE,Yes,0.583,KGM,2.817,DMQ,425,HBW,PHARMACEUTICALS,No,--,10,Z1,--
S9996710,SUB 1/7 Ethiopia Emerg. kit2019 S9906710,Z02,Yes,1000,EA,No,S9906710,LONG_LINE,Yes,32.0,KGM,0.192,MTQ,240,HBW,MEDICAL,No,--,--,Z1,--
S0330130,"Gloves,exam,nitrile,BIO,pwdfree,S,BOX100",Z01,Yes,1000,BOX,No,--,SHORT_LINE,No,0.414,KGM,2,DMQ,425,HBW,MEDICAL,No,--,--,--,--
S0767500,"Retractor,abdo,Balfour,3 blades",Z01,No,1000,EA,No,--,SHORT_LINE,Yes,1.081,KGM,5.02,DMQ,--,HBW,--,No,--,10,--,--
S1543801,Water for inj 2ml amp/BOX-50,Z01,Yes,1000,BOX,No,--,SHORT_LINE,No,0.361,KGM,1.63,DMQ,425,HBW,PHARMACEUTICALS,No,--,10,Z1,--
S1537321,Cefalexin 250mg caps/PAC-10x10,Z01,Yes,1000,EA,No,--,SHORT_LINE,Yes,0.097,KGM,0.761,DMQ,425,HBW,PHARMACEUTICALS,No,--,10,Z1,--
S1400194,Zidovudine 300mg tabs/PAC-60          gb,Z01,Yes,1000,EA,No,--,SHORT_LINE,No,0.053,KGM,0.221,DMQ,240,HBW,PHARMACEUTICALS,No,--,10,Z1,--
S1543815,Water for injection 5ml amp/BOX-10,Z01,Yes,1000,BOX,No,--,SHORT_LINE,No,0.1,KGM,0.352,DMQ,425,HBW,PHARMACEUTICALS,No,--,10,Z1,--
S1400685,Nevirapine 50mg disp. tabs/PAC-30     gb,Z01,Yes,1000,EA,No,--,SHORT_LINE,No,0.047,KGM,0.2,DMQ,240,HBW,PHARMACEUTICALS,No,--,10,Z1,--
S1551000,Folic acid 1mg tabs/PAC-1000,Z01,Yes,1000,PAC,No,--,SHORT_LINE,No,0.0,KGM,0,DMQ,425,HBW,PHARMACEUTICALS,No,--,10,Z1,--
S1504010,Metoclopramide 10mg tablets/PAC-1000,Z01,Yes,1000,PAC,No,--,SHORT_LINE,Yes,0.152,KGM,0.806,DMQ,425,HBW,PHARMACEUTICALS,No,--,10,Z1,--
S1515060,Miconazole nitrate cream 2%/TBE-30g,Z01,Yes,1000,TBE,No,--,SHORT_LINE,Yes,0.051,KGM,0.254,DMQ,425,HBW,PHARMACEUTICALS,No,--,10,Z1,--
S1521000,Oseltamivir  75mg caps/PAC-10,Z01,Yes,1000,PAC,No,--,SHORT_LINE,No,0.039,KGM,0.426,DMQ,425,HBW,PHARMACEUTICALS,No,--,10,Z1,--
S1586072,Calcium folinate 10mg/ml 5ml vial/BOX-5,Z01,Yes,1000,BOX,No,--,SHORT_LINE,No,0.102,KGM,0.9,DMQ,425,HBW,PHARMACEUTICALS,No,--,--,Z1,--
S1531005,Ceftriaxone pdr/inj 1g vial/BOX-10,Z01,Yes,1000,BOX,No,--,SHORT_LINE,Yes,0.347,KGM,1,DMQ,425,HBW,PHARMACEUTICALS,No,--,10,Z1,--
S1531511,Chlorhex.diglu.7.1% gel cord.c.TBE/10g,Z01,Yes,1000,EA,No,--,SHORT_LINE,Yes,0.021,KGM,0.123,DMQ,425,HBW,PHARMACEUTICALS,No,--,10,Z1,--
S1531006,Ceftriaxone pdr/inj 250mg vial/BOX-50,Z01,Yes,1000,BOX,No,--,SHORT_LINE,Yes,1.708,KGM,6.294,DMQ,425,HBW,PHARMACEUTICALS,No,--,10,Z1,--
S1531011,Azithromycin pdr/or s 200mg/5ml/BOT-15ml,Z01,Yes,1000,BOT,No,--,SHORT_LINE,Yes,0.088,KGM,0.833,DMQ,425,HBW,PHARMACEUTICALS,No,--,10,Z1,--
S1531002,Cefixime 200mg tablets/PAC-56,Z01,Yes,1000,PAC,No,--,SHORT_LINE,Yes,0.064,KGM,0.343,DMQ,240,HBW,PHARMACEUTICALS,No,--,10,Z1,--
S1531700,Chlorphenamine 4mg tabs/PAC-1000,Z01,Yes,1000,PAC,No,--,SHORT_LINE,Yes,0.146,KGM,0.557,DMQ,425,HBW,PHARMACEUTICALS,No,--,10,Z1,--
S1534950,Chlorpromazine inj 25mg/ml 2ml amp/BOX10,Z01,Yes,1000,BOX,No,--,SHORT_LINE,Yes,0.069,KGM,0.371,DMQ,240,HBW,PHARMACEUTICALS,No,--,10,Z1,--
S1537065,Cloxacillin pdr/inj 500mg vial/BOX-50,Z01,Yes,1000,BOX,No,--,SHORT_LINE,Yes,1.307,KGM,3.82,DMQ,425,HBW,PHARMACEUTICALS,No,--,10,Z1,--
S1531510,Chlorhexidine conc. sol. 5%/BOT-100ml,Z01,Yes,1000,BOT,No,--,SHORT_LINE,Yes,0.152,KGM,0.434,DMQ,425,HBW,PHARMACEUTICALS,No,--,10,Z1,--
S1531030,Chloramphenicol pdr/inj 1g vial/BOX-5,Z01,Yes,1000,BOX,No,--,SHORT_LINE,Yes,0.176,KGM,0.461,DMQ,425,HBW,PHARMACEUTICALS,No,--,10,Z1,--
S1532000,Chloroquine base 150mg tabs/PAC-1000,Z01,Yes,1000,PAC,No,--,SHORT_LINE,No,0.47,KGM,1.41,DMQ,240,HBW,PHARMACEUTICALS,No,--,10,Z1,--
S5086013,Plastic Tarpaulin F.R. Sheet 4 x 50m,Z01,No,1000,EA,No,--,SHORT_LINE,Yes,35.31,KGM,0.103,MTQ,--,HBW,--,No,--,--,--,--
S1537100,Sulf.400mg+Trimet.80mg tabs/PAC-500,Z01,Yes,1000,PAC,No,--,SHORT_LINE,Yes,0.369,KGM,1.39,DMQ,425,HBW,PHARMACEUTICALS,No,--,10,Z1,--
S1537110,Sulf.400mg+Trimet.80mg tabs/PAC-10x10,Z01,Yes,1000,PAC,No,--,SHORT_LINE,Yes,0.111,KGM,0.546,DMQ,425,HBW,PHARMACEUTICALS,No,--,10,Z1,--
S1555920,"Nystatin 500,000IU tabs/PAC-100",Z01,Yes,1000,PAC,No,--,SHORT_LINE,Yes,0.103,KGM,0.669,DMQ,425,HBW,PHARMACEUTICALS,No,--,10,Z1,--
S1561131,ORS low osm. flavour 20.5g/1L CAR/10x100,Z01,Yes,1000,CAR,No,--,SHORT_LINE,Yes,32.247,KGM,134.167,DMQ,425,HBW,PHARMACEUTICALS,No,--,10,Z1,--
S1568045,Sulfadox+Pyrimeth 500+25mg tabs/PAC-1000,Z01,Yes,1000,PAC,No,--,SHORT_LINE,Yes,0.867,KGM,3.393,DMQ,425,HBW,PHARMACEUTICALS,No,--,10,Z1,--
S5086015,Blanket synthetic med.thermal resistance,Z01,No,1000,EA,No,--,SHORT_LINE,Yes,1.502,KGM,0.015,MTQ,--,HBW,--,No,--,--,--,--
S2521020,"Board Puzzle, 4-8 pcs w/out pegs",Z01,No,1000,EA,No,--,SHORT_LINE,Yes,0.139,KGM,0.409,DMQ,--,HBW,--,No,--,10,--,--
S2521010,"Puzzle Blocks,6 sides,SET-12",Z01,No,1000,EA,No,--,SHORT_LINE,Yes,0.318,KGM,2.5,DMQ,--,HBW,--,No,--,10,--,--
S2687003,"Tape,adhesive,transp 1,5cm x 10m/BOX-20",Z01,No,1000,BOX,No,--,SHORT_LINE,Yes,0.166,KGM,0.669,DMQ,--,HBW,--,No,--,10,--,--
S2760001,"Skipping rope,polyester,3m/PAC-10",Z01,No,1000,EA,No,--,SHORT_LINE,Yes,1.104,KGM,6.177,DMQ,--,HBW,--,No,--,10,--,--
S9986720,Bag 1/1 Ukraine hygiene,Z02,Yes,1000,EA,No,--,SHORT_LINE,No,0.002,KGM,3.069,DMQ,425,HBW,PHARMACEUTICALS,No,--,--,Z1,--
S2795800,"Volleyball net,9.5x1m,without posts",Z01,No,1000,EA,No,--,SHORT_LINE,Yes,0.842,KGM,6.665,DMQ,--,HBW,--,No,--,10,--,--
S2797600,"Tape, measure, 5 m, retractable",Z01,No,1000,EA,No,--,SHORT_LINE,Yes,0.141,KGM,0.31,DMQ,--,HBW,--,No,--,10,--,--
S2684006,"Colouring pencils,12 ass cols,in case",Z01,No,1000,BOX,No,--,SHORT_LINE,Yes,0.128,KGM,0.234,DMQ,--,HBW,--,No,--,10,--,--
S5003517,"Blanket,fleece,medium,thermal,150x200cm",Z01,No,1000,EA,No,--,SHORT_LINE,Yes,1.331,KGM,0.012,MTQ,--,HBW,--,No,--,10,--,--
S9908300.9,"Obstetric,surgical kit,suppl.1-drugs",Z02,Yes,1000,EA,No,S9999971,LONG_LINE,No,25.0,KGM,0.12,MTQ,425,--,PHARMACEUTICALS,No,--,10,Z1,--
S5007345,"Pan and ""P"" trap,for sq. plate 5007335",Z01,No,1000,EA,No,--,SHORT_LINE,No,1.02,KGM,0.013,MTQ,--,HBW,--,No,--,10,--,--
S5006051,"Chlorine/pH, Pool Tester Kit for 250 tst",Z01,No,1000,EA,No,--,SHORT_LINE,Yes,0.319,KGM,1.5,DMQ,--,HBW,--,No,--,10,--,--
S5010263,"Flak Jacket,NIJ III,FEMALE,size M(B cup)",Z01,No,1000,EA,No,--,SHORT_LINE,Yes,10.2,KGM,131.484,DMQ,--,HBW,--,No,--,10,--,--
S5088077,Electrical Lighting Kit# for HPT 48m2,Z01,No,1000,EA,No,--,SHORT_LINE,No,197.0,KGM,1.094,MTQ,--,HBW,--,No,--,--,--,--
S5619902,"Filter,drinking,candle,10-80l/day,SS",Z01,No,1000,EA,No,--,SHORT_LINE,Yes,3.658,KGM,25.581,DMQ,--,HBW,--,No,--,10,--,--
S8503001,Tape dispenser w/springloaded tape brake,Z04,No,1000,EA,No,--,SHORT_LINE,No,0.3,KGM,2.45,DMQ,--,HBW,--,Yes,--,--,--,--
S9908300.8,"Obstetric,surgical kit,suppl.1-drugs",Z02,Yes,1000,EA,No,S9999977,LONG_LINE,Yes,24.0,KGM,0.12,MTQ,425,--,PHARMACEUTICALS,No,--,10,Z1,--
S0519001,"Non-pneumatic Anti-shock Garment,sizeM/L",Z01,No,1000,EA,No,--,SHORT_LINE,Yes,2.463,KGM,27.496,DMQ,--,HBW,--,No,--,--,--,--
S0145556,"Scale, baby, electronic, 10 kg, <5>",Z01,No,1000,EA,No,--,SHORT_LINE,Yes,5.702,KGM,87.742,DMQ,--,HBW,--,No,--,10,--,--
S8800000,Complementary Feeding Bowl & Spoon Std,Z01,No,1000,EA,No,--,SHORT_LINE,No,0.04,KGM,0,DMQ,--,HBW,--,No,--,--,--,--
S8513889,Chalk powder line/measuring tape,Z01,No,1000,EA,No,--,SHORT_LINE,No,0.75,KGM,3.255,DMQ,--,HBW,--,No,--,10,--,--
S9003018,"Double-wall ctn.40x30x25 cm, 0.030 m3",Z04,No,1000,EA,No,--,SHORT_LINE,Yes,1.091,KGM,0.015,MTQ,--,HBW,--,Yes,0.03,--,--,--
S9006014,"Double-wall ctn.60x40x25 cm, 0.060 m3",Z04,No,1000,EA,No,--,SHORT_LINE,Yes,2.076,KGM,0.019,MTQ,--,HBW,--,Yes,0.06,--,--,--
S9204080,"Poloshirt w/long sleeves, Size S",Z01,No,1000,EA,No,--,SHORT_LINE,Yes,0.684,KGM,2.201,DMQ,--,HBW,--,No,--,10,--,--
S9204084,"Poloshirt w/long sleeves, Size XXL",Z01,No,1000,EA,No,--,SHORT_LINE,Yes,0.376,KGM,2.718,DMQ,--,HBW,--,No,--,10,--,--
S1600007,Molnupiravir 200mg caps/PAC-4x10 gp,Z01,Yes,1000,PAC,No,--,SHORT_LINE,No,0.056,KGM,0.675,DMQ,425,HBW,PHARMACEUTICALS,No,--,--,Z1,--
S9999926,Subkit 2/3 Essential drugs kit Ethiopia,Z02,Yes,1000,EA,No,--,SHORT_LINE,No,42.0,KGM,0.16,MTQ,425,HBW,PHARMACEUTICALS,No,--,10,Z1,--
S9999960,Prepack 1/1 Midwifery 2-Equip S9902218,Z01,No,1000,EA,No,--,SHORT_LINE,No,4.0,KGM,0,MTQ,--,HBW,--,No,--,10,--,--
S9999953,"Prepack 1/2 Somalia, HC Kit (B1) S990672",Z02,No,1000,EA,No,--,SHORT_LINE,No,1.0,KGM,13.3,DMQ,--,HBW,--,No,--,10,--,--
S9988888,UNICEF clothing kit,Z02,No,1000,EA,No,--,SHORT_LINE,No,0.002,KGM,0.144,MTQ,--,HBW,--,No,--,10,--,--
S99994987,"Prepack 11/12 Syria SEDL Basic kit, 2014",Z02,Yes,1000,EA,No,--,SHORT_LINE,No,5.0,KGM,0.015,MTQ,425,HBW,PHARMACEUTICALS,No,--,--,Z1,--
S9999959,Prepack 1/1 Midwifery 2-Equip S9902218,Z02,No,1000,EA,No,--,MINILOAD,No,4.0,KGM,22.04,DMQ,--,HBW,--,No,--,10,--,--
W9200001,"Blanket, Synthetic, High Thermal",Z11,Yes,1100,EA,No,--,SHORT_LINE,Yes,1.865,KGM,20.504,DMQ,--,HBW,CPH_UNHCR,No,--,--,--,--
W9200007,"Plast roll, green, 4x50 m",Z11,Yes,1100,ROL,No,--,SHORT_LINE,Yes,38.298,KGM,98.294,DMQ,--,HBW,CPH_UNHCR,No,--,--,--,--
S9999985,"Prepack (Tubes S1510000, kit of 10)",Z02,Yes,1000,EA,No,--,SHORT_LINE,No,1.0,KGM,0.001,MTQ,425,HBW,PHARMACEUTICALS,No,--,10,Z1,--
S9999992,First Aid kit-prepack for S9975020   (I),Z02,Yes,1000,EA,No,--,BAGGING_LINE,No,0.153,KGM,1.453,DMQ,425,HBW,PHARMACEUTICALS,No,--,10,Z1,--
S999978382,prepack 3/4 Malawi 2012 S9906779,Z02,Yes,1000,EA,No,--,SHORT_LINE,No,4.0,KGM,0.022,MTQ,425,HBW,PHARMACEUTICALS,No,--,--,--,--
W9200027,"Blanket, Fleece, Medium Thermal",Z11,Yes,1100,EA,No,--,SHORT_LINE,Yes,0.0,KGM,0,MTQ,--,HBW,CPH_UNHCR,No,--,--,--,--
S1300111,Amodiaquine 270mg+Arte100mg tab/6/PAC-1,Z01,Yes,1000,PAC,No,--,SHORT_LINE,No,0.02,KGM,0.137,DMQ,240,HBW,PHARMACEUTICALS,No,--,10,Z1,--
S1300130,Artesunate 50mg+SP 525mg tabs/3+1/PAC-25,Z01,Yes,1000,EA,No,--,SHORT_LINE,No,0.191,KGM,2.381,DMQ,240,HBW,PHARMACEUTICALS,No,--,10,Z1,--
S1300110,Amod 270mg+Arte100mg tabs/3/PAC-25,Z01,Yes,1000,PAC,No,--,SHORT_LINE,No,0.15,KGM,0.9,DMQ,425,HBW,PHARMACEUTICALS,No,--,10,Z1,--
S1300120,Amodiaquine67.5 mg+Arte25mg tab/3/PAC-1,Z01,Yes,1000,PAC,No,--,SHORT_LINE,No,0.02,KGM,0.099,DMQ,240,HBW,PHARMACEUTICALS,No,--,10,Z1,--
S8513200,"Brown paper,70cm",Z04,No,1000,EA,No,--,SHORT_LINE,No,0.0,KGM,0,DMQ,--,HBW,--,Yes,--,--,--,--
S0712200,"Clamp,towel,Backhaus,130mm",Z01,No,1000,EA,No,--,SHORT_LINE,Yes,0.038,KGM,0.174,DMQ,--,HBW,--,No,--,10,--,--
S5006061,"Pump,2""/50mm,centrifugal,diesel driven",Z01,No,1000,EA,No,--,SHORT_LINE,Yes,177.0,KGM,1450,DMQ,--,BLK,--,No,--,10,--,--
S5010256,"Flak Jacket,NIJ III,MALE,size L",Z01,No,1000,EA,No,--,SHORT_LINE,Yes,13.457,KGM,138.441,DMQ,--,HBW,--,No,--,10,--,--
S8513899,"Torch,professional standard",Z04,No,1000,EA,No,--,SHORT_LINE,No,0.0,KGM,0,DMQ,--,HBW,--,Yes,--,--,--,--
S5010259,"Flak Jacket,NIJ III,MALE,size XXXL",Z01,No,1000,EA,No,--,SHORT_LINE,Yes,11.816,KGM,87.608,DMQ,--,HBW,--,No,--,10,--,--
S8794101,"Cap,UNICEF,baseball,cyan blue,cotton",Z01,No,1000,EA,No,--,SHORT_LINE,Yes,0.11,KGM,1.045,DMQ,--,HBW,--,No,--,10,--,--
S8794221,"UNICEF Adult Polo-shirt, cyan blue,L",Z01,No,1000,EA,No,--,SHORT_LINE,Yes,315.0,GRM,1.955,DMQ,--,HBW,--,No,--,10,--,--
S0305020,"Apron,protection,plastic,disp/PAC-100",Z01,No,1000,BOX,No,--,SHORT_LINE,Yes,2.424,KGM,0.007,MTQ,--,HBW,--,No,--,10,--,--
S0323300,"Catheter,Foley,CH10,ster,disp",Z01,Yes,1000,EA,No,--,SHORT_LINE,Yes,0.025,KGM,0.297,DMQ,425,HBW,MEDICAL,No,--,10,--,--
S0327520,"Gloves,surg,pwdfree,7.5,ster,s.u.,pair",Z01,Yes,1000,EA,No,--,SHORT_LINE,Yes,0.039,KGM,0.21,DMQ,425,HBW,MEDICAL,No,--,10,--,--
S0370120,"Prongs,nasal,Oxygen,neonate,s.u.",Z01,No,1000,EA,No,--,SHORT_LINE,No,0.054,KGM,0.418,DMQ,--,HBW,--,No,--,10,--,--
S8524022,"Double-wall ctn.120 x 40 x 50 cm,0.24 m3",Z01,No,1000,EA,No,--,SHORT_LINE,No,4.375,KGM,31.267,DMQ,--,HBW,--,No,--,--,--,--
S0737000,"Forceps,tissue,standard,145mm,str",Z01,No,1000,EA,No,--,SHORT_LINE,Yes,0.034,KGM,0.117,DMQ,--,HBW,--,No,--,10,--,--
S0114520,"Length/height board,baby/child/adult",Z01,No,1000,EA,No,--,SHORT_LINE,Yes,9.751,KGM,0.105,MTQ,--,HBW,--,No,--,10,--,--
S0366020,"Syringe,feeding,50ml,luer tip,ster",Z01,Yes,1000,EA,No,--,SHORT_LINE,Yes,0.042,KGM,0.332,DMQ,425,HBW,MEDICAL,No,--,10,--,--
S0383020,"Tube,endotrach,6.5,w/cuff,ster,disp",Z01,Yes,1000,EA,No,--,SHORT_LINE,Yes,0.05,KGM,0.963,DMQ,425,HBW,MEDICAL,No,--,10,--,--
S0503010,"Tape,adhesive,Z.O.,2.5cmx5m",Z01,No,1000,EA,No,--,SHORT_LINE,Yes,0.035,KGM,0.127,DMQ,--,HBW,--,No,--,10,--,--
S0114540,"Length/height board,baby/chld/adlt,SET-2",Z01,No,1000,SET,No,--,SHORT_LINE,Yes,16.934,KGM,0.146,MTQ,--,HBW,--,No,--,10,--,--
S0370110,"Prongs,nasal,Oxygen,child,s.u.",Z01,No,1000,EA,No,--,SHORT_LINE,No,0.047,KGM,0.439,DMQ,--,HBW,--,No,--,10,--,--
S0373500,"Tube,feeding,CH05,L40cm,ster,disp",Z01,Yes,1000,EA,No,--,SHORT_LINE,Yes,0.01,KGM,0.196,DMQ,425,HBW,MEDICAL,No,--,10,--,--
S0519600,"Cotton wool,500g,roll,non-ster",Z01,No,1000,EA,No,--,SHORT_LINE,Yes,0.567,KGM,3.212,DMQ,--,HBW,--,No,--,10,--,--
S0225000,"Bowl,stainless steel,600ml",Z01,No,1000,EA,No,--,SHORT_LINE,Yes,0.211,KGM,0.503,DMQ,--,HBW,--,No,--,10,--,--
S0114055,"Nut. kit,outpatient,module-registration",Z01,No,1000,EA,Yes,--,SHORT_LINE,No,73.441,KGM,0.357,MTQ,--,HBW,--,No,--,10,--,--
S0722500,"Forceps,dressing,Cheron,250mm",Z01,No,1000,EA,No,--,SHORT_LINE,Yes,0.112,KGM,0.442,DMQ,--,HBW,--,No,--,10,--,--
S0167110,"Masking tape,for ster. pack",Z01,No,1000,EA,No,--,SHORT_LINE,Yes,0.08,KGM,0.355,DMQ,--,HBW,--,No,--,10,--,--
S0512110,"Bandage,gauze,5cmx5m,roll",Z01,No,1000,EA,No,--,SHORT_LINE,Yes,0.039,KGM,0.382,DMQ,--,HBW,--,No,--,10,--,--
S0728015,"Forceps,artery,Pean/Roch,240mm,cvd",Z01,No,1000,EA,No,--,SHORT_LINE,Yes,0.108,KGM,0.405,DMQ,--,HBW,--,No,--,10,--,--
S0114053,"Nut. kit,inpatient,module-med. supplies",Z01,Yes,1000,EA,No,--,SHORT_LINE,Yes,61.287,KGM,0.673,MTQ,240,HBW,MEDICAL,No,--,0,--,--
S0145740,"ID Bracelet,child,blue/PAC-400",Z01,No,1000,PAC,No,--,SHORT_LINE,Yes,1.475,KGM,8.313,DMQ,--,HBW,--,No,--,10,--,--
S0211000,"Basin,kidney,stainless steel,825ml",Z01,No,1000,EA,No,--,SHORT_LINE,Yes,0.285,KGM,0.463,DMQ,--,HBW,--,No,--,10,--,--
S0519002,"Non-pneumatic Anti-shock Garment, size S",Z01,No,1000,EA,No,--,SHORT_LINE,Yes,1.979,KGM,27.067,DMQ,--,HBW,--,No,--,--,--,--
S1300075,Artem20mg+Lumef120mg disp tabs/12/PAC-30,Z01,Yes,1000,PAC,No,--,SHORT_LINE,Yes,0.531,KGM,2.84,DMQ,425,HBW,PHARMACEUTICALS,No,--,10,Z1,--
S1300074,Artem 20mg+Lumef120mg disp tabs/6/PAC-30,Z01,Yes,1000,PAC,No,--,SHORT_LINE,Yes,0.192,KGM,1.552,DMQ,425,HBW,PHARMACEUTICALS,No,--,10,Z1,--
S1511500,Beclometa.oral inh. 0.05mg/ds 200ds,Z01,Yes,1000,EA,No,--,SHORT_LINE,Yes,0.05,KGM,0.31,DMQ,425,HBW,PHARMACEUTICALS,No,--,10,Z1,9001
S1514010,Atropine inj 1mg/ml 1ml amp/BOX-10,Z01,Yes,1000,BOX,No,--,SHORT_LINE,Yes,0.056,KGM,0.334,DMQ,425,HBW,PHARMACEUTICALS,No,--,10,Z1,--
S0521900,"Gauze,roll,90cmx100m,non-ster",Z01,No,1000,EA,No,--,SHORT_LINE,Yes,2.263,KGM,10.897,DMQ,--,HBW,--,No,--,10,--,--
S1555710,Ciprofloxacin 500mg tabs/PAC-10,Z01,Yes,1000,PAC,No,--,SHORT_LINE,Yes,0.02,KGM,0.121,DMQ,425,HBW,PHARMACEUTICALS,No,--,10,Z1,--
S1555910,"Nystatin 100,000IU pess. with app/PAC-15",Z01,Yes,1000,PAC,No,--,SHORT_LINE,Yes,0.075,KGM,0.95,DMQ,425,HBW,PHARMACEUTICALS,No,--,10,Z1,--
S9906734,"South Sudan, PHCU Kit 2018",Z02,Yes,1000,EA,Yes,--,VIRTUAL_PACKING,Yes,137.0,KGM,0.959,MTQ,240,HBW,PHARMACEUTICALS,No,--,--,Z1,--
S4410021,"Book,exercise,A4,ruled-8mm,96 pgs/PAC-10",Z01,No,1000,PAC,No,--,SHORT_LINE,Yes,2.236,KGM,4.455,DMQ,--,HBW,--,No,--,10,--,--
S4416397,"Chalk,assorted colours/BOX-100",Z01,No,1000,BOX,No,--,SHORT_LINE,Yes,1.179,KGM,1.494,DMQ,--,HBW,--,No,--,10,--,--
S4416503,"Blackboard, double-sided, 1160 x 760 mm",Z01,No,1000,EA,No,--,SHORT_LINE,Yes,3.896,KGM,8.163,DMQ,--,HBW,--,No,--,10,--,--
S4416506,Duster/wiper for Blackboard,Z01,No,1000,EA,No,--,SHORT_LINE,Yes,0.073,KGM,0.516,DMQ,--,HBW,--,No,--,10,--,--
S4418400,"Compass,plastic, for Blackboard, 45cm",Z01,No,1000,EA,No,--,SHORT_LINE,Yes,0.119,KGM,0.628,DMQ,--,HBW,--,No,--,10,--,--
S4410023,"Book,exercise,A5,Séyès-2mm,48 pgs/PAC-20",Z01,No,1000,PAC,No,--,SHORT_LINE,Yes,1.251,KGM,2.6,DMQ,--,HBW,--,No,--,10,--,--
S4460006,"Pen,ball-point,red/BOX-10",Z01,No,1000,BOX,No,--,SHORT_LINE,Yes,0.048,KGM,0.234,DMQ,--,HBW,--,No,--,10,--,--
S4461002,"White pencil for slates,BOX-20",Z01,No,1000,BOX,No,--,SHORT_LINE,Yes,0.119,KGM,0.324,DMQ,--,HBW,--,No,--,10,--,--
S4460701,"Pencil,HB grade,black lead/BOX-10",Z01,No,1000,BOX,No,--,SHORT_LINE,Yes,0.057,KGM,0.174,DMQ,--,HBW,--,No,--,10,--,--
S4420000,"Posters,plasticized paper,set of 3",Z01,No,1000,EA,No,--,SHORT_LINE,Yes,0.349,KGM,0.879,DMQ,--,HBW,--,No,--,10,--,--
S9906769,"Malawi,PHC package,version 2011",Z02,Yes,1000,EA,No,--,SHORT_LINE,No,47.0,KGM,0.182,MTQ,425,HBW,PHARMACEUTICALS,No,--,--,Z1,--
S5086011,"Tarpaulin,reinforc.,plastic,sheet,4x5m",Z01,No,1000,EA,No,--,SHORT_LINE,Yes,3.931,KGM,10.543,DMQ,--,HBW,--,No,--,10,--,--
S9906765,"Zimbabwe,PHC package,version 2011",Z02,Yes,1000,EA,No,--,SHORT_LINE,No,48.0,KGM,0.192,MTQ,425,HBW,PHARMACEUTICALS,No,--,--,Z1,--
S5090014,"LLIN,75d,blue,190x180x150cm LxWxH",Z01,No,1000,EA,No,--,SHORT_LINE,No,0.5,KGM,1.57,DMQ,--,HBW,--,No,--,10,--,--
S5090020,"LLIN,100d,white,190x180x150cm LxWxH",Z01,No,1000,EA,No,--,SHORT_LINE,Yes,0.62,KGM,2.4,DMQ,--,HBW,--,No,--,10,--,--
S9906773,"Somalia, HC Kit (B2)",Z02,No,1000,EA,No,--,SHORT_LINE,No,35.0,KGM,0.172,MTQ,--,HBW,--,No,--,--,--,--
S9991123,SUB 3/5 f.S9901026 IEHK2017 part 1,Z02,Yes,1000,EA,No,S9901026,LONG_LINE,Yes,30.0,KGM,0.12,MTQ,240,HBW,PHARMACEUTICALS,No,--,--,Z1,--
S8913802,"Stretchfoil,23my, for 250% pre stretch",Z04,No,1000,EA,No,--,SHORT_LINE,No,12.0,KGM,0,DMQ,--,HBW,--,Yes,--,--,--,--
S9907000,Nigeria Emergency Malaria Kit 2016,Z02,Yes,1000,EA,No,--,SHORT_LINE,No,7.5,KGM,0.048,MTQ,425,HBW,PHARMACEUTICALS,No,--,--,--,--
S0184500,"Table,examination,dismant,w/access",Z01,No,1000,EA,No,--,SHORT_LINE,No,40.0,KGM,186,DMQ,--,HBW,--,No,--,--,--,--
S8913710,Mecaleen film roll 400 x 0.07 mm,Z04,No,1000,KG,No,--,SHORT_LINE,No,1.0,KGM,0,DMQ,--,HBW,--,Yes,--,--,--,--
S8913850,"Staples 590/32, box of 2,500",Z04,No,1000,EA,No,--,SHORT_LINE,No,0.0,KGM,0,MTQ,--,HBW,--,Yes,--,--,--,--
S8913881,"Staples 140/8 for Rapid 34,box/1000",Z04,No,1000,EA,No,--,SHORT_LINE,No,1100.0,GRM,0.133,DMQ,--,HBW,--,Yes,--,--,--,--
S8913950,"PE strap, 12.7 x 0.59 mm",Z04,No,1000,ROL,No,--,SHORT_LINE,No,13.904,KGM,0.06,MTQ,--,HBW,--,Yes,--,--,--,--
S8913896,Laser range finder,Z01,No,1000,EA,No,--,SHORT_LINE,No,0.6,KGM,3.22,DMQ,--,HBW,--,No,--,10,--,--
S8913860,"Staples Lock 18, BOX 20",Z04,No,1000,EA,No,--,SHORT_LINE,Yes,18.15,KGM,0.018,MTQ,--,HBW,--,Yes,--,--,--,--
S8913880,"Stapler, Rapid 34, for wood",Z04,No,1000,EA,No,--,SHORT_LINE,No,0.0,GRM,0,DMQ,--,HBW,--,Yes,--,--,--,--
S8913897,Differential Thermometer,Z01,No,1000,EA,No,--,SHORT_LINE,No,0.0,GRM,0,DMQ,--,HBW,--,No,--,10,--,--
S8913711,"Poluthylene folie,  roll of 500 m",Z04,No,1000,ROL,No,--,SHORT_LINE,Yes,23.14,KGM,43.945,DMQ,--,HBW,--,Yes,--,--,--,--
S8913889,Chalk Line,Z01,No,1000,EA,No,--,SHORT_LINE,No,0.75,KGM,3.255,DMQ,--,HBW,--,No,--,10,--,--
S8913821,"String,polycord,450m/kg",Z04,No,1000,EA,No,--,SHORT_LINE,No,0.0,GRM,0,DMQ,--,HBW,--,Yes,--,--,--,--
S8913894,Cable tie (2.5 x 100 mm)/Pac-100,Z04,No,1000,EA,No,--,SHORT_LINE,Yes,28.0,GRM,0.503,DMQ,--,HBW,--,Yes,--,--,--,--
S8914101,Divider for S8914100,Z04,No,1000,EA,No,--,SHORT_LINE,No,0.044,KGM,0,MTQ,--,HBW,--,Yes,--,--,--,--
S8794220,"UNICEF Adult Polo-shirt, cyan blue,M",Z01,No,1000,EA,No,--,SHORT_LINE,Yes,299.0,GRM,2,DMQ,--,HBW,--,No,--,10,--,--
S8791100,"Banner,UNICEF,100 x 150cm",Z01,No,1000,EA,No,--,SHORT_LINE,No,0.285,KGM,1.865,DMQ,--,HBW,--,No,--,10,--,--
S8794222,"UNICEF Adult Polo-shirt, cyan blue,XL",Z01,No,1000,EA,No,--,SHORT_LINE,Yes,360.0,GRM,2.342,DMQ,--,HBW,--,No,--,10,--,--
S8760014,"Decal,UNICEF,vehicle,small,693x196mm",Z01,No,1000,EA,No,--,SHORT_LINE,Yes,0.038,KGM,0.068,DMQ,--,HBW,--,No,--,10,--,--
S8791300,"Banner,UNICEF,150 x 225cm",Z01,No,1000,EA,No,--,SHORT_LINE,Yes,0.512,KGM,3.317,DMQ,--,HBW,--,No,--,10,--,--
S8794210,"UNICEF T-shirt, cyan blue,cotton,L",Z01,No,1000,EA,No,--,SHORT_LINE,Yes,0.219,KGM,1.368,DMQ,--,HBW,--,No,--,10,--,--
S8794209,"UNICEF T-shirt,cyan blue,cotton,M",Z01,No,1000,EA,No,--,SHORT_LINE,Yes,0.204,KGM,1.389,DMQ,--,HBW,--,No,--,10,--,--
S9999946,"Prepack 1/3 IEHK2006,1-drugs S9906623",Z02,Yes,1000,EA,No,--,MINILOAD,No,3.0,KGM,0.015,MTQ,240,HBW,PHARMACEUTICALS,No,--,10,Z1,--
S9999948,"Prepack 3/3 IEHK2006,1-drugs S9906623",Z02,Yes,1000,EA,No,--,MINILOAD,No,3.0,KGM,0.021,MTQ,425,HBW,PHARMACEUTICALS,No,--,10,Z1,--
S9999996,Recreation kit-prepack for 9935025   (I),Z02,No,1000,EA,No,--,MINILOAD,No,7.0,KGM,3.069,DMQ,--,HBW,--,No,--,10,--,--
W9200024,"Bucket, Heavy Duty Plastic, 15L",Z11,Yes,1100,EA,No,--,SHORT_LINE,Yes,0.989,KGM,0.01,MTQ,--,HBW,CPH_UNHCR,No,--,--,--,--
S9999994,Sub 2/10 Obstetric S9908300(i) part 2,Z02,Yes,1000,EA,No,S9908300,LONG_LINE,Yes,23.0,KGM,0.12,MTQ,240,HBW,PHARMACEUTICALS,No,--,10,Z1,--
W9200005,"Kitchen set, type B",Z11,Yes,1100,SET,No,--,SHORT_LINE,Yes,7.188,KGM,21.361,DMQ,--,HBW,CPH_UNHCR,No,--,--,--,--
W9200015,"Plast Tarp, fire retardant 4x5 m",Z11,Yes,1100,EA,No,--,SHORT_LINE,Yes,3.866,KGM,0.01,MTQ,--,HBW,CPH_UNHCR,No,--,--,--,--
W9200030,Family Tents,Z11,Yes,1100,EA,No,--,SHORT_LINE,Yes,56.0,KGM,0.082,MTQ,--,BLK,CPH_UNHCR,No,--,--,--,--
S9999947,"Prepack 2/3 IEHK2006,1-drugs S9906623",Z02,Yes,1000,EA,No,--,MINILOAD,No,3.0,KGM,0.015,MTQ,240,HBW,PHARMACEUTICALS,No,--,10,Z1,--
S9999955,Prepack 1/1 Essential drugs kit Ethiopia,Z02,Yes,1000,EA,No,--,SHORT_LINE,No,3.0,KGM,0.003,MTQ,425,HBW,PHARMACEUTICALS,No,--,10,Z1,--
S9999991,Education prepack 2 for new SIB  (I),Z02,No,1000,EA,No,--,MINILOAD,Yes,7.566,KGM,17.326,DMQ,--,HBW,--,No,--,10,--,--
S9999982,Prepack for ECD Kits,Z02,No,1000,EA,No,--,MINILOAD,No,15.0,KGM,0.022,MTQ,--,HBW,--,No,--,10,--,--
S9999990,Education prepack 1 for new SIB  (I),Z02,No,1000,EA,No,--,MINILOAD,Yes,10.274,KGM,25.367,DMQ,--,HBW,--,No,--,10,--,--
W9200006,"Jerrycan, semi collapsible, 10 ltr",Z11,Yes,1100,EA,No,--,SHORT_LINE,Yes,0.274,KGM,2.435,DMQ,--,HBW,CPH_UNHCR,No,--,--,--,--
S0114084,WHO wght/hght A4 Z score B&G Fre,Z01,No,1000,EA,No,--,SHORT_LINE,Yes,0.074,KGM,0.08,DMQ,--,HBW,--,No,--,10,--,--
S5088020,"Tent,light weight,rectangular,72m²",Z01,No,1000,EA,No,--,SHORT_LINE,No,350.0,KGM,1.436,MTQ,--,BLK,--,No,--,--,--,--
W9200004,"Plastic, sheet, blue/white, 4x5 m",Z11,Yes,1100,EA,No,--,SHORT_LINE,Yes,3.916,KGM,15.172,DMQ,--,HBW,CPH_UNHCR,No,--,--,--,--
W9400001,Oseltamivir (Tamiflu) 75mg caps/PAC-10,Z11,Yes,1100,PAC,No,--,SHORT_LINE,Yes,0.018,KGM,0.18,DMQ,240,HBW,PHARMACEUTICALS,No,--,--,Z1,--
S0531990,"Infusion giving set,w/burette,ster,s.u.",Z01,Yes,1000,EA,No,--,SHORT_LINE,Yes,0.103,KGM,1.305,DMQ,425,HBW,MEDICAL,No,--,10,--,--
S0531996,"Lancet,blood,ster,disp/PAC-200",Z01,Yes,1000,EA,No,--,SHORT_LINE,Yes,0.1,KGM,0.455,DMQ,425,HBW,MEDICAL,No,--,10,--,--
S0544000,"Razor,safety,metal,3-piece",Z01,No,1000,EA,No,--,SHORT_LINE,No,0.075,KGM,0.288,DMQ,--,HBW,--,No,--,10,--,--
S0552000,"Soap,toilet,bar,approx.100-110g,wrapped",Z01,No,1000,EA,No,--,SHORT_LINE,Yes,0.112,KGM,0.201,DMQ,--,HBW,--,No,--,10,--,--
S0539000,"Pin,safety,medium size/PAC-12",Z01,No,1000,EA,No,--,SHORT_LINE,Yes,0.009,KGM,0.042,DMQ,--,HBW,--,No,--,10,--,--
S0564050,"Sut,abs,DEC4,need 1/2 30mm,round/BOX-36",Z01,Yes,1000,BOX,No,--,SHORT_LINE,Yes,0.215,KGM,1.948,DMQ,425,HBW,MEDICAL,No,--,10,--,--
S0565030,"Sut,nonabs,DEC2,need 3/8 18mm,tri/BOX-36",Z01,Yes,1000,BOX,No,--,SHORT_LINE,Yes,0.213,KGM,1.804,DMQ,425,HBW,MEDICAL,No,--,10,--,--
S0566005,"Tape umbilical,3mmx50m,non-ster",Z01,No,1000,EA,No,--,SHORT_LINE,Yes,0.057,KGM,0.387,DMQ,--,HBW,--,No,--,10,--,--
S0565800,"Bracelet,identification,newborn/BOX-50",Z01,No,1000,BOX,No,--,SHORT_LINE,Yes,0.2,KGM,0.64,DMQ,--,HBW,--,No,--,10,--,--
S0565040,"Sut,nonabs,DEC4,need 1/2 30mm,rnd/BOX-36",Z01,Yes,1000,BOX,No,--,SHORT_LINE,Yes,0.248,KGM,2.131,DMQ,425,HBW,MEDICAL,No,--,10,--,--
S0565850,"Razor,single edge,plastic,s.u./PAC-10",Z01,No,1000,PAC,No,--,SHORT_LINE,Yes,0.112,KGM,1.018,DMQ,--,HBW,--,No,--,10,--,--
S0572510,"Blanket,survival,220x140cm",Z01,No,1000,EA,No,--,SHORT_LINE,Yes,0.048,KGM,0.198,DMQ,--,HBW,--,No,--,10,--,--
S0575000,"Towel,huck,430 x 500mm",Z01,No,1000,EA,No,--,SHORT_LINE,No,0.069,KGM,0.276,DMQ,--,HBW,--,No,--,10,--,--
S0330120,"Gloves,gyn,pwdfree,large,ster,s.u.,pair",Z01,Yes,1000,EA,No,--,SHORT_LINE,Yes,0.069,KGM,0.479,DMQ,425,HBW,MEDICAL,No,--,10,--,--
S0383000,"Tube,endotrach,3,w/o cuff,ster,disp",Z01,Yes,1000,EA,No,--,SHORT_LINE,Yes,0.029,KGM,0.656,DMQ,425,HBW,MEDICAL,No,--,10,--,--
S0374030,"Tube,suction,CH16,L50cm,ster,disp",Z01,Yes,1000,EA,No,--,SHORT_LINE,Yes,0.017,KGM,0.136,DMQ,425,HBW,MEDICAL,No,--,10,--,--
S0390030,"Airway,Guedel,size 1",Z01,No,1000,EA,No,--,SHORT_LINE,No,0.036,KGM,0.432,DMQ,--,HBW,--,No,--,10,--,--
S8760001,"Decal,UNICEF,equip.,small,sheet of 10",Z01,No,1000,EA,No,--,SHORT_LINE,Yes,0.005,KGM,0.02,DMQ,--,HBW,--,No,--,10,--,--
S8790700,"Flag set,desk,UNICEF",Z01,No,1000,EA,No,--,SHORT_LINE,Yes,0.38,KGM,2.911,DMQ,--,HBW,--,No,--,10,--,--
S1531009,Azithromycin 250mg tablets/PAC-6,Z01,Yes,1000,PAC,No,--,SHORT_LINE,Yes,0.013,KGM,0.111,DMQ,425,HBW,PHARMACEUTICALS,No,--,10,Z1,--
S0782142,"Syringe,A-D,0.2ml,/BOX-100",Z01,Yes,1000,BOX,No,--,SHORT_LINE,No,0.436,KGM,2.951,DMQ,425,HBW,MEDICAL,No,--,--,--,--
S0370132,"Face mask, non-rebreather, child, s.u.",Z01,Yes,1000,EA,No,--,SHORT_LINE,No,0.15,KGM,0.9,DMQ,425,HBW,MEDICAL,No,--,--,--,--
S6780205,"Mask,surgical,disp/BOX-50",Z01,No,1000,BOX,No,--,SHORT_LINE,No,0.0,GRM,2.624,DMQ,--,HBW,--,No,--,10,Z1,--
S5006019,"Water tank,collapsible,5000l,w/dist.kit",Z01,No,1000,EA,No,--,SHORT_LINE,Yes,105.971,KGM,652.543,DMQ,--,HBW,--,No,--,10,--,--
S0575060,"Plastic Mat w/o logo,1.8 x 0.9m/BALE-25",Z01,No,1000,BOX,No,--,SHORT_LINE,Yes,21.57,KGM,0.177,MTQ,--,HBW,--,No,--,10,--,--
S0584610,"Paracheck Mal. Pf cassette vrs.3,kit/25",Z01,Yes,1000,EA,No,--,SHORT_LINE,Yes,0.387,KGM,3.017,DMQ,240,HBW,PHARMACEUTICALS,No,--,10,Z1,--
S1561140,ORS low osm. 10.2g/0.5L CAR/10x100,Z01,Yes,1000,CAR,No,--,SHORT_LINE,Yes,18.31,KGM,85.225,DMQ,425,HBW,PHARMACEUTICALS,No,--,10,Z1,--
S1561132,ORS low osm. flavour10.2g/0.5L CAR10x100,Z01,Yes,1000,CAR,No,--,SHORT_LINE,Yes,14.275,KGM,46.22,DMQ,425,HBW,PHARMACEUTICALS,No,--,10,Z1,--
S6780206,"Condom,male/PAC-144",Z01,No,1000,PAC,No,--,SHORT_LINE,No,1.0,GRM,2.985,DMQ,--,HBW,--,No,--,10,--,--
S1532001,Chloroquin base 150mg tabs/PAC-100x10 gp,Z01,Yes,1000,PAC,No,--,SHORT_LINE,No,0.736,KGM,34.65,DMQ,425,HBW,PHARMACEUTICALS,No,--,10,Z1,--
S0370133,"Face mask, non-rebreather, adult, s.u.",Z01,Yes,1000,EA,No,--,SHORT_LINE,No,0.15,KGM,0.9,DMQ,425,HBW,MEDICAL,No,--,--,--,--
S1560609,Quinine sulfate 300mg tabs/PAC-10x10 gp,Z01,Yes,1000,PAC,No,--,SHORT_LINE,No,0.091,KGM,0.469,DMQ,425,HBW,PHARMACEUTICALS,No,--,10,Z1,--
S4492140,"ECD Activity Guide, ECD kit,Arabic",Z01,No,1000,EA,No,--,SHORT_LINE,Yes,0.629,KGM,1.635,DMQ,--,HBW,--,No,--,10,--,--
S4492100,"ECD Activity Guide, ECD kit,English",Z01,No,1000,EA,No,--,SHORT_LINE,Yes,0.629,KGM,1.626,DMQ,--,HBW,--,No,--,10,--,--
S4492110,"ECD Activity Guide, ECD kit,French",Z01,No,1000,EA,No,--,SHORT_LINE,Yes,0.626,KGM,1.624,DMQ,--,HBW,--,No,--,10,--,--
S4492120,"ECD Activity Guide, ECD kit,Portuguese",Z01,No,1000,EA,No,--,SHORT_LINE,No,0.0,KGM,0,DMQ,--,HBW,--,No,--,10,--,--
S1551052,"Heparin 5000IU/ml inj, 5ml vial/PAC-25",Z01,Yes,1000,EA,No,--,SHORT_LINE,No,0.54,KGM,0.83,DMQ,425,HBW,PHARMACEUTICALS,No,--,10,Z1,--
S9999999,Set header material,Z03,No,1000,EA,No,--,SHORT_LINE,No,0.002,KGM,0,DMQ,--,HBW,--,No,--,--,--,--
S1564320,Sod.chloride inj.0.9% 10ml/BOX-5,Z01,Yes,1000,BOX,No,--,SHORT_LINE,Yes,0.097,KGM,0.499,DMQ,425,HBW,PHARMACEUTICALS,No,--,10,Z1,--
S6960000,First responder kit TT500,Z01,Yes,1000,EA,No,--,SHORT_LINE,Yes,48.558,KGM,0.438,MTQ,--,HBW,CPH_IT,No,--,10,--,--
S6940000,VSAT QD Antenna block,Z01,Yes,1000,EA,No,--,SHORT_LINE,Yes,300.2,KGM,2.898,MTQ,--,HBW,CPH_IT,No,--,10,--,--
S6950000,IRT ICT team kit,Z01,Yes,1000,EA,No,--,SHORT_LINE,Yes,28.937,KGM,0.443,MTQ,--,HBW,CPH_IT,No,--,10,--,--
S6990000,Spare telecom hardware,Z01,Yes,1000,EA,No,--,SHORT_LINE,Yes,72.534,KGM,0.732,MTQ,--,HBW,CPH_IT,No,--,10,--,--
S6970000,Wireless LAN equipment,Z01,Yes,1000,EA,No,--,SHORT_LINE,Yes,0.0,KGM,0,MTQ,--,HBW,CPH_IT,No,--,10,--,--
S6980000,Learning kit,Z01,Yes,1000,EA,No,--,SHORT_LINE,Yes,60.816,KGM,0.487,MTQ,--,HBW,CPH_IT,No,--,10,--,--
S1555420,Fluconazole 150mg caps/PAC-100,Z01,Yes,1000,PAC,No,--,SHORT_LINE,Yes,0.172,KGM,1.461,DMQ,425,HBW,PHARMACEUTICALS,No,--,10,Z1,--
S9999781,Prepack 1/4 Malawi 2014 S9906786,Z02,Yes,1000,EA,No,--,MINILOAD,No,2.9,KGM,0.015,MTQ,425,HBW,PHARMACEUTICALS,No,--,10,Z1,--
S9999784,Prepack 3/3 Malawi 2014 S9906787,Z02,Yes,1000,EA,No,--,SHORT_LINE,No,2.4,KGM,0.014,MTQ,425,HBW,PHARMACEUTICALS,No,--,10,Z1,--
S0523050,"Compress,paraffin,10x10cm,ster/BOX-10",Z01,Yes,1000,EA,No,--,SHORT_LINE,Yes,0.118,KGM,0.452,DMQ,425,HBW,MEDICAL,No,--,10,--,--
S0523055,"Compress,gauze,10x10cm,ster/PAC-5",Z01,Yes,1000,PAC,No,--,SHORT_LINE,Yes,0.025,KGM,0.357,DMQ,425,HBW,MEDICAL,No,--,10,--,--
S0564030,"Sut,abs,DEC3,spool/BOX-36",Z01,Yes,1000,BOX,No,--,SHORT_LINE,Yes,0.206,KGM,1.909,DMQ,425,HBW,MEDICAL,No,--,10,--,--
S0564040,"Sut,abs,DEC4,need 3/8 50mm,round/BOX-36",Z01,Yes,1000,BOX,No,--,SHORT_LINE,Yes,0.219,KGM,1.848,DMQ,425,HBW,MEDICAL,No,--,10,--,--
S0567000,"Tape measure,tailor's,fibreglass,1.5m",Z01,No,1000,EA,No,--,SHORT_LINE,No,0.019,KGM,0.043,DMQ,--,HBW,--,No,--,10,--,--
S0566010,"Clamp,umbilical cord,ster,s.u.",Z01,Yes,1000,EA,No,--,SHORT_LINE,Yes,0.004,KGM,0.044,DMQ,425,HBW,MEDICAL,No,--,10,--,--
S0621000,"Tongue depressor,wooden,disp/BOX-500",Z01,No,1000,BOX,No,--,SHORT_LINE,Yes,0.53,KGM,1.53,DMQ,--,HBW,--,No,--,10,--,--
S0660050,"Otoscope, set.",Z01,No,1000,EA,No,--,SHORT_LINE,Yes,0.702,KGM,4.002,DMQ,--,HBW,--,No,--,10,--,--
S0661500,"Ophthalmoscope,set",Z01,No,1000,EA,No,--,SHORT_LINE,Yes,1.237,KGM,5.34,DMQ,--,HBW,--,No,--,10,--,--
S0709210,"Cannula,IV short,18G,ster,disp",Z01,Yes,1000,EA,No,--,SHORT_LINE,Yes,0.006,KGM,0.059,DMQ,425,HBW,MEDICAL,No,--,10,--,--
S0686000,"Stethoscope,binaural,complete",Z01,No,1000,EA,No,--,SHORT_LINE,Yes,0.409,KGM,3.28,DMQ,--,HBW,--,No,--,10,--,--
S0709200,"Cannula,IV short,16G,ster,disp",Z01,Yes,1000,EA,No,--,SHORT_LINE,Yes,0.007,KGM,0.062,DMQ,425,HBW,MEDICAL,No,--,10,--,--
S0683200,"Sphygmomanometer,(adult),aneroid",Z01,No,1000,EA,No,--,SHORT_LINE,Yes,0.468,KGM,2.527,DMQ,--,HBW,--,No,--,10,--,--
S0683300,"Sphygmomanometer,(child),aneroid",Z01,No,1000,EA,No,--,SHORT_LINE,Yes,0.429,KGM,2.273,DMQ,--,HBW,--,No,--,10,--,--
S0709220,"Cannula,IV short,20G,ster,disp",Z01,Yes,1000,EA,No,--,SHORT_LINE,Yes,0.006,KGM,0.058,DMQ,425,HBW,MEDICAL,No,--,10,--,--
S0686500,"Stethoscope,foetal,Pinard",Z01,No,1000,EA,No,--,SHORT_LINE,Yes,0.043,KGM,0.65,DMQ,--,HBW,--,No,--,10,--,--
S0709230,"Cannula,IV short,24G,ster,disp",Z01,Yes,1000,EA,No,--,SHORT_LINE,Yes,0.007,KGM,0.062,DMQ,425,HBW,MEDICAL,No,--,10,--,--
S0782420,"Syringe,disp,20ml,ster/BOX-80",Z01,Yes,1000,BOX,No,--,SHORT_LINE,No,1.04,KGM,7.9,DMQ,425,HBW,PHARMACEUTICALS,No,--,--,--,--
S0538101,"Notepad,plain,100 sheets,A6 size/PAC-10",Z01,No,1000,PAC,No,--,SHORT_LINE,Yes,1.02,KGM,2.219,DMQ,--,HBW,--,No,--,10,--,--
S5010265,"Flak Jacket,NIJ III,FEMALE,size L(B cup)",Z01,No,1000,EA,No,--,SHORT_LINE,Yes,11.116,KGM,137.202,DMQ,--,HBW,--,No,--,10,--,--
S5010269,"Flak Jacket,NIJ III,FEMALE,size XXXL",Z01,No,1000,EA,No,--,SHORT_LINE,Yes,13.718,KGM,222.742,DMQ,--,HBW,--,No,--,10,--,--
S5010267,"Flak Jacket,NIJ III,FEMALE,size XL",Z01,No,1000,EA,No,--,SHORT_LINE,Yes,13.052,KGM,149.245,DMQ,--,HBW,--,No,--,10,--,--
S9996701,PP2/4  SUB2 S.Sudan HealthEmerg S9906739,Z02,Yes,1000,EA,No,--,SHORT_LINE,No,0.0,KGM,0,MTQ,425,HBW,--,No,--,--,--,--
S9996702,PP3/4  SUB2 S.Sudan HealthEmerg S9906739,Z02,Yes,1000,EA,No,--,SHORT_LINE,No,0.0,KGM,0,MTQ,425,HBW,--,No,--,--,--,--
S5031000,"Survival kit w/backpack,with metal trunk",Z01,No,1000,EA,No,--,SHORT_LINE,No,40.0,KGM,156.948,DMQ,--,HBW,--,No,--,10,--,--
S5085500,"Portable Warehouse,GI/Alu+PVC,24x10m",Z01,No,1000,EA,Yes,--,SHORT_LINE,No,1936.0,KGM,6.317,MTQ,--,BLK,--,No,--,10,--,--
S9004801,"Double-wall ctn.60x40x20 cm, 0.048 m3",Z04,No,1000,EA,No,--,SHORT_LINE,No,1.991,KGM,0.019,MTQ,--,HBW,--,Yes,0.048,--,--,--
S9010633,"Double-wall ctn.80x40x33 cm, 0.106 m3",Z04,No,1000,EA,No,--,SHORT_LINE,Yes,2.896,KGM,0.019,MTQ,--,HBW,--,Yes,0.106,--,--,--
S9012013,Corrugated ring for S9012012,Z04,No,1000,EA,No,--,SHORT_LINE,Yes,0.966,KGM,0.002,MTQ,--,BLK,--,Yes,--,--,--,--
S9008034,"Double-wall ctn.60x40x33.3 cm, 0.08 m3",Z04,No,1000,EA,No,--,SHORT_LINE,Yes,2.307,KGM,0.019,MTQ,--,HBW,--,Yes,0.079,--,--,--
S9006700,"Double-wall ctn.73x34x27 cm, 0.073m3",Z04,No,1000,EA,No,--,SHORT_LINE,Yes,2.017,KGM,0.026,MTQ,--,HBW,--,Yes,0.067,--,--,--
S9012012,"Double-wall ctn.80x60x25 cm, 0.120 m3",Z04,No,1000,EA,No,--,SHORT_LINE,Yes,0.0,KGM,0.12,MTQ,--,BLK,--,Yes,0.12,--,--,--
S8902062,LabelsA6-Red-Man.Printers-Land.,Z04,No,1000,ROL,No,--,SHORT_LINE,No,2.708,KGM,12.475,DMQ,--,HBW,--,Yes,--,--,--,--
S9201080,Working trousers (warehouse) size 46,Z04,No,1000,EA,No,--,SHORT_LINE,No,0.1,KGM,0,DMQ,--,HBW,--,Yes,--,--,--,--
S9203081,"T-Shirt, cyan blue w/logo, Size S",Z04,No,1000,EA,No,--,SHORT_LINE,Yes,0.0,GRM,0,DMQ,--,HBW,--,Yes,--,--,--,--
S9203084,"T-Shirt, cyan blue w/logo, Size XL",Z01,No,1000,EA,No,--,SHORT_LINE,Yes,0.0,GRM,0,DMQ,--,HBW,--,No,--,10,--,--
S9203182,"Poloshirt with short sleeves, Size L",Z01,No,1000,EA,No,--,SHORT_LINE,Yes,317.0,GRM,3.624,DMQ,--,HBW,--,No,--,10,--,--
S0544210,"Register,A4,squared,80 pgs/PAC-10",Z01,No,1000,PAC,No,--,SHORT_LINE,Yes,2.017,KGM,0.004,MTQ,--,HBW,--,No,--,10,--,--
S0557000,"Scale,spring type,infant,5kgx25g",Z01,No,1000,EA,No,--,SHORT_LINE,Yes,0.152,KGM,0.533,DMQ,--,HBW,--,No,--,10,--,--
S0557200,"Weighing sling,infant,5kg",Z01,No,1000,EA,No,--,SHORT_LINE,Yes,0.125,KGM,0.711,DMQ,--,HBW,--,No,--,10,--,--
S0564011,"Sut,abs,DEC2,need 3/8 18mm,round/BOX-36",Z01,Yes,1000,BOX,No,--,SHORT_LINE,Yes,0.201,KGM,1.81,DMQ,425,HBW,MEDICAL,No,--,10,--,--
S0564004,"Sut,abs,DEC2,need 3/8 26mm,tri/BOX-36",Z01,Yes,1000,BOX,No,--,SHORT_LINE,Yes,0.201,KGM,1.79,DMQ,425,HBW,MEDICAL,No,--,10,--,--
S1572010,Thiamine 50mg tabs/PAC-100,Z01,Yes,1000,PAC,No,--,SHORT_LINE,Yes,0.15,KGM,0.06,DMQ,425,HBW,PHARMACEUTICALS,No,--,10,Z1,--
S1588360,Water purif.(NaDCC) 1.67g tabs/PAC-200,Z01,Yes,1000,PAC,No,--,SHORT_LINE,Yes,0.805,KGM,2.165,DMQ,425,HBW,PHARMACEUTICALS,No,--,10,--,--
S1588345,Water purif.(NaDCC) 67mg tabs/BOX-16000,Z01,Yes,1000,BOX,No,--,SHORT_LINE,Yes,6.78,KGM,0.065,MTQ,425,HBW,PHARMACEUTICALS,No,--,10,--,--
S0564012,"Sut,abs,DEC3,need 1/2 30mm,round/BOX-36",Z01,Yes,1000,BOX,No,--,SHORT_LINE,Yes,0.203,KGM,1.807,DMQ,425,HBW,MEDICAL,No,--,10,--,--
S0557100,"Birthweight indicator,springtype 2.5kg",Z01,No,1000,EA,No,--,SHORT_LINE,No,0.115,KGM,0.433,DMQ,--,HBW,--,No,--,10,--,--
S0558100,"Indicator,TST control spot/PAC-300",Z01,Yes,1000,PAC,No,--,SHORT_LINE,Yes,0.071,KGM,0.709,DMQ,425,HBW,MEDICAL,No,--,10,--,--
S0565020,"Sut,nonabs,DEC1,need 1/2 13mm,rnd/BOX-36",Z01,Yes,1000,BOX,No,--,SHORT_LINE,Yes,0.213,KGM,1.833,DMQ,425,HBW,MEDICAL,No,--,10,--,--
S0565011,"Sut,nonabs,DEC3,need 3/8 30mm,tri/BOX-36",Z01,Yes,1000,BOX,No,--,SHORT_LINE,Yes,0.215,KGM,1.867,DMQ,425,HBW,MEDICAL,No,--,10,--,--
S0709225,"Cannula,IV short,22G,ster,disp",Z01,Yes,1000,EA,No,--,SHORT_LINE,Yes,0.006,KGM,0.06,DMQ,425,HBW,MEDICAL,No,--,10,--,--
S1400201,Zidovudine oral sol.10mg/ml/BOT-240ml gb,Z01,Yes,1000,EA,No,--,SHORT_LINE,No,0.345,KGM,0.7,DMQ,240,HBW,PHARMACEUTICALS,No,--,10,Z1,--
S1400183,Zidovudine 100mg caps/PAC-100         gb,Z01,Yes,1000,EA,No,--,SHORT_LINE,Yes,0.247,KGM,5.797,DMQ,425,HBW,PHARMACEUTICALS,No,--,10,Z1,--
S0584005,"Test strip,urine,gluc/prot,box-100",Z01,Yes,1000,PAC,No,--,SHORT_LINE,Yes,0.1,KGM,0.1,DMQ,425,HBW,MEDICAL,No,--,10,Z1,--
S0584500,"HCG urine pregnancy test strip, pack/1",Z01,Yes,1000,EA,No,--,SHORT_LINE,No,0.277,KGM,0.002,DMQ,240,HBW,MEDICAL,No,--,10,Z1,--
S0630010,"Flashlight,pre-focused",Z01,No,1000,EA,No,--,SHORT_LINE,Yes,0.108,KGM,0.822,DMQ,--,HBW,--,No,--,10,--,--
W9200003,Pre.-Fab. Warehouse,Z11,Yes,1100,EA,Yes,--,SHORT_LINE,No,1897.0,KGM,5.378,MTQ,--,BLK,CPH_UNHCR,No,--,--,--,--
S6780204,Ibuprofen 200mg tablets/PAC-1000,Z01,Yes,1000,PAC,No,--,SHORT_LINE,No,0.711,KGM,3.856,DMQ,425,HBW,PHARMACEUTICALS,No,--,10,Z1,--
S8903055,"Plastic foil f. auto wrapper, campus 2",Z04,No,1000,ROL,No,--,SHORT_LINE,Yes,18.027,KGM,0.038,MTQ,--,HBW,--,Yes,--,--,--,--
S4411010,"Book,drawing,A5,plain,96 pgs/PAC-10",Z01,No,1000,PAC,No,--,SHORT_LINE,Yes,1.737,KGM,3.451,DMQ,--,HBW,--,No,--,10,--,--
S0531991,"Infusion giving set,sterile,s.u.",Z01,Yes,1000,EA,No,--,SHORT_LINE,Yes,0.029,KGM,0.265,DMQ,425,HBW,MEDICAL,No,--,10,--,--
S8903060,Top plast.foil f auto wrapper width 1600,Z04,No,1000,ROL,No,--,SHORT_LINE,Yes,38.0,KGM,0.072,MTQ,--,BLK,--,Yes,--,--,--,--
S0156000,"Sterilizer,steam,39L",Z01,No,1000,EA,No,--,SHORT_LINE,Yes,22.562,KGM,179.566,DMQ,--,HBW,--,No,--,10,--,--
S0237000,"Bowl,stainless steel,180ml",Z01,No,1000,EA,No,--,SHORT_LINE,Yes,0.079,KGM,0.191,DMQ,--,HBW,--,No,--,10,--,--
S0361020,"Drawsheet,plastic,90x180cm",Z01,No,1000,EA,No,--,SHORT_LINE,Yes,0.213,KGM,0.478,DMQ,--,HBW,--,No,--,10,--,--
S0390050,"Airway,Guedel,size 3",Z01,No,1000,EA,No,--,SHORT_LINE,No,0.044,KGM,0.541,DMQ,--,HBW,--,No,--,10,--,--
S0481053,"Thermometer,clinical,digital,32-43ºC",Z01,No,1000,EA,No,--,SHORT_LINE,Yes,0.0,KGM,0,DMQ,--,HBW,--,No,--,10,--,3481
S0107700,"Drum,sterilizing,260mm diam",Z01,No,1000,EA,No,--,SHORT_LINE,Yes,1.434,KGM,18.5,DMQ,--,HBW,--,No,--,10,--,--
S0333500,"Jar,forceps,pp,180mm,w/o cover",Z01,No,1000,EA,No,--,SHORT_LINE,Yes,0.118,KGM,1.243,DMQ,--,HBW,--,No,--,10,--,--
S0370500,"Tube,asp/feed,CH16,L125cm,ster,disp",Z01,Yes,1000,EA,No,--,SHORT_LINE,Yes,0.036,KGM,0.326,DMQ,425,HBW,MEDICAL,No,--,10,--,--
S0383030,"Tube,endotrach,7,w/cuff,ster,disp",Z01,Yes,1000,EA,No,--,SHORT_LINE,Yes,0.052,KGM,1.08,DMQ,425,HBW,MEDICAL,No,--,10,--,--
S0327500,"Gloves,surg,pwdfree,6.5,ster,s.u.,pair",Z01,Yes,1000,EA,No,--,SHORT_LINE,Yes,0.036,KGM,0.214,DMQ,425,HBW,MEDICAL,No,--,10,--,--
S0722200,"Forceps,dressing,standard,250mm,str",Z01,No,1000,EA,No,--,SHORT_LINE,No,0.034,KGM,0.055,DMQ,--,HBW,--,No,--,10,--,--
S0141021,"Scale,electronic,mother/child,150kgx100g",Z01,No,1000,EA,No,--,SHORT_LINE,Yes,5.125,KGM,15.27,DMQ,--,HBW,--,No,--,10,--,9000
S9935030,Recreation kit mini version,Z02,No,1000,EA,No,--,LONG_LINE,Yes,9.0,KGM,0.06,MTQ,--,HBW,--,No,--,10,--,--
S4410030,"Book,exercise,A5,sqre,48 pgs,ARABIC/P-20",Z01,No,1000,PAC,No,--,SHORT_LINE,Yes,1.185,KGM,2.223,DMQ,--,HBW,--,No,--,10,--,--
S4410031,"Book,exercise,A4,ruled,96pgs,ARABIC/P-10",Z01,No,1000,PAC,No,--,SHORT_LINE,Yes,2.267,KGM,4.522,DMQ,--,HBW,--,No,--,10,--,--
S4410040,"Book,exercise,A5,ruled,48pgs,ARABIC/P-20",Z01,No,1000,PAC,No,--,SHORT_LINE,Yes,1.214,KGM,2.332,DMQ,--,HBW,--,No,--,10,--,--
S9935081,Arabic Student Kit Grade 5-8,Z02,No,1000,EA,No,--,LONG_LINE,Yes,31.4,KGM,105.6,DMQ,--,HBW,--,No,--,10,--,--
S9935082,Arabic Teacher's Kit,Z02,No,1000,EA,No,--,LONG_LINE,Yes,17.0,KGM,80,DMQ,--,HBW,--,No,--,10,--,--
S9935080,Arabic Student Kit Grade 1-4,Z02,No,1000,EA,No,--,LONG_LINE,Yes,19.444,KGM,0.107,MTQ,--,HBW,--,No,--,10,--,--
S2657209,"A1 Manila paper,assorted colors/PAC-80",Z01,No,1000,PAC,No,--,SHORT_LINE,Yes,3.729,KGM,10.858,DMQ,--,HBW,--,No,--,10,--,--
S2731220,"Hard surface Football, Size 4",Z01,No,1000,EA,No,--,SHORT_LINE,Yes,0.477,KGM,4.312,DMQ,--,HBW,--,No,--,10,--,--
S4417231,"Clock,teaching,wood or plastic,ARABIC",Z01,No,1000,EA,No,--,SHORT_LINE,Yes,0.311,KGM,2.748,DMQ,--,HBW,--,No,--,10,--,--
S4420001,"Posters, Arabic, 50x70cm",Z01,No,1000,EA,No,--,SHORT_LINE,Yes,0.346,KGM,0.924,DMQ,--,HBW,--,No,--,10,--,--
S5001300,"Bag,school,UNICEF,ARABIC,400x270x100mm",Z01,No,1000,EA,No,--,SHORT_LINE,Yes,0.401,KGM,0.002,MTQ,--,HBW,--,No,--,10,--,--
S1546310,Erythro.pdr/oral sus 125mg/5ml/BOT-100ml,Z01,Yes,1000,BOT,No,--,SHORT_LINE,Yes,0.164,KGM,0.586,DMQ,425,HBW,PHARMACEUTICALS,No,--,10,Z1,--
S1559355,Magn.sulph.inj 500mg/ml 10ml amp/BOX-10,Z01,Yes,1000,BOX,No,--,SHORT_LINE,Yes,0.254,KGM,1.059,DMQ,425,HBW,PHARMACEUTICALS,No,--,10,Z1,--
S1531515,Chlorhex.diglu.7.1%sol.cord c./BOT-10ml,Z01,Yes,1000,BOT,No,--,SHORT_LINE,Yes,0.026,KGM,0.13,DMQ,425,HBW,PHARMACEUTICALS,No,--,10,Z1,--
S7800240,"Therapeutic spread,sachet 92g/CAR-150",Z01,Yes,1000,CAR,No,--,SHORT_LINE,No,14.7,KGM,23.2,DMQ,425,HBW,PHARMACEUTICALS,No,--,10,Z1,--
S9999783,Prepack 2/3 Malawi 2014 S9906787,Z02,Yes,1000,EA,No,--,MINILOAD,No,3.5,KGM,0.015,MTQ,425,HBW,PHARMACEUTICALS,No,--,10,Z1,--
S9999782,Prepack 1/3 Malawi 2014 S9906787,Z02,Yes,1000,EA,No,--,MINILOAD,No,5.2,KGM,0.022,MTQ,425,HBW,PHARMACEUTICALS,No,--,10,Z1,--
S0782204,"Syringe,disp,1ml,ster/BOX-120",Z01,Yes,1000,BOX,No,--,SHORT_LINE,Yes,0.417,KGM,3,DMQ,425,HBW,MEDICAL,No,--,--,--,--
S1400581,Ritonavir 100mg tabs/PAC-60           pb,Z01,Yes,1000,EA,No,--,SHORT_LINE,No,0.113,KGM,0.687,DMQ,240,HBW,PHARMACEUTICALS,No,--,10,Z1,--
S1400598,ATV/r 300mg+100mg tabs/PAC-30         gb,Z01,Yes,1000,EA,No,--,SHORT_LINE,Yes,0.121,KGM,0.496,DMQ,425,HBW,PHARMACEUTICALS,No,--,10,Z1,--
S9906736,South Sudan PHCC Kit 2018- IV infusions,Z02,Yes,1000,EA,Yes,S9906735,VIRTUAL_PACKING,Yes,94.0,KGM,0.278,MTQ,425,HBW,PHARMACEUTICALS,No,--,--,Z1,--
S9906737,South Sudan PHCC Kit 2018-Med Dev & Diag,Z02,Yes,1000,EA,Yes,S9906735,VIRTUAL_PACKING,Yes,129.0,KGM,1.028,MTQ,240,HBW,PHARMACEUTICALS,No,--,--,Z1,--
S7800032,"Shoes, Gore Tex/CIK",Z01,No,1000,EA,No,--,SHORT_LINE,No,0.0,KGM,0,DMQ,--,HBW,--,No,--,--,--,--
S7800035,ABC 600mg+3TC 300mg tabs/PAC-30 pp - CIK,Z01,Yes,1000,EA,No,--,SHORT_LINE,No,0.07,KGM,0.5,DMQ,425,HBW,PHARMACEUTICALS,No,--,--,Z1,--
S7800034,Abacavir 300mg tabs/PAC-60 pp - CIK,Z01,Yes,1000,EA,No,--,SHORT_LINE,No,0.09,KGM,0.48,DMQ,425,HBW,PHARMACEUTICALS,No,--,--,Z1,--
S1400649,3TC30mg+AZT60mg disp. tabs/PAC-60 gb,Z01,Yes,1000,EA,No,--,SHORT_LINE,Yes,0.069,KGM,0.551,DMQ,425,HBW,PHARMACEUTICALS,No,--,10,Z1,--
S9999979,"E-p for S9935095, 84, 12, 98",Z02,No,1000,EA,No,--,MINILOAD,No,7.566,KGM,17.326,DMQ,--,HBW,--,No,--,10,--,--
S9906719,DPRK EM Kit 2018,Z02,Yes,1000,EA,No,--,LONG_LINE,Yes,23.37,KGM,0.129,MTQ,425,HBW,PHARMACEUTICALS,No,--,--,Z1,9001
S7800023,"Shape-sorter, app. 9 pcs",Z01,No,1000,EA,No,--,SHORT_LINE,No,0.375,KGM,3.72,DMQ,--,HBW,--,No,--,10,--,--
S9996716,SUB 7/7 Ethiopia Emerg. kit2019 S9906710,Z02,Yes,1000,EA,No,S9906710,SHORT_LINE,Yes,26.0,KGM,0.005,MTQ,425,HBW,MEDICAL,No,--,--,Z1,--
W9200033,Solar Lamp with DC/DC Charger/Adapter,Z11,Yes,1100,EA,No,--,SHORT_LINE,Yes,1.502,KGM,0.012,MTQ,--,HBW,CPH_UNHCR,No,--,--,--,--
S1552121,Sodium Chloride 0.9% 500ml bag/BOX-20,Z01,Yes,1000,BOX,No,--,SHORT_LINE,No,11.13,KGM,5,DMQ,425,HBW,PHARMACEUTICALS,No,--,--,Z1,--
S0845222,"Pulse oximeter,handheld,cont,w/RR&temp",Z01,Yes,1000,EA,No,--,SHORT_LINE,No,1.0,KGM,4.33,DMQ,425,HBW,MEDICAL,No,--,--,--,3481
S5088078,Electrical Lighting Kit# for HPT 72m2,Z01,No,1000,EA,No,--,SHORT_LINE,No,197.0,KGM,1.008,MTQ,--,HBW,--,No,--,--,--,--
S5088079,Solar Lighting Kit# for HPT 24m2,Z01,No,1000,EA,No,--,SHORT_LINE,No,140.0,KGM,0.635,DMQ,--,HBW,--,No,--,--,--,--
S5088082,Inner Liner # for HPT 24m2,Z01,No,1000,EA,No,--,SHORT_LINE,Yes,422.0,KGM,1.663,MTQ,--,HBW,--,No,--,--,--,--
S9986711,PP 1/5 F SUB 1/6 Ethiopia Emerg.S9906710,Z02,Yes,1000,EA,No,--,MINILOAD,No,4.0,KGM,0.021,MTQ,425,HBW,MEDICAL,No,--,--,Z1,--
S9986713,PP 3/5 F SUB 2/6 Ethiopia Emerg.S9906710,Z02,Yes,1000,EA,No,--,MINILOAD,No,0.0,KGM,0,MTQ,425,HBW,MEDICAL,No,--,--,Z1,--
S9999902,"Subkit 2/8 Malawi,PHC Phase I,V 2014",Z02,Yes,1000,EA,No,S9906786,LONG_LINE,Yes,26.0,KGM,0.12,MTQ,425,HBW,PHARMACEUTICALS,No,--,10,Z1,--
S9999904,"Subkit 4/8 Malawi,PHC Phase I,V 2014",Z02,Yes,1000,EA,No,S9906786,LONG_LINE,Yes,23.0,KGM,0.079,MTQ,425,HBW,PHARMACEUTICALS,No,--,10,Z1,--
S9999901,"Subkit 1/8 Malawi,PHC Phase I,V 2014",Z02,Yes,1000,EA,No,S9906786,LONG_LINE,Yes,25.0,KGM,0.12,MTQ,425,HBW,PHARMACEUTICALS,No,--,10,Z1,--
S9999903,"Subkit 3/8 Malawi,PHC Phase I,V 2014",Z02,Yes,1000,EA,No,S9906786,LONG_LINE,Yes,21.0,KGM,0.12,MTQ,425,HBW,PHARMACEUTICALS,No,--,10,Z1,--
S9999941,Prepack 1/3Midwifery-renewable S9902219,Z02,Yes,1000,EA,No,--,MINILOAD,No,3.0,KGM,21.46,DMQ,425,HBW,PHARMACEUTICALS,No,--,10,Z1,--
S9999943,Prepack 3/4Midwifery-renewable S9902219,Z02,Yes,1000,EA,No,--,MINILOAD,No,2.0,KGM,0.011,MTQ,425,HBW,PHARMACEUTICALS,No,--,10,Z1,--
S9999942,Prepack 2/3Midwifery-renewable S9902219,Z02,Yes,1000,EA,No,--,MINILOAD,No,3.0,KGM,15.36,DMQ,425,HBW,PHARMACEUTICALS,No,--,10,Z1,--
S1560602,Quinine DiHCl 600mg/2ml IV inj./BOX-100,Z01,Yes,1000,BOX,No,--,SHORT_LINE,No,0.72,KGM,3.8,DMQ,425,HBW,PHARMACEUTICALS,No,--,10,Z1,--
S8903068,PP Strapping (Polypropylene) for CII,Z04,No,1000,ROL,No,--,SHORT_LINE,Yes,11.655,KGM,0.054,MTQ,--,HBW,--,Yes,--,--,--,--
S9991127,P 2/2 300 x S0531991 f  IEHK2017,Z02,Yes,1000,EA,No,S9991125,LONG_LINE,No,10.6,KGM,0.08,MTQ,425,HBW,PHARMACEUTICALS,No,--,--,--,--
S6780358,"Mask,surgic,typeIIR,ear loop,disp.pack50",Z01,Yes,1000,EA,No,--,SHORT_LINE,Yes,0.253,KGM,2.221,DMQ,425,HBW,MEDICAL,No,--,--,--,--
S0101706,"Urinal, handheld, male, 1L",Z01,No,1000,EA,No,--,SHORT_LINE,No,0.0,KGM,0,MTQ,425,HBW,MEDICAL,No,--,--,--,--
S8902070,"TSS WebloggerII E006/043,2-8°C,Insulin",Z04,No,1000,EA,No,--,SHORT_LINE,Yes,0.666,KGM,0.1,DMQ,--,HBW,--,Yes,--,--,--,--
S9009002,Case non-standard (Alu-box),Z04,No,1000,EA,No,--,SHORT_LINE,No,0.0,KGM,0,MTQ,--,HBW,--,Yes,--,--,--,--
S8903002,"Tape,white,w/UNICEF logo,50mmx66m",Z01,No,1000,ROL,No,--,SHORT_LINE,Yes,0.236,KGM,1.678,DMQ,--,HBW,--,No,--,10,--,--
S8902043,LabelsA6-White-Auto.Printers-Portr.,Z04,No,1000,ROL,No,--,SHORT_LINE,Yes,9.41,KGM,0.047,MTQ,--,HBW,--,Yes,--,--,--,--
S8902044,LabelsA5-White-Auto.Printers-Land.,Z04,No,1000,ROL,No,--,SHORT_LINE,Yes,9.716,KGM,0.027,MTQ,--,HBW,--,Yes,--,--,--,--
S8902039,Thermal ribbon BLACK,Z04,No,1000,EA,No,--,SHORT_LINE,Yes,0.733,KGM,0.002,MTQ,--,HBW,--,Yes,--,--,--,--
S8902045,LabelsA6-Green-Auto.Printers-Portr.,Z04,No,1000,ROL,No,--,SHORT_LINE,No,12.95,KGM,0.06,MTQ,--,HBW,--,Yes,--,--,--,--
S1505099,Ampicillin pdr/inj 500mg vial/BOX-50,Z01,Yes,1000,BOX,No,--,SHORT_LINE,Yes,1.281,KGM,3.974,DMQ,425,HBW,PHARMACEUTICALS,No,--,10,Z1,--
S1555977,Paracetamol 100mg tabs/PAC-100,Z01,Yes,1000,PAC,No,--,SHORT_LINE,Yes,0.057,KGM,0.498,DMQ,425,HBW,PHARMACEUTICALS,No,--,10,Z1,--
S1555964,Paracetamol 500mg tabs/PAC-10x10,Z01,Yes,1000,PAC,No,--,SHORT_LINE,Yes,0.098,KGM,0.43,DMQ,425,HBW,PHARMACEUTICALS,No,--,10,Z1,--
S0782161,"Syringe,A-D,0.5ml,Anhui/BOX-100",Z01,Yes,1000,BOX,No,--,SHORT_LINE,No,0.43,KGM,2.615,DMQ,425,HBW,MEDICAL,No,--,10,--,--
S0145575,"Health card,white/BOX-500",Z01,No,1000,BOX,No,--,SHORT_LINE,Yes,2.126,KGM,4.284,DMQ,--,HBW,--,No,--,10,--,--
S0145576,"Sachet,health card,160x220mm/BOX-500",Z01,No,1000,BOX,No,--,SHORT_LINE,Yes,2.644,KGM,4.839,DMQ,--,HBW,--,No,--,10,--,--
S5085500.1,"Warehse pref.,portable,GI/Alu+PVC,24x10m",Z01,No,1000,EA,No,--,SHORT_LINE,Yes,481.0,KGM,1.056,MTQ,--,BLK,--,No,--,10,--,--
S5085500.2,"Warehse pref.,portable,GI/Alu+PVC,24x10m",Z01,No,1000,EA,No,--,SHORT_LINE,Yes,365.0,KGM,0.528,MTQ,--,BLK,--,No,--,10,--,--
S5085500.3,"Warehse pref.,portable,GI/Alu+PVC,24x10m",Z01,No,1000,EA,No,--,SHORT_LINE,Yes,1090.0,KGM,4.733,MTQ,--,BLK,--,No,--,10,--,--
S1560601,Quinine DiHCl 600mg/2ml IV inj./BOX-10,Z01,Yes,1000,BOX,No,--,SHORT_LINE,No,0.05,KGM,0.3,DMQ,425,HBW,PHARMACEUTICALS,No,--,10,Z1,--
S9999785,Prepack 1/1 IEHK 2.equip.S9906626,Z02,Yes,1000,EA,No,--,MINILOAD,No,4.0,KGM,15.36,DMQ,425,HBW,MEDICAL,No,--,10,--,--
S9999780,prepack 5/5 Malawi 2012 S9906779,Z02,Yes,1000,EA,No,--,BAGGING_LINE,No,2.758,KGM,0.008,MTQ,425,HBW,PHARMACEUTICALS,No,--,10,Z1,--
S1505075,Amoxicillin 500mg disp.tab/PAC-100,Z01,Yes,1000,PAC,No,--,SHORT_LINE,Yes,0.127,KGM,0.703,DMQ,425,HBW,PHARMACEUTICALS,No,--,10,Z1,--
S1505074,Amoxicillin 500mg disp.tab/PAC-20,Z01,Yes,1000,PAC,No,--,SHORT_LINE,No,0.056,KGM,0.05,DMQ,425,HBW,PHARMACEUTICALS,No,--,10,Z1,--
S1505073,Amoxicillin 500mg disp.tab/PAC-10,Z01,Yes,1000,PAC,No,--,SHORT_LINE,No,0.015,KGM,0.137,DMQ,425,HBW,PHARMACEUTICALS,No,--,10,Z1,--
S1505044,Amoxicillin 250mg disp.tab/PAC-(2x10),Z01,Yes,1000,PAC,No,--,SHORT_LINE,Yes,43.0,GRM,0.12,DMQ,240,HBW,PHARMACEUTICALS,No,--,10,Z1,--
S1505045,Amoxicillin 250mg disp.tab/PAC (1x10),Z01,Yes,1000,PAC,No,--,SHORT_LINE,Yes,0.019,KGM,0.18,DMQ,240,HBW,PHARMACEUTICALS,No,--,10,Z1,--
S2687004,"Duct tape,50mm,silver",Z01,No,1000,EA,No,--,SHORT_LINE,Yes,0.548,KGM,1.601,DMQ,--,HBW,--,No,--,10,--,--
S2797701,"Tabards,red/blue,large(age 13+)/PAC-20",Z01,No,1000,PAC,No,--,SHORT_LINE,Yes,0.799,KGM,5.732,DMQ,--,HBW,--,No,--,10,--,--
S4460009,"Pen,ball-point,green/BOX-10",Z01,No,1000,BOX,No,--,SHORT_LINE,Yes,0.048,KGM,0.233,DMQ,--,HBW,--,No,--,10,--,--
S9999861,"Bag 1/2 for S9908400 Resuscit.kit,basic",Z02,Yes,1000,EA,No,--,SHORT_LINE,No,1.0,KGM,0.45,DMQ,425,HBW,MEDICAL,No,--,10,--,--
S1537310,Cloxacillin 250mg caps/PAC-500,Z01,Yes,1000,PAC,No,--,SHORT_LINE,Yes,0.324,KGM,1.617,DMQ,425,HBW,PHARMACEUTICALS,No,--,10,Z1,--
S9999786,Prepack 1/3 IEHK suppl.3-renew S9906627,Z02,Yes,1000,EA,No,--,SHORT_LINE,No,0.8,KGM,13.3,DMQ,425,HBW,PHARMACEUTICALS,No,--,10,Z1,--
S9999788,Prepack 3/3 IEHK suppl.3-renew S9906627,Z02,Yes,1000,EA,No,--,MINILOAD,No,1.0,KGM,11.02,DMQ,425,HBW,PHARMACEUTICALS,No,--,10,Z1,--
S9999879,Subkit 4/5 IEHK suppl.3-renew S9906627,Z02,Yes,1000,EA,No,S9906627,LONG_LINE,No,21.0,KGM,0.106,MTQ,425,HBW,PHARMACEUTICALS,No,--,10,Z1,--
S9999878,Subkit 3/5 IEHK suppl.3-renew S9906627,Z02,Yes,1000,EA,No,S9906627,LONG_LINE,No,13.0,KGM,0.106,MTQ,425,HBW,PHARMACEUTICALS,No,--,10,Z1,--
S9999877,Subkit 2/5 IEHK suppl.3-renew S9906627,Z02,Yes,1000,EA,No,S9906627,LONG_LINE,No,18.0,KGM,0.16,MTQ,425,HBW,PHARMACEUTICALS,No,--,10,Z1,--
S9999874,"Subkit 2/3 - DRC HCK 2013-V3, S9906727",Z02,Yes,1000,EA,No,--,SHORT_LINE,No,12.0,KGM,0.106,MTQ,425,HBW,MEDICAL,No,--,--,Z1,--
S9999875,"Subkit 3/3 - DRC HCK 2013-V3, S9906727",Z02,Yes,1000,EA,No,--,SHORT_LINE,No,12.0,KGM,0.106,MTQ,425,HBW,MEDICAL,No,--,--,Z1,--
S0782440,"Syringe,insulin,1ml,U-100,30-31G/BOX-100",Z01,Yes,1000,BOX,No,--,SHORT_LINE,Yes,0.568,KGM,5.183,DMQ,425,HBW,MEDICAL,No,--,--,--,--
S0950003,"Thermometer, glass, -20C/100C",Z01,No,1000,EA,No,--,SHORT_LINE,Yes,0.02,KGM,1,DMQ,--,HBW,--,No,--,--,--,--
S9999885,Subkit 5/6 Obstetric 3-renew.S9908302,Z02,Yes,1000,EA,No,S9908302,LONG_LINE,No,9.62,KGM,0.106,MTQ,425,HBW,MEDICAL,No,--,10,--,--
S9999938,Prepack 1/2 Obstetric 3-renew. S9908302,Z02,Yes,1000,EA,No,--,MINILOAD,No,1.2,KGM,11.02,DMQ,425,HBW,MEDICAL,No,--,10,--,--
S9999886,Subkit 6/6 Obstetric 3-renew.S9908302,Z02,Yes,1000,EA,No,S9908302,LONG_LINE,No,18.0,KGM,0.106,MTQ,425,HBW,MEDICAL,No,--,10,--,--
S9999939,Prepack 2/2 Obstetric 3-renew. S9908302,Z02,Yes,1000,EA,No,--,MINILOAD,No,4.0,KGM,18.72,DMQ,425,HBW,MEDICAL,No,--,10,--,--
S9999881,Subkit 1/6 Obstetric 3-renew.S9908302,Z02,Yes,1000,EA,No,S9908302,LONG_LINE,No,21.0,KGM,0.16,MTQ,425,HBW,MEDICAL,No,--,10,--,--
S9999883,Subkit 3/6 Obstetric 3-renew.S9908302,Z02,Yes,1000,EA,No,S9908302,LONG_LINE,No,22.0,KGM,0.16,MTQ,425,HBW,MEDICAL,No,--,10,--,--
S9999882,Subkit 2/6 Obstetric 3-renew.S9908302,Z02,Yes,1000,EA,No,S9908302,LONG_LINE,No,33.0,KGM,0.16,MTQ,425,HBW,MEDICAL,No,--,10,--,--
S9999884,Subkit 4/6 Obstetric 3-renew.S9908302,Z02,Yes,1000,EA,No,S9908302,LONG_LINE,No,20.0,KGM,0.106,MTQ,425,HBW,MEDICAL,No,--,10,--,--
S0145621,"MUAC,Child 11.5 red,orange,green/PAC-50",Z01,No,1000,PAC,No,--,SHORT_LINE,Yes,0.117,KGM,0.262,DMQ,--,HBW,--,No,--,10,--,--
S9999862,"Bag 2/2 for S9908400 Resuscit.kit,basic",Z02,Yes,1000,EA,No,--,SHORT_LINE,No,1.0,KGM,0.45,DMQ,425,HBW,MEDICAL,No,--,10,--,--
S9999917,Subkit 1/3 IEHK 2.Equip.S9906626,Z02,Yes,1000,EA,No,S9906626,LONG_LINE,Yes,23.0,KGM,120,DMQ,425,HBW,MEDICAL,No,--,10,--,--
S9999787,Prepack 2/3 IEHK suppl.3-renew S9906627,Z02,Yes,1000,EA,No,--,MINILOAD,No,1.4,KGM,11.02,DMQ,425,HBW,PHARMACEUTICALS,No,--,10,Z1,--
S9999880,Subkit 5/5 IEHK suppl.3-renew S9906627,Z02,Yes,1000,EA,No,S9906627,LONG_LINE,No,12.0,KGM,0.12,MTQ,425,HBW,PHARMACEUTICALS,No,--,10,Z1,--
S9999876,Subkit 1/5 IEHK suppl.3-renew S9906627,Z02,Yes,1000,EA,No,S9906627,LONG_LINE,No,18.0,KGM,0.16,MTQ,425,HBW,PHARMACEUTICALS,No,--,10,Z1,--
S9019200,"Double-wall ctn.100x40x48cm, 0.192 m3",Z04,No,1000,EA,No,--,SHORT_LINE,Yes,0.0,KGM,0.24,MTQ,--,BLK,--,Yes,0.192,--,--,--
S8902041,LabelsA6-White-Man.Printers-Land.,Z04,No,1000,ROL,No,--,SHORT_LINE,Yes,2.82,KGM,12.785,DMQ,--,HBW,--,Yes,--,--,--,--
S9908302.1,"Obstetric,surgical kit,suppl.3-renewable",Z02,Yes,1000,EA,No,--,VIRTUAL_PACKING,Yes,21.695,KGM,0.16,MTQ,240,--,MEDICAL,No,--,10,--,--
S9908302.2,"Obstetric,surgical kit,suppl.3-renewable",Z02,Yes,1000,EA,No,--,VIRTUAL_PACKING,Yes,32.816,KGM,0.16,MTQ,240,--,MEDICAL,No,--,10,--,--
S9908302.3,"Obstetric,surgical kit,suppl.3-renewable",Z02,Yes,1000,EA,No,--,VIRTUAL_PACKING,Yes,22.929,KGM,0.16,MTQ,240,--,MEDICAL,No,--,10,--,--
S9908302.4,"Obstetric,surgical kit,suppl.3-renewable",Z02,Yes,1000,EA,No,--,VIRTUAL_PACKING,Yes,14.5,KGM,0.106,MTQ,240,--,MEDICAL,No,--,10,--,--
S9908302.5,"Obstetric,surgical kit,suppl.3-renewable",Z02,Yes,1000,EA,No,--,VIRTUAL_PACKING,Yes,10.938,KGM,0.106,MTQ,240,--,MEDICAL,No,--,10,--,--
S9908302.6,"Obstetric,surgical kit,suppl.3-renewable",Z02,Yes,1000,EA,No,--,VIRTUAL_PACKING,Yes,18.088,KGM,0.106,MTQ,240,--,MEDICAL,No,--,10,--,--
S1300008,Artesunate pdr./inj 60mg vial/BOX-1,Z01,Yes,1000,BOX,No,--,SHORT_LINE,Yes,0.053,KGM,0.333,DMQ,425,HBW,PHARMACEUTICALS,No,--,10,Z1,--
S8901000,"2A5Laser/copy lab/self adA4/A5,box of500",Z04,No,1000,BOX,No,--,SHORT_LINE,Yes,5.016,KGM,7.662,DMQ,--,HBW,--,Yes,--,--,--,--
S9213000,"Gloves,working, Maxiflex ultimate",Z04,No,1000,EA,No,--,SHORT_LINE,No,0.006,KGM,0,DMQ,--,HBW,--,Yes,--,--,--,--
S1555979,Paracetamol 100mg disp. tabs/PAC-100,Z01,Yes,1000,PAC,No,--,SHORT_LINE,Yes,0.045,KGM,0.314,DMQ,425,HBW,PHARMACEUTICALS,No,--,10,Z1,--
S9999798,"Prepack 3/3 Sudan Juba, PHCU kit",Z02,Yes,1000,EA,No,--,MINILOAD,No,6.0,KGM,0.015,MTQ,425,HBW,PHARMACEUTICALS,No,--,10,Z1,--
S9999863,"Subkit 1/3 Sudan Juba, PHCU kit",Z02,Yes,1000,EA,No,S9906715,LONG_LINE,Yes,37.0,KGM,0.192,MTQ,425,HBW,PHARMACEUTICALS,No,--,10,Z1,--
S9999864,"Subkit 2/3 Sudan Juba, PHCU kit",Z02,Yes,1000,EA,No,S9906715,LONG_LINE,Yes,12.141,KGM,0.058,MTQ,425,HBW,PHARMACEUTICALS,No,--,10,Z1,--
S8902046,LabelsA6-Orange-Auto.Printers-Portr.,Z04,No,1000,ROL,No,--,SHORT_LINE,No,8.0,KGM,0.018,MTQ,--,HBW,--,Yes,--,--,--,--
S8902048,LabelsA6-Blue-Auto.Printers-Portr.,Z04,No,1000,ROL,No,--,SHORT_LINE,Yes,12.54,KGM,0.054,MTQ,--,HBW,--,Yes,--,--,--,--
S8902049,LabelsA6-Purple-Auto.Printers-Portr.,Z04,No,1000,ROL,No,--,SHORT_LINE,Yes,8.0,KGM,0.018,MTQ,--,HBW,--,Yes,--,--,--,--
S9902219.1,"Midwifery kit,3-renewable",Z02,Yes,1000,EA,No,--,LONG_LINE,Yes,18.0,KGM,0.16,MTQ,425,--,MEDICAL,No,--,10,--,--
S9902219.2,"Midwifery kit,3-renewable",Z02,Yes,1000,EA,No,--,LONG_LINE,Yes,14.0,KGM,0.079,MTQ,425,--,MEDICAL,No,--,10,--,--
S9906627.1,"IEHK2006,kit,suppl.3-renewable",Z02,Yes,1000,EA,No,--,VIRTUAL_PACKING,Yes,31.0,KGM,0.16,MTQ,425,--,MEDICAL,No,--,10,--,--
S9906627.2,"IEHK2006,kit,suppl.3-renewable",Z02,Yes,1000,EA,No,--,VIRTUAL_PACKING,Yes,19.0,KGM,0.16,MTQ,425,--,MEDICAL,No,--,10,--,--
S9906627.3,"IEHK2006,kit,suppl.3-renewable",Z02,Yes,1000,EA,No,--,VIRTUAL_PACKING,Yes,15.0,KGM,0.106,MTQ,425,--,MEDICAL,No,--,10,--,--
S9906627.4,"IEHK2006,kit,suppl.3-renewable",Z02,Yes,1000,EA,No,--,VIRTUAL_PACKING,Yes,23.0,KGM,0.106,MTQ,425,--,MEDICAL,No,--,10,--,--
S9906627.5,"IEHK2006,kit,suppl.3-renewable",Z02,Yes,1000,EA,No,--,VIRTUAL_PACKING,Yes,12.0,KGM,0.12,MTQ,425,--,MEDICAL,No,--,10,--,--
S9999945,"Prepack 2/2 Obstetric,surgical kit,suppl",Z02,Yes,1000,EA,No,--,MINILOAD,No,1.24,KGM,0.007,MTQ,240,HBW,PHARMACEUTICALS,No,--,10,Z1,--
S9906621.2,"IEHK2006,kit,basic unit",Z02,Yes,1000,EA,No,--,VIRTUAL_PACKING,Yes,22.0,KGM,0.12,MTQ,425,--,PHARMACEUTICALS,No,--,10,--,--
S9999889,"Part 1/2 Obstetric,surgical kit S9908300",Z02,Yes,1000,EA,No,--,SHORT_LINE,Yes,14.5,KGM,0.079,MTQ,240,HBW,PHARMACEUTICALS,No,--,10,Z1,--
S9999866,"Subkit 1/11 Sudan Juba, PHCC kit",Z02,Yes,1000,EA,No,S9906720,LONG_LINE,No,39.0,KGM,0.16,MTQ,240,HBW,PHARMACEUTICALS,No,--,10,Z1,--
S9999793,"Prepack 3/3 Sudan Juba, PHCC kit",Z02,Yes,1000,EA,No,--,MINILOAD,No,3.5,KGM,15.36,DMQ,425,HBW,PHARMACEUTICALS,No,--,10,Z1,--
S9999792,"Prepack 2/3 Sudan Juba, PHCC kit",Z02,Yes,1000,EA,No,--,MINILOAD,No,4.0,KGM,21.46,DMQ,425,HBW,PHARMACEUTICALS,No,--,10,Z1,EX2-PSYC.EXP.LIC.
S9999869,"Subkit 4/11 Sudan Juba, PHCC kit",Z02,Yes,1000,EA,No,S9906720,LONG_LINE,No,32.0,KGM,0.12,MTQ,240,HBW,PHARMACEUTICALS,No,--,10,Z1,--
S9999890,"Part 2/2 Obstetric,surgical kit S9908300",Z02,Yes,1000,EA,No,--,SHORT_LINE,Yes,258.209,KGM,0.827,MTQ,240,HBW,PHARMACEUTICALS,No,--,10,Z1,--
S6780213,"Cefixime pwd.for susp.100mg/5ml, BOT/40m",Z01,Yes,1000,BOT,No,--,SHORT_LINE,No,0.079,KGM,0.51,DMQ,240,HBW,PHARMACEUTICALS,No,--,10,Z1,--
S9999905,"Subkit 5/8 Malawi,PHC Phase I,V 2014",Z02,Yes,1000,EA,No,S9906786,SHORT_LINE,Yes,18.0,KGM,0.044,MTQ,425,HBW,PHARMACEUTICALS,No,--,10,Z1,--
S9999907,"Subkit 7/8 Malawi,PHC Phase I,V 2014",Z02,Yes,1000,EA,No,S9906786,SHORT_LINE,Yes,13.0,KGM,0.027,MTQ,425,HBW,PHARMACEUTICALS,No,--,10,Z1,--
S9999891,Part 1/7 Diarrhoeal kit,Z02,Yes,1000,EA,No,S9906730,SHORT_LINE,Yes,25.0,KGM,0.06,MTQ,425,HBW,PHARMACEUTICALS,No,--,10,Z1,--
S9999892,Part 2/7 Diarrhoeal kit,Z02,Yes,1000,EA,No,S9906730,SHORT_LINE,Yes,24.0,KGM,0.06,MTQ,425,HBW,PHARMACEUTICALS,No,--,10,Z1,--
S9999895,Part 5/7 Diarrhoeal kit,Z02,Yes,1000,EA,No,--,SHORT_LINE,Yes,163.59,KGM,732.006,DMQ,425,HBW,MEDICAL,No,--,10,--,--
S9999896,Part 6/7 Diarrhoeal kit,Z02,Yes,1000,EA,No,--,SHORT_LINE,Yes,165.849,KGM,747.187,DMQ,425,HBW,MEDICAL,No,--,10,--,--
S9999940,Prepack 3/3Midwifery-renewable S9902219,Z02,Yes,1000,EA,No,--,SHORT_LINE,No,0.8,KGM,13.3,DMQ,425,HBW,PHARMACEUTICALS,No,--,10,Z1,--
S9999779,"Prepack 2/2 Zimbabwe,PHC, 2013",Z02,Yes,1000,EA,No,--,MINILOAD,No,1.1,KGM,0.015,MTQ,425,HBW,PHARMACEUTICALS,No,--,10,Z1,--
S9908300.1,"Obstetric,surgical kit,suppl.1-drugs",Z02,Yes,1000,EA,No,S9999995,LONG_LINE,Yes,26.0,KGM,0.12,MTQ,240,--,PHARMACEUTICALS,No,--,10,Z1,--
S9908300.2,"Obstetric,surgical kit,suppl.1-drugs",Z02,Yes,1000,EA,No,S9999994,LONG_LINE,Yes,25.0,KGM,0.12,MTQ,240,--,PHARMACEUTICALS,No,--,10,Z1,--
S1537135,Sul.200mg+Trim.40mg/5ml or.sus/BOT-100ml,Z01,Yes,1000,BOT,No,--,SHORT_LINE,Yes,0.202,KGM,0.497,DMQ,425,HBW,PHARMACEUTICALS,No,--,10,Z1,--
S5010280,"Helmet,ballistic resistant,level IIIA,XL",Z01,No,1000,EA,No,--,SHORT_LINE,Yes,2.198,KGM,33.725,DMQ,--,HBW,--,No,--,10,--,--
S9999944,"Prepack 1/2 Obstetric,surgical kit,suppl",Z02,Yes,1000,EA,No,--,MINILOAD,No,0.0,KGM,0.007,MTQ,240,HBW,PHARMACEUTICALS,No,--,10,Z1,--
S9908200.1,"Sterilization, kit C",Z02,Yes,1000,EA,No,--,VIRTUAL_PACKING,Yes,13.983,KGM,0.16,MTQ,425,--,MEDICAL,No,--,10,--,--
S9908200.2,"Sterilization, kit C",Z02,Yes,1000,EA,No,--,VIRTUAL_PACKING,Yes,22.814,KGM,0.133,MTQ,425,--,MEDICAL,No,--,10,--,--
S9999908,Subkit 1/2 IEHK Basic.S9906621,Z02,Yes,1000,EA,No,S9906621,LONG_LINE,Yes,26.705,KGM,0.12,MTQ,425,HBW,PHARMACEUTICALS,No,--,10,Z1,--
S9935062,Early Childhood Development (ECD - IKA),Z02,No,1000,EA,No,--,SHORT_LINE,Yes,35.96,KGM,0.133,MTQ,--,HBW,--,No,--,10,--,--
S8902040,LabelsA6-White-Auto.Printers-Land.,Z04,No,1000,ROL,No,--,SHORT_LINE,No,6.0,KGM,0.011,MTQ,--,HBW,--,Yes,--,--,--,--
S9207082,Hi-Vis jacket yellow outdoor size L,Z01,No,1000,EA,No,--,SHORT_LINE,No,0.5,KGM,0,DMQ,--,HBW,--,No,--,10,--,--
S9906621.1,"IEHK2006,kit,basic unit",Z02,Yes,1000,EA,No,--,VIRTUAL_PACKING,Yes,25.993,KGM,0.12,MTQ,425,--,PHARMACEUTICALS,No,--,10,--,--
S9999924,"Subkit 2/2 Sterilization, kit C S9908200",Z02,No,1000,EA,No,S9908200,SHORT_LINE,No,22.0,KGM,132.5,DMQ,--,HBW,--,No,--,10,--,--
S9999899,"Subkit 2/2 Midwifery ,3-renew S9902219",Z02,Yes,1000,EA,No,S9902219,LONG_LINE,No,14.0,KGM,0.079,MTQ,425,HBW,MEDICAL,No,--,10,Z1,--
S9906626.1,"IEHK2006,kit,suppl.2-equipment",Z02,Yes,1000,EA,No,--,VIRTUAL_PACKING,Yes,22.0,KGM,0.12,MTQ,425,--,MEDICAL,No,--,10,--,--
S9906626.2,"IEHK2006,kit,suppl.2-equipment",Z02,Yes,1000,EA,No,--,VIRTUAL_PACKING,Yes,17.0,KGM,0.106,MTQ,425,--,MEDICAL,No,--,10,--,--
S9906626.3,"IEHK2006,kit,suppl.2-equipment",Z02,Yes,1000,EA,No,--,VIRTUAL_PACKING,Yes,14.0,KGM,0.084,MTQ,425,--,MEDICAL,No,--,10,--,--
S1300141,"Artesun25mg+MefloqHCl55mg,tab/3/PAC-2",Z01,Yes,1000,PAC,No,--,SHORT_LINE,No,0.02,KGM,0.099,DMQ,425,HBW,PHARMACEUTICALS,No,--,10,Z1,--
S1585001,Calc.glucon.inj 100mg/ml 10ml amp/BOX-20,Z01,Yes,1000,BOX,No,--,SHORT_LINE,Yes,0.288,KGM,0.997,DMQ,425,HBW,PHARMACEUTICALS,No,--,10,Z1,--
S1555206,Lidocaine inj 1% 20ml ampl/BOX-20,Z01,Yes,1000,BOX,No,--,SHORT_LINE,Yes,0.621,KGM,2.132,DMQ,425,HBW,PHARMACEUTICALS,No,--,10,Z1,--
S8913993,"Blade,for boxcutter S8913992/BOX-100",Z04,No,1000,BOX,No,--,SHORT_LINE,Yes,1.151,KGM,0.015,MTQ,--,HBW,--,Yes,--,--,--,--
S8903050,"Tape, clear, 50 mm x 66 m roll",Z04,No,1000,EA,No,--,SHORT_LINE,Yes,0.183,KGM,0.001,MTQ,--,HBW,--,Yes,--,--,--,--
S8913900,"PP strapping,roll,12mm x 0.55mm x 2,500m",Z01,No,1000,EA,No,--,SHORT_LINE,Yes,8.888,KGM,44.222,DMQ,--,HBW,--,No,--,10,--,--
S9906730.1,Diarrhoeal Disease Set Packing,Z02,Yes,1000,EA,No,--,VIRTUAL_PACKING,Yes,25.0,KGM,0.06,MTQ,425,--,PHARMACEUTICALS,No,--,10,--,--
S9906730.2,Diarrhoeal Disease Set Packing,Z02,Yes,1000,EA,No,--,VIRTUAL_PACKING,Yes,24.0,KGM,0.06,MTQ,425,--,PHARMACEUTICALS,No,--,10,--,--
S9906730.3,Diarrhoeal Disease Set Packing,Z02,Yes,1000,EA,No,--,VIRTUAL_PACKING,Yes,23.0,KGM,0.06,MTQ,425,--,PHARMACEUTICALS,No,--,10,--,--
S9906730.4,Diarrhoeal Disease Set Packing,Z02,Yes,1000,EA,No,--,VIRTUAL_PACKING,Yes,22.0,KGM,0.06,MTQ,425,--,PHARMACEUTICALS,No,--,10,--,--
S9906625,"IEHK2006,kit,suppl.1b-malaria",Z02,Yes,1000,EA,No,--,SHORT_LINE,No,2.0,KGM,0.016,MTQ,425,HBW,PHARMACEUTICALS,No,--,--,Z1,--
S9935015,Madagascar CP1-CP2 2014-Kit 20 Students,Z02,No,1000,EA,No,--,SHORT_LINE,No,0.0,KGM,0,MTQ,--,HBW,--,No,--,--,--,--
S9999923,"Subkit 1/2 Sterilization, kit C S9908200",Z02,Yes,1000,EA,No,S9908200,LONG_LINE,Yes,13.0,KGM,0.106,MTQ,425,HBW,MEDICAL,No,--,10,Z1,--
S9999898,"Subkit 1/2 Midwifery ,3-renew S9902219",Z02,Yes,1000,EA,No,S9902219,LONG_LINE,No,18.0,KGM,0.16,MTQ,425,HBW,MEDICAL,No,--,10,Z1,--
S1300142,"Artesun100mg+MefloqHCl220mg,tab/3/PAC-1",Z01,Yes,1000,PAC,No,--,SHORT_LINE,No,0.02,KGM,0.099,DMQ,425,HBW,PHARMACEUTICALS,No,--,10,Z1,--
S1555966,Paracetamol 250mg disp. tabs/PAC-10x10,Z01,Yes,1000,PAC,No,--,SHORT_LINE,Yes,0.071,KGM,0.314,DMQ,425,HBW,PHARMACEUTICALS,No,--,10,Z1,--
S9999906,"Subkit 6/8 Malawi,PHC Phase I,V 2014",Z02,Yes,1000,EA,No,S9906786,SHORT_LINE,Yes,13.0,KGM,0.03,MTQ,425,HBW,PHARMACEUTICALS,No,--,10,Z1,--
S1993315,"MSF, Clinical guideline, French",Z01,No,1000,EA,No,--,SHORT_LINE,No,0.499,KGM,1.078,DMQ,--,HBW,--,No,--,10,--,--
S1993319,"MSF Essential drugs guideline,Spanish",Z01,No,1000,EA,No,--,SHORT_LINE,No,0.535,KGM,1.265,DMQ,--,HBW,--,No,--,10,--,--
S1993318,"MSF Essential drugs guideline,French",Z01,No,1000,EA,No,--,SHORT_LINE,No,0.527,KGM,1.119,DMQ,--,HBW,--,No,--,10,--,--
S1300140,"Artesun25mg+MefloqHCl55mg,tab/3/PAC-1",Z01,Yes,1000,PAC,No,--,SHORT_LINE,No,0.02,KGM,0.099,DMQ,425,HBW,PHARMACEUTICALS,No,--,10,Z1,--
S9999791,"Prepack 1/3 Sudan Juba, PHCC kit",Z02,Yes,1000,EA,No,--,MINILOAD,No,5.5,KGM,21.46,DMQ,240,HBW,PHARMACEUTICALS,No,--,10,Z1,--
S9999868,"Subkit 3/11 Sudan Juba, PHCC kit",Z02,Yes,1000,EA,No,S9906720,LONG_LINE,No,28.8,KGM,0.12,MTQ,240,HBW,PHARMACEUTICALS,No,--,10,Z1,EX2-PSYC.EXP.LIC.
S9999867,"Subkit 2/11 Sudan Juba, PHCC kit",Z02,Yes,1000,EA,No,S9906720,LONG_LINE,No,32.0,KGM,0.16,MTQ,240,HBW,PHARMACEUTICALS,No,--,10,Z1,--
S1993314,"MSF Clinical guidelines, English",Z01,No,1000,EA,No,--,SHORT_LINE,No,0.471,KGM,1.058,DMQ,--,HBW,--,No,--,10,--,--
S1993317,"MSF Essential drugs guideline,English",Z01,No,1000,EA,No,--,SHORT_LINE,No,0.538,KGM,1.255,DMQ,--,HBW,--,No,--,10,--,--
S1993316,"MSF Clinical Guideline, Spanish",Z01,No,1000,EA,No,--,SHORT_LINE,No,0.493,KGM,1.219,DMQ,--,HBW,--,No,--,10,--,--
S9999909,Subkit 2/2 IEHK Basic.S9906621,Z02,Yes,1000,EA,No,S9906621,LONG_LINE,Yes,24.0,KGM,0.12,MTQ,425,HBW,PHARMACEUTICALS,No,--,10,Z1,--
S8903001,Tape dispenser w/springloaded tape brake,Z01,No,1000,EA,No,--,SHORT_LINE,Yes,0.3,KGM,2.45,DMQ,--,HBW,--,No,--,10,--,--
S8913901,Plastic seals for PP strap/BOX-1000,Z01,No,1000,EA,No,--,SHORT_LINE,Yes,2382.0,GRM,11.62,DMQ,--,HBW,--,No,--,10,--,--
S8913992,Boxcutter,Z01,No,1000,EA,No,--,SHORT_LINE,Yes,0.233,KGM,3.2,DMQ,--,HBW,--,No,--,10,--,--
S8913906,"Handle,45/50 cm,for film S8913905",Z04,No,1000,EA,No,--,SHORT_LINE,Yes,4.2,KGM,0.056,MTQ,--,HBW,--,Yes,--,--,--,--
S8913905,"Film,clear,20my,0.45m x 300m",Z04,No,1000,ROL,No,--,SHORT_LINE,Yes,10.0,KGM,0.035,MTQ,--,HBW,--,Yes,--,--,--,--
S8902047,LabelsA6-Yellow-Auto.Printers-Portr.,Z04,No,1000,ROL,No,--,SHORT_LINE,No,8.0,KGM,0.018,MTQ,--,HBW,--,Yes,--,--,--,--
S9999860,bagging for Zimbabwe 2015,Z02,Yes,1000,EA,No,--,BAGGING_LINE,No,0.707,KGM,1.275,DMQ,425,HBW,PHARMACEUTICALS,No,--,10,Z1,--
S9999778,"prepack 1/2 Zimbabwe,PHC 2013",Z02,Yes,1000,EA,No,--,MINILOAD,No,3.3,KGM,0.022,MTQ,425,HBW,PHARMACEUTICALS,No,--,10,Z1,--
S9999918,Subkit 2/3 IEHK 2.Equip.S9906626,Z02,No,1000,EA,No,S9906626,LONG_LINE,Yes,17.0,KGM,0.106,MTQ,--,HBW,--,No,--,10,--,--
S9999919,Subkit 3/3 IEHK 2.Equip.S9906626,Z02,No,1000,EA,No,S9906626,SHORT_LINE,Yes,14.494,KGM,96.302,DMQ,--,HBW,--,No,--,10,--,--
S9207081,Hi-Vis jacket yellow outdoor size M,Z01,No,1000,EA,No,--,SHORT_LINE,No,0.5,KGM,0,DMQ,--,HBW,--,No,--,10,--,--
S9999796,"Prepack 1/3 Sudan Juba, PHCU kit",Z02,Yes,1000,EA,No,--,MINILOAD,No,6.0,KGM,0.003,MTQ,240,HBW,PHARMACEUTICALS,No,--,10,Z1,--
S9999797,"Prepack 2/3 Sudan Juba, PHCU kit",Z02,Yes,1000,EA,No,--,MINILOAD,No,2.6,KGM,0.011,MTQ,425,HBW,PHARMACEUTICALS,No,--,10,Z1,--
S9999865,"Subkit 3/3 Sudan Juba, PHCU kit",Z02,Yes,1000,EA,No,S9906715,SHORT_LINE,Yes,23.884,KGM,0.07,MTQ,425,HBW,PHARMACEUTICALS,No,--,10,Z1,--
S9999894,Part 4/7 Diarrhoeal kit,Z02,Yes,1000,EA,No,S9906730,SHORT_LINE,Yes,22.0,KGM,0.06,MTQ,425,HBW,PHARMACEUTICALS,No,--,10,Z1,--
S9999897,Part 7/7 Diarrhoeal kit,Z02,Yes,1000,EA,No,--,SHORT_LINE,Yes,143.957,KGM,729.097,DMQ,425,HBW,MEDICAL,No,--,10,--,--
S9999893,Part 3/7 Diarrhoeal kit,Z02,Yes,1000,EA,No,S9906730,SHORT_LINE,Yes,23.0,KGM,0.06,MTQ,425,HBW,PHARMACEUTICALS,No,--,10,Z1,--
S0782305,"Syringe,RUP, 10ml,w/fixed ndl/BOX-100",Z01,Yes,1000,BOX,No,--,SHORT_LINE,No,0.92,KGM,8.4,DMQ,425,HBW,MEDICAL,No,--,10,--,--
S0845003,"Resuscitator,hand-oper.,neonate,set",Z01,No,1000,EA,No,--,SHORT_LINE,Yes,0.757,KGM,9.458,DMQ,--,HBW,--,No,--,10,--,--
S9906721,"DRC Regional Hospital kit 2013,version1",Z02,Yes,1000,EA,Yes,--,VIRTUAL_PACKING,No,50.0,KGM,0.32,MTQ,425,HBW,MEDICAL,No,--,10,--,--
S1505042,Amoxicillin 125mg disp.tabs/PAC-100,Z01,Yes,1000,PAC,No,--,SHORT_LINE,Yes,0.096,KGM,0.581,DMQ,425,HBW,PHARMACEUTICALS,No,--,10,Z1,--
S0782306,"Syringe,RUP, 5ml,w/fixed ndl/BOX-100",Z01,Yes,1000,BOX,No,--,SHORT_LINE,Yes,0.833,KGM,6.2,DMQ,425,HBW,MEDICAL,No,--,10,--,--
S1400578,Ritonavir 100mg tabs/PAC-30 pb,Z01,Yes,1000,EA,No,--,SHORT_LINE,No,0.085,KGM,0.36,DMQ,425,HBW,PHARMACEUTICALS,No,--,10,Z1,--
S0845004,"Resuscitator,hand-oper.,child,set",Z01,No,1000,EA,No,--,SHORT_LINE,Yes,0.73,KGM,5.763,DMQ,--,HBW,--,No,--,10,--,--
S0845005,"Resuscitator,hand-oper.,adult,set",Z01,No,1000,EA,No,--,SHORT_LINE,Yes,0.955,KGM,7.925,DMQ,--,HBW,--,No,--,10,--,--
S9999855,"bagging for Zimbabwe Bulk ,PHC 2013",Z02,Yes,1000,EA,No,--,BAGGING_LINE,No,0.064,KGM,0.644,DMQ,425,HBW,PHARMACEUTICALS,No,--,10,Z1,--
S9906775,"Somalia,PHU kit-medicines,version 2013",Z02,Yes,1000,EA,No,--,LONG_LINE,Yes,149.965,KGM,0.718,MTQ,425,HBW,PHARMACEUTICALS,No,--,10,Z1,--
S9906785,"Somalia,HC kit-equipment,version 2013",Z02,No,1000,EA,Yes,--,VIRTUAL_PACKING,No,32.09,KGM,0.24,MTQ,--,HBW,--,No,--,10,--,--
S9906783,"Somalia,HC kit-medicines,version 2013",Z02,Yes,1000,EA,Yes,--,VIRTUAL_PACKING,No,236.0,KGM,1.595,MTQ,425,HBW,PHARMACEUTICALS,No,--,10,Z1,--
S9906777,"Somalia,PHU kit-equipment,version 2013",Z02,No,1000,EA,Yes,--,VIRTUAL_PACKING,No,28.0,KGM,0.207,MTQ,--,HBW,--,No,--,10,--,--
S9999859,"Bag 3/3 Surg.inst.,abdominal S9910000",Z02,No,1000,EA,No,--,BAGGING_LINE,No,0.5,KGM,2.25,DMQ,--,HBW,--,No,--,10,--,--
S0746706,"Laryngoscope,neonate,set",Z01,No,1000,EA,No,--,SHORT_LINE,Yes,0.775,KGM,6.107,DMQ,--,HBW,--,No,--,10,--,--
S9999858,"Bag 2/3 Surg.inst.,abdominal S9910000",Z02,No,1000,EA,No,--,BAGGING_LINE,No,0.5,KGM,2.25,DMQ,--,HBW,--,No,--,10,--,--
S9999850,DRC Regional Hospital Kit 2/2,Z02,Yes,1000,EA,No,S9906721,LONG_LINE,Yes,31.479,KGM,0.17,MTQ,425,HBW,MEDICAL,No,--,10,Z1,--
S9906715.1,"Sudan Juba, PHCU kit",Z02,Yes,1000,EA,No,--,VIRTUAL_PACKING,Yes,37.0,KGM,0.192,MTQ,240,--,PHARMACEUTICALS,No,--,10,--,--
S9906715.2,"Sudan Juba, PHCU kit",Z02,Yes,1000,EA,No,--,VIRTUAL_PACKING,Yes,23.0,KGM,0.079,MTQ,240,--,PHARMACEUTICALS,No,--,10,--,--
S9906715.3,"Sudan Juba, PHCU kit",Z02,Yes,1000,EA,No,--,VIRTUAL_PACKING,Yes,26.425,KGM,0.07,MTQ,240,--,PHARMACEUTICALS,No,--,10,--,--
S9999849,DRC Regional Hospital Kit 1/2,Z02,Yes,1000,EA,No,S9906721,LONG_LINE,Yes,21.0,KGM,0.16,MTQ,425,HBW,MEDICAL,No,--,10,Z1,--
S9999795,Prepack 2/4 DPRK EM kit 2014,Z02,Yes,1000,EA,No,--,MINILOAD,No,6.8,KGM,9.591,DMQ,425,HBW,PHARMACEUTICALS,No,--,10,Z1,--
S9999794,Prepack 1/4 DPRK EM kit 2014,Z02,Yes,1000,EA,No,--,MINILOAD,No,3.348,KGM,19.01,DMQ,425,HBW,PHARMACEUTICALS,No,--,10,Z1,--
S9207180,"Hi-Vis Jacket, Pilot model size S",Z04,No,1000,EA,No,--,SHORT_LINE,No,300.0,GRM,0.043,DMQ,--,HBW,--,Yes,--,--,--,--
S9935084,Syria Emergency School in a Carton Kit,Z02,No,1000,EA,No,--,LONG_LINE,Yes,39.5,KGM,0.129,MTQ,--,HBW,--,No,--,10,--,--
S1400054,Etravirine 100mg tabs/PAC-120 pb,Z01,Yes,1000,EA,No,--,SHORT_LINE,No,0.184,KGM,0.569,DMQ,425,HBW,PHARMACEUTICALS,No,--,10,Z1,--
S1993413,"IEHK2011 Users guideline, English",Z01,No,1000,EA,No,--,SHORT_LINE,Yes,0.325,KGM,0.537,DMQ,--,HBW,--,No,--,10,--,--
S9999852,DRC Regional Hospital Phase 2 Kit 2/2,Z02,No,1000,EA,No,S9906725,LONG_LINE,No,32.0,KGM,0.16,MTQ,--,HBW,--,No,--,10,--,--
S9999851,DRC Regional Hospital Phase 2 Kit 1/2,Z02,Yes,1000,EA,No,S9906725,LONG_LINE,No,21.0,KGM,0.16,MTQ,425,HBW,PHARMACEUTICALS,No,--,10,Z1,--
S1400663,Raltegravir 400mg tabs/PAC-60 gb,Z01,Yes,1000,EA,No,--,SHORT_LINE,No,0.078,KGM,0.3,DMQ,425,HBW,PHARMACEUTICALS,No,--,10,Z1,--
S9906725,"DRC Regional Hospital kit 2013,version2",Z02,Yes,1000,EA,Yes,--,VIRTUAL_PACKING,No,53.0,KGM,0.32,MTQ,425,HBW,PHARMACEUTICALS,No,--,10,Z1,--
S8760015,"Decal,UNICEF,rect,205x105mm/RL-50",Z01,No,1000,ROL,No,--,SHORT_LINE,Yes,0.181,KGM,0.003,MTQ,--,HBW,--,No,--,10,--,--
S9999856,"Bag 1/1 IEHK Basic, S9906621",Z02,Yes,1000,EA,No,--,BAGGING_LINE,No,0.5,KGM,2.25,DMQ,425,HBW,PHARMACEUTICALS,No,--,10,Z1,--
S9906721.1,DRC Regional Hospital Kit,Z02,Yes,1000,EA,No,--,VIRTUAL_PACKING,No,21.0,KGM,0.16,MTQ,425,--,MEDICAL,No,--,10,--,--
S9906721.2,DRC Regional Hospital Kit,Z02,Yes,1000,EA,No,--,VIRTUAL_PACKING,No,29.0,KGM,0.16,MTQ,425,--,MEDICAL,No,--,10,--,--
S0746707,"Laryngoscope,adult,child,set",Z01,No,1000,EA,No,--,SHORT_LINE,Yes,0.928,KGM,4.59,DMQ,--,HBW,--,No,--,10,--,--
S1544401,Doxycycline 100mg tabs/PAC-100,Z01,Yes,1000,PAC,No,--,SHORT_LINE,Yes,0.042,KGM,0.237,DMQ,425,HBW,PHARMACEUTICALS,No,--,10,Z1,--
S0782307,"Syringe,RUP, 2ml,w/fixed ndl/BOX-100",Z01,Yes,1000,BOX,No,--,SHORT_LINE,Yes,0.466,KGM,4.1,DMQ,425,HBW,MEDICAL,No,--,10,--,--
S9906784,"Somalia,HC kit-renewable,version 2013",Z02,Yes,1000,EA,Yes,--,VIRTUAL_PACKING,No,88.0,KGM,0.48,MTQ,425,HBW,PHARMACEUTICALS,No,--,10,Z1,--
S1550005,Iron 60mg+Folic ac.400mcg tab/PAC(10x10),Z01,Yes,1000,PAC,No,--,SHORT_LINE,Yes,0.059,KGM,0.3,DMQ,425,HBW,PHARMACEUTICALS,No,--,10,Z1,--
S9999857,"Bag 1/3 Surg.inst.,abdominal S9910000",Z02,No,1000,EA,No,--,BAGGING_LINE,No,0.5,KGM,2.25,DMQ,--,HBW,--,No,--,10,--,--
S1993414,"IEHK2011 Users guideline, French",Z01,No,1000,EA,No,--,SHORT_LINE,Yes,0.332,KGM,0.484,DMQ,--,HBW,--,No,--,10,--,--
S1993415,"IEHK2011 Users guideline, Spanish",Z01,No,1000,EA,No,--,SHORT_LINE,Yes,0.332,KGM,0.479,DMQ,--,HBW,--,No,--,10,--,--
S8920075,"Pallet, wooden one-way pallet,US size",Z04,No,1000,EA,No,--,SHORT_LINE,Yes,13.758,KGM,0.145,MTQ,--,HBW,--,Yes,--,--,--,--
S9205187,Fleece/sweat jacket w/hood size S,Z04,No,1000,EA,No,--,SHORT_LINE,No,20.0,GRM,0.003,DMQ,--,HBW,--,Yes,--,--,--,--
S9906786,"Malawi,PHC Phase I,version 2014",Z02,Yes,1000,EA,Yes,--,VIRTUAL_PACKING,No,148.0,KGM,0.586,MTQ,425,HBW,MEDICAL,No,--,10,Z1,--
S9999832,"Subkit 2/3 Somalia,PHU Equip. 2013",Z02,No,1000,EA,No,S9906777,SHORT_LINE,No,18.0,KGM,112.5,DMQ,--,HBW,--,No,--,10,--,--
S9999833,"Subkit 3/3 Somalia,PHU Equip. 2013",Z02,No,1000,EA,No,S9906777,SHORT_LINE,No,8.337,KGM,87.151,DMQ,--,HBW,--,No,--,10,--,--
S9999835,"Subkit 2/3 Somalia,HC Equip.2013",Z02,No,1000,EA,No,S9906785,SHORT_LINE,No,18.0,KGM,112.5,DMQ,--,HBW,--,No,--,10,--,--
S9999836,"Subkit 3/3 Somalia,HC Equip.2013",Z02,No,1000,EA,No,S9906785,SHORT_LINE,No,8.056,KGM,85.595,DMQ,--,HBW,--,No,--,10,--,--
S8902051,LabelsA6-Pink-Auto.Printers-Portr.,Z04,No,1000,ROL,No,--,SHORT_LINE,Yes,9.962,KGM,33.922,DMQ,--,HBW,--,Yes,--,--,--,--
S8902054,LabelsA6-Orange-Man.Printers-Land.,Z04,No,1000,ROL,No,--,SHORT_LINE,Yes,3.099,KGM,12.075,DMQ,--,HBW,--,Yes,--,--,--,--
S8902053,LabelsA6-Green-Man.Printers-Land.,Z04,No,1000,ROL,No,--,SHORT_LINE,Yes,3.158,KGM,11.724,DMQ,--,HBW,--,Yes,--,--,--,--
S8902055,LabelsA6-Yellow-Man.Printers-Land.,Z04,No,1000,ROL,No,--,SHORT_LINE,Yes,2.653,KGM,15.337,DMQ,--,HBW,--,Yes,--,--,--,--
S8902059,LabelsA6-Blue/Yellow-Man.Printers-Land,Z04,No,1000,ROL,No,--,SHORT_LINE,Yes,3.0,KGM,7.5,DMQ,--,HBW,--,Yes,--,--,--,--
S5031006,"Sleeping mat, self-inflating",Z01,No,1000,EA,No,--,SHORT_LINE,No,0.905,KGM,156.948,DMQ,--,HBW,--,No,--,10,--,--
S0782311,"Syringe,RUP 2ml w/o ndl",Z01,Yes,1000,BOX,No,--,SHORT_LINE,No,0.48,KGM,3.967,DMQ,425,HBW,MEDICAL,No,--,10,--,--
S9999790,"prepack 1/1 Zimbabwe,PHC 2014",Z02,Yes,1000,EA,No,--,MINILOAD,No,5.0,KGM,0.021,MTQ,425,HBW,PHARMACEUTICALS,No,--,10,Z1,--
S5001005,"Bag, biodegradable PAC-20",Z01,No,1000,PAC,No,--,SHORT_LINE,No,0.36,KGM,3.2,DMQ,--,HBW,--,No,--,10,--,--
S9906783.1,"Somalia,HC kit-medicines,version 2013",Z02,Yes,1000,EA,No,--,VIRTUAL_PACKING,Yes,31.0,KGM,0.16,MTQ,425,--,PHARMACEUTICALS,No,--,10,--,--
S9906783.2,"Somalia,HC kit-medicines,version 2013",Z02,Yes,1000,EA,No,--,VIRTUAL_PACKING,Yes,32.0,KGM,0.115,MTQ,425,--,PHARMACEUTICALS,No,--,10,--,--
S9906783.3,"Somalia,HC kit-medicines,version 2013",Z02,Yes,1000,EA,No,--,VIRTUAL_PACKING,Yes,29.0,KGM,0.192,MTQ,425,--,PHARMACEUTICALS,No,--,10,--,--
S9906783.4,"Somalia,HC kit-medicines,version 2013",Z02,Yes,1000,EA,No,--,VIRTUAL_PACKING,Yes,21.0,KGM,0.12,MTQ,425,--,PHARMACEUTICALS,No,--,10,--,--
S9906783.5,"Somalia,HC kit-medicines,version 2013",Z02,Yes,1000,EA,No,--,VIRTUAL_PACKING,Yes,38.0,KGM,0.192,MTQ,425,--,PHARMACEUTICALS,No,--,10,--,--
S9906783.6,"Somalia,HC kit-medicines,version 2013",Z02,Yes,1000,EA,No,--,VIRTUAL_PACKING,Yes,85.0,KGM,0.816,MTQ,425,--,PHARMACEUTICALS,No,--,10,--,--
S5031005,"Sleeping bag, fleece",Z01,No,1000,EA,No,--,SHORT_LINE,No,0.0,KGM,156.948,DMQ,--,HBW,--,No,--,10,--,--
S5031010,"Winter Jacket w/logo, S",Z01,No,1000,EA,No,--,SHORT_LINE,No,0.54,KGM,156.948,DMQ,--,HBW,--,No,--,10,--,--
S9935017,Madagascar CP2 2015-Kit 20 Students,Z02,No,1000,EA,No,--,SHORT_LINE,No,0.0,KGM,0,MTQ,--,HBW,--,No,--,--,--,--
S9906787,"Malawi,PHC Phase II,version 2014",Z02,Yes,1000,EA,Yes,--,VIRTUAL_PACKING,No,144.0,KGM,0.583,MTQ,425,HBW,MEDICAL,No,--,10,Z1,--
S9906777.1,"Somalia,PHU kit-equipment,version 2013",Z02,No,1000,EA,No,--,VIRTUAL_PACKING,Yes,3.0,KGM,0.03,MTQ,--,--,--,No,--,10,--,--
S9906777.2,"Somalia,PHU kit-equipment,version 2013",Z02,No,1000,EA,No,--,VIRTUAL_PACKING,No,18.0,KGM,0.113,MTQ,--,--,--,No,--,10,--,--
S9906777.3,"Somalia,PHU kit-equipment,version 2013",Z02,No,1000,EA,No,--,VIRTUAL_PACKING,Yes,7.598,KGM,0.08,MTQ,--,--,--,No,--,10,--,--
S6780216,Ibuprofen 400mg tabs/PAC-84,Z01,Yes,1000,PAC,No,--,SHORT_LINE,No,0.098,KGM,0.275,DMQ,425,HBW,PHARMACEUTICALS,No,--,10,Z1,--
S9999812,"Prepack 2/5 S9906775 Somalia,PHU Kit2013",Z02,Yes,1000,EA,No,--,MINILOAD,No,3.0,KGM,22,DMQ,425,HBW,PHARMACEUTICALS,No,--,10,Z1,--
S9999811,"Prepack 1/5 S9906775 Somalia,PHU Kit2013",Z02,Yes,1000,EA,No,--,SHORT_LINE,No,3.0,KGM,7,DMQ,425,HBW,PHARMACEUTICALS,No,--,10,Z1,--
S9999815,"Prepack 5/5 S9906775 Somalia,PHU Kit2013",Z02,Yes,1000,EA,No,--,MINILOAD,No,1.5,KGM,8,DMQ,425,HBW,PHARMACEUTICALS,No,--,10,Z1,--
S9935054,DRC kit for 10 teachers Grade 1-6,Z02,No,1000,EA,No,--,SHORT_LINE,No,35.0,KGM,0.067,MTQ,--,HBW,--,No,--,--,--,--
S9935022,School-in-a-carton kit for 80 students,Z02,No,1000,EA,No,--,SHORT_LINE,No,50.0,KGM,0.12,MTQ,--,HBW,--,No,--,--,--,--
S9999817,"Prepack 7/8 S9906783 Somalia,HC Kit 2013",Z02,Yes,1000,EA,No,--,SHORT_LINE,No,1.5,KGM,7,DMQ,425,HBW,PHARMACEUTICALS,No,--,10,Z1,--
S8913951,"Steel Strapping, 19mm",Z04,No,1000,ROL,No,--,SHORT_LINE,No,66.666,KGM,0.16,MTQ,--,HBW,--,Yes,--,--,--,--
S0782183,"Syringe,A-D, 0.05ml,Helm Wuxi /BOX-200",Z01,Yes,1000,BOX,No,--,SHORT_LINE,No,0.803,KGM,5.4,DMQ,425,HBW,MEDICAL,No,--,10,--,--
S9999853,"bagging for Nigeria,CBNC package,v. 2013",Z02,Yes,1000,EA,No,--,BAGGING_LINE,No,1.0,KGM,0.644,DMQ,425,HBW,PHARMACEUTICALS,No,--,10,Z1,--
S9999199,Education PP 2 for SIC/SIB no globe,Z02,No,1000,EA,No,--,MINILOAD,No,10.274,KGM,25.367,DMQ,--,HBW,--,No,--,--,--,--
S5006125,"Funnels, 100ml, w/MCE filters",Z01,Yes,1000,EA,No,--,SHORT_LINE,Yes,1.0,KGM,23.497,DMQ,425,HBW,MEDICAL,No,--,--,--,--
S9999803,"Prepack 1/2 Somalia,HC Renew. 2013",Z02,Yes,1000,EA,No,--,MINILOAD,No,5.0,KGM,0.021,MTQ,425,HBW,PHARMACEUTICALS,No,--,10,Z1,--
S9999838,"Subkit 2/3 Somalia,HC kit-renew.2013",Z02,Yes,1000,EA,No,S9906784,LONG_LINE,No,27.0,KGM,0.16,MTQ,425,HBW,PHARMACEUTICALS,No,--,10,Z1,--
S9999839,"Subkit 3/3 Somalia,HC kit-renew.2013",Z02,No,1000,EA,No,S9906784,LONG_LINE,No,30.0,KGM,160,DMQ,--,HBW,--,No,--,10,--,--
S9999823,Subkit 3/3 S9906775 Somalia PHU Kit 2013,Z02,Yes,1000,EA,No,S9906775,LONG_LINE,No,29.5,KGM,0.12,MTQ,425,HBW,PHARMACEUTICALS,No,--,10,Z1,--
S5031009,"Winter Jacket w/logo, M",Z01,No,1000,EA,No,--,SHORT_LINE,No,0.54,KGM,156.948,DMQ,--,HBW,--,No,--,10,--,--
S8902052,LabelsA6-Blue/Yellow-Auto.Printers-Portr,Z04,No,1000,ROL,No,--,SHORT_LINE,No,10.0,KGM,6,DMQ,--,HBW,--,Yes,--,--,--,--
S8902058,LabelsA6-Pink-Man.Printers-Land,Z04,No,1000,ROL,No,--,SHORT_LINE,Yes,3.261,KGM,24.803,DMQ,--,HBW,--,Yes,--,--,--,--
S8902056,LabelsA6-Blue-Man.Printers-Land.,Z04,No,1000,ROL,No,--,SHORT_LINE,No,3.227,KGM,12.323,DMQ,--,HBW,--,Yes,--,--,--,--
S8902057,LabelsA6-Purple-Man.Printers-Land.,Z04,No,1000,ROL,No,--,SHORT_LINE,No,3.0,KGM,7.5,DMQ,--,HBW,--,Yes,--,--,--,--
S9999914,"Subkit 4/4 IEHK2006,1-drugs S9906623",Z02,Yes,1000,EA,No,S9906623,LONG_LINE,No,30.0,KGM,0.12,MTQ,425,HBW,PHARMACEUTICALS,No,--,10,Z1,--
S0782312,"Syringe,RUP 5ml w/o ndl",Z01,Yes,1000,BOX,No,--,SHORT_LINE,Yes,0.72,KGM,5.818,DMQ,425,HBW,MEDICAL,No,--,10,--,--
S0782313,"Syringe,RUP 10ml w/o ndl",Z01,Yes,1000,BOX,No,--,SHORT_LINE,No,1.08,KGM,8.897,DMQ,425,HBW,MEDICAL,No,--,10,--,--
S9999809,"Prepack 5/8 S9906783 Somalia,HC Kit 2013",Z02,Yes,1000,EA,No,--,MINILOAD,No,8.5,KGM,22,DMQ,425,HBW,PHARMACEUTICALS,No,--,10,Z1,--
S9999807,"Prepack 3/8 S9906783 Somalia,HC Kit 2013",Z02,Yes,1000,EA,No,--,MINILOAD,No,4.0,KGM,22,DMQ,425,HBW,PHARMACEUTICALS,No,--,10,Z1,--
S9999800,"Prepack 1/1 Somalia,PHU Renew. 2013",Z02,Yes,1000,EA,No,--,MINILOAD,No,1.0,KGM,0.015,MTQ,425,HBW,PHARMACEUTICALS,No,--,10,Z1,--
S9999802,"Prepack 1/1 Somalia,HC equip.2013",Z02,No,1000,EA,No,--,MINILOAD,No,1.0,KGM,7.68,DMQ,--,HBW,--,No,--,10,--,--
S9999834,"Subkit 1/3 Somalia,HC Equip.2013",Z02,No,1000,EA,No,S9906785,LONG_LINE,No,6.5,KGM,0.048,MTQ,--,HBW,--,No,--,10,--,--
S9999801,"Prepack 1/1 Somalia,PHU Equip. 2013",Z02,No,1000,EA,No,--,MINILOAD,No,1.0,KGM,11.02,DMQ,--,HBW,--,No,--,10,--,--
S9999831,"Subkit 1/3 Somalia,PHU Equip. 2013",Z02,No,1000,EA,No,S9906777,LONG_LINE,No,3.0,KGM,0.03,MTQ,--,HBW,--,No,--,10,--,--
S5031011,"Winter Jacket w/logo, XL",Z01,No,1000,EA,No,--,SHORT_LINE,No,0.54,KGM,156.948,DMQ,--,HBW,--,No,--,10,--,--
S5031013,"Winter Jacket w/logo, XXL",Z01,No,1000,EA,No,--,SHORT_LINE,No,0.54,KGM,156.948,DMQ,--,HBW,--,No,--,10,--,--
S9999826,Subkit 3/6 S9906783 Somalia HC Kit 2013,Z02,Yes,1000,EA,No,S9906783,LONG_LINE,No,29.0,KGM,0.192,MTQ,425,HBW,PHARMACEUTICALS,No,--,10,Z1,--
S9999808,"Prepack 4/8 S9906783 Somalia,HC Kit 2013",Z02,Yes,1000,EA,No,--,MINILOAD,No,5.5,KGM,22,DMQ,425,HBW,PHARMACEUTICALS,No,--,10,Z1,--
S9999824,Subkit 1/6 S9906783 Somalia HC Kit 2013,Z02,Yes,1000,EA,No,S9906783,LONG_LINE,No,30.5,KGM,0.16,MTQ,425,HBW,PHARMACEUTICALS,No,--,10,Z1,--
S9999806,"Prepack 2/8 S9906783 Somalia,HC Kit 2013",Z02,Yes,1000,EA,No,--,MINILOAD,No,3.0,KGM,22,DMQ,425,HBW,PHARMACEUTICALS,No,--,10,Z1,--
S9999829,Subkit 6/6 S9906783 Somalia HC Kit 2013,Z02,Yes,1000,EA,No,S9906783,SHORT_LINE,No,225.0,KGM,0.816,MTQ,425,HBW,PHARMACEUTICALS,No,--,10,Z1,--
S9999821,Subkit 1/3 S9906775 Somalia PHU Kit 2013,Z02,Yes,1000,EA,No,S9906775,LONG_LINE,No,19.0,KGM,0.106,MTQ,425,HBW,PHARMACEUTICALS,No,--,10,--,--
S1570500,Misoprostol 200mcg tabs/PAC-60,Z01,Yes,1000,PAC,No,--,SHORT_LINE,Yes,0.094,KGM,0.971,DMQ,240,HBW,PHARMACEUTICALS,No,--,10,Z1,--
S9999805,"Prepack 1/8 S9906783 Somalia,HC Kit 2013",Z02,Yes,1000,EA,No,--,MINILOAD,No,4.0,KGM,22,DMQ,425,HBW,PHARMACEUTICALS,No,--,10,Z1,--
S9999825,Subkit 2/6 S9906783 Somalia HC Kit 2013,Z02,Yes,1000,EA,No,S9906783,LONG_LINE,No,32.0,KGM,0.115,MTQ,425,HBW,PHARMACEUTICALS,No,--,10,Z1,--
S9999827,Subkit 4/6 S9906783 Somalia HC Kit 2013,Z02,Yes,1000,EA,No,S9906783,LONG_LINE,No,21.0,KGM,0.12,MTQ,425,HBW,PHARMACEUTICALS,No,--,10,Z1,--
S9999828,Subkit 5/6 S9906783 Somalia HC Kit 2013,Z02,Yes,1000,EA,No,S9906783,LONG_LINE,No,38.0,KGM,0.192,MTQ,425,HBW,PHARMACEUTICALS,No,--,10,Z1,--
S9999810,"Prepack 6/8 S9906783 Somalia,HC Kit 2013",Z02,Yes,1000,EA,No,--,MINILOAD,No,4.0,KGM,22,DMQ,425,HBW,PHARMACEUTICALS,No,--,10,Z1,--
S9999822,Subkit 2/3 S9906775 Somalia PHU Kit 2013,Z02,Yes,1000,EA,No,S9906775,LONG_LINE,No,27.0,KGM,0.106,MTQ,425,HBW,PHARMACEUTICALS,No,--,10,Z1,--
S9999813,"Prepack 3/5 S9906775 Somalia,PHU Kit2013",Z02,Yes,1000,EA,No,--,MINILOAD,No,8.5,KGM,22,DMQ,425,HBW,PHARMACEUTICALS,No,--,10,Z1,--
S9999814,"Prepack 4/5 S9906775 Somalia,PHU Kit2013",Z02,Yes,1000,EA,No,--,MINILOAD,No,3.5,KGM,15,DMQ,425,HBW,PHARMACEUTICALS,No,--,10,Z1,--
S9906785.1,"Somalia,HC kit-equipment,version 2013",Z02,No,1000,EA,No,--,VIRTUAL_PACKING,Yes,6.5,KGM,0.048,MTQ,--,--,--,No,--,10,--,--
S9906785.2,"Somalia,HC kit-equipment,version 2013",Z02,No,1000,EA,No,--,VIRTUAL_PACKING,No,18.0,KGM,0.113,MTQ,--,--,--,No,--,10,--,--
S9906785.3,"Somalia,HC kit-equipment,version 2013",Z02,No,1000,EA,No,--,VIRTUAL_PACKING,Yes,7.59,KGM,0.08,MTQ,--,--,--,No,--,10,--,--
S9999818,"Prepack 8/8 S9906783 Somalia,HC Kit 2013",Z02,Yes,1000,EA,No,--,SHORT_LINE,No,1.0,KGM,7,DMQ,425,HBW,PHARMACEUTICALS,No,--,10,Z1,--
S0114055.1,"Nut. kit,outpatient,module-registration",Z01,No,1000,EA,No,--,SHORT_LINE,Yes,33.051,KGM,0.183,MTQ,--,--,--,No,--,10,--,--
S0114055.2,"Nut. kit,outpatient,module-registration",Z01,No,1000,EA,No,--,SHORT_LINE,Yes,40.846,KGM,0.184,MTQ,--,--,--,No,--,10,--,--
S5031004,"Sleeping bag, cold climate",Z01,No,1000,EA,No,--,SHORT_LINE,Yes,2.4,KGM,156.948,DMQ,--,HBW,--,No,--,10,--,--
S9999910,"Subkit 8/8 Malawi,PHC Phase I,V 2014",Z02,Yes,1000,EA,No,S9906786,SHORT_LINE,Yes,15.0,KGM,0.05,MTQ,425,HBW,PHARMACEUTICALS,No,--,10,Z1,--
S9999837,"Subkit 1/3 Somalia,HC kit-renew.2013",Z02,Yes,1000,EA,No,S9906784,LONG_LINE,No,31.0,KGM,0.16,MTQ,425,HBW,PHARMACEUTICALS,No,--,10,Z1,--
S9999854,"Bag 1/1 Somalia,HC Renew. 2013",Z02,Yes,1000,EA,No,--,BAGGING_LINE,No,1.0,KGM,0.001,MTQ,240,HBW,PHARMACEUTICALS,No,--,10,Z1,--
S9999804,"Prepack 2/2 Somalia,HC Renew. 2013",Z02,Yes,1000,EA,No,--,MINILOAD,No,5.0,KGM,0.015,MTQ,240,HBW,PHARMACEUTICALS,No,--,10,Z1,--
S9901150,"Basic family water kit,10 families,v2012",Z02,Yes,1000,EA,No,--,SHORT_LINE,No,30.145,KGM,0.204,MTQ,425,HBW,PHARMACEUTICALS,No,--,--,--,--
S9902301,Nigeria Kit 2014,Z02,Yes,1000,EA,Yes,--,VIRTUAL_PACKING,No,37.12,KGM,0.168,MTQ,425,HBW,PHARMACEUTICALS,No,--,10,Z1,--
S1993551,"Users guide School in a Box Kit, French",Z01,No,1000,EA,No,--,SHORT_LINE,Yes,0.456,KGM,0.66,DMQ,--,HBW,--,No,--,10,--,--
S1993555,"Users guide Recreation Kit, French",Z01,No,1000,EA,No,--,SHORT_LINE,Yes,0.256,KGM,0.382,DMQ,--,HBW,--,No,--,10,--,--
S5007312,"Water-cont,LDPE,10l,collapsibl.,w tap",Z01,No,1000,EA,No,--,SHORT_LINE,Yes,0.289,KGM,2.25,DMQ,--,HBW,--,No,--,--,--,--
S1552414,Nifedipine 10mg caps./PAC-90,Z01,Yes,1000,PAC,No,--,SHORT_LINE,Yes,0.119,KGM,0.991,DMQ,425,HBW,PHARMACEUTICALS,No,--,10,Z1,--
S9906784.1,"Somalia,HC kit-renewable,version 2013",Z02,Yes,1000,EA,No,--,VIRTUAL_PACKING,Yes,31.0,KGM,0.16,MTQ,425,--,PHARMACEUTICALS,No,--,10,--,--
S9906784.2,"Somalia,HC kit-renewable,version 2013",Z02,Yes,1000,EA,No,--,VIRTUAL_PACKING,Yes,27.0,KGM,0.16,MTQ,425,--,PHARMACEUTICALS,No,--,10,--,--
S9906784.3,"Somalia,HC kit-renewable,version 2013",Z02,Yes,1000,EA,No,--,VIRTUAL_PACKING,Yes,30.0,KGM,0.16,MTQ,425,--,PHARMACEUTICALS,No,--,10,--,--
S1993554,"Users guide Recreation Kit, English",Z01,No,1000,EA,No,--,SHORT_LINE,Yes,0.263,KGM,0.416,DMQ,--,HBW,--,No,--,10,--,--
S1993550,"Users guide School in a Box Kit, English",Z01,No,1000,EA,No,--,SHORT_LINE,Yes,0.427,KGM,0.611,DMQ,--,HBW,--,No,--,10,--,--
S0305106,"Spray,anti-fog,googles,bott/50ml",Z01,No,1000,EA,No,--,SHORT_LINE,Yes,0.092,KGM,0.008,MTQ,--,HBW,--,No,--,10,--,--
S5031007,"Tent, self-erecting, 1-2 persons",Z01,No,1000,EA,No,--,SHORT_LINE,Yes,2.7,KGM,10.9,DMQ,--,HBW,--,No,--,10,--,--
S5031008,"Winter Jacket w/logo, L",Z01,No,1000,EA,No,--,SHORT_LINE,No,0.54,KGM,156.948,DMQ,--,HBW,--,No,--,10,--,--
W9200003.1,Pre.-Fab. Warehouse,Z11,Yes,1100,EA,No,--,SHORT_LINE,No,484.0,KGM,1.066,MTQ,--,BLK,CPH_UNHCR,No,--,--,--,--
W9200003.2,Pre.-Fab. Warehouse,Z11,Yes,1100,EA,No,--,SHORT_LINE,No,353.0,KGM,0.518,MTQ,--,BLK,CPH_UNHCR,No,--,--,--,--
W9200003.3,Pre.-Fab. Warehouse,Z11,Yes,1100,EA,No,--,SHORT_LINE,No,1060.0,KGM,3.794,MTQ,--,BLK,CPH_UNHCR,No,--,--,--,--
S6780215,Doxycycline 100mg tabs/PAC-100,Z01,Yes,1000,PAC,No,--,SHORT_LINE,Yes,0.021,KGM,0.115,DMQ,425,HBW,PHARMACEUTICALS,No,--,10,Z1,--
S9906786.1,"Malawi,PHC Phase I,version 2014",Z02,Yes,1000,EA,No,--,VIRTUAL_PACKING,Yes,25.0,KGM,0.12,MTQ,425,--,MEDICAL,No,--,10,Z1,--
S9906786.2,"Malawi,PHC Phase I,version 2014",Z02,Yes,1000,EA,No,--,VIRTUAL_PACKING,Yes,26.0,KGM,0.12,MTQ,425,--,MEDICAL,No,--,10,Z1,--
S9906786.3,"Malawi,PHC Phase I,version 2014",Z02,Yes,1000,EA,No,--,VIRTUAL_PACKING,Yes,21.0,KGM,0.12,MTQ,425,--,MEDICAL,No,--,10,Z1,--
S9906786.4,"Malawi,PHC Phase I,version 2014",Z02,Yes,1000,EA,No,--,VIRTUAL_PACKING,Yes,23.0,KGM,0.079,MTQ,425,--,MEDICAL,No,--,10,Z1,--
S9906786.5,"Malawi,PHC Phase I,version 2014",Z02,Yes,1000,EA,No,--,VIRTUAL_PACKING,Yes,18.0,KGM,0.042,MTQ,425,--,MEDICAL,No,--,10,Z1,--
S9906786.6,"Malawi,PHC Phase I,version 2014",Z02,Yes,1000,EA,No,--,VIRTUAL_PACKING,Yes,13.0,KGM,0.03,MTQ,425,--,MEDICAL,No,--,10,Z1,--
S9906786.7,"Malawi,PHC Phase I,version 2014",Z02,Yes,1000,EA,No,--,VIRTUAL_PACKING,Yes,13.0,KGM,0.027,MTQ,425,--,MEDICAL,No,--,10,Z1,--
S9906786.8,"Malawi,PHC Phase I,version 2014",Z02,Yes,1000,EA,No,--,VIRTUAL_PACKING,Yes,15.0,KGM,0.05,MTQ,425,--,MEDICAL,No,--,10,Z1,--
S9999697,Prepack 4/4 DPRK EM kit 2014,Z02,Yes,1000,EA,No,--,MINILOAD,No,10.0,KGM,21.46,DMQ,425,HBW,PHARMACEUTICALS,No,--,10,Z1,--
S1580021,ORS fl.0.5Lx4+Zinc 20mg 10tabs.kit/PAC,Z01,Yes,1000,PAC,No,--,SHORT_LINE,No,0.091,KGM,0.419,DMQ,425,HBW,PHARMACEUTICALS,No,--,10,Z1,--
S9999772,"Subkit 2/7 Malawi,PHC Phase II,V 2014",Z02,Yes,1000,EA,No,S9906787,LONG_LINE,Yes,26.0,KGM,0.12,MTQ,425,HBW,PHARMACEUTICALS,No,--,10,Z1,--
S9999773,"Subkit 3/7 Malawi,PHC Phase II,V 2014",Z02,Yes,1000,EA,No,S9906787,LONG_LINE,Yes,27.0,KGM,0.12,MTQ,425,HBW,PHARMACEUTICALS,No,--,10,Z1,--
S9999776,"Subkit 6/7 Malawi,PHC Phase II,V 2014",Z02,Yes,1000,EA,No,S9906787,SHORT_LINE,Yes,15.442,KGM,0.054,MTQ,425,HBW,PHARMACEUTICALS,No,--,10,Z1,--
S0370115,"Prongs,nasal,Oxygen,child,s.u.",Z01,Yes,1000,EA,No,--,SHORT_LINE,Yes,0.056,KGM,0.51,DMQ,425,HBW,MEDICAL,No,--,10,--,--
S9902301.1,Nigeria Kit 2014,Z02,Yes,1000,EA,No,--,VIRTUAL_PACKING,Yes,31.0,KGM,0.12,MTQ,425,--,PHARMACEUTICALS,No,--,10,--,--
S9902301.2,Nigeria Kit 2014,Z02,Yes,1000,EA,No,--,VIRTUAL_PACKING,Yes,6.12,KGM,0.048,MTQ,425,--,PHARMACEUTICALS,No,--,10,--,--
S9999766,Subkit 1/2 S9902301 Nigeria Kit 2014,Z02,Yes,1000,EA,No,S9902301,LONG_LINE,No,31.0,KGM,0.12,MTQ,425,HBW,PHARMACEUTICALS,No,--,10,Z1,--
S0370105,"Prongs,nasal,Oxygen,adult,s.u.",Z01,Yes,1000,EA,No,--,SHORT_LINE,Yes,0.09,KGM,0.84,DMQ,425,HBW,MEDICAL,No,--,10,--,--
S0370125,"Prongs,nasal,Oxygen,neonate,s.u.",Z01,Yes,1000,EA,No,--,SHORT_LINE,Yes,0.053,KGM,0.569,DMQ,425,HBW,MEDICAL,No,--,10,--,--
S9999693,"Prepack 3/4 Mali, in-patient CMAM kit",Z02,Yes,1000,EA,No,--,BAGGING_LINE,No,1.0,KGM,0.013,MTQ,425,HBW,PHARMACEUTICALS,No,--,10,Z1,--
S9999694,"Prepack 4/4 Mali, in-patient CMAM kit",Z02,Yes,1000,EA,No,--,MINILOAD,No,3.0,KGM,0.015,MTQ,425,HBW,PHARMACEUTICALS,No,--,10,Z1,--
S9999753,"Subkit 3/6 Mali, in-patient CMAM kit",Z02,Yes,1000,EA,No,S9906791,LONG_LINE,No,22.0,KGM,0.12,MTQ,240,HBW,PHARMACEUTICALS,No,--,10,Z1,--
S9906791,"Mali, in-patient CMAM kit, version 2014",Z02,Yes,1000,EA,Yes,--,VIRTUAL_PACKING,No,136.0,KGM,0.616,MTQ,425,HBW,PHARMACEUTICALS,No,--,10,Z1,--
S9999754,"Subkit 4/6 Mali, in-patient CMAM kit",Z02,Yes,1000,EA,No,S9906791,SHORT_LINE,No,27.165,KGM,0.12,MTQ,425,HBW,PHARMACEUTICALS,No,--,10,Z1,--
S9999113,Subkit 3/6 IEHK2011 Renew.S9901010,Z02,Yes,1000,EA,No,--,LONG_LINE,No,16.0,KGM,0.192,MTQ,425,HBW,MEDICAL,No,--,10,Z1,--
S9999111,Subkit 1/6 IEHK2011 Renew.S9901010,Z02,Yes,1000,EA,No,--,LONG_LINE,No,9.0,KGM,0.079,MTQ,425,HBW,MEDICAL,No,--,10,Z1,--
S9999122,Prepack 2/3 IEHK2011 Renew.S9901010,Z02,Yes,1000,EA,No,--,MINILOAD,No,2.0,KGM,0.011,MTQ,425,HBW,MEDICAL,No,--,10,Z1,--
S9999042,Sub 2/5 IEHK2011 Med.S9901006,Z02,Yes,1000,EA,No,--,LONG_LINE,Yes,44.28,KGM,0.16,MTQ,425,HBW,PHARMACEUTICALS,No,--,10,Z1,--
S9999043,Sub 3/5 IEHK2011 Med.S9901006,Z02,Yes,1000,EA,No,--,LONG_LINE,No,23.7,KGM,0.12,MTQ,425,HBW,PHARMACEUTICALS,No,--,10,Z1,--
S1580022,ORS fl.1Lx2+ Zinc 20mg 10tabs.kit/PAC,Z01,Yes,1000,PAC,No,--,SHORT_LINE,Yes,0.113,KGM,0.653,DMQ,425,HBW,PHARMACEUTICALS,No,--,10,Z1,--
S9999112,Subkit 2/6 IEHK2011 Renew.S9901010,Z02,Yes,1000,EA,No,--,LONG_LINE,No,15.0,KGM,0.12,MTQ,425,HBW,MEDICAL,No,--,10,Z1,--
S9999121,Prepack 1/3 IEHK2011 Renew.S9901010,Z02,Yes,1000,EA,No,--,SHORT_LINE,No,1.0,KGM,0.013,MTQ,425,HBW,MEDICAL,No,--,10,Z1,--
S9999117,Subkit 7/7 IEHK2011 Renew.S9901010,Z02,No,1000,EA,No,--,SHORT_LINE,No,7.641,KGM,0.032,MTQ,--,HBW,--,No,--,10,--,--
S9999115,Subkit 5/6 IEHK2011 Renew.S9901010,Z02,Yes,1000,EA,No,--,SHORT_LINE,No,15.0,KGM,0.16,MTQ,425,HBW,MEDICAL,No,--,10,Z1,--
S9999114,Subkit 4/6 IEHK2011 Renew.S9901010,Z02,Yes,1000,EA,No,--,LONG_LINE,No,25.386,KGM,0.131,MTQ,425,HBW,MEDICAL,No,--,10,Z1,--
S9999116,Subkit 6/6 IEHK2011 Renew.S9901010,Z02,Yes,1000,EA,No,--,LONG_LINE,No,12.665,KGM,0.129,MTQ,425,HBW,MEDICAL,No,--,10,Z1,--
S9999123,Prepack 3/3 IEHK2011 Renew.S9901010,Z02,Yes,1000,EA,No,--,MINILOAD,No,1.0,KGM,0.011,MTQ,425,HBW,MEDICAL,No,--,10,Z1,--
S0760641,"Pump,suction,foot-oper,single piston,set",Z01,No,1000,EA,No,--,SHORT_LINE,Yes,3.06,KGM,27.118,DMQ,--,HBW,--,No,--,10,--,--
S9999752,"Subkit 2/6 Mali, in-patient CMAM kit",Z02,Yes,1000,EA,No,S9906791,LONG_LINE,No,25.0,KGM,0.16,MTQ,425,HBW,PHARMACEUTICALS,No,--,10,Z1,--
S0791501,"Vacuum extractor,Bird(ant&post),manu,set",Z01,No,1000,EA,No,--,SHORT_LINE,Yes,3.884,KGM,52.023,DMQ,--,HBW,--,No,--,10,--,--
S9999041,Subk 1/5 IEHK2011 Med.S9901006,Z02,Yes,1000,EA,No,--,LONG_LINE,No,20.0,KGM,0.12,MTQ,240,HBW,PHARMACEUTICALS,No,--,10,Z1,--
S9999044,Sub 4/5 IEHK2011 Med.S9901006,Z02,Yes,1000,EA,No,--,LONG_LINE,No,30.0,KGM,0.12,MTQ,425,HBW,PHARMACEUTICALS,No,--,10,Z1,--
S9999054,Prepack 4/4 IEHK2011 Med.S9901006,Z02,Yes,1000,EA,No,--,MINILOAD,No,4.0,KGM,0.016,MTQ,240,HBW,PHARMACEUTICALS,No,--,10,Z1,--
S9999052,Prepack 2/4 IEHK2011 Med.S9901006,Z02,Yes,1000,EA,No,--,MINILOAD,No,3.0,KGM,0.021,MTQ,425,HBW,PHARMACEUTICALS,No,--,10,Z1,--
S9999841,"Subkit 1/4 S9902217 Midwifery kit,1-drug",Z02,Yes,1000,EA,No,S9902217,LONG_LINE,No,26.0,KGM,0.106,MTQ,240,HBW,PHARMACEUTICALS,No,--,10,Z1,--
S9999843,"Subkit 3/4 S9902217 Midwifery kit,1-drug",Z02,Yes,1000,EA,No,S9902217,SHORT_LINE,No,11.7,KGM,0.024,MTQ,425,HBW,PHARMACEUTICALS,No,--,10,Z1,--
S1531999,Chloroquine base 150mg tabs/PAC-10x10,Z01,Yes,1000,EA,No,--,SHORT_LINE,Yes,0.069,KGM,0.329,DMQ,425,HBW,PHARMACEUTICALS,No,--,10,Z1,--
S9902217.1,"Midwifery kit,1-drugs",Z02,Yes,1000,EA,No,--,LONG_LINE,Yes,23.0,KGM,0.079,MTQ,425,--,PHARMACEUTICALS,No,--,10,Z1,--
S9902217.2,"Midwifery kit,1-drugs",Z02,Yes,1000,EA,No,--,LONG_LINE,Yes,13.0,KGM,0.027,MTQ,425,--,PHARMACEUTICALS,No,--,10,Z1,--
S9902217.3,"Midwifery kit,1-drugs",Z02,Yes,1000,EA,No,--,SHORT_LINE,Yes,13.0,KGM,0.039,MTQ,425,--,PHARMACEUTICALS,No,--,10,Z1,--
S9902217.4,"Midwifery kit,1-drugs",Z02,Yes,1000,EA,No,--,SHORT_LINE,Yes,11.8,KGM,0.03,MTQ,425,--,PHARMACEUTICALS,No,--,10,Z1,--
S9999771,"Subkit 1/7 Malawi,PHC Phase II,V 2014",Z02,Yes,1000,EA,No,S9906787,LONG_LINE,Yes,22.0,KGM,0.079,MTQ,425,HBW,PHARMACEUTICALS,No,--,10,Z1,--
S9999775,"Subkit 5/7 Malawi,PHC Phase II,V 2014",Z02,Yes,1000,EA,No,S9906787,SHORT_LINE,Yes,18.299,KGM,0.043,MTQ,425,HBW,PHARMACEUTICALS,No,--,10,Z1,--
S9999774,"Subkit 4/7 Malawi,PHC Phase II,V 2014",Z02,Yes,1000,EA,No,S9906787,LONG_LINE,Yes,18.0,KGM,0.12,MTQ,425,HBW,PHARMACEUTICALS,No,--,10,Z1,--
S9999053,Prepack 3/4 IEHK2011 Med.S9901006,Z02,Yes,1000,EA,No,--,MINILOAD,No,7.0,KGM,0.016,MTQ,425,HBW,PHARMACEUTICALS,No,--,10,Z1,--
S9999051,Prepack 1/4 IEHK2011 Med.S9901006,Z02,Yes,1000,EA,No,--,MINILOAD,No,2.0,KGM,0.021,MTQ,425,HBW,PHARMACEUTICALS,No,--,10,Z1,--
S0503015,"Medical tape,2.5cmx5m,roll",Z01,Yes,1000,EA,No,--,SHORT_LINE,Yes,0.027,KGM,0.12,DMQ,425,HBW,MEDICAL,No,--,10,--,--
S0512020,"Bandage,gauze,5cmx5m,roll",Z01,Yes,1000,EA,No,--,SHORT_LINE,Yes,0.008,KGM,0.055,DMQ,425,HBW,MEDICAL,No,--,10,--,--
S9906725.1,"DRC Regional Hospital kit 2013,version2",Z02,Yes,1000,EA,No,--,SHORT_LINE,Yes,21.0,KGM,0.16,MTQ,425,--,PHARMACEUTICALS,No,--,10,--,--
S9906725.2,"DRC Regional Hospital kit 2013,version2",Z02,Yes,1000,EA,No,--,SHORT_LINE,Yes,32.0,KGM,0.16,MTQ,425,--,PHARMACEUTICALS,No,--,10,--,--
S6780223,"Scale,infant,springtype,5kg x 25g",Z01,No,1000,EA,No,--,SHORT_LINE,Yes,0.164,KGM,0.565,DMQ,--,HBW,--,No,--,10,--,--
S9900001,WMS Dummy kit,Z02,No,1000,EA,No,S9906787,SHORT_LINE,No,0.0,KGM,0.003,MTQ,--,HBW,--,No,--,10,--,--
S9999012,Subkit 2/2 IEHK2011 Basic.S9901004,Z02,Yes,1000,EA,No,--,LONG_LINE,No,26.0,KGM,0.12,MTQ,425,HBW,PHARMACEUTICALS,No,--,10,Z1,--
S0503020,"Medical tape,perforated,10cmx5m,roll",Z01,Yes,1000,EA,No,--,SHORT_LINE,Yes,0.123,KGM,0.442,DMQ,425,HBW,MEDICAL,No,--,10,--,--
S0512015,"Bandage,elastic,7.5cmx5m,roll",Z01,Yes,1000,EA,No,--,SHORT_LINE,Yes,0.032,KGM,0.231,DMQ,425,HBW,MEDICAL,No,--,10,--,--
S0523020,"Tape umbilical,3mmx50m,non-ster",Z01,Yes,1000,EA,No,--,SHORT_LINE,Yes,0.051,KGM,0.279,DMQ,425,HBW,MEDICAL,No,--,10,--,--
S9999842,"Subkit 2/4 S9902217 Midwifery kit,1-drug",Z02,Yes,1000,EA,No,S9902217,SHORT_LINE,No,13.0,KGM,0.027,MTQ,425,HBW,PHARMACEUTICALS,No,--,10,Z1,--
S9999844,"Subkit 4/4 S9902217 Midwifery kit,1-drug",Z02,Yes,1000,EA,No,S9902217,SHORT_LINE,No,11.8,KGM,0.03,MTQ,425,HBW,PHARMACEUTICALS,No,--,10,Z1,--
S1560200,Phytomenadi. 10mg/ml inj.1ml amp./BOX-10,Z01,Yes,1000,BOX,No,--,SHORT_LINE,Yes,58.0,GRM,0.437,DMQ,240,HBW,PHARMACEUTICALS,No,--,10,Z1,--
S9999024,"Prepack 4/5 IEHK2011 Basic, S9901004",Z02,Yes,1000,EA,No,--,MINILOAD,No,4.2,KGM,0.016,MTQ,425,HBW,PHARMACEUTICALS,No,--,10,Z1,--
S9999031,"Bag 1/1 IEHK2011 Basic, S9901004",Z02,No,1000,EA,No,--,BAGGING_LINE,No,1.0,KGM,0.5,DMQ,--,HBW,--,No,--,10,Z1,--
S9999025,"Prepack 5/5 IEHK2011 Basic, S9901004",Z02,Yes,1000,EA,No,--,MINILOAD,No,3.8,KGM,0.021,MTQ,425,HBW,PHARMACEUTICALS,No,--,10,Z1,--
S1568102,Primaquine base 7.5mg tabs/PAC-10 x10,Z01,Yes,1000,EA,No,--,SHORT_LINE,No,0.028,KGM,0.159,DMQ,425,HBW,PHARMACEUTICALS,No,--,10,Z1,--
S9999696,Prepack 3/4 DPRK EM kit 2014,Z02,Yes,1000,EA,No,--,MINILOAD,No,7.0,KGM,16.32,DMQ,425,HBW,PHARMACEUTICALS,No,--,10,Z1,--
S0523010,"Gauze,roll,90cmx100m,non-ster",Z01,Yes,1000,EA,No,--,SHORT_LINE,Yes,2.132,KGM,13.229,DMQ,425,HBW,MEDICAL,No,--,10,--,--
S0519000,"Cotton wool,500g,roll,non-ster",Z01,Yes,1000,EA,No,--,SHORT_LINE,Yes,0.581,KGM,3.47,DMQ,425,HBW,MEDICAL,No,--,10,--,--
S1555651,Metronidazole 250mg tabs/PAC-100,Z01,Yes,1000,EA,No,--,SHORT_LINE,Yes,0.082,KGM,0.425,DMQ,425,HBW,PHARMACEUTICALS,No,--,10,Z1,--
S1555661,Metronidazole 500mg tabs/PAC-100,Z01,Yes,1000,EA,No,--,SHORT_LINE,Yes,0.136,KGM,0.909,DMQ,425,HBW,PHARMACEUTICALS,No,--,10,Z1,--
S9906787.1,"Malawi,PHC Phase II,version 2014",Z02,Yes,1000,EA,No,--,VIRTUAL_PACKING,Yes,22.0,KGM,0.079,MTQ,425,--,MEDICAL,No,--,10,Z1,--
S9906787.2,"Malawi,PHC Phase II,version 2014",Z02,Yes,1000,EA,No,--,VIRTUAL_PACKING,Yes,26.0,KGM,0.12,MTQ,425,--,MEDICAL,No,--,10,Z1,--
S9999691,"Prepack 1/4 Mali, in-patient CMAM kit",Z02,Yes,1000,EA,No,--,MINILOAD,No,6.0,KGM,0.021,MTQ,425,HBW,PHARMACEUTICALS,No,--,10,Z1,--
S9999692,"Prepack 2/4 Mali, in-patient CMAM kit",Z02,Yes,1000,EA,No,--,MINILOAD,No,2.5,KGM,0.015,MTQ,425,HBW,PHARMACEUTICALS,No,--,10,Z1,--
S9999757,"Subkit 7/7 Mali, in-patient CMAM kit",Z02,Yes,1000,EA,No,--,SHORT_LINE,No,13.0,KGM,0.03,MTQ,425,HBW,PHARMACEUTICALS,No,--,10,Z1,--
S9999751,"Subkit 1/6 Mali, in-patient CMAM kit",Z02,Yes,1000,EA,No,S9906791,LONG_LINE,No,37.6,KGM,0.16,MTQ,425,HBW,PHARMACEUTICALS,No,--,10,Z1,--
S9999756,"Subkit 6/6 Mali, in-patient CMAM kit",Z02,Yes,1000,EA,No,S9906791,SHORT_LINE,No,7.0,KGM,0.03,MTQ,425,HBW,PHARMACEUTICALS,No,--,10,Z1,--
S9999789,Prepack 1/1 S9902301 Nigeria Kit 2014,Z02,Yes,1000,EA,No,--,MINILOAD,No,4.5,KGM,22,DMQ,425,HBW,PHARMACEUTICALS,No,--,10,Z1,--
S9999767,Subkit 2/2 S9902301 Nigeria Kit 2014,Z02,Yes,1000,EA,No,S9902301,LONG_LINE,No,6.12,KGM,0.048,MTQ,425,HBW,PHARMACEUTICALS,No,--,10,Z1,--
S0512025,"Bandage,gauze,8cmx4m,roll",Z01,Yes,1000,EA,No,--,SHORT_LINE,Yes,0.011,KGM,0.086,DMQ,425,HBW,MEDICAL,No,--,10,--,--
S0523015,"Compress,gauze,10x10cm,n/ster/PAC-100",Z01,Yes,1000,EA,No,--,SHORT_LINE,Yes,0.311,KGM,1.961,DMQ,425,HBW,MEDICAL,No,--,10,--,--
S9906787.3,"Malawi,PHC Phase II,version 2014",Z02,Yes,1000,EA,No,--,VIRTUAL_PACKING,Yes,27.0,KGM,0.12,MTQ,425,--,MEDICAL,No,--,10,Z1,--
S9906787.4,"Malawi,PHC Phase II,version 2014",Z02,Yes,1000,EA,No,--,VIRTUAL_PACKING,Yes,18.0,KGM,0.12,MTQ,425,--,MEDICAL,No,--,10,Z1,--
S9999755,"Subkit 5/6 Mali, in-patient CMAM kit",Z02,Yes,1000,EA,No,S9906791,SHORT_LINE,No,12.0,KGM,0.025,MTQ,425,HBW,PHARMACEUTICALS,No,--,10,Z1,--
S9999011,Subkit 1/2 IEHK2011 Basic.S9901004,Z02,Yes,1000,EA,No,--,LONG_LINE,No,29.0,KGM,0.16,MTQ,425,HBW,PHARMACEUTICALS,No,--,10,Z1,--
S9999021,"Prepack 1/5 IEHK2011 Basic, S9901004",Z02,Yes,1000,EA,No,--,MINILOAD,No,5.3,KGM,0.021,MTQ,425,HBW,PHARMACEUTICALS,No,--,10,Z1,--
S9999081,Prepack 1/1 IEHK2011 2.equip.S9901009,Z02,Yes,1000,EA,No,--,MINILOAD,No,7.0,KGM,0.016,MTQ,425,HBW,PHARMACEUTICALS,No,--,10,--,--
S2684008,"Pencil case, Arabic 23x13x2 cm",Z01,No,1000,EA,No,--,SHORT_LINE,No,0.039,KGM,0.002,DMQ,--,HBW,--,No,--,10,--,--
S9599999,ARCHIVES Unicef Danmark,Z16,Yes,1000,BOX,No,--,SHORT_LINE,Yes,428.398,KGM,924.759,DMQ,--,HBW,ARCHIVES,No,--,--,--,--
S9906787.5,"Malawi,PHC Phase II,version 2014",Z02,Yes,1000,EA,No,--,VIRTUAL_PACKING,Yes,18.0,KGM,0.041,MTQ,425,--,MEDICAL,No,--,10,Z1,--
S9906787.6,"Malawi,PHC Phase II,version 2014",Z02,Yes,1000,EA,No,--,VIRTUAL_PACKING,Yes,15.0,KGM,0.024,MTQ,425,--,MEDICAL,No,--,10,Z1,--
S6780256,"Gloves,exam,nitrile,non-ster,L,BOX-200",Z01,No,1000,EA,No,--,SHORT_LINE,Yes,0.842,KGM,3.69,DMQ,--,HBW,--,No,--,--,--,--
S6780268,"Mask,high-fil,FFP2/N-95,no-valve,nonster",Z01,No,1000,EA,No,--,SHORT_LINE,Yes,14.0,GRM,0.179,DMQ,--,HBW,--,No,--,--,--,--
S2731222,"Hard surface Football, Size 3",Z01,No,1000,EA,No,--,SHORT_LINE,Yes,0.391,KGM,2.601,DMQ,--,HBW,--,No,--,10,--,--
S9999500,"Bag 1/1 Sudan Co. Midwife kit, 2016",Z02,No,1000,EA,No,--,BAGGING_LINE,No,0.5,KGM,1,DMQ,--,HBW,--,No,--,--,--,--
S9901040.1,"IEHK 2024,Basic Medicine&Renewable UNIT",Z02,Yes,1000,EA,No,--,VIRTUAL_PACKING,Yes,23.0,KGM,0.106,MTQ,--,--,PHARMACEUTICALS,No,--,--,Z1,9000
S9901040.2,"IEHK 2024,Basic Medicine&Renewable UNIT",Z02,Yes,1000,EA,No,--,VIRTUAL_PACKING,Yes,18.3,KGM,0.08,MTQ,--,--,PHARMACEUTICALS,No,--,--,Z1,9000
S9901040.3,"IEHK 2024,Basic Medicine&Renewable UNIT",Z02,Yes,1000,EA,No,--,VIRTUAL_PACKING,Yes,23.0,KGM,0.106,MTQ,--,--,PHARMACEUTICALS,No,--,--,Z1,9000
S9998831,"PP  1/2 IEHK2017,kit,suppl.3-renewable",Z02,Yes,1000,EA,No,--,SHORT_LINE,No,0.6,KGM,0.014,MTQ,425,HBW,PHARMACEUTICALS,No,--,--,Z1,--
S1504014,Metoclopramide inj 5mg/ml 2ml amp/BOX-10,Z01,Yes,1000,BOX,No,--,SHORT_LINE,Yes,0.072,KGM,0.386,DMQ,425,HBW,PHARMACEUTICALS,No,--,10,Z1,--
S9999700,Household Protection Kit for 1 Family,Z02,Yes,1000,EA,No,--,SHORT_LINE,No,5.0,KGM,0.021,MTQ,425,HBW,MEDICAL,No,--,--,--,--
S6780315,"Coverall,protection,CatIII,type6B,XL",Z01,No,1000,EA,No,--,SHORT_LINE,Yes,326.0,GRM,2.015,DMQ,--,HBW,--,No,--,--,--,--
S6780252,"Gloves,exam,nitrile,non-ster,M,BOX-100",Z01,No,1000,EA,No,--,SHORT_LINE,Yes,523.0,GRM,3.034,DMQ,--,HBW,--,No,--,--,--,--
S5006271,Reusable Menstrual Set,Z01,No,1000,EA,No,--,SHORT_LINE,Yes,0.113,KGM,0.962,DMQ,--,HBW,--,No,--,--,--,--
S5006275,Child potty,Z01,No,1000,EA,No,--,SHORT_LINE,Yes,0.248,KGM,3.015,DMQ,--,HBW,--,No,--,--,--,--
S6780258,"Boots,rubber/PVC,reusable,pair,size44",Z01,No,1000,EA,No,--,SHORT_LINE,Yes,2348.0,GRM,11.889,DMQ,--,HBW,--,No,--,--,--,--
S6780257,"Boots,rubber/PVC,reusable,pair,size42",Z01,No,1000,EA,No,--,SHORT_LINE,Yes,2245.0,GRM,13.353,DMQ,--,HBW,--,No,--,--,--,--
S6780265,"Faceshield,fog-resistant,fullface-length",Z01,No,1000,EA,No,--,SHORT_LINE,Yes,688.0,GRM,13.863,DMQ,--,HBW,--,No,--,--,--,--
S6780263,"Gloves,heavy-duty,rubber/nitrile,pair,S",Z01,No,1000,EA,No,--,SHORT_LINE,No,77.0,GRM,1.4,DMQ,--,HBW,--,No,--,--,--,--
S6780262,"Boots,rubber/PVC,reusable,pair,size43",Z01,No,1000,EA,No,--,SHORT_LINE,Yes,2253.0,GRM,11.531,DMQ,--,HBW,--,No,--,--,--,--
S6780264,"Gloves,heavy-duty,rubber/nitrile,pair,L",Z01,No,1000,EA,No,--,SHORT_LINE,Yes,87.0,GRM,0.319,DMQ,--,HBW,--,No,--,--,--,--
S6780245,"Mask, surgical, typeIIR, disp.",Z01,No,1000,EA,No,--,SHORT_LINE,Yes,5.0,GRM,0.048,DMQ,--,HBW,--,No,--,--,--,--
S6780248,"Gloves,Household Cleaning,reusable,M/L",Z01,No,1000,EA,No,--,SHORT_LINE,Yes,75.0,GRM,0.242,DMQ,--,HBW,--,No,--,--,--,--
S6780249,"NaDCC,Chlorine Granules 56%, 1/2kg",Z01,Yes,1000,EA,No,--,SHORT_LINE,Yes,0.649,KGM,2.057,DMQ,425,HBW,PHARMACEUTICALS,No,--,--,--,3077
S6780305,"Bootcover,anti-skid,elasticated",Z01,No,1000,EA,No,--,SHORT_LINE,Yes,53.0,GRM,0.404,DMQ,--,HBW,--,No,--,--,--,--
S1550010,Iron 60mg tablets/PAC-100,Z01,Yes,1000,PAC,No,--,SHORT_LINE,Yes,0.103,KGM,0.37,DMQ,425,HBW,PHARMACEUTICALS,No,--,10,Z1,--
S6780251,"Gloves,exam,nitrile,non-ster,S,BOX-100",Z01,No,1000,EA,No,--,SHORT_LINE,Yes,506.0,GRM,3.137,DMQ,--,HBW,--,No,--,--,--,--
S6780253,"Gloves,exam,nitrile,non-ster,L,BOX-100",Z01,No,1000,EA,No,--,SHORT_LINE,Yes,581.0,GRM,3.541,DMQ,--,HBW,--,No,--,--,--,--
S6780244,"Gown,surgical,nonwoven,disp",Z01,No,1000,EA,No,--,SHORT_LINE,Yes,268.0,GRM,2.773,DMQ,--,HBW,--,No,--,--,--,--
S6780246,"BAG,Refuse,plastic,70my,RED,100lt,roll10",Z01,No,1000,EA,No,--,SHORT_LINE,Yes,0.1,KGM,0.432,DMQ,--,HBW,--,No,--,--,--,--
S6780247,"Bucket,HDPE,with lid,20 litres",Z01,No,1000,EA,No,--,SHORT_LINE,Yes,0.66,KGM,8.5,DMQ,--,HBW,--,No,--,--,--,--
S6780311,"Coverall,protection,CatIII,type6B,L",Z01,No,1000,EA,No,--,SHORT_LINE,Yes,328.0,GRM,2.157,DMQ,--,HBW,--,No,--,--,--,--
S6780278,"Tape,duct,heavy,5cmx10m,roll",Z01,No,1000,EA,No,--,SHORT_LINE,No,630.0,GRM,1.528,DMQ,--,HBW,--,No,--,--,--,--
S6780274,"Coverall,protection,CatIII,type4,XL",Z01,No,1000,EA,No,--,SHORT_LINE,Yes,339.0,GRM,2.184,DMQ,--,HBW,--,No,--,--,--,--
S6780283,"Tunic,surgical,woven,sizeM",Z01,No,1000,EA,No,--,SHORT_LINE,No,390.0,GRM,2.064,DMQ,--,HBW,--,No,--,--,--,--
S6780276,"Cap,surgical,non-woven,disp,box/100",Z01,No,1000,EA,No,--,SHORT_LINE,Yes,652.0,GRM,7.957,DMQ,--,HBW,--,No,--,--,--,--
S6780282,"Tunic,surgical,woven,sizeL",Z01,No,1000,EA,No,--,SHORT_LINE,Yes,203.0,GRM,0.798,DMQ,--,HBW,--,No,--,--,--,--
S9935087,"Syria SEDL Suppl. 1 kit,  2014",Z02,Yes,1000,EA,Yes,--,VIRTUAL_PACKING,No,316.5,KGM,1.544,MTQ,425,HBW,PHARMACEUTICALS,No,--,--,Z1,--
S9935086,"Syria SEDL Basic kit, 2014",Z02,Yes,1000,EA,Yes,--,VIRTUAL_PACKING,No,528.0,KGM,2.916,MTQ,425,HBW,PHARMACEUTICALS,No,--,--,Z1,1950
S1555682,"Meglumine antimoniate 1,5g/5ml amp/BOX-5",Z01,Yes,1000,BOX,No,--,SHORT_LINE,Yes,0.069,KGM,0.286,DMQ,425,HBW,PHARMACEUTICALS,No,--,--,Z1,--
S0845213,"Oxygen concentrator, 10 LPM, up to 1500m",Z01,Yes,1000,EA,No,--,SHORT_LINE,No,21.0,KGM,112,DMQ,425,HBW,MEDICAL,No,--,--,--,--
S0845052,"FilterSet,Canta 8LPM oxygen concentrator",Z01,No,1000,EA,No,--,SHORT_LINE,Yes,0.405,KGM,6.194,DMQ,--,HBW,--,No,--,--,--,--
S9986716,PP 1/3 F Sub 1/3 Yemen PHK S9906800,Z02,Yes,1000,EA,No,--,MINILOAD,No,4.0,KGM,22,DMQ,425,HBW,PHARMACEUTICALS,No,--,--,Z1,--
S6780259,"Gloves,heavy-duty,rubber/nitrile,pair,M",Z01,No,1000,EA,No,--,SHORT_LINE,No,77.0,GRM,1.4,DMQ,--,HBW,--,No,--,--,--,--
S6780260,"Bag,biohazard,50L",Z01,No,1000,EA,No,--,SHORT_LINE,Yes,44.0,GRM,0.144,DMQ,--,HBW,--,No,--,--,--,--
S6780261,"Spray,anti-fog,goggles,bott/50ml",Z01,No,1000,EA,No,--,SHORT_LINE,Yes,75.0,GRM,0.288,DMQ,--,HBW,--,No,--,--,--,--
S6780266,"Goggles,protective,indirect-side-ventil",Z01,No,1000,EA,No,--,SHORT_LINE,Yes,51.0,GRM,0.441,DMQ,--,HBW,--,No,--,--,--,--
S1300100,Amodiaquine 135mg+Arte 50mg tab/3/PAC-1,Z01,Yes,1000,PAC,No,--,SHORT_LINE,No,0.02,KGM,0.077,DMQ,425,HBW,PHARMACEUTICALS,No,--,--,Z1,--
S6780286,"Cot,medical,IV-pole,basic",Z01,No,1000,EA,No,--,SHORT_LINE,Yes,28.728,KGM,259.226,DMQ,--,HBW,--,No,--,--,--,--
S6780280,"Trousers,surgical,woven,sizeM",Z01,No,1000,EA,No,--,SHORT_LINE,No,434.0,GRM,2.257,DMQ,--,HBW,--,No,--,--,--,--
S6780279,"Trousers,surgical,woven,sizeL 12.56",Z01,No,1000,EA,No,--,SHORT_LINE,No,237.0,GRM,0.903,DMQ,--,HBW,--,No,--,--,--,--
S6780281,"Trousers,surgical,woven,sizeXL",Z01,No,1000,EA,No,--,SHORT_LINE,No,317.0,GRM,1.875,DMQ,--,HBW,--,No,--,--,--,--
S1551961,Gentamicin inj 10mg/ml 2ml amp/BOX-50,Z01,Yes,1000,BOX,No,--,SHORT_LINE,Yes,0.33,KGM,1.819,DMQ,425,HBW,PHARMACEUTICALS,No,--,10,Z1,--
S6780287,"Hood,protection,CatIII",Z01,No,1000,EA,No,--,SHORT_LINE,Yes,48.0,GRM,0.349,DMQ,--,HBW,--,No,--,--,--,--
S6780314,"Coverall,protection,CatIII,type6B,M",Z01,No,1000,EA,No,--,SHORT_LINE,Yes,296.0,GRM,2.017,DMQ,--,HBW,--,No,--,--,--,--
S6780238,"Coverall,protection,CatIII,type3/4/5,L",Z01,No,1000,EA,No,--,SHORT_LINE,Yes,328.0,GRM,3.291,DMQ,--,HBW,--,No,--,--,--,--
S6780239,"Coverall,protection,CatIII,type3/4/5,XXL",Z01,No,1000,EA,No,--,SHORT_LINE,Yes,328.0,GRM,3.291,DMQ,--,HBW,--,No,--,--,--,--
S0990002,"Body bag,infection control,adult",Z01,No,1000,EA,No,--,SHORT_LINE,Yes,2.004,KGM,9.342,DMQ,--,HBW,--,No,--,--,--,--
S0990003,"Body bag,infection control,child",Z01,No,1000,EA,No,--,SHORT_LINE,Yes,1.345,KGM,5.853,DMQ,--,HBW,--,No,--,--,--,--
S1550030,Iron 60mg + Folic ac. 400mcg tab/PAC-100,Z01,Yes,1000,PAC,No,--,SHORT_LINE,Yes,0.073,KGM,0.261,DMQ,425,HBW,PHARMACEUTICALS,No,--,10,Z1,--
S6780299,"Gown,surgical,woven",Z01,No,1000,EA,No,--,SHORT_LINE,Yes,450.0,GRM,1.3,DMQ,--,HBW,--,No,--,--,--,--
S1300109,Amod 270mg+Arte100mg tabs/3/PAC-1,Z01,Yes,1000,PAC,No,--,SHORT_LINE,No,0.02,KGM,0.137,DMQ,425,HBW,PHARMACEUTICALS,No,--,--,Z1,--
S6780298,"Pulse oximeter,spot-check",Z01,No,1000,EA,No,--,SHORT_LINE,No,1.0,KGM,1.3,DMQ,--,HBW,--,No,--,--,--,--
S6780254,"Gloves,exam,nitrile,non-ster,S,BOX-200",Z01,No,1000,EA,No,--,SHORT_LINE,Yes,0.731,KGM,3.556,DMQ,--,HBW,--,No,--,--,--,--
S6780255,"Gloves,exam,nitrile,non-ster,M,BOX-200",Z01,No,1000,EA,No,--,SHORT_LINE,Yes,0.773,KGM,3.677,DMQ,--,HBW,--,No,--,--,--,--
S6780304,Tramadol 50mg/ml inj.2 ml amp.BOX-5,Z01,Yes,1000,BOX,No,--,SHORT_LINE,No,0.0,GRM,0,DMQ,425,HBW,PHARMACEUTICALS,No,--,--,Z1,--
S8913995,Warning Fence,Z01,No,1000,EA,No,--,SHORT_LINE,Yes,8.842,KGM,22.635,DMQ,--,HBW,--,No,--,--,--,--
S9906713,"Sudan, IMCI Medicine kit, 2016",Z02,Yes,1000,EA,Yes,--,VIRTUAL_PACKING,Yes,121.0,KGM,0.546,MTQ,425,HBW,PHARMACEUTICALS,No,--,--,Z1,9001
S6780291,"Apron,sleeved,CatIII,type3,L",Z01,No,1000,EA,No,--,SHORT_LINE,Yes,197.0,GRM,1.242,DMQ,--,HBW,--,No,--,--,--,--
S9999712,Subkit 2/6 Ethiopia Obstet.S9906707,Z02,Yes,1000,EA,No,S9906707,LONG_LINE,No,33.0,KGM,0.16,MTQ,425,HBW,MEDICAL,No,--,--,--,--
S9999713,Subkit 3/6 Ethiopia Obstet.S9906707,Z02,Yes,1000,EA,No,S9906707,LONG_LINE,No,22.0,KGM,0.16,MTQ,425,HBW,MEDICAL,No,--,--,--,--
S9999714,Subkit 4/6 Ethiopia Obstet.S9906707,Z02,Yes,1000,EA,No,S9906707,LONG_LINE,No,19.0,KGM,0.106,MTQ,425,HBW,MEDICAL,No,--,--,--,--
S9999711,Subkit 1/6 Ethiopia Obstet.S9906707,Z02,Yes,1000,EA,No,S9906707,LONG_LINE,No,21.0,KGM,0.16,MTQ,425,HBW,MEDICAL,No,--,--,--,--
S9999715,Subkit 5/6 Ethiopia Obstet.S9906707,Z02,Yes,1000,EA,No,S9906707,LONG_LINE,No,11.0,KGM,0.106,MTQ,425,HBW,MEDICAL,No,--,--,--,--
S9999717,Prepack 1/2 Ethiopia Obstet.S9906707,Z02,Yes,1000,EA,No,--,MINILOAD,No,3.0,KGM,20.387,DMQ,425,HBW,MEDICAL,No,--,--,--,--
S9999718,Prepack 2/2 Ethiopia Obstet.S9906707,Z02,Yes,1000,EA,No,--,MINILOAD,No,4.0,KGM,18.72,DMQ,425,HBW,MEDICAL,No,--,--,--,--
S9999716,Subkit 6/6 Ethiopia Obstet.S9906707,Z02,Yes,1000,EA,No,S9906707,LONG_LINE,No,17.0,KGM,0.106,MTQ,425,HBW,MEDICAL,No,--,--,--,--
S1532007,Atovaq 250mg+Proguanil 100mg tabs/PAC-12,Z01,Yes,1000,PAC,No,--,SHORT_LINE,No,0.021,KGM,1.163,DMQ,425,HBW,PHARMACEUTICALS,No,--,10,Z1,--
S6780269,"Bootcover,anti-skid,elasticated,box/50",Z01,No,1000,EA,No,--,SHORT_LINE,Yes,1379.0,GRM,14.053,DMQ,--,HBW,--,No,--,--,--,--
S6780271,"Coverall,protection,CatIII,type4,L",Z01,No,1000,EA,No,--,SHORT_LINE,Yes,312.0,GRM,2.251,DMQ,--,HBW,--,No,--,--,--,--
S6780284,"Tunic,surgical,woven,sizeXL",Z01,No,1000,EA,No,--,SHORT_LINE,No,284.0,GRM,2.04,DMQ,--,HBW,--,No,--,--,--,--
S6780234,"Coverall,protection,CatIII,type3/4/5,M",Z01,No,1000,EA,No,--,SHORT_LINE,Yes,328.0,GRM,3.291,DMQ,--,HBW,--,No,--,--,--,--
S6780237,"Coverall,protection,CatIII,type3/5,XXL",Z01,No,1000,EA,No,--,SHORT_LINE,Yes,671.0,GRM,8.599,DMQ,--,HBW,--,No,--,--,--,--
S6780235,"Coverall,protection,CatIII,type3/4/5,XL",Z01,No,1000,EA,No,--,SHORT_LINE,Yes,328.0,GRM,3.291,DMQ,--,HBW,--,No,--,--,--,--
S6780233,"Coverall,protection,CatIII,type3/5,XL",Z01,No,1000,EA,No,--,SHORT_LINE,Yes,725.0,GRM,5.951,DMQ,--,HBW,--,No,--,--,--,--
S6780232,"Coverall,protection,CatIII,type3/5,M",Z01,No,1000,EA,No,--,SHORT_LINE,Yes,716.0,GRM,6.361,DMQ,--,HBW,--,No,--,--,--,--
S6780236,"Coverall,protection,CatIII,type3/5,L",Z01,No,1000,EA,No,--,SHORT_LINE,Yes,720.0,GRM,5.935,DMQ,--,HBW,--,No,--,--,--,--
S6780243,"Coverall,protection,CatIII,type3/5,XXXL",Z01,No,1000,EA,No,--,SHORT_LINE,No,328.0,GRM,3.291,DMQ,--,HBW,--,No,--,--,--,--
S6780290,"Thermometer,clinical,IR,handheld,set",Z01,No,1000,EA,No,--,SHORT_LINE,Yes,348.0,GRM,2.303,DMQ,--,HBW,--,No,--,--,--,--
S1555962,Codeine Phosphate 30mg tabs/PAC-2x14 nt,Z01,Yes,1000,PAC,No,--,SHORT_LINE,No,0.036,KGM,1.458,DMQ,425,HBW,PHARMACEUTICALS,No,--,--,Z1,EX1-NARC.EXP.LIC.
S6780227,"Stretcher,foldable",Z01,No,1000,EA,No,--,SHORT_LINE,Yes,6.426,KGM,29.209,DMQ,--,HBW,--,No,--,--,--,--
S9999701,"Subkit 1/2 Ethiopia Midwifery,S9906706",Z02,Yes,1000,EA,No,S9906706,LONG_LINE,No,18.0,KGM,0.16,MTQ,425,HBW,MEDICAL,No,--,--,Z1,--
S9999703,"Prepack 1/3 Ethiopia Midwifery,S9906706",Z02,Yes,1000,EA,No,--,MINILOAD,No,3.0,KGM,21.46,DMQ,425,HBW,PHARMACEUTICALS,No,--,--,Z1,--
S9999704,"Prepack 2/3 Ethiopia Midwifery,S9906706",Z02,Yes,1000,EA,No,--,MINILOAD,No,3.0,KGM,15.36,DMQ,425,HBW,PHARMACEUTICALS,No,--,--,Z1,--
S6780325,"Diesel Generator 5KVA, 50 Hz",Z01,No,1000,EA,No,--,SHORT_LINE,No,700.0,KGM,3.321,MTQ,--,HBW,--,No,--,--,--,--
S9906706,Ethiopia Midwifery kit 3-renew,Z02,Yes,1000,EA,Yes,--,VIRTUAL_PACKING,No,0.0,KGM,0,MTQ,425,HBW,MEDICAL,No,--,--,--,--
S9906708,"Ethiopia IEHK2011,kit,suppl.3-renew",Z02,Yes,1000,EA,Yes,--,VIRTUAL_PACKING,No,93.52,KGM,0.792,MTQ,240,HBW,MEDICAL,No,--,--,--,--
S6780322,Info on contents of the EVD staff  kit,Z01,No,1000,EA,No,--,SHORT_LINE,No,3.0,GRM,0.034,DMQ,--,HBW,--,No,--,--,--,--
S9999667,Prepack 1/3 Pakistan Health Kit,Z02,Yes,1000,EA,No,--,MINILOAD,No,5.0,KGM,0.015,MTQ,425,HBW,PHARMACEUTICALS,No,--,--,Z1,--
S9999669,Prepack 3/3 Pakistan Health Kit,Z02,Yes,1000,EA,No,--,MINILOAD,No,5.0,KGM,0.015,MTQ,425,HBW,PHARMACEUTICALS,No,--,--,Z1,--
S1400642,ABC120mg+3TC60mg disp. tabs/PAC-30  gb,Z01,Yes,1000,EA,No,--,SHORT_LINE,No,0.049,KGM,0.06,DMQ,425,HBW,PHARMACEUTICALS,No,--,--,Z1,--
S1400664,Raltegravir 100mg chewable tabs/PAC-60pb,Z01,Yes,1000,EA,No,--,SHORT_LINE,No,0.03,KGM,0.31,DMQ,425,HBW,PHARMACEUTICALS,No,--,--,Z1,--
S1573000,Doxycycline 100mg tabs/PAC- 20 to 50,Z01,Yes,1000,PAC,No,--,SHORT_LINE,No,0.014,KGM,0.113,DMQ,425,HBW,PHARMACEUTICALS,No,--,10,Z1,--
S0101015,"Bedscreen,hospital,on castors",Z01,No,1000,EA,No,--,SHORT_LINE,Yes,16.434,KGM,90.45,DMQ,--,HBW,--,No,--,10,--,--
S9906768.1,"Zimbabwe,PHC package,version 2015",Z02,Yes,1000,EA,No,--,VIRTUAL_PACKING,Yes,21.0,KGM,0.12,MTQ,425,--,PHARMACEUTICALS,No,--,--,Z1,--
S9906768.2,"Zimbabwe,PHC package,version 2015",Z02,Yes,1000,EA,No,--,VIRTUAL_PACKING,Yes,28.0,KGM,0.12,MTQ,425,--,PHARMACEUTICALS,No,--,--,Z1,--
S9906787.7,"Malawi,PHC Phase II,version 2014",Z02,Yes,1000,EA,No,--,VIRTUAL_PACKING,Yes,18.0,KGM,0.079,MTQ,425,--,MEDICAL,No,--,10,Z1,--
S9999668,Prepack 2/3 Pakistan Health Kit,Z02,Yes,1000,EA,No,--,MINILOAD,No,5.0,KGM,0.015,MTQ,425,HBW,PHARMACEUTICALS,No,--,--,Z1,--
S9906708.1,"Ethiopia IEHK2011,kit,suppl.3-renew",Z02,Yes,1000,EA,No,--,VIRTUAL_PACKING,Yes,9.927,KGM,0.08,MTQ,240,--,MEDICAL,No,--,--,--,--
S9906708.2,"Ethiopia IEHK2011,kit,suppl.3-renew",Z02,Yes,1000,EA,No,--,VIRTUAL_PACKING,Yes,15.671,KGM,0.12,MTQ,425,--,MEDICAL,No,--,--,--,--
S9906708.3,"Ethiopia IEHK2011,kit,suppl.3-renew",Z02,Yes,1000,EA,No,--,VIRTUAL_PACKING,Yes,20.0,KGM,0.192,MTQ,425,--,MEDICAL,No,--,--,--,--
S9906708.4,"Ethiopia IEHK2011,kit,suppl.3-renew",Z02,Yes,1000,EA,No,--,VIRTUAL_PACKING,Yes,24.734,KGM,0.12,MTQ,425,--,MEDICAL,No,--,--,--,--
S9906708.5,"Ethiopia IEHK2011,kit,suppl.3-renew",Z02,Yes,1000,EA,No,--,VIRTUAL_PACKING,Yes,11.0,KGM,0.16,MTQ,425,--,MEDICAL,No,--,--,--,--
S9906708.6,"Ethiopia IEHK2011,kit,suppl.3-renew",Z02,Yes,1000,EA,No,--,VIRTUAL_PACKING,Yes,12.188,KGM,0.12,MTQ,425,--,MEDICAL,No,--,--,--,--
S9999630,"Subkit 2/2 Zimbabwe,PHC package,2015",Z02,Yes,1000,EA,No,S9906768,LONG_LINE,No,28.0,KGM,0.12,MTQ,425,HBW,PHARMACEUTICALS,No,--,--,Z1,--
S9999661,"Prepack 1/2 Zimbabwe,PHC package,2015",Z02,Yes,1000,EA,No,--,MINILOAD,No,3.4,KGM,0.021,MTQ,425,HBW,PHARMACEUTICALS,No,--,--,Z1,--
S9999635,"Subkit 5/15 Syria SEDL Basic kit, 2014",Z02,Yes,1000,EA,No,S9935086,LONG_LINE,Yes,41.5,KGM,0.16,MTQ,425,HBW,PHARMACEUTICALS,No,--,--,Z1,--
S9999631,"Subkit 1/15 Syria SEDL Basic kit, 2014",Z02,Yes,1000,EA,No,S9935086,LONG_LINE,Yes,38.0,KGM,0.192,MTQ,425,HBW,PHARMACEUTICALS,No,--,--,Z1,--
S9999634,"Subkit 4/15 Syria SEDL Basic kit, 2014",Z02,Yes,1000,EA,No,S9935086,LONG_LINE,Yes,21.6,KGM,0.12,MTQ,425,HBW,PHARMACEUTICALS,No,--,--,Z1,--
S9999654,"Prepack 4/12 Syria SEDL Basic kit, 2014",Z02,Yes,1000,EA,No,--,MINILOAD,No,5.0,KGM,0.021,MTQ,425,HBW,PHARMACEUTICALS,No,--,--,Z1,--
S9999651,"Prepack 1/12 Syria SEDL Basic kit, 2014",Z02,Yes,1000,EA,No,--,MINILOAD,No,5.0,KGM,0.021,MTQ,425,HBW,PHARMACEUTICALS,No,--,--,Z1,--
S9999652,"Prepack 2/12 Syria SEDL Basic kit, 2014",Z02,Yes,1000,EA,No,--,MINILOAD,No,5.0,KGM,0.021,MTQ,425,HBW,PHARMACEUTICALS,No,--,--,Z1,--
S9999675,"Subkit 5/13 Syria SEDL Suppl. 1 kit,2014",Z02,Yes,1000,EA,No,S9935087,LONG_LINE,Yes,28.0,KGM,0.12,MTQ,425,HBW,PHARMACEUTICALS,No,--,--,Z1,--
S9999645,"Subkit 15/15 Syria SEDL Basic kit, 2014",Z02,Yes,1000,EA,No,S9935086,SHORT_LINE,Yes,96.376,KGM,0.539,MTQ,425,HBW,PHARMACEUTICALS,No,--,--,Z1,--
S9999681,"Subkit 11/13 Syria SEDL Suppl.1 kit,2014",Z02,Yes,1000,EA,No,S9935087,LONG_LINE,Yes,26.0,KGM,0.16,MTQ,425,HBW,PHARMACEUTICALS,No,--,--,Z1,--
S9999636,"Subkit 6/15 Syria SEDL Basic kit, 2014",Z02,Yes,1000,EA,No,S9935086,LONG_LINE,Yes,36.0,KGM,0.16,MTQ,425,HBW,PHARMACEUTICALS,No,--,--,Z1,--
S9999640,"Subkit 10/15 Syria SEDL Basic kit, 2014",Z02,Yes,1000,EA,No,S9935086,LONG_LINE,Yes,14.355,KGM,0.107,MTQ,425,HBW,PHARMACEUTICALS,No,--,--,Z1,--
S9999680,"Subkit 10/13 Syria SEDL Suppl. 1 kit,201",Z02,Yes,1000,EA,No,S9935087,LONG_LINE,Yes,25.0,KGM,0.06,MTQ,425,HBW,PHARMACEUTICALS,No,--,--,Z1,--
S9999656,"Prepack 6/12 Syria SEDL Basic kit, 2014",Z02,Yes,1000,EA,No,--,MINILOAD,No,5.0,KGM,0.021,MTQ,425,HBW,PHARMACEUTICALS,No,--,--,Z1,--
S9999683,"Subkit 13/13 Syria SEDL Suppl.1 kit,2014",Z02,Yes,1000,EA,No,S9935087,LONG_LINE,Yes,8.5,KGM,0.12,MTQ,425,HBW,PHARMACEUTICALS,No,--,--,Z1,--
S9999643,"Subkit 13/15 Syria SEDL Basic kit, 2014",Z02,Yes,1000,EA,No,S9935086,LONG_LINE,Yes,34.0,KGM,0.192,MTQ,425,HBW,PHARMACEUTICALS,No,--,--,Z1,--
S9999644,"Subkit 14/15 Syria SEDL Basic kit, 2014",Z02,Yes,1000,EA,No,S9935086,LONG_LINE,Yes,32.0,KGM,0.16,MTQ,425,HBW,PHARMACEUTICALS,No,--,--,Z1,--
S9906768,"Zimbabwe,PHC package,version 2015",Z02,Yes,1000,EA,Yes,--,VIRTUAL_PACKING,No,49.0,KGM,0.24,MTQ,425,HBW,PHARMACEUTICALS,No,--,--,Z1,--
S9999655,"Prepack 5/12 Syria SEDL Basic kit, 2014",Z02,Yes,1000,EA,No,--,MINILOAD,No,5.0,KGM,0.021,MTQ,425,HBW,PHARMACEUTICALS,No,--,--,Z1,--
S9999672,"Subkit 2/13 Syria SEDL Suppl. 1 kit,2014",Z02,Yes,1000,EA,No,S9935087,LONG_LINE,Yes,28.0,KGM,0.12,MTQ,425,HBW,PHARMACEUTICALS,No,--,--,Z1,--
S9999679,"Subkit 9/13 Syria SEDL Suppl. 1 kit,2014",Z02,Yes,1000,EA,No,S9935087,LONG_LINE,Yes,20.0,KGM,0.079,MTQ,425,HBW,PHARMACEUTICALS,No,--,--,Z1,--
S9999629,"Subkit 1/2 Zimbabwe,PHC package,2015",Z02,Yes,1000,EA,No,S9906768,SHORT_LINE,No,21.0,KGM,0.12,MTQ,425,HBW,PHARMACEUTICALS,No,--,--,Z1,--
S9999662,"Prepack 2/2 Zimbabwe,PHC package,2015",Z02,Yes,1000,EA,No,--,MINILOAD,No,3.3,KGM,0.015,MTQ,425,HBW,PHARMACEUTICALS,No,--,--,Z1,--
S2795802,"Board Games, box of 3 games",Z01,No,1000,EA,No,--,SHORT_LINE,Yes,0.638,KGM,1.874,DMQ,--,HBW,--,No,--,--,--,--
S2795801,"Beach Ball, inflatable, diameter 42cm",Z01,No,1000,EA,No,--,SHORT_LINE,Yes,0.117,KGM,0.301,DMQ,--,HBW,--,No,--,--,--,--
S6780328,Cefixime pwd.for sus.100mg/5ml/BOT50ml,Z01,Yes,1000,BOT,No,--,SHORT_LINE,No,0.173,KGM,0.725,DMQ,425,HBW,PHARMACEUTICALS,No,--,--,Z1,--
S9999677,"Subkit 7/13 Syria SEDL Suppl. 1 kit,2014",Z02,Yes,1000,EA,No,S9935087,LONG_LINE,Yes,26.0,KGM,0.079,MTQ,425,HBW,PHARMACEUTICALS,No,--,--,Z1,--
S6780321,Info content EVD staff kit-replenishment,Z01,No,1000,EA,No,--,SHORT_LINE,No,3.0,GRM,0.034,DMQ,--,HBW,--,No,--,--,--,--
S9935086.1,"Syria SEDL Basic kit, 2014",Z02,Yes,1000,EA,No,--,VIRTUAL_PACKING,Yes,39.0,KGM,0.16,MTQ,425,--,PHARMACEUTICALS,No,--,--,Z1,--
S9935086.2,"Syria SEDL Basic kit, 2014",Z02,Yes,1000,EA,No,--,VIRTUAL_PACKING,Yes,13.0,KGM,0.079,MTQ,425,--,PHARMACEUTICALS,No,--,--,Z1,--
S9935086.3,"Syria SEDL Basic kit, 2014",Z02,Yes,1000,EA,No,--,VIRTUAL_PACKING,Yes,20.0,KGM,0.12,MTQ,425,--,PHARMACEUTICALS,No,--,--,Z1,--
S9935086.4,"Syria SEDL Basic kit, 2014",Z02,Yes,1000,EA,No,--,VIRTUAL_PACKING,Yes,22.0,KGM,0.16,MTQ,425,--,PHARMACEUTICALS,No,--,--,Z1,--
S9935086.5,"Syria SEDL Basic kit, 2014",Z02,Yes,1000,EA,No,--,VIRTUAL_PACKING,Yes,42.0,KGM,0.192,MTQ,425,--,PHARMACEUTICALS,No,--,--,Z1,--
S9935086.6,"Syria SEDL Basic kit, 2014",Z02,Yes,1000,EA,No,--,VIRTUAL_PACKING,Yes,36.0,KGM,0.16,MTQ,425,--,PHARMACEUTICALS,No,--,--,Z1,--
S9935086.7,"Syria SEDL Basic kit, 2014",Z02,Yes,1000,EA,No,--,VIRTUAL_PACKING,Yes,95.0,KGM,0.845,MTQ,425,--,PHARMACEUTICALS,No,--,--,Z1,--
S9935086.8,"Syria SEDL Basic kit, 2014",Z02,Yes,1000,EA,No,--,VIRTUAL_PACKING,Yes,40.0,KGM,0.16,MTQ,425,--,PHARMACEUTICALS,No,--,--,Z1,--
S9935086.9,"Syria SEDL Basic kit, 2014",Z02,Yes,1000,EA,No,--,VIRTUAL_PACKING,Yes,22.0,KGM,0.12,MTQ,425,--,PHARMACEUTICALS,No,--,--,Z1,--
S9935086.10,"Syria SEDL Basic kit, 2014",Z02,Yes,1000,EA,No,--,VIRTUAL_PACKING,Yes,21.0,KGM,0.12,MTQ,425,--,PHARMACEUTICALS,No,--,--,Z1,--
S9935086.11,"Syria SEDL Basic kit, 2014",Z02,Yes,1000,EA,No,--,VIRTUAL_PACKING,Yes,41.0,KGM,0.16,MTQ,425,--,PHARMACEUTICALS,No,--,--,Z1,--
S9935086.12,"Syria SEDL Basic kit, 2014",Z02,Yes,1000,EA,No,--,VIRTUAL_PACKING,Yes,30.0,KGM,0.16,MTQ,425,--,PHARMACEUTICALS,No,--,--,Z1,--
S9935086.13,"Syria SEDL Basic kit, 2014",Z02,Yes,1000,EA,No,--,VIRTUAL_PACKING,Yes,37.0,KGM,0.16,MTQ,425,--,PHARMACEUTICALS,No,--,--,Z1,--
S9935086.14,"Syria SEDL Basic kit, 2014",Z02,Yes,1000,EA,No,--,VIRTUAL_PACKING,Yes,32.0,KGM,0.16,MTQ,425,--,PHARMACEUTICALS,No,--,--,Z1,--
S9999685,"Prepack 2/3 Syria SEDL Suppl. 1 kit,2014",Z02,Yes,1000,EA,No,--,MINILOAD,No,5.0,KGM,0.022,MTQ,425,HBW,PHARMACEUTICALS,No,--,--,Z1,--
S9935086.15,"Syria SEDL Basic kit, 2014",Z02,Yes,1000,EA,No,--,VIRTUAL_PACKING,Yes,38.0,KGM,0.16,MTQ,425,--,PHARMACEUTICALS,No,--,--,Z1,--
S6780320,Info leaflet Atovaq250mg+Progua100mg,Z01,No,1000,EA,No,--,SHORT_LINE,No,3.0,GRM,0.034,DMQ,--,HBW,--,No,--,--,--,--
S5090054,Topical Insect repellent 100ml,Z01,Yes,1000,EA,No,--,SHORT_LINE,No,0.122,KGM,0.26,DMQ,425,HBW,PHARMACEUTICALS,No,--,--,Z1,--
S9906707,"Ethiopia Obstet.,surg. kit,suppl.3-renew",Z02,Yes,1000,EA,Yes,--,VIRTUAL_PACKING,No,121.0,KGM,0.797,MTQ,425,HBW,MEDICAL,No,--,--,--,--
S9935087.1,"Syria SEDL Suppl. 1 kit,  2014",Z02,Yes,1000,EA,No,--,VIRTUAL_PACKING,Yes,28.0,KGM,0.288,MTQ,425,--,PHARMACEUTICALS,No,--,--,Z1,--
S9935087.2,"Syria SEDL Suppl. 1 kit,  2014",Z02,Yes,1000,EA,No,--,VIRTUAL_PACKING,Yes,28.0,KGM,0.12,MTQ,425,--,PHARMACEUTICALS,No,--,--,Z1,--
S9935087.3,"Syria SEDL Suppl. 1 kit,  2014",Z02,Yes,1000,EA,No,--,VIRTUAL_PACKING,Yes,28.0,KGM,0.12,MTQ,425,--,PHARMACEUTICALS,No,--,--,Z1,--
S9935087.4,"Syria SEDL Suppl. 1 kit,  2014",Z02,Yes,1000,EA,No,--,VIRTUAL_PACKING,Yes,28.0,KGM,0.12,MTQ,425,--,PHARMACEUTICALS,No,--,--,Z1,--
S9935087.5,"Syria SEDL Suppl. 1 kit,  2014",Z02,Yes,1000,EA,No,--,VIRTUAL_PACKING,Yes,28.0,KGM,0.12,MTQ,425,--,PHARMACEUTICALS,No,--,--,Z1,--
S9935087.6,"Syria SEDL Suppl. 1 kit,  2014",Z02,Yes,1000,EA,No,--,VIRTUAL_PACKING,Yes,26.0,KGM,0.079,MTQ,425,--,PHARMACEUTICALS,No,--,--,Z1,--
S9935087.7,"Syria SEDL Suppl. 1 kit,  2014",Z02,Yes,1000,EA,No,--,VIRTUAL_PACKING,Yes,26.0,KGM,0.079,MTQ,425,--,PHARMACEUTICALS,No,--,--,Z1,--
S9935087.8,"Syria SEDL Suppl. 1 kit,  2014",Z02,Yes,1000,EA,No,--,VIRTUAL_PACKING,Yes,18.0,KGM,0.079,MTQ,425,--,PHARMACEUTICALS,No,--,--,Z1,--
S9935087.9,"Syria SEDL Suppl. 1 kit,  2014",Z02,Yes,1000,EA,No,--,VIRTUAL_PACKING,Yes,20.0,KGM,0.079,MTQ,425,--,PHARMACEUTICALS,No,--,--,Z1,--
S9935087.10,"Syria SEDL Suppl. 1 kit,  2014",Z02,Yes,1000,EA,No,--,VIRTUAL_PACKING,Yes,23.0,KGM,0.06,MTQ,425,--,PHARMACEUTICALS,No,--,--,Z1,--
S9935087.11,"Syria SEDL Suppl. 1 kit,  2014",Z02,Yes,1000,EA,No,--,VIRTUAL_PACKING,Yes,26.0,KGM,0.16,MTQ,425,--,PHARMACEUTICALS,No,--,--,Z1,--
S9935087.12,"Syria SEDL Suppl. 1 kit,  2014",Z02,Yes,1000,EA,No,--,VIRTUAL_PACKING,Yes,29.0,KGM,0.16,MTQ,425,--,PHARMACEUTICALS,No,--,--,Z1,--
S9935087.13,"Syria SEDL Suppl. 1 kit,  2014",Z02,Yes,1000,EA,No,--,VIRTUAL_PACKING,Yes,8.5,KGM,0.079,MTQ,425,--,PHARMACEUTICALS,No,--,--,Z1,--
S1504003,Cefixime pwd.for sus.100mg/5ml/BOT50ml,Z01,Yes,1000,BOT,No,--,SHORT_LINE,Yes,0.142,KGM,0.644,DMQ,240,HBW,PHARMACEUTICALS,No,--,10,Z1,--
S9999723,Subkit 3/6 Ethiopia IEHK renew S9906708,Z02,Yes,1000,EA,No,S9906708,LONG_LINE,No,20.0,KGM,0.192,MTQ,240,HBW,MEDICAL,No,--,--,Z1,--
S9999725,Subkit 5/6 Ethiopia IEHK renew S9906708,Z02,Yes,1000,EA,No,S9906708,SHORT_LINE,No,11.0,KGM,0.16,MTQ,240,HBW,MEDICAL,No,--,--,--,--
S9999726,Subkit 6/6 Ethiopia IEHK renew S9906708,Z02,Yes,1000,EA,No,S9906708,LONG_LINE,No,12.0,KGM,0.12,MTQ,240,HBW,MEDICAL,No,--,--,Z1,--
S9999728,Prepa. 1/2 Ethiopia IEHK renew S9906708,Z02,Yes,1000,EA,No,--,SHORT_LINE,No,1.0,KGM,0.013,MTQ,425,HBW,MEDICAL,No,--,--,Z1,--
S9999729,Prepa. 2/2 Ethiopia IEHK renew S9906708,Z02,Yes,1000,EA,No,--,MINILOAD,No,2.0,KGM,0.011,MTQ,425,HBW,MEDICAL,No,--,--,Z1,--
S1400533,LPV/r 40+10mg pellets in caps/PAC-120 gb,Z01,Yes,1000,EA,No,--,SHORT_LINE,No,0.31,KGM,0.928,DMQ,425,HBW,PHARMACEUTICALS,No,--,--,Z1,--
S1400657,Darunavir 75mg tabs/PAC-480 pb,Z01,Yes,1000,EA,No,--,SHORT_LINE,No,0.152,KGM,0.45,DMQ,425,HBW,PHARMACEUTICALS,No,--,--,Z1,--
S1568042,Sulfadox500mg +Pyrimeth25mg tab/3/PAC-50,Z01,Yes,1000,PAC,No,--,SHORT_LINE,No,0.29,KGM,2,DMQ,425,HBW,PHARMACEUTICALS,No,--,10,Z1,--
S9999633,"Subkit 3/15 Syria SEDL Basic kit, 2014",Z02,Yes,1000,EA,No,S9935086,LONG_LINE,Yes,23.0,KGM,0.16,MTQ,425,HBW,PHARMACEUTICALS,No,--,--,Z1,--
S9999639,"Subkit 9/15 Syria SEDL Basic kit, 2014",Z02,Yes,1000,EA,No,S9935086,LONG_LINE,Yes,42.0,KGM,0.16,MTQ,425,HBW,PHARMACEUTICALS,No,--,--,Z1,--
S9999513,Prepack 3/5 Pakistan HK S9906794 V2,Z02,Yes,1000,EA,No,--,MINILOAD,No,2.9,KGM,0.015,MTQ,425,HBW,PHARMACEUTICALS,No,--,--,Z1,--
S9935064,"Early Childhood Dvt (ECD) kit, 2016",Z02,No,1000,EA,No,--,SHORT_LINE,Yes,38.0,KGM,0.12,MTQ,--,HBW,--,No,--,--,--,--
S9906794,Pakistan Health Kit,Z02,Yes,1000,EA,Yes,--,VIRTUAL_PACKING,No,101.7,KGM,0.439,MTQ,425,HBW,PHARMACEUTICALS,No,--,--,Z1,--
S9999632,"Subkit 2/15 Syria SEDL Basic kit, 2014",Z02,Yes,1000,EA,No,S9935086,LONG_LINE,Yes,40.0,KGM,0.16,MTQ,425,HBW,PHARMACEUTICALS,No,--,--,Z1,--
S9999637,"Subkit 7/15 Syria SEDL Basic kit, 2014",Z02,Yes,1000,EA,No,S9935086,LONG_LINE,Yes,37.0,KGM,0.16,MTQ,425,HBW,PHARMACEUTICALS,No,--,--,Z1,--
S9999641,"Subkit 11/15 Syria SEDL Basic kit, 2014",Z02,Yes,1000,EA,No,S9935086,LONG_LINE,Yes,20.0,KGM,0.12,MTQ,425,HBW,PHARMACEUTICALS,No,--,--,Z1,--
S9999674,"Subkit 4/13 Syria SEDL Suppl. 1 kit,2014",Z02,Yes,1000,EA,No,S9935087,LONG_LINE,Yes,28.0,KGM,0.12,MTQ,425,HBW,PHARMACEUTICALS,No,--,--,Z1,--
S9999671,"Subkit 1/13 Syria SEDL Suppl. 1 kit,2014",Z02,Yes,1000,EA,No,S9935087,LONG_LINE,Yes,28.0,KGM,0.12,MTQ,425,HBW,PHARMACEUTICALS,No,--,--,Z1,--
S9999686,"Prepack 3/3 Syria SEDL Suppl. 1 kit,2014",Z02,Yes,1000,EA,No,--,MINILOAD,No,5.0,KGM,0.022,MTQ,425,HBW,PHARMACEUTICALS,No,--,--,Z1,--
S9999678,"Subkit 8/13 Syria SEDL Suppl. 1 kit,2014",Z02,Yes,1000,EA,No,S9935087,LONG_LINE,Yes,18.0,KGM,0.079,MTQ,425,HBW,PHARMACEUTICALS,No,--,--,Z1,--
S9999638,"Subkit 8/15 Syria SEDL Basic kit, 2014",Z02,Yes,1000,EA,No,S9935086,LONG_LINE,Yes,32.0,KGM,0.16,MTQ,425,HBW,PHARMACEUTICALS,No,--,--,Z1,--
S9999642,"Subkit 12/15 Syria SEDL Basic kit, 2014",Z02,Yes,1000,EA,No,S9935086,LONG_LINE,Yes,22.5,KGM,0.16,MTQ,425,HBW,PHARMACEUTICALS,No,--,--,Z1,--
S9999673,"Subkit 3/13 Syria SEDL Suppl. 1 kit,2014",Z02,Yes,1000,EA,No,S9935087,LONG_LINE,Yes,28.0,KGM,0.12,MTQ,425,HBW,PHARMACEUTICALS,No,--,--,Z1,--
S9999684,"Prepack 1/3 Syria SEDL Suppl. 1 kit,2014",Z02,Yes,1000,EA,No,--,MINILOAD,No,5.0,KGM,0.022,MTQ,425,HBW,PHARMACEUTICALS,No,--,--,Z1,--
S9999676,"Subkit 6/13 Syria SEDL Suppl. 1 kit,2014",Z02,Yes,1000,EA,No,S9935087,LONG_LINE,Yes,26.0,KGM,0.079,MTQ,425,HBW,PHARMACEUTICALS,No,--,--,Z1,--
S9999682,"Subkit 12/13 Syria SEDL Suppl.1 kit,2014",Z02,Yes,1000,EA,No,S9935087,LONG_LINE,Yes,29.0,KGM,0.16,MTQ,425,HBW,PHARMACEUTICALS,No,--,--,Z1,--
S9999653,"Prepack 3/12 Syria SEDL Basic kit, 2014",Z02,Yes,1000,EA,No,--,MINILOAD,No,5.0,KGM,0.021,MTQ,425,HBW,PHARMACEUTICALS,No,--,--,Z1,--
S9999658,"Prepack 8/12 Syria SEDL Basic kit, 2014",Z02,Yes,1000,EA,No,--,MINILOAD,No,5.0,KGM,0.021,MTQ,425,HBW,PHARMACEUTICALS,No,--,--,Z1,--
S9999659,"Prepack 9/12 Syria SEDL Basic kit, 2014",Z02,Yes,1000,EA,No,--,MINILOAD,No,5.0,KGM,0.021,MTQ,425,HBW,PHARMACEUTICALS,No,--,--,Z1,--
S9999657,"Prepack 7/12 Syria SEDL Basic kit, 2014",Z02,Yes,1000,EA,No,--,MINILOAD,No,5.0,KGM,0.021,MTQ,425,HBW,PHARMACEUTICALS,No,--,--,Z1,--
S8794601,"Armband, Education, cyan blue, cloth.",Z01,No,1000,EA,No,--,SHORT_LINE,Yes,31.0,GRM,0.18,DMQ,--,HBW,--,No,--,--,--,--
S9999770,"Subkit 7/7 Malawi,PHC Phase II,V 2014",Z02,Yes,1000,EA,No,S9906787,LONG_LINE,No,18.0,KGM,0.079,MTQ,425,HBW,PHARMACEUTICALS,No,--,--,Z1,--
S6780323,Info leaflet Doxy100mg tab/PAC- 20 to 50,Z01,No,1000,EA,No,--,SHORT_LINE,No,3.0,GRM,0.034,DMQ,--,HBW,--,No,--,--,--,--
S1568041,Sulfadox500mg +Pyrimeth25mg tab/3/PAC-10,Z01,Yes,1000,PAC,No,--,SHORT_LINE,No,0.039,KGM,0.29,DMQ,425,HBW,PHARMACEUTICALS,No,--,10,Z1,--
S9906791.1,"Mali, in-patient CMAM kit, version 2014",Z02,Yes,1000,EA,No,--,VIRTUAL_PACKING,Yes,37.0,KGM,0.16,MTQ,425,--,PHARMACEUTICALS,No,--,10,Z1,--
S9906791.2,"Mali, in-patient CMAM kit, version 2014",Z02,Yes,1000,EA,No,--,VIRTUAL_PACKING,Yes,31.0,KGM,0.16,MTQ,425,--,PHARMACEUTICALS,No,--,10,Z1,--
S9906791.3,"Mali, in-patient CMAM kit, version 2014",Z02,Yes,1000,EA,No,--,VIRTUAL_PACKING,Yes,22.0,KGM,0.12,MTQ,425,--,PHARMACEUTICALS,No,--,10,Z1,--
S9906791.4,"Mali, in-patient CMAM kit, version 2014",Z02,Yes,1000,EA,No,--,VIRTUAL_PACKING,Yes,27.0,KGM,0.12,MTQ,425,--,PHARMACEUTICALS,No,--,10,Z1,--
S9906791.5,"Mali, in-patient CMAM kit, version 2014",Z02,Yes,1000,EA,No,--,VIRTUAL_PACKING,Yes,12.0,KGM,0.025,MTQ,425,--,PHARMACEUTICALS,No,--,10,Z1,--
S9906791.6,"Mali, in-patient CMAM kit, version 2014",Z02,Yes,1000,EA,No,--,VIRTUAL_PACKING,Yes,7.0,KGM,0.03,MTQ,425,--,PHARMACEUTICALS,No,--,10,Z1,--
S9999666,Emergency reservation - Brindisi,Z02,No,1000,EA,No,--,SHORT_LINE,No,0.002,KGM,0,DMQ,--,HBW,--,No,--,--,--,--
S1300088,Artemeth40mg+Lumefan240mg tabs/12/PAC-30,Z01,Yes,1000,PAC,No,--,SHORT_LINE,No,0.69,KGM,0.17,DMQ,425,HBW,PHARMACEUTICALS,No,--,--,Z1,--
S9935011,"School-in-a-carton,40 students, 2016",Z02,No,1000,EA,No,--,LONG_LINE,Yes,43.904,KGM,0.12,MTQ,--,HBW,--,No,--,--,--,--
S9999702,"Subkit 2/2 Ethiopia Midwifery,S9906706",Z02,Yes,1000,EA,No,S9906706,LONG_LINE,No,18.0,KGM,0.079,MTQ,425,HBW,MEDICAL,No,--,--,Z1,--
S9999705,"Prepack 3/3 Ethiopia Midwifery,S9906706",Z02,Yes,1000,EA,No,--,SHORT_LINE,No,3.0,KGM,13.3,DMQ,425,HBW,PHARMACEUTICALS,No,--,--,Z1,--
S6780326,"Household Protection kit leaflet,USAID",Z01,No,1000,EA,No,--,SHORT_LINE,No,0.0,KGM,0.034,MTQ,--,HBW,--,No,--,--,--,--
S9906750,Paediatric kit for Syria 2014,Z02,Yes,1000,EA,Yes,--,VIRTUAL_PACKING,Yes,11.3,KGM,0.06,MTQ,425,HBW,PHARMACEUTICALS,No,--,--,Z1,--
S0552001,"Hand sanitizer, Alcohol >60%, 75-100ml",Z01,Yes,1000,EA,No,--,SHORT_LINE,No,0.106,KGM,0.297,DMQ,240,HBW,MEDICAL,No,--,--,--,1170
S2795803,"Hackey Sack, Synthetic leather, pac/3",Z01,No,1000,PAC,No,--,SHORT_LINE,Yes,0.208,KGM,0.589,DMQ,--,HBW,--,No,--,--,--,--
S2795804,"Play Parachute, 3.65 meters, with bag",Z01,No,1000,EA,No,--,SHORT_LINE,Yes,0.952,KGM,4.642,DMQ,--,HBW,--,No,--,--,--,--
S9999721,Subkit 1/6 Ethiopia IEHK renew S9906708,Z02,Yes,1000,EA,No,S9906708,LONG_LINE,No,9.0,KGM,0.08,MTQ,240,HBW,MEDICAL,No,--,--,Z1,--
S9999722,Subkit 2/6 Ethiopia IEHK renew S9906708,Z02,Yes,1000,EA,No,S9906708,LONG_LINE,No,15.0,KGM,0.12,MTQ,240,HBW,MEDICAL,No,--,--,Z1,--
S9999724,Subkit 4/6 Ethiopia IEHK renew S9906708,Z02,Yes,1000,EA,No,S9906708,LONG_LINE,No,38.3,KGM,0.192,MTQ,240,HBW,MEDICAL,No,--,--,Z1,--
S9999727,Subkit 7/7 Ethiopia IEHK renew S9906708,Z02,No,1000,EA,No,--,SHORT_LINE,No,8.0,KGM,0.024,MTQ,--,HBW,--,No,--,--,--,--
S9999670,Prepack 1/1Paediatric kit for Syria 2014,Z02,Yes,1000,EA,No,--,MINILOAD,No,5.0,KGM,0.011,MTQ,425,HBW,PHARMACEUTICALS,No,--,--,Z1,--
S5031026,Tent Oregon,Z01,No,1000,EA,No,--,SHORT_LINE,No,4.5,KGM,0.02,MTQ,--,HBW,--,No,--,--,--,--
S9999515,Prepack 5/5 Pakistan HK S9906794 V2,Z02,Yes,1000,EA,No,--,MINILOAD,No,4.6,KGM,0.21,MTQ,425,HBW,PHARMACEUTICALS,No,--,--,Z1,--
S5021055.1,Office/Accommodation Unit for 4 people,Z01,No,1000,EA,No,--,SHORT_LINE,No,1600.0,KGM,9.807,MTQ,--,BLK,--,No,--,10,--,--
S5021055.2,Office/Accommodation Unit for 4 people,Z01,No,1000,EA,No,--,SHORT_LINE,No,488.0,KGM,2.394,MTQ,--,BLK,--,No,--,10,--,--
S9908300.6,"Obstetric,surgical kit,suppl.1-drugs",Z02,Yes,1000,EA,No,S9999972,SHORT_LINE,Yes,18.0,KGM,0.036,MTQ,240,--,PHARMACEUTICALS,No,--,10,Z1,--
S9999514,Prepack 4/5 Pakistan HK S9906794 V2,Z02,Yes,1000,EA,No,--,MINILOAD,No,3.6,KGM,0.015,MTQ,425,HBW,PHARMACEUTICALS,No,--,--,Z1,--
S9999523,Subkit 3/4 Pakistan HK S9906794 V2,Z02,Yes,1000,EA,No,S9906794,LONG_LINE,No,36.34,KGM,0.12,MTQ,425,HBW,PHARMACEUTICALS,No,--,--,Z1,--
S9999602,"Ethiopia Surg.inst.,curettage /SET",Z02,No,1000,SET,No,--,SHORT_LINE,No,0.695,KGM,0.011,MTQ,--,HBW,--,No,--,--,--,--
S1533003,Cefotaxime 500mg pdr/inj. vial/BOX-10,Z01,Yes,1000,BOX,No,--,SHORT_LINE,Yes,0.276,KGM,0.637,DMQ,425,HBW,PHARMACEUTICALS,No,--,--,Z1,--
S9999600,"Ethiopia Surg.inst.,abdominal /SET",Z02,No,1000,SET,No,--,MINILOAD,No,3.308,KGM,0.015,MTQ,--,HBW,--,No,--,--,--,--
S1533004,Flucloxacillin 500mg pdr/inj. vl/BOX-10,Z01,Yes,1000,BOX,No,--,SHORT_LINE,No,0.279,KGM,0.483,DMQ,425,HBW,PHARMACEUTICALS,No,--,--,Z1,--
S5031025,Sleeping Mat Trail,Z01,No,1000,EA,No,--,SHORT_LINE,No,4.3,KGM,0.09,MTQ,--,HBW,--,No,--,--,--,--
S0003534,Z9-wrong NumberRange,Z01,No,1000,EA,No,--,SHORT_LINE,No,0.138,KGM,0.93,DMQ,--,HBW,--,No,--,10,--,--
S9999187,Prepack for Vietnam ECD Kits,Z02,No,1000,EA,No,--,SHORT_LINE,No,11.246,KGM,0.024,MTQ,--,HBW,--,No,--,--,--,--
S9906706.1,Ethiopia Midwifery kit 3-renew,Z02,Yes,1000,EA,No,--,VIRTUAL_PACKING,Yes,18.0,KGM,0.16,MTQ,425,--,MEDICAL,No,--,--,--,--
S9906706.2,Ethiopia Midwifery kit 3-renew,Z02,Yes,1000,EA,No,--,VIRTUAL_PACKING,Yes,18.0,KGM,0.079,MTQ,425,--,MEDICAL,No,--,--,--,--
S0544211,"Register,A4,squared,80 pgs",Z01,No,1000,EA,No,--,SHORT_LINE,Yes,0.202,KGM,0.001,MTQ,--,HBW,--,No,--,--,--,--
S9902460.1,"NBK, Hospital, Module 1, Medicines",Z02,Yes,1000,EA,No,--,VIRTUAL_PACKING,No,40.0,KGM,0.12,MTQ,240,--,PHARMACEUTICALS,No,--,--,Z1,--
S1400582,3TC30mg+d4T6mg disp.tab/PAC-14        gp,Z01,Yes,1000,EA,No,--,SHORT_LINE,No,0.0,KGM,0,DMQ,425,HBW,PHARMACEUTICALS,No,--,--,Z1,--
S1400604,Efavirenz 200mg tabs/PAC-30 gb,Z01,Yes,1000,EA,No,--,SHORT_LINE,No,0.048,KGM,0.178,DMQ,425,HBW,PHARMACEUTICALS,No,--,--,Z1,--
S1400620,Nevirapine oral susp 10mg/ml/BOT-25ml gb,Z01,Yes,1000,EA,No,--,SHORT_LINE,No,0.11,KGM,0.17,DMQ,425,HBW,PHARMACEUTICALS,No,--,--,Z1,--
S1400627,ABC600mg+3TC300mg tabs/PAC-30         gp,Z01,Yes,1000,EA,No,--,SHORT_LINE,No,0.081,KGM,0.57,DMQ,425,HBW,PHARMACEUTICALS,No,--,--,Z1,--
S1400660,Darunavir 400mg tabs/PAC-30 gb,Z01,Yes,1000,EA,No,--,SHORT_LINE,No,0.07,KGM,0.3,DMQ,425,HBW,PHARMACEUTICALS,No,--,--,Z1,--
S1400668,3TC 300mg tabs/PAC-60                 gb,Z01,Yes,1000,EA,No,--,SHORT_LINE,No,0.0,KGM,0,DMQ,425,HBW,PHARMACEUTICALS,No,--,--,Z1,--
S0523053,"Compress,N/Woven,N/Ster.,10x10cm/PAC-100",Z01,Yes,1000,PAC,No,--,SHORT_LINE,Yes,0.425,KGM,4.372,DMQ,425,HBW,MEDICAL,No,--,--,--,--
S1400679,Abacavir 60mg tabs/PAC-60 gb,Z01,Yes,1000,EA,No,--,SHORT_LINE,No,0.05,KGM,0.178,DMQ,425,HBW,PHARMACEUTICALS,No,--,--,Z1,--
S1400672,ABC60mg+3TC30mg+AZT60mg tabs/PAC-60   gb,Z01,Yes,1000,EA,No,--,SHORT_LINE,No,0.057,KGM,0.04,DMQ,425,HBW,PHARMACEUTICALS,No,--,--,Z1,--
S1400684,ABC60mg+3TC30mg tabs/PAC-60           gb,Z01,Yes,1000,EA,No,--,SHORT_LINE,No,0.023,KGM,0.163,DMQ,425,HBW,PHARMACEUTICALS,No,--,--,Z1,--
S9902460.2,"NBK, Hospital, Module 1, Medicines",Z02,Yes,1000,EA,No,--,SHORT_LINE,No,30.0,KGM,0.12,MTQ,240,--,PHARMACEUTICALS,No,--,--,Z1,--
S99999917,Subkit 1/2 IEHK 2.Equip. S9906626,Z02,No,1000,EA,No,--,SHORT_LINE,No,38.0,KGM,3.069,DMQ,--,HBW,--,No,--,--,--,--
S9902460.3,"NBK, Hospital, Module 1, Medicines",Z02,Yes,1000,EA,No,--,SHORT_LINE,No,410.0,KGM,1.452,MTQ,240,--,PHARMACEUTICALS,No,--,--,Z1,--
S9902460.4,"NBK, Hospital, Module 1, Medicines",Z02,Yes,1000,EA,No,--,SHORT_LINE,No,40.0,KGM,0.192,MTQ,240,--,PHARMACEUTICALS,No,--,--,Z1,--
S0101701,"Wheelchair, assistnt controlld,transport",Z01,No,1000,EA,No,--,SHORT_LINE,No,25.0,KGM,0.2,MTQ,--,HBW,--,No,--,--,--,--
S0101703,"Wheelchair,active urban,fold,support,300",Z01,No,1000,EA,No,--,SHORT_LINE,No,20.0,KGM,0.247,MTQ,--,HBW,--,No,--,--,--,--
S9986723,SUB 3/3  Yemen PHK 2021-Basic S9906800,Z02,Yes,1000,EA,No,S9906800,LONG_LINE,Yes,22.0,KGM,0.106,MTQ,425,HBW,PHARMACEUTICALS,No,--,--,Z1,--
S1400053,Etravirine 25 mg tabs/PAC-120 pb,Z01,Yes,1000,EA,No,--,SHORT_LINE,No,0.167,KGM,0.6,DMQ,425,HBW,PHARMACEUTICALS,No,--,--,Z1,--
S9986721,SUB 1/3  Yemen PHK 2021-Basic S9906800,Z02,Yes,1000,EA,No,S9906800,LONG_LINE,Yes,23.6,KGM,0.079,MTQ,425,HBW,PHARMACEUTICALS,No,--,--,Z1,--
S9986725,SUB 5/5 F Yemen PHK 2021-Basic S9906800,Z02,Yes,1000,EA,No,--,SHORT_LINE,Yes,12.0,KGM,0.003,MTQ,425,HBW,PHARMACEUTICALS,No,--,--,Z1,--
S1559314,Carbamazepine 100mg/5ml oral s/BOT-300ml,Z01,Yes,1000,BOT,No,--,SHORT_LINE,No,0.55,KGM,2,DMQ,425,HBW,PHARMACEUTICALS,No,--,--,Z1,--
S1559315,Chlorpromazine HCl 25mg tabs/PAC-10x10,Z01,Yes,1000,PAC,No,--,SHORT_LINE,No,0.034,KGM,0.185,DMQ,425,HBW,PHARMACEUTICALS,No,--,--,Z1,--
S9902460.6,"NBK, Hospital, Module 1, Medicines",Z02,Yes,1000,EA,No,--,SHORT_LINE,No,40.0,KGM,0.192,MTQ,240,--,PHARMACEUTICALS,No,--,--,Z1,--
S1993334,"MSF Essential Drugs latest versions, Eng",Z01,No,1000,EA,No,--,SHORT_LINE,No,0.454,KGM,0.648,DMQ,--,HBW,--,No,--,--,--,--
S0969036,"Cary-Blair,agar,swab,disposable,BOX/10",Z01,Yes,1000,BOX,No,--,SHORT_LINE,Yes,0.203,KGM,2.32,DMQ,240,HBW,MEDICAL,No,--,--,Z1,--
S1400676,ABC600mg+3TC300mg tabs/PAC-60         gb,Z01,No,1000,EA,No,--,SHORT_LINE,No,0.0,KGM,0,DMQ,425,HBW,PHARMACEUTICALS,No,--,--,Z1,--
S5088081,Solar Lighting Kit# for HPT 72m2,Z01,No,1000,EA,No,--,SHORT_LINE,No,97.0,KGM,0.672,DMQ,--,HBW,--,No,--,--,--,--
S1993335,"MSF Essential Drugs latest versions, Fre",Z01,No,1000,EA,No,--,SHORT_LINE,No,0.455,KGM,0.648,DMQ,--,HBW,--,No,--,--,--,--
S5088084,Inner Liner # for HPT 72m2,Z01,No,1000,EA,No,--,SHORT_LINE,Yes,336.0,KGM,1.663,MTQ,--,HBW,--,No,--,--,--,--
S1533010,Ibuprofen 200mg tabs/PAC 10x10,Z01,Yes,1000,EA,No,--,SHORT_LINE,Yes,0.1,KGM,0.551,DMQ,425,HBW,PHARMACEUTICALS,No,--,10,Z1,--
S0782216,"Container,sharps,leak-resistant,w\lid-L",Z01,No,1000,BOX,No,--,SHORT_LINE,Yes,0.405,KGM,3.56,DMQ,--,HBW,--,No,--,--,--,--
S1533001,Co-Amoxiclav 500mg+125mg tabs/PAC3x5,Z01,Yes,1000,EA,No,--,SHORT_LINE,Yes,0.06,KGM,0.629,DMQ,425,HBW,PHARMACEUTICALS,No,--,10,Z1,--
S9999151,Prepack 1/3 Nigeria Kit 2017,Z02,Yes,1000,EA,No,--,MINILOAD,No,4.4,KGM,0.021,MTQ,240,HBW,PHARMACEUTICALS,No,--,--,Z1,--
S1533980,Chloroquin syr 50mg/5ml/BOT-60ml/CAR-195,Z01,No,1000,CAR,No,--,SHORT_LINE,No,0.0,KGM,0,DMQ,425,HBW,PHARMACEUTICALS,No,--,10,Z1,--
S5088086,Winter liner kit - for HPT 48m2,Z01,No,1000,EA,Yes,--,SHORT_LINE,No,113.0,KGM,1.115,MTQ,--,HBW,--,No,--,--,--,--
S1993339,"MSF Clinical Guidelines latest ver, Fre",Z01,No,1000,EA,No,--,SHORT_LINE,No,0.468,KGM,0.965,DMQ,--,HBW,--,No,--,--,--,--
S1555640,Gluc.5%+NaCl.0.45% inj.500ml Bag/BOX-10,Z01,No,1000,BOX,No,--,SHORT_LINE,No,0.0,KGM,0,DMQ,425,HBW,PHARMACEUTICALS,No,--,10,Z1,--
S8502050,"PE tag for label,18 x 12cm,white",Z04,No,1000,EA,No,--,SHORT_LINE,No,0.006,KGM,0.006,DMQ,--,HBW,--,Yes,--,--,--,--
S1400587,Ritonavir 25mg tabs/PAC-60 gb,Z01,Yes,1000,EA,No,--,SHORT_LINE,No,0.167,KGM,0.6,DMQ,425,HBW,PHARMACEUTICALS,No,--,--,Z1,--
S4467001,"Ruler,chalkboard,100cm,ARABIC",Z01,No,1000,EA,No,--,SHORT_LINE,No,0.308,KGM,0.805,DMQ,--,HBW,--,No,--,--,--,--
S8513800,"Stretchfoil,23my,std.grade",Z04,No,1000,ROL,No,--,SHORT_LINE,No,17.6,KGM,28.8,DMQ,--,HBW,--,Yes,--,--,--,--
S0114057,"Nut kit, inpatient, module-med supplies1",Z01,Yes,1000,EA,No,--,SHORT_LINE,Yes,52.877,KGM,0.676,MTQ,240,HBW,PHARMACEUTICALS,No,--,10,--,--
S1400094,Lamivudine 100mg tabs/PAC-60 gb,Z01,Yes,1000,EA,No,--,SHORT_LINE,No,0.055,KGM,0.2,DMQ,425,HBW,PHARMACEUTICALS,No,--,--,Z1,--
S9903002,"AWD, Periphery kit, Equipment",Z02,Yes,1000,EA,No,--,LONG_LINE,Yes,16.0,KGM,0.08,MTQ,425,HBW,MEDICAL,No,--,--,--,9000
S9999607,"Ethiopia Surg.inst.,embryotomy /SET",Z02,No,1000,SET,No,--,BAGGING_LINE,No,1.6,KGM,0.003,MTQ,--,HBW,--,No,--,--,--,--
S9999606,"Ethiopia Surg.inst.exam/sut,vag/cerv/SET",Z02,No,1000,SET,No,--,SHORT_LINE,No,1.667,KGM,0.008,MTQ,--,HBW,--,No,--,--,--,--
S1504007,Omeprazole 20mg capsules (e/c) PAC/100,Z01,Yes,1000,PAC,No,--,SHORT_LINE,Yes,0.117,KGM,1.307,DMQ,425,HBW,PHARMACEUTICALS,No,--,10,Z1,--
S1400661,Darunavir 150mg tabs/PAC-240 pb,Z01,Yes,1000,EA,No,--,SHORT_LINE,No,0.154,KGM,0.363,DMQ,425,HBW,PHARMACEUTICALS,No,--,--,Z1,--
S9999613,"Bag3/3 Ethiopia Surg.inst.,abdo.S9999600",Z02,No,1000,EA,No,--,SHORT_LINE,No,0.5,KGM,2.25,DMQ,--,HBW,--,No,--,--,--,--
S1531043,Chlorhex.diglu.7.1% sol.cord.c. BOT/30ml,Z01,Yes,1000,EA,No,--,SHORT_LINE,Yes,0.058,KGM,0.251,DMQ,425,HBW,PHARMACEUTICALS,No,--,10,Z1,--
S1504016,Loperamide 2 mg tabs /PAC10x10,Z01,Yes,1000,PAC,No,--,SHORT_LINE,Yes,0.014,KGM,0.041,DMQ,425,HBW,PHARMACEUTICALS,No,--,10,Z1,--
S5010218,"Lightweight,flak jacket,male, XXXL",Z01,No,1000,EA,No,--,SHORT_LINE,No,6.1,KGM,46.683,DMQ,--,HBW,--,No,--,--,--,--
S0845165,"Bag,biohazard,red,100L,box/100",Z01,Yes,1000,EA,No,--,SHORT_LINE,Yes,4.695,KGM,12.426,DMQ,425,HBW,MEDICAL,No,--,--,--,--
S9906794.2,Pakistan Health Kit V2,Z02,Yes,1000,EA,No,--,VIRTUAL_PACKING,Yes,17.78,KGM,0.079,MTQ,425,HBW,PHARMACEUTICALS,No,--,--,Z1,--
S6780336,Reusable suction bulb,Z01,No,1000,EA,No,--,SHORT_LINE,Yes,0.11,KGM,0.915,DMQ,--,HBW,--,No,--,--,--,--
S9906794.1,Pakistan Health Kit V2,Z02,Yes,1000,EA,No,--,VIRTUAL_PACKING,Yes,20.22,KGM,0.12,MTQ,425,HBW,PHARMACEUTICALS,No,--,--,Z1,--
S9906794.3,Pakistan Health Kit V2,Z02,Yes,1000,EA,No,--,VIRTUAL_PACKING,Yes,36.34,KGM,0.12,MTQ,425,HBW,PHARMACEUTICALS,No,--,--,Z1,--
S9906794.4,Pakistan Health Kit V2,Z02,Yes,1000,EA,No,--,VIRTUAL_PACKING,Yes,27.36,KGM,0.12,MTQ,425,HBW,PHARMACEUTICALS,No,--,--,Z1,--
S1537071,Cloxacil.pdr/oral sol 125mg/5ml/BOT100ml,Z01,Yes,1000,BOT,No,--,SHORT_LINE,No,0.182,KGM,0.439,DMQ,425,HBW,PHARMACEUTICALS,No,--,10,Z1,--
S1533990,Mefloquine 250mg tabs/PAC-100,Z01,Yes,1000,PAC,No,--,SHORT_LINE,No,0.078,KGM,0.229,DMQ,425,HBW,PHARMACEUTICALS,No,--,10,Z1,--
S1537130,Sul.200mg+Trim.40mg/5ml pd o.s/BOT-100ml,Z01,Yes,1000,BOT,No,--,SHORT_LINE,No,0.278,KGM,0.697,DMQ,425,HBW,PHARMACEUTICALS,No,--,10,Z1,--
S1537320,Cefalexin 250mg caps/PAC-28,Z01,Yes,1000,EA,No,--,SHORT_LINE,Yes,0.038,KGM,0.255,DMQ,425,HBW,PHARMACEUTICALS,No,--,10,Z1,--
S1564333,Sodium Lactate compound inf 1L/PAC-10,Z01,Yes,1000,EA,No,--,SHORT_LINE,No,11.6,KGM,26.6,DMQ,425,HBW,PHARMACEUTICALS,No,--,10,Z1,--
S1511502,Fluoxetine 20mg caps/PAC-10x10,Z01,Yes,1000,EA,No,--,SHORT_LINE,Yes,0.076,KGM,0.565,DMQ,425,HBW,PHARMACEUTICALS,No,--,10,Z1,--
S1543754,Enalapril maleate 5mg tabs/PAC-28 gp,Z01,Yes,1000,EA,No,--,SHORT_LINE,No,0.589,KGM,0.066,DMQ,425,HBW,PHARMACEUTICALS,No,--,10,Z1,--
S1543751,Amlodipine 5mg tabs/PAC-10x10,Z01,Yes,1000,EA,No,--,SHORT_LINE,Yes,0.058,KGM,0.463,DMQ,425,HBW,PHARMACEUTICALS,No,--,10,Z1,--
S1551050,"Heparin 5000IU/ml inj, 5ml vial/PAC-10",Z01,Yes,1000,EA,No,--,SHORT_LINE,Yes,0.172,KGM,0.812,DMQ,425,HBW,PHARMACEUTICALS,No,--,10,Z1,--
S1543750,Amlodipine 5mg tabs/PAC-28 gp,Z01,Yes,1000,EA,No,--,SHORT_LINE,No,0.024,KGM,0.1,DMQ,425,HBW,PHARMACEUTICALS,No,--,10,Z1,--
S1543755,Enalapril maleate 5mg tabs/PAC-10x10,Z01,Yes,1000,EA,No,--,SHORT_LINE,Yes,0.04,KGM,0.287,DMQ,425,HBW,PHARMACEUTICALS,No,--,10,Z1,--
S1552421,Acetylsalicylic acid 75mg tabs/PAC-1x28,Z01,Yes,1000,EA,No,--,SHORT_LINE,Yes,0.03,KGM,0.294,DMQ,425,HBW,PHARMACEUTICALS,No,--,10,Z1,--
S1552426,Glyceryl trinitrate 500mcg tabs/PAC-100,Z01,Yes,1000,EA,No,--,SHORT_LINE,Yes,0.063,KGM,0.312,DMQ,240,HBW,PHARMACEUTICALS,No,--,10,Z1,--
S0845048,"Humidifier bottle, nonheated, reusable",Z01,No,1000,EA,No,--,SHORT_LINE,Yes,0.163,KGM,0.918,DMQ,--,HBW,--,No,--,--,--,--
S0845049,"Nasal Catheter, 8 Fr",Z01,Yes,1000,EA,No,--,SHORT_LINE,Yes,0.009,KGM,0.176,DMQ,425,HBW,MEDICAL,No,--,--,--,--
S0969017,Cuvette for Glucometer PoC,Z01,No,1000,EA,No,--,SHORT_LINE,No,0.069,KGM,5.001,MTQ,--,HBW,--,No,--,--,--,--
S0969018,"Container, sample, 50ml",Z01,No,1000,EA,No,--,SHORT_LINE,Yes,0.021,KGM,0.001,MTQ,--,HBW,--,No,--,--,--,--
S1400671,Raltegravir granules 100mg sachet/BOX-60,Z01,Yes,1000,EA,No,--,SHORT_LINE,No,0.24,KGM,1.2,DMQ,425,HBW,PHARMACEUTICALS,No,--,--,Z1,--
S9994736,"PP2/4 f Sub2/4 S.Sudan,PHCU Kit S9906734",Z02,Yes,1000,EA,No,--,MINILOAD,No,0.0,KGM,0,MTQ,240,HBW,PHARMACEUTICALS,No,--,--,Z1,--
S0782346,"Syringe,A-D,0.5ml,PT/BOX-100",Z01,Yes,1000,BOX,No,--,SHORT_LINE,No,0.43,KGM,2.9,DMQ,425,HBW,MEDICAL,No,--,--,--,--
S0969029,"Coat, lab work, small size",Z01,No,1000,EA,No,--,SHORT_LINE,Yes,0.768,KGM,0.004,MTQ,--,HBW,--,No,--,--,--,--
S0782184,"Syringe,A-D,0.1ml,Medeco Inject/BOX-100",Z01,Yes,1000,BOX,No,--,SHORT_LINE,No,0.349,KGM,3.18,DMQ,425,HBW,MEDICAL,No,--,--,--,--
S1555953,Fentanyl 50mcg/ml inj 2ml amp/BOX-10 nt,Z01,Yes,1000,BOX,No,--,SHORT_LINE,No,0.06,KGM,0.22,DMQ,425,HBW,PHARMACEUTICALS,No,--,--,Z1,EX1-NARC.EXP.LIC.
S0747455,"Syringe,disp,10ml,w/ndl,21G/BOX-100",Z01,Yes,1000,BOX,No,--,SHORT_LINE,No,0.64,KGM,4.7,DMQ,425,HBW,MEDICAL,No,--,--,--,--
S1568103,Primaquine base 7.5mg tabs/PAC-100,Z01,Yes,1000,EA,No,--,SHORT_LINE,No,0.016,KGM,0.098,MTQ,425,HBW,PHARMACEUTICALS,No,--,10,Z1,--
S0747456,"Syringe,disp,2ml,w/ndl,23G/BOX-100",Z01,Yes,1000,BOX,No,--,SHORT_LINE,No,0.64,KGM,4.7,DMQ,425,HBW,MEDICAL,No,--,--,--,--
S9901124,SUB 5/5 f.S9901026 IEHK2017 part 5-21,Z02,Yes,1000,EA,No,--,SHORT_LINE,No,219.0,KGM,0.576,MTQ,425,HBW,PHARMACEUTICALS,No,--,--,Z1,--
S9901123,SUB 4/5 f.S9901026 IEHK2017 part 4,Z02,Yes,1000,EA,No,--,LONG_LINE,No,27.5,KGM,0.12,MTQ,425,HBW,PHARMACEUTICALS,No,--,--,Z1,--
S9994737,"PP3/4 f Sub3/4 S.Sudan,PHCU Kit S9906734",Z02,Yes,1000,EA,No,--,MINILOAD,No,0.0,KGM,0,MTQ,240,HBW,PHARMACEUTICALS,No,--,--,Z1,--
S9901022,"IEHK2017,kit,suppl.1c-cold chain medicin",Z02,Yes,1000,EA,No,--,SHORT_LINE,No,14.0,KGM,0.115,MTQ,425,CLD,PHARMACEUTICALS,No,--,--,Z3,--
S8513700,"Airpad Film AP/PE,roll of 800 metres",Z04,No,1000,ROL,No,--,SHORT_LINE,No,16.4,KGM,23.195,DMQ,--,HBW,--,Yes,--,--,--,--
S9998281,"Sub 1/2 IEHK2017,kit,suppl.1b-malaria",Z02,Yes,1000,EA,No,S9901028,LONG_LINE,No,26.0,KGM,0.192,MTQ,425,HBW,PHARMACEUTICALS,No,--,--,Z1,--
S8508034,"Double-wall ctn.60 x 40 x 33.3 cm,0.08m3",Z01,No,1000,EA,No,--,SHORT_LINE,No,2.45,KGM,17.463,DMQ,--,HBW,--,No,--,--,--,--
S8503003,"Tape dispenser,desk model,for 25mm",Z04,No,1000,EA,No,--,SHORT_LINE,No,0.6,KGM,1.529,DMQ,--,HBW,--,Yes,--,--,--,--
S9999974,Sub 10/10 Obstetric S9908300 part 10-42,Z02,Yes,1000,EA,No,S9908300,SHORT_LINE,Yes,428.151,KGM,1.32,MTQ,240,HBW,PHARMACEUTICALS,No,--,--,Z1,--
S8504802,"Double-wall ctn.50x30x35 cm, 0.053 m3",Z01,No,1000,EA,No,--,SHORT_LINE,No,2.483,KGM,20,DMQ,--,HBW,--,No,--,--,--,--
S8512024,"Double-wall ctn.60 x 40 x 50 cm,0.12 m3",Z01,No,1000,EA,No,--,SHORT_LINE,No,2.75,KGM,19.53,DMQ,--,HBW,--,No,--,--,--,--
S8513890,Tinners snips/shears,Z04,No,1000,EA,No,--,SHORT_LINE,No,0.4,KGM,49.44,DMQ,--,HBW,--,Yes,--,--,--,--
S0330501,"Bag,urine collecting,2L,drain.,sterile",Z01,Yes,1000,EA,No,--,SHORT_LINE,Yes,0.068,KGM,0.513,DMQ,425,HBW,MEDICAL,No,--,--,--,--
S8513850,"Staples 590/32,for Kihlberg/BOX-2500",Z04,No,1000,EA,No,--,SHORT_LINE,No,5.2,KGM,5.04,DMQ,--,HBW,--,Yes,--,--,--,--
S8513896,Laser range finder,Z04,No,1000,EA,No,--,SHORT_LINE,No,0.6,KGM,3.22,DMQ,--,HBW,--,Yes,--,--,--,--
S9993738,PP3/5 f SUB 4/5 S.Sudan18 B.Med S9906733,Z02,Yes,1000,EA,No,--,MINILOAD,No,4.0,KGM,0.021,MTQ,425,HBW,PHARMACEUTICALS,No,--,10,Z1,--
S1552440,Clopidogrel 75mg tabs/PAC-3x10,Z01,Yes,1000,PAC,No,--,SHORT_LINE,No,0.1,KGM,0.62,DMQ,425,HBW,PHARMACEUTICALS,No,--,--,Z1,--
S1552436,Captopril 12.5mg tabs/PAC-4x14,Z01,Yes,1000,PAC,No,--,SHORT_LINE,No,0.024,KGM,0.165,DMQ,425,HBW,PHARMACEUTICALS,No,--,--,Z1,--
S1552432,Atenolol 25mg tabs/PAC-3x10,Z01,Yes,1000,PAC,No,--,SHORT_LINE,No,0.036,KGM,0.215,DMQ,425,HBW,PHARMACEUTICALS,No,--,--,Z1,--
S9986714,PP 4/5 F SUB 2/6 Ethiopia Emerg.S9906710,Z02,Yes,1000,EA,No,--,MINILOAD,Yes,0.0,KGM,0,MTQ,425,HBW,MEDICAL,No,--,--,Z1,--
S1586066,Hydroxycarbamide 1000mg tabs/PAC-30,Z01,Yes,1000,PAC,No,--,SHORT_LINE,No,0.1,KGM,0.3,DMQ,425,HBW,PHARMACEUTICALS,No,--,--,Z1,--
S0782164,"Syringe,RUP,2ml,mount-ndl,HMD/BOX-100",Z01,Yes,1000,BOX,No,--,SHORT_LINE,No,0.63,KGM,3.984,DMQ,425,HBW,MEDICAL,No,--,--,--,--
S0782163,"Syringe,RUP,2ml,fixed ndl,medeco/BOX-100",Z01,Yes,1000,BOX,No,--,SHORT_LINE,Yes,0.66,KGM,5.536,DMQ,425,HBW,MEDICAL,No,--,--,--,--
S9906713.1,"Sudan, IMCI Medicine kit, 2016",Z02,Yes,1000,EA,No,--,VIRTUAL_PACKING,Yes,25.0,KGM,0.12,MTQ,425,--,PHARMACEUTICALS,No,--,--,Z1,--
S5031014,IRT Individual Deployment Kit,Z01,No,1000,EA,No,--,SHORT_LINE,Yes,11.351,KGM,0.107,MTQ,--,HBW,--,No,--,--,--,--
S1532005,Amod 150mg+ SP 500/25mg tab/3+1/PAC-25,Z01,Yes,1000,PAC,No,--,SHORT_LINE,No,0.103,KGM,0.587,DMQ,425,HBW,PHARMACEUTICALS,No,--,10,Z1,--
S9906713.2,"Sudan, IMCI Medicine kit, 2016",Z02,Yes,1000,EA,No,--,VIRTUAL_PACKING,Yes,25.0,KGM,0.12,MTQ,425,--,PHARMACEUTICALS,No,--,--,Z1,--
S9906713.3,"Sudan, IMCI Medicine kit, 2016",Z02,Yes,1000,EA,No,--,VIRTUAL_PACKING,Yes,24.0,KGM,0.12,MTQ,425,--,PHARMACEUTICALS,No,--,--,Z1,--
S1568044,Sulfadox500mg +Pyrimeth25mg tabs/3/PAC-1,Z01,Yes,1000,EA,No,--,SHORT_LINE,No,6.0,GRM,0.113,DMQ,425,HBW,PHARMACEUTICALS,No,--,10,Z1,--
S5008346,Water purif.(NaDCC) 67mg tabs/BOX-2800,Z01,Yes,1000,EA,No,--,SHORT_LINE,Yes,0.977,KGM,0.009,MTQ,425,HBW,PHARMACEUTICALS,No,--,--,--,--
S5008345,Water purif.(NaDCC) 67mg tabs/BOX-400,Z01,Yes,1000,EA,No,--,SHORT_LINE,Yes,0.194,KGM,0.002,MTQ,425,HBW,PHARMACEUTICALS,No,--,--,--,--
S1555951,Morphine sulfate 10mg IR tabs/PAC-56 nt,Z01,Yes,1000,EA,No,--,SHORT_LINE,Yes,0.18,KGM,4.602,DMQ,425,HBW,PHARMACEUTICALS,No,--,10,Z1,EX1-NARC.EXP.LIC.
S1552420,Aspirin 75mg tabs/PAC-10x10,Z01,Yes,1000,EA,No,--,SHORT_LINE,No,0.01,KGM,0.05,DMQ,425,HBW,PHARMACEUTICALS,No,--,10,Z1,--
S5031038,First Aid Kit,Z01,No,1000,EA,No,--,SHORT_LINE,No,0.0,KGM,0.157,MTQ,--,HBW,--,No,--,--,--,--
S9999499,"Prepack 12/12 Syria SEDL Basic kit, 2014",Z02,Yes,1000,EA,No,--,MINILOAD,No,5.0,KGM,0.021,MTQ,425,HBW,PHARMACEUTICALS,No,--,--,Z1,--
S9999497,"Prepack 10/12 Syria SEDL Basic kit, 2014",Z02,Yes,1000,EA,No,--,MINILOAD,No,5.0,KGM,0.015,MTQ,425,HBW,PHARMACEUTICALS,No,--,--,Z1,--
S1543752,Bisoprolol fumarate 5mg tabs/PAC-2x14,Z01,Yes,1000,EA,No,--,SHORT_LINE,Yes,0.023,KGM,0.235,DMQ,425,HBW,PHARMACEUTICALS,No,--,10,Z1,--
S8502200,Inner  carton 305 x 140 x 115 mm 0.005m3,Z01,No,1000,EA,No,--,SHORT_LINE,No,0.4,KGM,0.005,MTQ,--,HBW,--,No,--,--,--,--
S1802808,"Pens, felt-tip, ass. cols, 1mm/PAC-6",Z01,No,1000,EA,No,--,SHORT_LINE,No,0.05,KGM,0.132,DMQ,--,HBW,--,No,--,--,--,--
S2036510,"Cooking set,aluminum,14 pieces",Z01,No,1000,EA,No,--,SHORT_LINE,No,3.85,KGM,18.85,DMQ,--,HBW,--,No,--,--,--,--
S1993600,"Supply Catalogue 2003,printed,set-5 vol.",Z01,No,1000,EA,No,--,SHORT_LINE,No,3.0,KGM,2.835,DMQ,--,HBW,--,No,--,--,--,--
S2567000,"Treasure-basket,plastic,12 pieces",Z01,No,1000,EA,No,--,SHORT_LINE,No,0.55,KGM,5.518,DMQ,--,HBW,--,No,--,--,--,--
S2584005,"Crayon,wax,assorted colours/BOX-8",Z01,No,1000,BOX,No,--,SHORT_LINE,No,50.0,GRM,0.089,DMQ,--,HBW,--,No,--,--,--,--
S2795805,"Posts for net,volleyball,set of 2",Z01,No,1000,EA,No,--,SHORT_LINE,No,10.3,KGM,19,DMQ,--,HBW,--,No,--,--,--,--
S5028001,Lighting Kit,Z01,No,1000,SET,No,--,SHORT_LINE,No,104.0,KGM,0.26,MTQ,--,HBW,--,No,--,--,--,--
S0950001,Lab equipment,Z01,No,1000,EA,No,--,SHORT_LINE,No,0.0,KGM,0,DMQ,--,HBW,--,No,--,--,--,--
S5021050,Office/Accommodation Unit for 2 people,Z01,No,1000,EA,No,--,SHORT_LINE,No,1210.0,KGM,8.61,MTQ,--,HBW,--,No,--,--,--,--
S0969014,"Coat, lab work, medium size",Z01,No,1000,EA,No,--,SHORT_LINE,No,0.6,KGM,0.005,MTQ,--,HBW,--,No,--,--,--,--
S9901210,Household Protection Kit for 3 Families,Z02,Yes,1000,EA,No,--,SHORT_LINE,No,18.0,KGM,0.192,MTQ,425,HBW,MEDICAL,No,--,--,--,--
S5031037,Mosquito/Insect repellent stick,Z01,No,1000,EA,No,--,SHORT_LINE,No,0.0,KGM,0.157,MTQ,--,HBW,--,No,--,--,--,--
S9999760,Prepack1/1 Ethiopia Mid.2-Equip.,Z02,Yes,1000,EA,No,--,MINILOAD,No,4.0,KGM,0.021,MTQ,425,HBW,MEDICAL,No,--,--,Z1,--
S1531031,Chloramphenicol 250mg caps/PAC-10x10,Z01,Yes,1000,EA,No,--,SHORT_LINE,No,0.056,KGM,0.285,DMQ,425,HBW,PHARMACEUTICALS,No,--,10,Z1,--
S0782162,"Syringe,A-D,0.05ml,Anhui/BOX-100",Z01,Yes,1000,BOX,No,--,SHORT_LINE,Yes,0.496,KGM,3.305,DMQ,425,HBW,MEDICAL,No,--,--,Z1,--
S1555957,MethadoneHCl 10mg/ml or.sol/BOT-500ml nt,Z01,Yes,1000,PAC,No,--,SHORT_LINE,No,0.649,KGM,1.189,DMQ,425,HBW,PHARMACEUTICALS,No,--,--,Z1,EX1-NARC.EXP.LIC.
S9999986,Prepack for Recreation kits 2016,Z02,No,1000,EA,No,--,MINILOAD,Yes,7.0,KGM,14.348,DMQ,--,HBW,--,No,--,--,--,--
S9999987,Prepack for ECD Kits  2016,Z02,No,1000,EA,No,--,MINILOAD,Yes,11.246,KGM,0.024,MTQ,--,HBW,--,No,--,--,--,--
S0845231,"Flow meter, 0 # 3 LPM oxygen",Z01,Yes,1000,EA,No,--,SHORT_LINE,No,3.0,KGM,7.5,DMQ,425,HBW,MEDICAL,No,--,--,--,--
S9903004.1,AWD Periphery kit Drug,Z02,Yes,1000,EA,No,--,SHORT_LINE,Yes,400.0,KGM,1.114,MTQ,425,HBW,MEDICAL,No,--,--,Z1,--
S0180000,"Stretcher,foldable",Z01,No,1000,EA,No,--,SHORT_LINE,Yes,6.832,KGM,0.05,MTQ,--,HBW,--,No,--,10,--,--
S9903004.2,AWD Periphery kit Drug,Z02,Yes,1000,EA,No,--,SHORT_LINE,Yes,25.0,KGM,0.056,MTQ,425,HBW,MEDICAL,No,--,--,Z1,--
S9209501,"Hi-Vis Safety vest, yellow",Z01,No,1000,EA,No,--,SHORT_LINE,No,0.253,KGM,2.071,DMQ,--,HBW,--,No,--,--,--,--
S9990031,"Sub 1/6 F S9901030 IEHK2017, suppl.3 ren",Z02,Yes,1000,EA,No,S9901030,SHORT_LINE,Yes,12.7,KGM,0.12,MTQ,240,HBW,PHARMACEUTICALS,No,--,--,--,--
S6780350,"Hand sanitizer, Alcohol >60%, 60ml",Z01,Yes,1000,EA,No,--,SHORT_LINE,No,0.1,KGM,0.12,DMQ,425,HBW,MEDICAL,No,--,--,Z1,1170
S5003515,"Blanket,fleece,150x200cm,Palletized",Z01,No,1000,EA,No,--,SHORT_LINE,No,0.766,KGM,0.005,MTQ,--,HBW,--,No,--,--,--,--
S4516511,"Student's Geometry set,ARABIC/BOX-20",Z01,No,1000,BOX,No,--,SHORT_LINE,No,1.275,KGM,4.994,DMQ,--,HBW,--,No,--,--,--,--
S4570006,"Ruler,plastic,c.30cm,ARABIC,set of 10",Z01,No,1000,EA,No,--,SHORT_LINE,No,0.26,KGM,0.348,DMQ,--,HBW,--,No,--,--,--,--
S6780361,"Goggles,protective,side-ventilation/PK12",Z01,Yes,1000,EA,No,--,SHORT_LINE,No,1.364,KGM,10.445,DMQ,425,HBW,MEDICAL,No,--,--,--,--
S9901007,"IEHK2011,kit,suppl.1a-medicines",Z02,Yes,1000,EA,No,--,SHORT_LINE,No,5.3,KGM,0.048,MTQ,425,CLD,PHARMACEUTICALS,No,--,--,Z3,NEX3-KIT W/NARCO
S9997731,SUB 1/8 SSPHCC2018-Med Dev&Diag S9906737,Z02,Yes,1000,EA,No,S9906737,LONG_LINE,No,16.0,KGM,0.12,MTQ,240,HBW,PHARMACEUTICALS,No,--,--,Z1,--
S9906735.5,South Sudan PHCC Kit 2018-Injectables,Z02,Yes,1000,EA,No,--,VIRTUAL_PACKING,Yes,26.0,KGM,0.079,MTQ,425,--,PHARMACEUTICALS,No,--,--,Z1,--
S1400605,Efavirenz 200mg tabs/PAC-90           pb,Z01,Yes,1000,EA,No,--,SHORT_LINE,No,0.4,KGM,2.6,DMQ,425,HBW,PHARMACEUTICALS,No,--,--,Z1,--
S9997730,PP 2/2 F SUB 1/8 SSPHCC2018-Med S9906737,Z02,Yes,1000,EA,No,--,SHORT_LINE,No,0.0,KGM,0,MTQ,425,HBW,PHARMACEUTICALS,No,--,--,Z1,--
S1531019,Benzylpenicillin pdr/inj 1MIU vl/BOX-100,Z01,Yes,1000,EA,No,--,SHORT_LINE,Yes,1.851,KGM,4.277,DMQ,425,HBW,PHARMACEUTICALS,No,--,10,Z1,--
S8550000,"Spraypaint,Yellow",Z04,No,1000,EA,No,--,SHORT_LINE,No,0.9,KGM,1.458,DMQ,--,HBW,--,Yes,--,--,--,--
S8513950,"PE strap,12.7 x 0.59 mm,roll of 3000 m",Z01,No,1000,ROL,No,--,SHORT_LINE,No,8.3,KGM,0.032,MTQ,--,HBW,--,No,--,--,--,--
S8760017,"Japan ODA stickers,210 x 150mm",Z01,No,1000,EA,No,--,SHORT_LINE,No,10.0,GRM,0.011,DMQ,--,HBW,--,No,--,--,--,--
S9996735,S. Sudan PHCC 2018 I sub 5/8 f S9906736,Z02,Yes,1000,EA,No,S9906736,SHORT_LINE,Yes,12.0,KGM,0.031,MTQ,425,HBW,MEDICAL,No,--,--,Z1,--
S9996737,S. Sudan PHCC 2018 I sub 7/8 f S9906736,Z02,Yes,1000,EA,No,S9906736,SHORT_LINE,Yes,12.0,KGM,0.031,MTQ,425,HBW,MEDICAL,No,--,--,Z1,--
S9999125,AWD Periphery kit Drug S9903004 sub 2/4,Z02,Yes,1000,EA,No,S9903004,SHORT_LINE,Yes,30.0,KGM,0.056,MTQ,425,HBW,PHARMACEUTICALS,No,--,--,Z1,--
S9999127,AWD Periphery kit Drug S9903004 sub 4/4,Z02,Yes,1000,EA,No,S9903004,SHORT_LINE,Yes,13.2,KGM,0.106,MTQ,425,HBW,PHARMACEUTICALS,No,--,--,Z1,--
S0003533,Treponemal specific syphilis ELISA kit96,Z01,No,1000,EA,No,--,SHORT_LINE,No,0.3,KGM,24,MTQ,--,HBW,--,No,--,10,--,--
S1586068,Prednisolone 10mg tabs/PAC-1x25,Z01,Yes,1000,PAC,No,--,SHORT_LINE,No,0.04,KGM,0.197,DMQ,425,HBW,PHARMACEUTICALS,No,--,--,Z1,--
S9996711,SUB 2/7 Ethiopia Emerg. kit2019 S9906710,Z02,Yes,1000,EA,No,S9906710,LONG_LINE,Yes,30.0,KGM,0.192,MTQ,425,HBW,MEDICAL,No,--,--,Z1,--
S0003519,"Non-treponemal, syphilis RPRtest kit 100",Z01,No,1000,EA,No,--,SHORT_LINE,No,0.124,KGM,0.64,DMQ,--,HBW,--,No,--,10,--,--
S5006055,"NaDCC,Chlorine Granules 56%, 1/2kg",Z01,Yes,1000,EA,No,--,SHORT_LINE,Yes,0.621,KGM,1.916,DMQ,425,HBW,PHARMACEUTICALS,No,--,--,--,9002
S9906733,South Sudan PHCC Kit 2018 Basic Medicin,Z02,Yes,1000,EA,Yes,--,VIRTUAL_PACKING,Yes,227.0,KGM,1.103,MTQ,240,HBW,PHARMACEUTICALS,No,--,--,Z1,9001
S0000066,"UNICEF T-shirt, Female, V-neck, L",Z01,No,1000,EA,No,--,SHORT_LINE,No,256.0,GRM,1.551,DMQ,--,HBW,--,No,--,--,--,--
S0305134,"Mask, surgical, disposable",Z01,No,1000,EA,No,--,SHORT_LINE,No,0.0,KGM,0,DMQ,--,HBW,--,No,--,--,--,--
S1505048,Amoxicillin 500mg caps/tabs/PAC-100,Z01,Yes,1000,PAC,No,--,SHORT_LINE,No,0.12,KGM,0.328,DMQ,425,HBW,PHARMACEUTICALS,No,--,10,Z1,--
S1505065,Amoxicillin 500mg caps/PAC-100,Z01,Yes,1000,PAC,No,--,SHORT_LINE,No,0.12,KGM,0.33,DMQ,425,HBW,PHARMACEUTICALS,No,--,10,Z1,--
S9996713,SUB 4/7 Ethiopia Emerg. kit2019 S9906710,Z02,Yes,1000,EA,No,S9906710,SHORT_LINE,Yes,13.0,KGM,0.03,MTQ,425,HBW,MEDICAL,No,--,--,Z1,--
S0969027,"Bag, biohazard, 20L, box/100",Z01,Yes,1000,EA,No,--,SHORT_LINE,Yes,1.984,KGM,0.013,MTQ,425,HBW,MEDICAL,No,--,--,--,--
S1551965,Spectinomycin pdr/inj 2g vl w/sol/BOX-60,Z01,Yes,1000,BOX,No,--,SHORT_LINE,No,3.2,KGM,10.62,DMQ,425,HBW,PHARMACEUTICALS,No,--,10,Z1,--
S9992489,"SUB 9/17 NBK, Hospital, Module 3, Equ",Z02,Yes,1000,EA,No,S9902480,SHORT_LINE,No,63.0,KGM,1.08,MTQ,240,HBW,MEDICAL,No,--,--,--,--
S0845210,"Sensor, reusable, Rad-G, child/adult",Z01,No,1000,EA,No,--,SHORT_LINE,No,0.1,KGM,0.52,DMQ,--,HBW,--,No,--,--,--,--
S6780203,Calamine lotion/BOT-200ml,Z01,Yes,1000,BOT,No,--,SHORT_LINE,No,0.284,KGM,0.5,DMQ,425,HBW,PHARMACEUTICALS,No,--,--,Z1,--
S9935051,"School-in-a-carton, Yemen",Z02,No,1000,EA,No,--,LONG_LINE,Yes,43.0,KGM,0.12,MTQ,--,HBW,--,No,--,--,--,--
S9935052,"School-in-a-box, Yemen",Z02,No,1000,EA,No,--,SHORT_LINE,No,43.0,KGM,0.12,MTQ,--,HBW,--,No,--,--,--,--
S5031017,Meat Ready to Eat Halal,Z01,Yes,1000,EA,No,--,SHORT_LINE,No,1.18,KGM,2.8,MTQ,425,HBW,PHARMACEUTICALS,No,--,--,--,--
S5034500,Musical Instruments/SET-7,Z01,No,1000,SET,No,--,SHORT_LINE,No,5.055,KGM,0.049,MTQ,--,HBW,--,No,--,--,--,--
S1550008,Ferrous sulf 125mg/ml oral sol BOT-100ml,Z01,Yes,1000,BOT,No,--,SHORT_LINE,Yes,0.153,KGM,0.385,DMQ,240,HBW,PHARMACEUTICALS,No,--,10,Z1,--
S5031028,"Z9 - Not to be used,mseg/ekpo/vbap empty",Z01,No,1000,EA,No,--,SHORT_LINE,No,0.0,KGM,0.157,MTQ,--,HBW,--,No,--,--,--,--
S5088006,"Tent,rectangular,42m²",Z01,No,1000,EA,No,--,SHORT_LINE,No,330.0,KGM,1.076,MTQ,--,HBW,--,No,--,--,--,--
S0782323,"Syringe,RUP,10ml,w/ndl,fixed,21G/BOX-100",Z01,Yes,1000,EA,No,--,SHORT_LINE,No,0.943,KGM,7.7,DMQ,425,HBW,MEDICAL,No,--,--,--,--
S1550004,Iron 60mg+Folic ac. 400mcg tabs/PAC-3x10,Z01,Yes,1000,PAC,No,--,SHORT_LINE,Yes,0.022,KGM,0.151,DMQ,425,HBW,PHARMACEUTICALS,No,--,10,Z1,--
S5088012,"Tent,rectangular,24m²",Z01,No,1000,EA,No,--,SHORT_LINE,No,385.0,KGM,1.84,MTQ,--,HBW,--,No,--,--,--,--
S5088010,"Tent,rectangular,80m²",Z01,No,1000,EA,No,--,SHORT_LINE,No,83.333,KGM,0.288,MTQ,--,HBW,--,No,--,--,--,--
S6780041,Sodium lact.comp inj 12x1000ml w/g.set,Z01,Yes,1000,BOX,No,--,SHORT_LINE,No,16.367,KGM,33.6,DMQ,425,HBW,PHARMACEUTICALS,No,--,--,Z1,--
S5090025,"Bednet,LLIN,75-100d,180x160x150cm",Z01,No,1000,EA,No,--,SHORT_LINE,No,0.55,KGM,2.1,DMQ,--,HBW,--,No,--,--,--,--
S8800002,Complementary Feeding Bowl & Spoon Std+,Z01,No,1000,EA,No,--,SHORT_LINE,No,0.075,KGM,72,DMQ,--,HBW,--,No,--,--,--,--
S9992487,"SUB 7/17 NBK, Hospital, Module 3, Equ",Z02,Yes,1000,EA,No,--,SHORT_LINE,No,86.0,KGM,1.248,MTQ,425,HBW,MEDICAL,No,--,--,--,--
S0969026,"Gloves,exam,nitrile,pwdfree,L,BOX-100",Z01,Yes,1000,EA,No,--,SHORT_LINE,Yes,0.501,KGM,2.435,DMQ,425,HBW,MEDICAL,No,--,--,--,--
S5006315,"Shampoo,normal hair cleaning,500ml",Z01,Yes,1000,EA,No,--,SHORT_LINE,Yes,0.49,KGM,0.954,DMQ,425,HBW,MEDICAL,No,--,--,Z1,--
S5006318,Toothbrush for children,Z01,No,1000,EA,No,--,SHORT_LINE,Yes,0.063,KGM,0.15,DMQ,--,HBW,--,No,--,--,--,--
S6780377,Safety box f.used syrgs/ndls 5lt/BOX-25,Z01,Yes,1000,BOX,No,--,SHORT_LINE,No,6.54,KGM,0.122,DMQ,425,HBW,MEDICAL,No,--,--,--,--
S5006319,"Toothpaste for adults,75ml",Z01,Yes,1000,EA,No,--,SHORT_LINE,Yes,0.13,KGM,0.316,DMQ,425,HBW,MEDICAL,No,--,--,--,--
S1531012,Azithromycin pdr/or s 200mg/5ml/BOT-30ml,Z01,Yes,1000,BOT,No,--,SHORT_LINE,Yes,0.12,KGM,0.518,DMQ,425,HBW,PHARMACEUTICALS,No,--,10,Z1,--
S6780379,"Syringe,A-D,0.5ml,Anhui/BOX-100",Z01,Yes,1000,BOX,No,--,SHORT_LINE,No,0.43,KGM,2.615,DMQ,425,HBW,MEDICAL,No,--,--,--,--
S6780378,"Syringe,A-D,0.5ml,Soloshot Mini/BOX-200",Z01,Yes,1000,BOX,No,--,SHORT_LINE,Yes,0.517,KGM,5.044,DMQ,425,HBW,MEDICAL,No,--,--,--,--
S1993416,IEHK 2017 Booklet - English,Z01,No,1000,EA,No,--,SHORT_LINE,No,0.63,KGM,3.15,DMQ,--,HBW,--,No,--,--,--,--
S1993417,IEHK 2017 Booklet - French,Z01,No,1000,EA,No,--,SHORT_LINE,No,0.63,KGM,3.15,DMQ,--,HBW,--,No,--,--,--,--
S0305102,"Coverall,protection,CatIII,Type3b,XL",Z01,Yes,1000,EA,No,--,SHORT_LINE,Yes,0.345,KGM,0.003,MTQ,425,HBW,MEDICAL,No,--,10,--,--
S1552444,Digoxin 250mcg/ml inj 2ml amp/BOX-6,Z01,Yes,1000,BOX,No,--,SHORT_LINE,No,0.039,KGM,0.143,DMQ,425,HBW,PHARMACEUTICALS,No,--,--,Z1,--
S1552441,Clopidogrel 75mg tabs/PAC-2x14,Z01,Yes,1000,PAC,No,--,SHORT_LINE,No,0.03,KGM,0.132,DMQ,425,HBW,PHARMACEUTICALS,No,--,--,Z1,--
S9997738,SUB 8/8 SSPHCC2018-Med Dev&Diag S9906737,Z02,Yes,1000,EA,No,S9906737,SHORT_LINE,No,20.0,KGM,0.146,MTQ,240,HBW,PHARMACEUTICALS,No,--,--,Z1,--
S1300127,Artemeth40mg+Lumefan240mg tabs/6/PAC-30,Z01,Yes,1000,PAC,No,--,SHORT_LINE,No,0.31,KGM,0.001,MTQ,425,HBW,PHARMACEUTICALS,No,--,--,Z1,--
S1300128,Artemeth60mg+Lumefan360mg tab/6/PAC-1,Z01,Yes,1000,PAC,No,--,SHORT_LINE,No,0.03,KGM,0.09,DMQ,425,HBW,PHARMACEUTICALS,No,--,--,Z1,--
S5088048,High Performance Tent - 48M2,Z01,No,1000,EA,No,--,SHORT_LINE,Yes,393.0,KGM,1.875,MTQ,--,BLK,--,No,--,--,--,--
S9997737,SUB 7/8 SSPHCC2018-Med Dev&Diag S9906737,Z02,Yes,1000,EA,No,S9906737,SHORT_LINE,No,20.0,KGM,0.146,MTQ,240,HBW,PHARMACEUTICALS,No,--,--,Z1,--
S8514100,Carton f/dividers 249 x 140 x 163 mm,Z01,No,1000,EA,No,--,SHORT_LINE,No,0.16,KGM,0.001,MTQ,--,HBW,--,No,--,--,--,--
S9997735,SUB 5/8 SSPHCC2018-Med Dev&Diag S9906737,Z02,Yes,1000,EA,No,S9906737,SHORT_LINE,Yes,13.0,KGM,0.096,MTQ,240,HBW,PHARMACEUTICALS,No,--,--,Z1,--
S5088072,High Performance Tent - 72M2,Z01,No,1000,EA,No,--,SHORT_LINE,Yes,535.0,KGM,2.19,MTQ,--,BLK,--,No,--,--,--,--
S9999970,Sub 11/11 Obstetric S9908300(i) part 43,Z02,Yes,1000,EA,No,--,SHORT_LINE,No,7.0,KGM,0.003,MTQ,425,HBW,PHARMACEUTICALS,No,--,--,Z1,--
S9906735.6,South Sudan PHCC Kit 2018-Injectables,Z02,Yes,1000,EA,No,--,VIRTUAL_PACKING,Yes,26.0,KGM,0.079,MTQ,425,--,PHARMACEUTICALS,No,--,--,Z1,--
S0145572,"Sachet,health card,11x25cm/BOX-500",Z01,No,1000,BOX,No,--,SHORT_LINE,No,2.462,KGM,5.279,DMQ,--,HBW,--,No,--,--,--,--
S6780140,"Double-wall ctn.60x40x20 cm, 0.048 m3",Z04,No,1000,EA,No,--,SHORT_LINE,No,3.0,KGM,0.048,MTQ,--,HBW,--,Yes,--,--,--,--
S6780331,"DOPAMINE HCL, 40 mg/ml, 5ml amp BOX/100",Z01,Yes,1000,EA,No,--,SHORT_LINE,No,0.85,KGM,1.3,DMQ,425,HBW,PHARMACEUTICALS,No,--,--,Z1,--
S9204090,Fleece/sweatblack jacket w/hood sizeXXXL,Z01,No,1000,EA,No,--,SHORT_LINE,No,0.96,KGM,0.03,DMQ,--,HBW,--,No,--,--,--,--
S1552415,Nifedepine 10mg caps./PAC-100,Z01,Yes,1000,PAC,No,--,SHORT_LINE,No,0.1,KGM,0.345,DMQ,425,HBW,PHARMACEUTICALS,No,--,10,Z1,--
S1993419,IEHK 2017 Booklet - Arabic,Z01,No,1000,EA,No,--,SHORT_LINE,No,0.0,KGM,0.63,DMQ,--,HBW,--,No,--,--,--,--
S6780330,"DIGOXIN, 0.25 mg/ml, 2 ml, amp. BOX/100",Z01,Yes,1000,EA,No,--,SHORT_LINE,No,0.72,KGM,0.99,DMQ,425,HBW,PHARMACEUTICALS,No,--,--,Z1,--
S9204088,Fleece/sweat black jacket w/hood size XL,Z01,No,1000,EA,No,--,SHORT_LINE,No,0.88,KGM,0.03,DMQ,--,HBW,--,No,--,--,--,--
S9204086,Fleece/sweat black jacket w/hood size M,Z01,No,1000,EA,No,--,SHORT_LINE,No,0.8,KGM,0.03,DMQ,--,HBW,--,No,--,--,--,--
S9204089,Fleece/sweat black jacket w/hood sizeXXL,Z01,No,1000,EA,No,--,SHORT_LINE,No,0.92,KGM,0.03,DMQ,--,HBW,--,No,--,--,--,--
S9996715,SUB 6/7 Ethiopia Emerg. kit2019 S9906710,Z02,Yes,1000,EA,No,S9906710,SHORT_LINE,Yes,26.0,KGM,0.005,MTQ,425,HBW,MEDICAL,No,--,--,Z1,--
S0584611,"SD Bioline Malaria Ag Pf/pan, kit/25",Z01,Yes,1000,EA,No,--,SHORT_LINE,Yes,0.343,KGM,2.56,DMQ,240,HBW,MEDICAL,No,--,--,Z1,--
S0782167,"Syringe,RUP,10ml,mount-ndl,HMD/BOX-50",Z01,Yes,1000,BOX,No,--,SHORT_LINE,No,0.74,KGM,4.416,DMQ,425,HBW,MEDICAL,No,--,--,--,--
S0782365,"Syringe,A-D,0.2ml,SIP/BOX-100",Z01,Yes,1000,BOX,No,--,SHORT_LINE,No,0.43,KGM,2.615,DMQ,425,HBW,MEDICAL,No,--,--,--,--
S5006129,Chlorine/pH visual comparator,Z01,Yes,1000,PAC,No,--,SHORT_LINE,Yes,0.341,KGM,2.247,DMQ,425,HBW,MEDICAL,No,--,--,--,--
S0621001,"Tongue depressor,wooden,disp/BOX-100",Z01,No,1000,EA,No,--,SHORT_LINE,Yes,0.292,KGM,0.866,DMQ,--,HBW,--,No,--,--,--,--
S0782140,"Syringe,A-D,0.1ml,Helmject/BOX-200",Z01,Yes,1000,BOX,No,--,SHORT_LINE,No,0.803,KGM,0.54,DMQ,425,HBW,MEDICAL,No,--,--,Z1,--
S9999983,Prepack 3/4 Malawi 2012,Z02,Yes,1000,EA,No,--,SHORT_LINE,No,7.0,KGM,0.003,MTQ,425,HBW,PHARMACEUTICALS,No,--,--,--,--
S1514134,Benzabenzylpen pdr.inj 2.4MIUv/sol/PAC-1,Z01,Yes,1000,PAC,No,--,SHORT_LINE,No,0.038,KGM,0.11,DMQ,425,HBW,PHARMACEUTICALS,No,--,--,Z1,--
S0145570,Weight-for-height chart,Z01,No,1000,EA,No,--,SHORT_LINE,No,1.5,KGM,6.336,DMQ,--,HBW,--,No,--,--,--,--
S0114054,"Nut. kit,inpatient,module-med. devices",Z01,No,1000,EA,No,--,SHORT_LINE,No,16.0,KGM,0.064,MTQ,--,HBW,--,No,--,--,--,--
S1514145,Dexamethasone 2 mg tabs/PAC-10x10,Z01,Yes,1000,PAC,No,--,SHORT_LINE,No,0.03,KGM,0.08,DMQ,425,HBW,MEDICAL,No,--,--,Z1,--
S6780207,Amoxicillin 125mg disp.tab/PAC-90,Z01,Yes,1000,PAC,No,--,SHORT_LINE,No,0.0,GRM,0.488,DMQ,425,HBW,PHARMACEUTICALS,No,--,--,Z1,--
S5006056,"Chlor.pH-test,Dip&Read Strips/PAC-100",Z01,Yes,1000,PAC,No,--,SHORT_LINE,Yes,0.128,KGM,2.221,DMQ,240,HBW,MEDICAL,No,--,--,--,--
S6780226,"Mask,surgical,disp/BOX-100",Z01,No,1000,BOX,No,--,SHORT_LINE,No,0.0,GRM,0,DMQ,--,HBW,--,No,--,--,--,--
S6780217,Paracetamol 500mg tabs/PAC-1000,Z01,Yes,1000,PAC,No,--,SHORT_LINE,No,0.843,KGM,2.437,DMQ,425,HBW,PHARMACEUTICALS,No,--,--,Z1,--
S6780224,"Mask,high filtration,regular size,disp.",Z01,No,1000,EA,No,--,SHORT_LINE,No,13.0,GRM,0.136,DMQ,--,HBW,--,No,--,--,--,--
S8794208,"UNICEF T-shirt, cyan blue, cotton, S",Z01,No,1000,EA,No,--,SHORT_LINE,Yes,0.2,KGM,1.108,DMQ,--,HBW,--,No,--,--,--,--
S6780229,Medical Cot Surge Bed w/ IV Pole,Z01,No,1000,EA,No,--,SHORT_LINE,No,0.0,GRM,0,DMQ,--,HBW,--,No,--,--,--,--
S1552434,Atorvastatin 20mg tab/PAC-3x10,Z01,Yes,1000,PAC,No,--,SHORT_LINE,No,0.02,KGM,0.18,DMQ,425,HBW,PHARMACEUTICALS,No,--,--,Z1,--
S0584636,"FirstResponseSyph Anti-TPCardTest,kit/25",Z01,Yes,1000,EA,No,--,SHORT_LINE,Yes,0.272,KGM,1.422,DMQ,240,HBW,MEDICAL,No,--,--,Z1,--
S0845078,"Cup feeding, newborn",Z01,No,1000,EA,No,--,SHORT_LINE,Yes,0.11,KGM,0.623,DMQ,--,HBW,--,No,--,--,--,--
S0305044,"Boots,rubber/PVC,reusable,pair,size44",Z01,Yes,1000,EA,No,--,SHORT_LINE,Yes,2.446,KGM,10.654,DMQ,425,HBW,MEDICAL,No,--,--,--,--
S0330131,"Gloves,exam,nitrile,BIO,pwdfree,M,BOX100",Z01,Yes,1000,BOX,No,--,SHORT_LINE,No,0.54,KGM,2.703,DMQ,425,HBW,MEDICAL,No,--,--,--,--
S0782173,"Syringe,A-D,0.25ml,Sol Mil/BOX-100",Z01,Yes,1000,BOX,No,--,SHORT_LINE,No,0.475,KGM,3.339,DMQ,425,HBW,MEDICAL,No,--,--,--,--
S1555291,Lidocaine 2% inj 20ml amp/BOX-20,Z01,Yes,1000,BOX,No,--,SHORT_LINE,No,0.0,KGM,0,DMQ,425,HBW,PHARMACEUTICALS,No,--,--,Z1,--
S0782357,"Syringe,RUP,5ml,ndl,21G,Revital/BOX-100",Z01,Yes,1000,BOX,No,--,SHORT_LINE,No,0.72,KGM,5.538,DMQ,425,HBW,MEDICAL,No,--,--,--,--
S0305042,"Boots,rubber/PVC,reusable,pair,size42",Z01,Yes,1000,EA,No,--,SHORT_LINE,Yes,2.256,KGM,9.958,DMQ,425,HBW,MEDICAL,No,--,--,--,--
S1300143,"Artesun100mg+MefloqHCl220mg,tab/3/PAC-2",Z01,Yes,1000,PAC,No,--,SHORT_LINE,No,0.02,KGM,0.099,DMQ,425,HBW,PHARMACEUTICALS,No,--,--,Z1,--
S1568101,Primaquine base 7.5mg tabs/PAC-100x10 gp,Z01,Yes,1000,PAC,No,--,SHORT_LINE,No,0.241,KGM,99.792,DMQ,425,HBW,PHARMACEUTICALS,No,--,10,Z1,--
S1521020,Aciclovir cream 5%/TBE-2g,Z01,Yes,1000,TBE,No,--,SHORT_LINE,No,0.01,KGM,0.02,DMQ,425,HBW,PHARMACEUTICALS,No,--,10,Z1,--
S6780333,Potassium chl.100 mg/ml10ml.amp.BOX/100,Z01,Yes,1000,EA,No,--,SHORT_LINE,No,2.23,KGM,10.8,DMQ,425,HBW,PHARMACEUTICALS,No,--,--,Z1,--
S1533012,Ibuprofen 100mg/5ml oral susp BOT-100ml,Z01,Yes,1000,BOT,No,--,SHORT_LINE,No,0.288,KGM,0.5,DMQ,425,HBW,PHARMACEUTICALS,No,--,--,Z1,--
S0584504,"WondfoOneStepHCGUrinTest,Midstream,kit/1",Z01,Yes,1000,EA,No,--,SHORT_LINE,Yes,0.031,KGM,0.217,DMQ,425,HBW,MEDICAL,No,--,--,--,--
S1993520,"Connecting pipe tube, plastic,app.60pcs",Z01,No,1000,PAC,No,--,SHORT_LINE,No,0.0,KGM,0,DMQ,--,HBW,--,No,--,--,--,--
S0782327,"Syringe,A-D,0.5ml,Apple K1 3Ring/BOX-100",Z01,Yes,1000,EA,No,--,SHORT_LINE,No,0.659,KGM,5.04,DMQ,425,HBW,MEDICAL,No,--,--,--,--
S1521006,Oseltamivir pdr.o.s 30mg5/ml/BOT-60ml,Z01,No,1000,BOT,No,--,SHORT_LINE,No,0.165,KGM,0.85,DMQ,--,HBW,--,No,--,10,--,--
S9997733,SUB 3/8 SSPHCC2018-Med Dev&Diag S9906737,Z02,Yes,1000,EA,No,S9906737,LONG_LINE,No,15.0,KGM,0.12,MTQ,240,HBW,PHARMACEUTICALS,No,--,--,Z1,--
S1532002,Chloroquine base 100mg tabs/PAC-1000,Z01,Yes,1000,PAC,No,--,SHORT_LINE,No,0.34,KGM,1.41,DMQ,425,HBW,PHARMACEUTICALS,No,--,10,Z1,--
S1533992,Mefloquine base 250mg tabs/PAC-8,Z01,Yes,1000,EA,No,--,SHORT_LINE,No,0.015,KGM,0.08,DMQ,425,HBW,PHARMACEUTICALS,No,--,10,Z1,--
S1993522,"Wooden figures, PAC-appr.12pcs",Z01,No,1000,PAC,No,--,SHORT_LINE,No,0.0,KGM,0,DMQ,--,HBW,--,No,--,--,--,--
S9992494,"SUB 14/17 NBK, Hospital, Module 3, Equ",Z02,Yes,1000,EA,No,S9902480,SHORT_LINE,No,5.3,KGM,0.057,MTQ,240,HBW,MEDICAL,No,--,--,--,--
S1559319,"Midazolam 1mg/ml inj, 5ml amp/BOX-10 pt",Z01,Yes,1000,BOX,No,--,SHORT_LINE,No,0.118,KGM,1,DMQ,425,HBW,PHARMACEUTICALS,No,--,--,Z1,--
S1559316,Chlorpromazine HCl 100mg tabs/PAC-10x10,Z01,Yes,1000,PAC,No,--,SHORT_LINE,No,0.077,KGM,0.299,DMQ,425,HBW,PHARMACEUTICALS,No,--,--,Z1,--
S1559321,Phenytoin Sod 50mg/ml inj 5ml amp/BOX-10,Z01,Yes,1000,BOX,No,--,SHORT_LINE,No,0.135,KGM,0.4,DMQ,425,HBW,PHARMACEUTICALS,No,--,--,Z1,--
S1559322,Risperidone 1mg tabs/PAC-6x10,Z01,Yes,1000,PAC,No,--,SHORT_LINE,No,0.024,KGM,0.01,DMQ,425,HBW,PHARMACEUTICALS,No,--,--,Z1,--
S1564337,Sodium Chloride 0.9% inj 10ml amp/BOX-20,Z01,Yes,1000,EA,No,--,SHORT_LINE,Yes,0.352,KGM,1.337,DMQ,425,HBW,PHARMACEUTICALS,No,--,10,Z1,--
S1400720,DTG50+ FTC200+ TAF25mg tab/PAC-90 No CTN,Z01,Yes,1000,PAC,No,--,SHORT_LINE,No,0.092,KGM,0.35,DMQ,425,HBW,PHARMACEUTICALS,No,--,--,Z1,--
S9999149,"AWD BAG 1/1 Periphery,Renewable S9903003",Z02,Yes,1000,EA,No,--,SHORT_LINE,No,0.2,KGM,0.01,MTQ,425,HBW,--,No,--,--,--,--
S9990021,Emergency reservation - K&N Taastrup,Z02,No,1000,EA,No,--,SHORT_LINE,No,0.002,KGM,0,DMQ,--,HBW,--,No,--,--,--,--
S0782317,"Syringe,RUP,5ml,w/ndl,bi-pack/BOX-100",Z01,Yes,1000,EA,No,--,SHORT_LINE,No,0.73,KGM,6.364,DMQ,425,HBW,MEDICAL,No,--,--,--,--
S0782316,"Syringe,RUP,2ml,w/ndl,bi-pack/BOX-100",Z01,Yes,1000,EA,No,--,SHORT_LINE,No,0.63,KGM,4.817,DMQ,425,HBW,MEDICAL,No,--,--,--,--
S0782322,"Syringe,RUP,5ml,w/ndl,fixed,21G/BOX-100",Z01,Yes,1000,EA,No,--,SHORT_LINE,No,0.882,KGM,6.35,DMQ,425,HBW,MEDICAL,No,--,--,--,--
S0782321,"Syringe,RUP,2ml,w/ndl,fixed,21G/BOX-100",Z01,Yes,1000,EA,No,--,SHORT_LINE,No,0.66,KGM,5.536,DMQ,425,HBW,MEDICAL,No,--,--,--,--
S0782319,"Syringe,RUP,SIP,1ml,w/ndl,25Gx1/BOX-100",Z01,Yes,1000,EA,No,--,SHORT_LINE,No,0.454,KGM,4.617,DMQ,425,HBW,MEDICAL,No,--,--,--,--
S9215002,Note. Missing S1505099 in OBS 1 Drug,Z04,No,1000,EA,No,--,SHORT_LINE,No,0.541,KGM,16,DMQ,--,HBW,--,Yes,--,--,--,--
S0519003,"Mepilex Transfer 20 x 50 cm, ster/BOX-4",Z01,Yes,1000,EA,No,--,SHORT_LINE,Yes,0.35,KGM,0.003,MTQ,425,HBW,MEDICAL,No,--,--,--,--
S0519004,"Mepilex Lite 20 x 50 cm, sterile/ BOX-4",Z01,Yes,1000,EA,No,--,SHORT_LINE,Yes,0.34,KGM,0.003,MTQ,425,HBW,MEDICAL,No,--,--,--,--
S0519008,Tubifast 2-Way Stretch Red 1m/ BOX-12,Z01,Yes,1000,EA,No,--,SHORT_LINE,Yes,0.0,KGM,0,DMQ,425,HBW,MEDICAL,No,--,--,--,--
S0305146,"Mask, medical, type I, disp/BOX-50",Z01,Yes,1000,EA,No,--,SHORT_LINE,Yes,0.186,KGM,0.002,MTQ,425,HBW,MEDICAL,No,--,--,--,--
S6780275,"Coverall,protection,CatIII,type4,XXXL",Z01,No,1000,EA,No,--,SHORT_LINE,No,328.0,GRM,3.291,DMQ,--,HBW,--,No,--,--,--,--
S6780295,"Apron,sleeved,CatIII,type3,XXL",Z01,No,1000,EA,No,--,SHORT_LINE,No,328.0,GRM,3.291,DMQ,--,HBW,--,No,--,--,--,--
S6780310,Paper Tape Measure,Z01,No,1000,EA,No,--,SHORT_LINE,No,0.0,GRM,0,DMQ,--,HBW,--,No,--,--,--,--
S1564332,Sodium Lactate compound inf 500ml/PAC-20,Z01,Yes,1000,EA,No,--,SHORT_LINE,Yes,12.583,KGM,30.4,DMQ,240,HBW,PHARMACEUTICALS,No,--,10,Z1,--
S6780346,"Coverall,protect,CatIII,type 6b,M,PAC-25",Z01,Yes,1000,EA,No,--,SHORT_LINE,No,6.3,KGM,0.063,DMQ,425,HBW,MEDICAL,No,--,--,--,--
S7700043,"Sod.lact.comp. 500ml inj./BOX-20, CIK",Z14,No,1000,BOX,No,--,SHORT_LINE,No,0.0,KGM,0,DMQ,--,HBW,--,No,--,--,--,--
S7700045,"Glucose 5% inj. 500ml/BOX-15, CIK",Z14,No,1000,BOX,No,--,SHORT_LINE,No,0.0,KGM,0,DMQ,--,HBW,--,No,--,--,--,--
S7800225,"Multiple micrn. pdr, sach./PAC-30 CIK",Z14,No,1000,PAC,No,--,SHORT_LINE,No,64.0,GRM,3180,CMQ,--,HBW,--,No,--,--,--,--
S2731200,"Football,round,professional",Z01,No,1000,EA,No,--,SHORT_LINE,No,0.625,KGM,4.445,DMQ,--,HBW,--,No,--,--,--,--
S4460000,"Pen,ball-point,blue",Z01,No,1000,EA,No,--,SHORT_LINE,No,8.0,GRM,0.024,DMQ,--,HBW,--,No,--,--,--,--
S5006006,Calcium hypochlorite 65-70%           **,Z01,Yes,1000,KG,No,--,SHORT_LINE,No,1.1,KGM,1,DMQ,425,HBW,PHARMACEUTICALS,No,--,--,--,--
S5088035,"Tent,light weight,rectangular,27m²",Z01,No,1000,EA,No,--,SHORT_LINE,No,240.0,KGM,0.685,MTQ,--,HBW,--,No,--,--,--,--
S5090024,"Net,LN,115d,blue,190x180x150cm(LxWxH)",Z01,No,1000,EA,No,--,SHORT_LINE,No,0.5,KGM,2.7,DMQ,--,HBW,--,No,--,--,--,--
S6780345,"Coverall,protect,CatIII,type 6b,L,PAC-25",Z01,Yes,1000,EA,No,--,SHORT_LINE,No,6.4,KGM,0.063,DMQ,425,HBW,MEDICAL,No,--,--,--,--
S1400652,DTG50mg+3TC300mg+TDF300mg tabs/PAC-30 gb,Z01,Yes,1000,EA,No,--,SHORT_LINE,Yes,0.117,KGM,0.601,DMQ,425,HBW,PHARMACEUTICALS,No,--,--,Z1,--
S1800200,Surelinx 8100 GPS,Z01,No,1000,EA,No,--,SHORT_LINE,Yes,2.155,KGM,0.094,MTQ,--,HBW,--,No,--,--,--,--
S9993732,SUB 2/9 S.Sudan PHCC18  B.Med S9906733,Z02,Yes,1000,EA,No,S9906733,LONG_LINE,Yes,21.0,KGM,0.12,MTQ,240,HBW,PHARMACEUTICALS,No,--,--,Z1,--
S0101610,"Trolley,emergency,w/drawers",Z01,No,1000,EA,No,--,SHORT_LINE,No,35.0,KGM,0.153,MTQ,--,HBW,--,No,--,--,--,--
S1300098,DHA 40mg +Piperaq320mg tabs/12/PAC -1,Z01,Yes,1000,PAC,No,--,SHORT_LINE,No,0.023,KGM,0.185,DMQ,425,HBW,PHARMACEUTICALS,No,--,--,Z1,--
S1400590,Atazanavir 150mg caps/PAC-60          pb,Z01,Yes,1000,EA,No,--,SHORT_LINE,No,0.108,KGM,1.312,DMQ,425,HBW,PHARMACEUTICALS,No,--,--,Z1,--
S1400591,Atazanavir 150mg caps/PAC-60          gb,Z01,Yes,1000,EA,No,--,SHORT_LINE,No,0.07,KGM,0.316,DMQ,425,HBW,PHARMACEUTICALS,No,--,--,Z1,--
S9999731,Bag 1/2 Ethiopia for S9906704 Res.kit,Z02,No,1000,EA,No,--,BAGGING_LINE,No,1.0,KGM,0.45,DMQ,--,HBW,--,No,--,--,--,--
S9993734,SUB 4/9 S.Sudan PHCC18  B.Med S9906733,Z02,Yes,1000,EA,No,S9906733,LONG_LINE,Yes,35.0,KGM,0.12,MTQ,240,HBW,PHARMACEUTICALS,No,--,--,Z1,--
S1555961,Morphine HCl 10mg/ml 1ml amp/BOX-10 nt,Z01,Yes,1000,BOX,No,--,SHORT_LINE,No,0.05,KGM,0.468,DMQ,425,HBW,PHARMACEUTICALS,No,--,--,Z1,EX1-NARC.EXP.LIC.
S9906733.7,South Sudan PHCC Kit 2018 Basic Medicin,Z02,Yes,1000,EA,No,--,LONG_LINE,Yes,35.0,KGM,0.192,MTQ,240,--,PHARMACEUTICALS,No,--,--,Z1,9001
S9906733.8,South Sudan PHCC Kit 2018 Basic Medicin,Z02,Yes,1000,EA,No,--,LONG_LINE,Yes,25.0,KGM,0.12,MTQ,240,--,PHARMACEUTICALS,No,--,--,Z1,9001
S1562047,CaffeinCit10mg/ml sol/inf 1ml amp/BOX-10,Z01,Yes,1000,BOX,No,--,SHORT_LINE,No,0.05,KGM,0.243,DMQ,425,HBW,PHARMACEUTICALS,No,--,--,Z1,--
S5006322,Plastic bags,Z01,No,1000,EA,No,--,SHORT_LINE,Yes,0.06,KGM,0.128,DMQ,--,HBW,--,No,--,--,--,--
S6780353,"Mask,high-fil,FFP2/N95,no valve,PAC-20",Z01,Yes,1000,EA,No,--,SHORT_LINE,Yes,0.342,KGM,3.997,DMQ,425,HBW,MEDICAL,No,--,--,--,--
S0114010,OXFAM Kit 4: Therapeutic feeding,Z01,Yes,1000,EA,No,--,SHORT_LINE,No,107.0,KGM,857,DMQ,425,HBW,PHARMACEUTICALS,No,--,--,Z1,--
S1555956,Methadone HCl 5mg/ml or.sol/BOT-100ml nt,Z01,Yes,1000,BOT,No,--,SHORT_LINE,No,0.24,KGM,0.43,DMQ,425,HBW,PHARMACEUTICALS,No,--,--,Z1,EX1-NARC.EXP.LIC.
S1555958,Morphine sulphate 10mg SR tabs/PAC-60 nt,Z01,Yes,1000,PAC,No,--,SHORT_LINE,No,0.09,KGM,0.14,DMQ,425,HBW,PHARMACEUTICALS,No,--,--,Z1,EX1-NARC.EXP.LIC.
S1559327,"Ketamine 50mg/ml inj,10ml vial/BOX-10 nt",Z01,Yes,1000,BOX,No,--,SHORT_LINE,No,0.258,KGM,0.41,DMQ,425,HBW,PHARMACEUTICALS,No,--,--,Z1,--
S1555707,Ciprofloxacin 250mg tabs/PAC-10x10,Z01,Yes,1000,PAC,No,--,SHORT_LINE,No,0.099,KGM,0.3,DMQ,425,HBW,PHARMACEUTICALS,No,--,--,Z1,--
S6780384,"Syringe,AD,0.5ml,SoloshotMini BA/BOX-100",Z01,Yes,1000,EA,No,--,SHORT_LINE,No,0.586,KGM,2.893,DMQ,425,HBW,MEDICAL,No,--,--,--,--
S0845191,"Filter set, Caire 5LPM oxygen concent",Z01,No,1000,EA,No,--,SHORT_LINE,No,0.1,KGM,4,DMQ,--,HBW,--,No,--,--,--,--
S1559325,Sodium valproate 100mg/ml inj 4ml/BOX-5,Z01,Yes,1000,BOX,No,--,SHORT_LINE,No,0.079,KGM,1,DMQ,425,HBW,PHARMACEUTICALS,No,--,--,Z1,--
S9901030.1,"IEHK2017,kit,suppl.3-renewable",Z02,Yes,1000,EA,No,--,VIRTUAL_PACKING,Yes,16.0,KGM,0.12,MTQ,425,--,PHARMACEUTICALS,No,--,--,--,--
S9901030.2,"IEHK2017,kit,suppl.3-renewable",Z02,Yes,1000,EA,No,--,VIRTUAL_PACKING,Yes,15.0,KGM,0.12,MTQ,425,--,PHARMACEUTICALS,No,--,--,--,--
S9901030.3,"IEHK2017,kit,suppl.3-renewable",Z02,Yes,1000,EA,No,--,VIRTUAL_PACKING,Yes,38.0,KGM,0.192,MTQ,425,--,PHARMACEUTICALS,No,--,--,--,--
S9902460.7,"NBK, Hospital, Module 1, Medicines",Z02,Yes,1000,EA,No,--,SHORT_LINE,No,40.0,KGM,0.192,MTQ,240,--,PHARMACEUTICALS,No,--,--,Z1,--
S9901030.4,"IEHK2017,kit,suppl.3-renewable",Z02,Yes,1000,EA,No,--,VIRTUAL_PACKING,Yes,18.0,KGM,0.12,MTQ,425,--,PHARMACEUTICALS,No,--,--,--,--
S9901030.5,"IEHK2017,kit,suppl.3-renewable",Z02,Yes,1000,EA,No,--,VIRTUAL_PACKING,Yes,13.0,KGM,0.12,MTQ,425,--,PHARMACEUTICALS,No,--,--,--,--
S9901030.6,"IEHK2017,kit,suppl.3-renewable",Z02,Yes,1000,EA,No,--,VIRTUAL_PACKING,Yes,17.0,KGM,0.16,MTQ,240,--,PHARMACEUTICALS,No,--,--,--,--
S4419001,"Globe,inflatable,dia.42cm,w/o stand,2024",Z01,No,1000,EA,No,--,SHORT_LINE,No,0.127,KGM,0.305,DMQ,--,HBW,--,No,--,--,--,--
S9992461,"SUB 1/11 NBK,Hospital, Module 1, Medicin",Z02,Yes,1000,EA,No,S9902460,SHORT_LINE,No,42.0,KGM,0.192,MTQ,425,HBW,PHARMACEUTICALS,No,--,--,--,--
S0305029,"Gown,surg,sterile,nonwoven,HP,disp,XL",Z01,Yes,1000,EA,No,--,SHORT_LINE,No,0.215,KGM,2,DMQ,425,HBW,MEDICAL,No,--,--,--,--
S1572014,Vitamin D3 133IU drops/BOT-15ml,Z01,Yes,1000,BOT,No,--,SHORT_LINE,Yes,0.063,KGM,32.278,DMQ,425,HBW,PHARMACEUTICALS,No,--,--,Z1,--
S1552423,Acetylsalicylic acid 100mg tabs/PAC-3x28,Z01,Yes,1000,EA,No,--,SHORT_LINE,No,0.589,KGM,0.066,DMQ,425,HBW,PHARMACEUTICALS,No,--,10,Z1,--
S0782158,"Syringe,A-D,0.1ml,Soloshot Mini/BOX-100",Z01,Yes,1000,BOX,No,--,SHORT_LINE,Yes,0.283,KGM,2.73,DMQ,425,HBW,MEDICAL,No,--,--,Z1,--
S1568046,Sulfadox500mg +Pyrimeth25mg tab/3/PAC-25,Z01,Yes,1000,EA,No,--,SHORT_LINE,No,0.097,KGM,0.319,DMQ,425,HBW,PHARMACEUTICALS,No,--,10,Z1,--
S1400647,DTG50mg+3TC300mg+TDF300mg tab/30 No CTN,Z01,Yes,1000,EA,No,--,SHORT_LINE,No,0.084,KGM,0.323,DMQ,425,HBW,PHARMACEUTICALS,No,--,--,Z1,--
S1562041,Magnesium trisilicate compd. tab/PAC-100,Z01,Yes,1000,PAC,No,--,SHORT_LINE,Yes,0.107,KGM,0.517,DMQ,425,HBW,PHARMACEUTICALS,No,--,--,Z1,--
S9999153,Prepack 2/3 Nigeria Kit 2017,Z02,Yes,1000,EA,No,--,MINILOAD,No,7.5,KGM,0.022,MTQ,240,HBW,PHARMACEUTICALS,No,--,--,Z1,--
S9999154,Prepack 3/3 Nigeria Kit 2017,Z02,Yes,1000,EA,No,--,MINILOAD,No,5.5,KGM,0.022,MTQ,240,HBW,PHARMACEUTICALS,No,--,--,Z1,--
S9993735,SUB 5/9 S.Sudan PHCC18  B.Med S9906733,Z02,Yes,1000,EA,No,S9906733,SHORT_LINE,Yes,25.0,KGM,0.072,MTQ,240,HBW,PHARMACEUTICALS,No,--,--,Z1,--
S9906797,"Ethiopia Midwifery kit,2-equipment V2",Z02,Yes,1000,EA,No,--,LONG_LINE,Yes,13.0,KGM,0.079,MTQ,425,HBW,MEDICAL,No,--,--,--,9000
S1510001,Aciclovir 3% eye ointment/TBE-4.5g,Z01,Yes,1000,TBE,No,--,SHORT_LINE,No,0.014,KGM,0.1,DMQ,425,HBW,PHARMACEUTICALS,No,--,--,Z1,--
S9993731,SUB 1/9 S.Sudan PHCC18  B.Med S9906733,Z02,Yes,1000,EA,No,S9906733,LONG_LINE,Yes,18.0,KGM,0.12,MTQ,240,HBW,PHARMACEUTICALS,No,--,--,Z1,--
S1400181,Zidovudine 100mg caps/PAC-100         pb,Z01,Yes,1000,EA,No,--,SHORT_LINE,No,0.137,KGM,0.3,DMQ,425,HBW,PHARMACEUTICALS,No,--,--,Z1,--
S9993733,SUB 3/9 S.Sudan PHCC18  B.Med S9906733,Z02,Yes,1000,EA,No,S9906733,LONG_LINE,Yes,20.0,KGM,0.12,MTQ,240,HBW,PHARMACEUTICALS,No,--,--,Z1,--
S9990039,"Sub 2/2 F S9901029 IEHK2017, suppl.2 ren",Z02,Yes,1000,EA,No,--,LONG_LINE,No,12.0,KGM,0.12,MTQ,425,HBW,PHARMACEUTICALS,No,--,--,--,--
S1300084,Artemeth80mg+Lumefan480mg tab/6/PAC-1,Z01,Yes,1000,PAC,No,--,SHORT_LINE,No,0.019,KGM,0.077,DMQ,425,HBW,PHARMACEUTICALS,No,--,--,Z1,--
S1525000,Mother-Baby Pack,Z01,Yes,1000,EA,No,--,SHORT_LINE,No,1.2,KGM,0.006,MTQ,425,HBW,PHARMACEUTICALS,No,--,10,Z1,--
S9902600,Clean Delivery Kit,Z02,Yes,1000,EA,No,--,SHORT_LINE,No,0.0,KGM,0,MTQ,425,HBW,MEDICAL,No,--,--,--,--
S1531013,Chloramphenicol oral sus. 125mg/5ml/60ml,Z01,Yes,1000,BOT,No,--,SHORT_LINE,No,0.133,KGM,0.325,DMQ,425,HBW,PHARMACEUTICALS,No,--,10,Z1,--
S1568105,Primaquine base 15mg tabs/PAC-1000,Z01,Yes,1000,PAC,No,--,SHORT_LINE,No,0.13,KGM,2.4,DMQ,425,HBW,PHARMACEUTICALS,No,--,10,Z1,--
S1568110,"Quinine-resorcine 100mg/ml,inj2ml/BOX100",Z01,Yes,1000,PAC,No,--,SHORT_LINE,No,0.68,KGM,0.3,DMQ,425,HBW,PHARMACEUTICALS,No,--,10,Z1,--
S1568131,Quinine DiHCl 250mg/2ml inj./BOX-100,Z01,Yes,1000,BOX,No,--,SHORT_LINE,No,0.0,KGM,0,DMQ,425,HBW,PHARMACEUTICALS,No,--,10,Z1,--
S1568120,"Quinine-resorcine 100mg/ml,inj4ml/BOX100",Z01,Yes,1000,PAC,No,--,SHORT_LINE,No,0.68,KGM,0.4,DMQ,425,HBW,PHARMACEUTICALS,No,--,10,Z1,--
S1568140,"Quinine salt 125mg/ml,inject/4ml/PAC-10",Z01,Yes,1000,PAC,No,--,SHORT_LINE,No,0.16,KGM,0.62,DMQ,425,HBW,PHARMACEUTICALS,No,--,10,Z1,--
S1568160,"Quinine 300mg/ml, inject/1ml/PAC-10",Z01,Yes,1000,PAC,No,--,SHORT_LINE,No,0.08,KGM,0.027,DMQ,425,HBW,PHARMACEUTICALS,No,--,10,Z1,--
S9992498,NOT IN USE,Z02,Yes,1000,EA,No,--,SHORT_LINE,No,2.0,KGM,0.16,MTQ,425,HBW,MEDICAL,No,--,--,--,--
S1555954,Methadone HCl 5mg tabs/PAC-5x10 nt,Z01,Yes,1000,PAC,No,--,SHORT_LINE,No,0.036,KGM,0.284,DMQ,425,HBW,PHARMACEUTICALS,No,--,--,Z1,EX1-NARC.EXP.LIC.
S9996705,SUB2/7 S.Sudan Health Emerg exp S9906739,Z02,Yes,1000,EA,No,--,LONG_LINE,No,0.0,KGM,0,MTQ,425,HBW,--,No,--,--,--,--
S1993323,"Education Kit feedback form, A4",Z01,No,1000,EA,No,--,SHORT_LINE,Yes,0.121,KGM,0.268,DMQ,--,HBW,--,No,--,--,--,--
S1560720,Phenox.meth.penicil.250mg tabs/PAC-10x10,Z01,Yes,1000,EA,No,--,SHORT_LINE,Yes,0.074,KGM,0.366,DMQ,425,HBW,PHARMACEUTICALS,No,--,10,Z1,--
S9999988,Prepack for BISSAU 3RD TO 6TH YEAR KIT,Z02,No,1000,EA,No,--,MINILOAD,No,1.8,KGM,0.011,MTQ,--,HBW,--,No,--,--,--,--
S0845223,"Reusable wraps,for YI sensor,Rad-G/PAC-3",Z01,No,1000,EA,No,--,SHORT_LINE,No,0.0,KGM,0,DMQ,--,HBW,--,No,--,--,--,--
S5010291,"Helmet, ballistic resistant, level 3A, S",Z01,No,1000,EA,No,--,SHORT_LINE,No,1.3,KGM,12.6,DMQ,--,HBW,--,No,--,--,--,--
S0323304,"Catheter,Foley,CH16,ster,disp",Z01,Yes,1000,EA,No,--,SHORT_LINE,Yes,0.035,KGM,0.505,DMQ,425,HBW,MEDICAL,No,--,--,--,--
S9999498,"Prepack 11/12 Syria SEDL Basic kit, 2014",Z02,Yes,1000,EA,No,--,MINILOAD,No,5.0,KGM,0.015,MTQ,425,HBW,PHARMACEUTICALS,No,--,--,Z1,--
S6780335,Gentamicin inj 40mg/ml 2ml amp/BOX-100,Z01,Yes,1000,EA,No,--,SHORT_LINE,No,0.812,KGM,5.19,DMQ,425,HBW,PHARMACEUTICALS,No,--,--,Z1,--
S1504008,Omeprazole 20mg capsules (e/c) PAC/10x10,Z01,Yes,1000,PAC,No,--,SHORT_LINE,Yes,0.12,KGM,1.228,DMQ,425,HBW,PHARMACEUTICALS,No,--,10,Z1,--
S1550501,Furosemide 40mg tabs/PAC-10x10,Z01,Yes,1000,PAC,No,--,SHORT_LINE,Yes,0.045,KGM,0.289,DMQ,425,HBW,PHARMACEUTICALS,No,--,10,Z1,--
S1543711,Methyldopa 250mg tabs/PAC-10x10,Z01,Yes,1000,EA,No,--,SHORT_LINE,Yes,0.084,KGM,0.528,DMQ,425,HBW,PHARMACEUTICALS,No,--,10,Z1,--
S9901043,"IEHK 2024,Suppl. Medicine Oral UNIT",Z02,Yes,1000,EA,No,--,SHORT_LINE,No,90.0,KGM,0.5,MTQ,240,HBW,PHARMACEUTICALS,No,--,--,Z1,9001
S9901042,"IEHK 2024,Basic Equipment UNIT",Z02,Yes,1000,EA,No,--,LONG_LINE,No,20.0,KGM,0.12,MTQ,425,HBW,PHARMACEUTICALS,No,--,--,--,9000
S9901041,"IEHK 2024,Basic Malaria UNIT",Z02,Yes,1000,EA,No,--,LONG_LINE,No,37.0,KGM,0.16,MTQ,240,HBW,PHARMACEUTICALS,No,--,--,Z1,--
S1552122,Glucose 5% 500ml bag/BOX-20,Z01,Yes,1000,BOX,No,--,SHORT_LINE,No,11.13,KGM,5,DMQ,425,HBW,PHARMACEUTICALS,No,--,--,Z1,--
S5088083,Inner Liner # for HPT 48m2,Z01,No,1000,EA,No,--,SHORT_LINE,No,393.0,KGM,1.663,MTQ,--,HBW,--,No,--,--,--,--
S1564330,Sodium Lactate compound inf.500ml/PAC-1,Z01,Yes,1000,EA,No,--,SHORT_LINE,Yes,4.694,KGM,10.817,DMQ,425,HBW,PHARMACEUTICALS,No,--,10,Z1,--
S9901028.1,"IEHK2017,kit,suppl.1b-malaria",Z02,Yes,1000,EA,No,--,VIRTUAL_PACKING,Yes,17.0,KGM,0.192,MTQ,425,--,PHARMACEUTICALS,No,--,--,Z1,--
S9901028.2,"IEHK2017,kit,suppl.1b-malaria",Z02,Yes,1000,EA,No,--,VIRTUAL_PACKING,Yes,15.7,KGM,0.16,MTQ,425,--,PHARMACEUTICALS,No,--,--,Z1,--
S0845053,"Flow meter, 0 # 3.5 LPM oxygen",Z01,Yes,1000,EA,No,--,SHORT_LINE,Yes,0.213,KGM,1,DMQ,425,HBW,MEDICAL,No,--,--,--,--
S0366030,"Syringe,feeding,20ml,ENFit,sterile",Z01,Yes,1000,EA,No,--,SHORT_LINE,No,0.018,KGM,0.194,DMQ,425,HBW,MEDICAL,No,--,--,--,--
S0519011,TubifastGloves S/M Adult-M/L Child/BOX-6,Z01,Yes,1000,EA,No,--,SHORT_LINE,Yes,0.333,KGM,0.007,MTQ,425,HBW,MEDICAL,No,--,--,--,--
S9999873,"Subkit 1/3 - DRC HCK 2013-V3, S9906727",Z02,Yes,1000,EA,No,--,SHORT_LINE,No,23.0,KGM,0.106,MTQ,425,HBW,MEDICAL,No,--,--,Z1,--
S0390021,"Airway,Guedel,size1,ster,single use",Z01,Yes,1000,EA,No,--,SHORT_LINE,Yes,0.026,KGM,0.384,DMQ,425,HBW,MEDICAL,No,--,--,--,--
S0390022,"Airway,Guedel,size0,ster,single use",Z01,Yes,1000,EA,No,--,SHORT_LINE,Yes,0.01,KGM,0.179,DMQ,425,HBW,MEDICAL,No,--,--,--,--
S0390041,"Airway,Guedel,size2,ster,single use",Z01,Yes,1000,EA,No,--,SHORT_LINE,Yes,0.029,KGM,0.408,DMQ,425,HBW,MEDICAL,No,--,--,--,--
S0519013,Tubifast Gloves  Extra Small Child/BOX-6,Z01,Yes,1000,EA,No,--,SHORT_LINE,Yes,0.133,KGM,0.002,MTQ,425,HBW,MEDICAL,No,--,--,--,--
S0519010,Tubifast Gloves Medium/Large Adult/BOX-6,Z01,Yes,1000,EA,No,--,SHORT_LINE,No,0.178,KGM,0.002,MTQ,425,HBW,MEDICAL,No,--,--,--,--
S0782366,"Syringe,A-D,0.25ml,SIP/BOX-100",Z01,Yes,1000,BOX,No,--,SHORT_LINE,No,0.43,KGM,2.615,DMQ,425,HBW,MEDICAL,No,--,--,--,--
S0519012,Tubifast Gloves Small - Child/ BOX-6,Z01,Yes,1000,EA,No,--,SHORT_LINE,No,0.094,KGM,0.002,MTQ,425,HBW,MEDICAL,No,--,--,--,--
S1514138,Dexamethasone 0.5mg tabs/PAC-10x10,Z01,Yes,1000,PAC,No,--,SHORT_LINE,Yes,0.024,KGM,0.12,DMQ,425,HBW,PHARMACEUTICALS,No,--,--,Z1,--
S9992499,"SUB 10/17 NBK, Hospital, Module 3, Equ",Z02,No,1000,EA,No,--,SHORT_LINE,No,55.0,KGM,0.84,MTQ,--,HBW,--,No,--,--,--,--
S0845164,"Bag,biohazard,yellow,50L,box/100",Z01,Yes,1000,EA,No,--,SHORT_LINE,Yes,3.488,KGM,8.588,DMQ,425,HBW,MEDICAL,No,--,--,--,--
S0845176,"Masking tape, type 1 steam indicator",Z01,Yes,1000,EA,No,--,SHORT_LINE,No,0.136,KGM,0.38,DMQ,240,HBW,MEDICAL,No,--,--,--,--
S9995732,SUB 2/9 SSPHCC Kit 2018-Injecta S9906735,Z02,Yes,1000,EA,No,S9906735,LONG_LINE,Yes,19.0,KGM,0.079,MTQ,425,HBW,PHARMACEUTICALS,No,--,--,--,--
S9995733,SUB 3/9 SSPHCC Kit 2018-Injecta S9906735,Z02,Yes,1000,EA,No,S9906735,LONG_LINE,Yes,16.0,KGM,0.06,MTQ,425,HBW,PHARMACEUTICALS,No,--,--,--,--
S9995735,SUB 5/9 SSPHCC Kit 2018-Injecta S9906735,Z02,Yes,1000,EA,No,S9906735,LONG_LINE,Yes,26.0,KGM,0.079,MTQ,425,HBW,PHARMACEUTICALS,No,--,--,--,--
S0552002,Hand sanitizer Alcohol >60% 500ml w.pump,Z01,Yes,1000,EA,No,--,SHORT_LINE,Yes,0.546,KGM,1.502,DMQ,425,HBW,MEDICAL,No,--,--,--,1170
S1568130,"Quinine salt 125mg/ml,inject/2ml/PAC-10",Z01,Yes,1000,PAC,No,--,SHORT_LINE,No,0.074,KGM,0.31,DMQ,425,HBW,PHARMACEUTICALS,No,--,10,Z1,--
S5006037,"Generator set,petrol,skid mounted,5kVA**",Z01,No,1000,EA,No,--,SHORT_LINE,No,85.0,KGM,0.28,MTQ,--,HBW,--,No,--,--,--,--
S1569600,Thiopental pdr/inj 1g vial/BOX-25,Z01,Yes,1000,BOX,No,--,SHORT_LINE,No,0.927,KGM,2.91,DMQ,425,HBW,PHARMACEUTICALS,No,--,10,Z1,--
S1568150,"Quinine 150mg/ml, inject/2ml/PAC-10",Z01,Yes,1000,PAC,No,--,SHORT_LINE,No,0.076,KGM,0.31,DMQ,425,HBW,PHARMACEUTICALS,No,--,10,Z1,--
S1568190,Quinine sulfate 500mg tabs/PAC-100,Z01,Yes,1000,PAC,No,--,SHORT_LINE,No,0.15,KGM,0.6,DMQ,425,HBW,PHARMACEUTICALS,No,--,10,Z1,--
S1568180,Quinine sulfate 250mg tabs/PAC-100,Z01,Yes,1000,PAC,No,--,SHORT_LINE,No,0.0,KGM,0,DMQ,425,HBW,PHARMACEUTICALS,No,--,10,Z1,--
S5031016,Lightweight Isotherm Blanket,Z01,No,1000,EA,No,--,SHORT_LINE,No,0.06,KGM,0.192,MTQ,--,HBW,--,No,--,--,--,--
S1580000,Ascorbic acid 50mg tabs/PAC-1000,Z01,Yes,1000,PAC,No,--,SHORT_LINE,No,0.121,KGM,0.431,DMQ,425,HBW,PHARMACEUTICALS,No,--,10,Z1,--
S1585050,Calcium 300mg tablets/PAC-100,Z01,Yes,1000,EA,No,--,SHORT_LINE,No,0.048,KGM,0.16,DMQ,425,HBW,PHARMACEUTICALS,No,--,10,Z1,--
S9906737.1,South Sudan PHCC Kit 2018-Med Dev & Diag,Z02,Yes,1000,EA,No,--,SHORT_LINE,Yes,16.0,KGM,0.12,MTQ,425,--,PHARMACEUTICALS,No,--,--,Z1,--
S9906737.2,South Sudan PHCC Kit 2018-Med Dev & Diag,Z02,Yes,1000,EA,No,--,SHORT_LINE,Yes,16.0,KGM,0.16,MTQ,425,--,PHARMACEUTICALS,No,--,--,Z1,--
S9906737.3,South Sudan PHCC Kit 2018-Med Dev & Diag,Z02,Yes,1000,EA,No,--,SHORT_LINE,Yes,15.0,KGM,0.12,MTQ,425,--,PHARMACEUTICALS,No,--,--,Z1,--
S9906737.4,South Sudan PHCC Kit 2018-Med Dev & Diag,Z02,Yes,1000,EA,No,--,SHORT_LINE,Yes,17.0,KGM,0.12,MTQ,425,--,PHARMACEUTICALS,No,--,--,Z1,--
S9906736.1,South Sudan PHCC Kit 2018- IV infusions,Z02,Yes,1000,EA,No,--,VIRTUAL_PACKING,Yes,12.0,KGM,0.031,MTQ,425,--,PHARMACEUTICALS,No,--,--,Z1,--
S9906736.2,South Sudan PHCC Kit 2018- IV infusions,Z02,Yes,1000,EA,No,--,VIRTUAL_PACKING,Yes,12.0,KGM,0.031,MTQ,425,--,PHARMACEUTICALS,No,--,--,Z1,--
S9906736.3,South Sudan PHCC Kit 2018- IV infusions,Z02,Yes,1000,EA,No,--,VIRTUAL_PACKING,Yes,12.0,KGM,0.031,MTQ,425,--,PHARMACEUTICALS,No,--,--,Z1,--
S1400667,Raltegravir 25mg chewable tabs/PAC-60 pb,Z01,Yes,1000,EA,No,--,SHORT_LINE,No,0.03,KGM,0.31,DMQ,425,HBW,PHARMACEUTICALS,No,--,--,Z1,--
S0782185,"Syringe,A-D,0.5ml,Soloshot Mini/BOX-200",Z01,Yes,1000,BOX,No,--,SHORT_LINE,Yes,0.6,KGM,5.738,DMQ,425,HBW,MEDICAL,No,--,--,--,--
S9908300.10,"Obstetric,surgical kit,suppl.1-drugs",Z02,Yes,1000,EA,No,--,SHORT_LINE,Yes,412.0,KGM,1.2,MTQ,425,--,PHARMACEUTICALS,No,--,10,Z1,--
S0373510,"Tube,feeding,CH08,L40-60cm,ENFit,blue",Z01,Yes,1000,EA,No,--,SHORT_LINE,No,0.014,KGM,0.18,DMQ,425,HBW,MEDICAL,No,--,--,--,--
S0845240,"Hanger, urine bag, two hooks",Z01,Yes,1000,EA,No,--,SHORT_LINE,No,0.0,KGM,0,DMQ,425,HBW,MEDICAL,No,--,--,--,--
S0782170,"Syringe,RUP,2ml,bi-pack-ndl,BD/BOX-100",Z01,Yes,1000,BOX,No,--,SHORT_LINE,Yes,0.422,KGM,3.1,DMQ,425,HBW,MEDICAL,No,--,--,--,--
S5001001,"UNICEF Biodegradable bag, PAC-20",Z01,No,1000,PAC,No,--,SHORT_LINE,No,0.744,KGM,1.497,DMQ,--,HBW,--,No,--,--,--,--
S1544402,Doxycycline 100mg tabs PAC/10x10,Z01,Yes,1000,EA,No,--,SHORT_LINE,Yes,0.056,KGM,0.335,DMQ,425,HBW,PHARMACEUTICALS,No,--,10,Z1,--
W9200002,"UNHCR Blanket, type B, min. 50% wool",Z11,Yes,1100,EA,No,--,SHORT_LINE,No,1.6,KGM,6.695,DMQ,--,HBW,CPH_UNHCR,No,--,--,--,--
W9200008,UNHCR Vehicles,Z11,Yes,1100,EA,No,--,SHORT_LINE,No,4674.0,KGM,173.88,MTQ,--,HBW,CPH_UNHCR,No,--,--,--,--
S0584613,"BiolineMalAgPf/PanNonSafetyLancet,kit/25",Z01,Yes,1000,EA,No,--,SHORT_LINE,Yes,0.315,KGM,1.941,DMQ,240,HBW,MEDICAL,No,--,--,--,--
S0305047,"Bootcover,antiskid,elasticated,pair-25",Z01,Yes,1000,EA,No,--,SHORT_LINE,No,0.104,KGM,0.984,DMQ,425,HBW,MEDICAL,No,--,--,--,--
S0305131,"*HE Apron,protect,plastic,disp/PAC-100",Z01,No,1000,EA,No,--,SHORT_LINE,Yes,4.586,KGM,0.012,MTQ,--,HBW,--,No,--,--,--,--
S9906754,"Nutrition Kit, Anthropometric. ETH",Z02,No,1000,EA,Yes,--,VIRTUAL_PACKING,Yes,32.0,KGM,0.207,MTQ,--,HBW,--,No,--,--,Z1,--
S9999492,"Subkit 2/4 Sudan,Primary Healthcare2016",Z02,Yes,1000,EA,No,S9906712,LONG_LINE,Yes,21.0,KGM,0.106,MTQ,240,HBW,PHARMACEUTICALS,No,--,--,Z1,--
S9999495,"Prepack 2/3 Sudan,Primary Healthcare2016",Z02,Yes,1000,EA,No,--,MINILOAD,No,4.0,KGM,0.021,MTQ,240,HBW,PHARMACEUTICALS,No,--,--,Z1,--
S9999494,"Prepack 1/3 Sudan,Primary Healthcare2016",Z02,Yes,1000,EA,No,--,MINILOAD,No,5.0,KGM,0.021,MTQ,240,HBW,PHARMACEUTICALS,No,--,--,Z1,--
S0141025,"Scale,survey,mother/child,bat,150kg",Z01,Yes,1000,EA,No,--,SHORT_LINE,Yes,5.11,KGM,15.118,DMQ,425,HBW,MEDICAL,No,--,--,--,9000
S0845056,"Flow meter, 0 # 15 LPM air",Z01,Yes,1000,EA,No,--,SHORT_LINE,Yes,0.213,KGM,1,DMQ,425,HBW,MEDICAL,No,--,--,--,--
S9998282,"Sub 2/2 IEHK2017,kit,suppl.1b-malaria",Z02,Yes,1000,EA,No,S9901028,LONG_LINE,No,15.7,KGM,0.16,MTQ,425,HBW,PHARMACEUTICALS,No,--,--,Z1,--
S1400722,DRV/r 400mg+50mg tabs/PAC-60 No CTN,Z01,Yes,1000,PAC,No,--,SHORT_LINE,No,0.12,KGM,0.377,DMQ,425,HBW,PHARMACEUTICALS,No,--,--,Z1,--
S0845057,"Flow meter, 0 # 15 LPM oxygen",Z01,Yes,1000,EA,No,--,SHORT_LINE,Yes,0.213,KGM,1,DMQ,425,HBW,MEDICAL,No,--,--,--,--
S0845055,"Flow meter, 0 # 8 LPM oxygen",Z01,Yes,1000,EA,No,--,SHORT_LINE,No,0.2,KGM,1,DMQ,425,HBW,MEDICAL,No,--,--,--,--
S9992490,"SUB 10/17 NBK, Hospital, Module 3, Equ",Z02,Yes,1000,EA,No,S9902480,SHORT_LINE,No,23.2,KGM,0.192,MTQ,240,HBW,MEDICAL,No,--,--,--,--
S9901048.1,"IEHK 2024,Suppl. Malaria UNIT",Z02,Yes,1000,EA,No,--,SHORT_LINE,Yes,20.0,KGM,0.106,MTQ,--,--,PHARMACEUTICALS,No,--,--,Z1,--
S9992491,"SUB 10/17 NBK, Hospital, Module 3, Equ",Z02,Yes,1000,EA,No,--,SHORT_LINE,No,55.0,KGM,0.84,MTQ,425,HBW,MEDICAL,No,--,--,--,--
S9901048.2,"IEHK 2024,Suppl. Malaria UNIT",Z02,Yes,1000,EA,No,--,SHORT_LINE,Yes,20.0,KGM,0.106,MTQ,--,--,PHARMACEUTICALS,No,--,--,Z1,--
S5006031,"Sprayer,compression type, approx. 11 L",Z01,No,1000,EA,No,--,SHORT_LINE,Yes,4.698,KGM,76.053,DMQ,--,HBW,--,No,--,--,--,--
S9901048.3,"IEHK 2024,Suppl. Malaria UNIT",Z02,Yes,1000,EA,No,--,SHORT_LINE,Yes,20.0,KGM,0.106,MTQ,--,--,PHARMACEUTICALS,No,--,--,Z1,--
S1400726,DTG50+ FTC200+ TAF25mg tab/PAC-60 No CTN,Z01,Yes,1000,EA,No,--,SHORT_LINE,No,0.062,KGM,0.25,DMQ,425,HBW,PHARMACEUTICALS,No,--,--,Z1,--
S1505122,Silver Sulfadiaz. 1% cream 50g unsterile,Z01,Yes,1000,EA,No,--,SHORT_LINE,Yes,0.081,KGM,0.341,DMQ,425,HBW,PHARMACEUTICALS,No,--,10,Z1,--
S1400644,DTG50+ 3TC300+ TAF25mg tab/PAC-30 No CTN,Z01,Yes,1000,PAC,No,--,SHORT_LINE,No,0.052,KGM,0.15,DMQ,425,HBW,PHARMACEUTICALS,No,--,--,Z1,--
S0305122,"Coverall,protection,CatIII,type 4b,XL",Z01,No,1000,EA,No,--,SHORT_LINE,Yes,0.33,KGM,3.053,DMQ,--,HBW,--,No,--,--,--,--
S1400654,Dolutegravir 50mg tabs/PAC-30 pb,Z01,Yes,1000,EA,No,--,SHORT_LINE,No,0.05,KGM,0.32,DMQ,425,HBW,PHARMACEUTICALS,No,--,--,Z1,--
S0305123,"Coverall,protection,CatIII,type 4b,M",Z01,No,1000,EA,No,--,SHORT_LINE,Yes,0.327,KGM,2.93,DMQ,--,HBW,--,No,--,--,--,--
S1559205,Promethazine elixir 5mg/5ml/BOT-250ml,Z01,Yes,1000,BOT,No,--,SHORT_LINE,No,0.358,KGM,0.604,DMQ,425,HBW,PHARMACEUTICALS,No,--,10,Z1,--
S0370130,"Face mask, venturi, adult, single use",Z01,Yes,1000,EA,No,--,SHORT_LINE,Yes,0.12,KGM,1.008,DMQ,425,HBW,MEDICAL,No,--,--,--,--
S0169005,"Stool,adjustable,on castors",Z01,No,1000,EA,No,--,SHORT_LINE,No,6.0,KGM,0.025,MTQ,--,HBW,--,No,--,--,--,--
S9996754,"SUB 1/2 S9906754 Nut,Anthropometric. ETH",Z02,No,1000,EA,No,S9906754,LONG_LINE,No,18.0,KGM,0.106,MTQ,--,HBW,--,No,--,--,Z1,--
S0250000,"Irrigator,stainless steel,1.5L",Z01,No,1000,EA,No,--,SHORT_LINE,No,0.385,KGM,2.72,DMQ,--,HBW,--,No,--,--,--,--
S9906736.4,South Sudan PHCC Kit 2018- IV infusions,Z02,Yes,1000,EA,No,--,VIRTUAL_PACKING,Yes,12.0,KGM,0.031,MTQ,425,--,PHARMACEUTICALS,No,--,--,Z1,--
S9906736.5,South Sudan PHCC Kit 2018- IV infusions,Z02,Yes,1000,EA,No,--,VIRTUAL_PACKING,Yes,12.0,KGM,0.031,MTQ,425,--,PHARMACEUTICALS,No,--,--,Z1,--
S9906736.6,South Sudan PHCC Kit 2018- IV infusions,Z02,Yes,1000,EA,No,--,VIRTUAL_PACKING,Yes,12.0,KGM,0.031,MTQ,425,--,PHARMACEUTICALS,No,--,--,Z1,--
S9906736.7,South Sudan PHCC Kit 2018- IV infusions,Z02,Yes,1000,EA,No,--,VIRTUAL_PACKING,Yes,12.0,KGM,0.031,MTQ,425,--,PHARMACEUTICALS,No,--,--,Z1,--
S0305089,"Clogs,plastic,size M",Z01,No,1000,EA,No,--,SHORT_LINE,No,7.3,KGM,0.45,MTQ,--,HBW,--,No,--,--,--,--
S0305090,"Clogs,plastic,size S",Z01,No,1000,EA,No,--,SHORT_LINE,No,7.3,KGM,0.45,MTQ,--,HBW,--,No,--,--,--,--
S0845182,"Gel, ultrasound, bottle, min. 250ml",Z01,Yes,1000,EA,No,--,SHORT_LINE,Yes,0.298,KGM,0.648,DMQ,425,HBW,MEDICAL,No,--,--,--,--
S9906737.5,South Sudan PHCC Kit 2018-Med Dev & Diag,Z02,Yes,1000,EA,No,--,SHORT_LINE,Yes,13.0,KGM,0.096,MTQ,425,--,PHARMACEUTICALS,No,--,--,Z1,--
S9906737.6,South Sudan PHCC Kit 2018-Med Dev & Diag,Z02,Yes,1000,EA,No,--,SHORT_LINE,Yes,12.0,KGM,0.12,MTQ,425,--,PHARMACEUTICALS,No,--,--,Z1,--
S9906737.7,South Sudan PHCC Kit 2018-Med Dev & Diag,Z02,Yes,1000,EA,No,--,SHORT_LINE,Yes,20.0,KGM,0.146,MTQ,425,--,PHARMACEUTICALS,No,--,--,Z1,--
S9906737.8,South Sudan PHCC Kit 2018-Med Dev & Diag,Z02,Yes,1000,EA,No,--,SHORT_LINE,Yes,20.0,KGM,0.146,MTQ,425,--,PHARMACEUTICALS,No,--,--,Z1,--
S0845180,"Protector,eye,phototherapy,s.u./SET-3x20",Z01,No,1000,EA,No,--,SHORT_LINE,Yes,0.942,KGM,19.25,DMQ,--,HBW,--,No,--,--,--,--
S0845195,"Oxygen concentrator, 8LPM, single flow",Z01,Yes,1000,EA,No,--,SHORT_LINE,No,29.058,KGM,147.315,DMQ,425,HBW,MEDICAL,No,--,--,--,--
S1580102,"Micronutrient tabs, pregnancy/BLIS-30",Z01,Yes,1000,EA,No,--,SHORT_LINE,No,0.03,KGM,120,CMQ,425,HBW,PHARMACEUTICALS,No,--,10,Z1,--
S1514136,Ciprofloxacin 500mg tabs/PAC-10x10,Z01,Yes,1000,PAC,No,--,SHORT_LINE,No,0.1,KGM,0.5,DMQ,425,HBW,PHARMACEUTICALS,No,--,--,Z1,--
S9999622,Subkit 2/2 Paediatric kit for Syria 2014,Z02,Yes,1000,EA,No,S9906750,SHORT_LINE,No,13.5,KGM,0.042,MTQ,425,HBW,PHARMACEUTICALS,No,--,--,Z1,--
S9999623,Prepack 1/1 Paediatric kit Syria 2014,Z02,Yes,1000,EA,No,--,MINILOAD,No,2.2,KGM,0.008,MTQ,425,HBW,PHARMACEUTICALS,No,--,--,Z1,--
S9994730,"Sub5/8 South Sudan,PHCU Kit2018 S9906734",Z02,Yes,1000,EA,No,S9906734,SHORT_LINE,No,19.0,KGM,0.16,MTQ,425,HBW,PHARMACEUTICALS,No,--,--,--,--
S0782175,"Syringe,A-D,0.2ml,Sol Mil/BOX-100",Z01,Yes,1000,BOX,No,--,SHORT_LINE,No,0.475,KGM,3.339,DMQ,425,HBW,MEDICAL,No,--,--,--,--
S0305062,"Boots,rubber/PVC,reusable,pair,size43",Z01,No,1000,EA,No,--,SHORT_LINE,Yes,2.299,KGM,0.01,MTQ,--,HBW,--,No,--,10,--,--
S0747457,"Syringe,disp,5ml,w/ndl,22G/BOX-100",Z01,Yes,1000,BOX,No,--,SHORT_LINE,No,0.64,KGM,4.7,DMQ,425,HBW,MEDICAL,No,--,--,--,--
S9999870,"Prepack 1/3 - DRC HCK 2013-V3, S9906727",Z02,Yes,1000,EA,No,--,SHORT_LINE,No,3.1,KGM,0.013,MTQ,425,HBW,PHARMACEUTICALS,No,--,--,Z1,--
S5001303,"Bag,school,UNICEF,450x320x150mm,2025",Z01,No,1000,EA,No,--,SHORT_LINE,No,0.5,KGM,3,DMQ,--,HBW,--,No,--,--,--,--
S5001301,"Bag,UNICEF,Arabic,450x320x150mm,2025",Z01,No,1000,EA,No,--,SHORT_LINE,No,0.5,KGM,3,DMQ,--,HBW,--,No,--,--,--,--
S9906735.1,South Sudan PHCC Kit 2018-Injectables,Z02,Yes,1000,EA,No,--,VIRTUAL_PACKING,Yes,16.0,KGM,0.079,MTQ,425,--,PHARMACEUTICALS,No,--,--,Z1,--
S9906735.2,South Sudan PHCC Kit 2018-Injectables,Z02,Yes,1000,EA,No,--,VIRTUAL_PACKING,Yes,16.0,KGM,0.079,MTQ,425,--,PHARMACEUTICALS,No,--,--,Z1,--
S5001306,"Bag,UNICEF,Arabic,400x270x100mn,2025",Z01,No,1000,EA,No,--,SHORT_LINE,No,0.5,KGM,3,DMQ,--,HBW,--,No,--,--,--,--
S1555706,Ciprofloxacin 250mg tabs PAC/1x10,Z01,Yes,1000,EA,No,--,SHORT_LINE,Yes,0.015,KGM,0.126,DMQ,425,HBW,PHARMACEUTICALS,No,--,10,Z1,--
S9906735.3,South Sudan PHCC Kit 2018-Injectables,Z02,Yes,1000,EA,No,--,VIRTUAL_PACKING,Yes,12.0,KGM,0.06,MTQ,425,--,PHARMACEUTICALS,No,--,--,Z1,--
S9906735.4,South Sudan PHCC Kit 2018-Injectables,Z02,Yes,1000,EA,No,--,VIRTUAL_PACKING,Yes,17.0,KGM,0.079,MTQ,425,--,PHARMACEUTICALS,No,--,--,Z1,--
S0845186,"Stand,infusion,double hook,on castors",Z01,No,1000,EA,No,--,SHORT_LINE,Yes,5.584,KGM,88.388,DMQ,--,HBW,--,No,--,--,--,--
S0969006,"Bag,biohazard,red,50L,box/100",Z01,No,1000,EA,No,--,SHORT_LINE,Yes,4.354,KGM,0.036,MTQ,--,HBW,--,No,--,--,--,--
S0969007,"Bag,biohazard,red,100L,box/100",Z01,No,1000,EA,No,--,SHORT_LINE,Yes,4.681,KGM,11.885,DMQ,--,HBW,--,No,--,--,--,--
S1553111,Povidone Iodine 10% solution/BOT- 100ml,Z01,Yes,1000,BOT,No,--,SHORT_LINE,No,0.14,KGM,0.4,DMQ,425,HBW,PHARMACEUTICALS,No,--,10,Z1,--
S0145577,Info Note on Job Aids for New Born Kit,Z01,No,1000,EA,No,--,SHORT_LINE,No,0.009,KGM,250,DMQ,--,HBW,--,No,--,--,--,--
S5010295,"Flak Jacket, NIJ Level 3A Unisex Size XL",Z01,No,1000,EA,No,--,SHORT_LINE,No,3.42,KGM,50.7,DMQ,--,HBW,--,No,--,--,--,--
S5010296,Flak Jacket NIJ Level 3A Unisex Size XXL,Z01,No,1000,EA,No,--,SHORT_LINE,No,3.6,KGM,53.8,DMQ,--,HBW,--,No,--,--,--,--
S9906735.7,South Sudan PHCC Kit 2018-Injectables,Z02,Yes,1000,EA,No,--,VIRTUAL_PACKING,Yes,26.0,KGM,0.079,MTQ,425,--,PHARMACEUTICALS,No,--,--,Z1,--
S9906735.8,South Sudan PHCC Kit 2018-Injectables,Z02,Yes,1000,EA,No,--,VIRTUAL_PACKING,Yes,26.0,KGM,0.079,MTQ,425,--,PHARMACEUTICALS,No,--,--,Z1,--
S9906735.9,South Sudan PHCC Kit 2018-Injectables,Z02,Yes,1000,EA,No,--,VIRTUAL_PACKING,Yes,26.0,KGM,0.079,MTQ,425,--,PHARMACEUTICALS,No,--,--,Z1,--
S0845233,"Flow splitter,for oxygen concentrator",Z01,No,1000,EA,No,--,SHORT_LINE,No,2.5,KGM,8.85,DMQ,--,HBW,--,No,--,--,--,--
S0305161,"Respirator,FFP2/N95,no valve,nonster",Z01,Yes,1000,EA,No,--,SHORT_LINE,Yes,0.02,KGM,0.257,DMQ,425,HBW,MEDICAL,No,--,--,--,--
S0305163,Hood protection CatIII,Z01,Yes,1000,EA,No,--,SHORT_LINE,No,0.049,KGM,0,MTQ,425,HBW,MEDICAL,No,--,--,--,--
S0481059,"Thermometer, clinical, digital",Z01,Yes,1000,EA,No,--,SHORT_LINE,No,0.043,KGM,0.25,DMQ,425,HBW,MEDICAL,No,--,--,--,9000
S0373520,"Tube,feeding,CH10,L40-60cm,ENFit,black",Z01,Yes,1000,EA,No,--,SHORT_LINE,No,0.014,KGM,0.18,DMQ,425,HBW,MEDICAL,No,--,--,--,--
S9990038,"Sub 1/2 F S9901029 IEHK2017, suppl.2 ren",Z02,Yes,1000,EA,No,S9901029,LONG_LINE,No,30.0,KGM,0.192,MTQ,425,HBW,PHARMACEUTICALS,No,--,10,--,--
S2555013,"Stationery Items, Nut.kit Anthropometric",Z01,Yes,1000,EA,No,--,SHORT_LINE,Yes,2348.0,GRM,0.006,MTQ,425,HBW,MEDICAL,No,--,--,--,9000
S5086016,Blankets synthetic high therm resistance,Z01,No,1000,EA,No,--,SHORT_LINE,Yes,2.103,KGM,0.019,MTQ,--,HBW,--,No,--,--,--,--
S0969019,"Three-way valve, Luer, w/caps",Z01,No,1000,EA,No,--,SHORT_LINE,Yes,4.003,KGM,0,MTQ,--,HBW,--,No,--,--,--,--
S0114083,WHO wght/hght A4 Z score B/G Eng,Z01,No,1000,EA,No,--,SHORT_LINE,Yes,0.069,KGM,0.636,DMQ,--,HBW,--,No,--,10,--,--
S1559090,Phe.penicil.pdr/o.sus250mg/5ml/BOT-100ml,Z01,Yes,1000,BOT,No,--,SHORT_LINE,No,0.175,KGM,0.42,DMQ,425,HBW,PHARMACEUTICALS,No,--,10,Z1,--
S1533002,Co-Amoxiclav 125mg+ 31.25mg BOT/100ml,Z01,Yes,1000,EA,No,--,SHORT_LINE,Yes,0.139,KGM,0.671,DMQ,425,HBW,PHARMACEUTICALS,No,--,10,Z1,--
S1559311,Phenobarbital 30mg tabs/PAC-28        pt,Z01,Yes,1000,PAC,No,--,SHORT_LINE,No,0.03,KGM,0.107,DMQ,425,HBW,PHARMACEUTICALS,No,--,10,Z1,EX2-PSYC.EXP.LIC.
S0481055,"Thermometer, clinical, digital, no Li",Z01,Yes,1000,EA,No,--,SHORT_LINE,Yes,0.028,KGM,0.186,DMQ,425,HBW,CPH_UNHCR,No,--,--,--,--
S1560821,Ringer lact.Sod.lact.cmp.inj 1000mlBOX10,Z01,Yes,1000,BOX,No,--,SHORT_LINE,No,12.15,KGM,34.25,DMQ,425,HBW,PHARMACEUTICALS,No,--,10,Z1,--
S1560820,Ringer lact.Sod.lact.cmp.inj 500mlBOX-20,Z01,Yes,1000,BOX,No,--,SHORT_LINE,No,12.85,KGM,38.2,DMQ,425,HBW,PHARMACEUTICALS,No,--,10,Z1,--
S1564329,Sodium chl. inj. 0.9% w/v 5ml amp/BOX-10,Z01,Yes,1000,BOX,No,--,SHORT_LINE,No,0.0,KGM,34.104,DMQ,425,HBW,PHARMACEUTICALS,No,--,10,Z1,--
S0969028,"Container, sample, 50 ml, box/100",Z01,Yes,1000,EA,No,--,SHORT_LINE,Yes,1.2,KGM,36,DMQ,425,HBW,MEDICAL,No,--,--,--,--
S9902221,"Midwifery kit # equipment, 2",Z02,Yes,1000,EA,No,--,LONG_LINE,Yes,14.0,KGM,0.16,MTQ,425,HBW,MEDICAL,No,--,--,--,9000
S0584631,"First Response Malaria Pf HRP2, kit/25",Z01,Yes,1000,EA,No,--,SHORT_LINE,Yes,0.24,KGM,10.2,DMQ,240,HBW,MEDICAL,No,--,--,--,--
S9996707,SUB4/7 S.Sudan Health Emerg exp S9906739,Z02,Yes,1000,EA,No,--,LONG_LINE,No,0.0,KGM,0,MTQ,425,HBW,--,No,--,--,--,--
S9996810,SUB7/7 S.Sudan Health Emerg exp S9906739,Z02,Yes,1000,EA,No,--,SHORT_LINE,No,0.0,KGM,0,MTQ,425,HBW,--,No,--,--,--,--
S0782335,"Syringe,A-D,0.3ml,Soloshot Mini/BOX-200",Z01,Yes,1000,BOX,No,--,SHORT_LINE,Yes,0.658,KGM,6.369,DMQ,425,HBW,MEDICAL,No,--,--,--,--
S0782334,"Syringe,A-D,0.3ml,Anhui/BOX-100",Z01,Yes,1000,BOX,No,--,SHORT_LINE,No,0.43,KGM,2.615,DMQ,425,HBW,MEDICAL,No,--,--,--,--
S0782336,"Syringe,A-D,0.3ml,Kojak Selinge/BOX-100",Z01,Yes,1000,BOX,No,--,SHORT_LINE,No,0.436,KGM,2.951,DMQ,425,HBW,MEDICAL,No,--,--,--,--
S9935033,FIFA kit (E),Z02,No,1000,EA,No,--,SHORT_LINE,No,10.0,KGM,0.12,MTQ,--,HBW,--,No,--,--,--,--
S0305099,"Gown,patient,woven,size M",Z01,No,1000,EA,No,--,SHORT_LINE,No,0.652,KGM,7.957,DMQ,--,HBW,--,No,--,--,--,--
S0305115,"Coverall,protection,CatIII,type 4b,S",Z01,No,1000,EA,No,--,SHORT_LINE,No,0.328,KGM,3.291,DMQ,--,HBW,--,No,--,--,--,--
S0305143,"Spray,anti-fog,goggles,bott/50ml",Z01,Yes,1000,EA,No,--,SHORT_LINE,No,0.09,KGM,0.016,MTQ,425,HBW,MEDICAL,No,--,--,--,--
S0305130,"Mask,surgic,typeIIR,tiestrap,disp,Box-40",Z01,Yes,1000,EA,No,--,SHORT_LINE,Yes,0.319,KGM,0.003,MTQ,425,HBW,MEDICAL,No,--,--,--,--
S0305105,"Coverall,protection,CatIII,Type 3b,XXL",Z01,No,1000,EA,No,--,SHORT_LINE,No,0.671,KGM,8.599,DMQ,--,HBW,--,No,--,--,--,--
S0610100,"Chart, vision-testing",Z01,No,1000,EA,No,--,SHORT_LINE,No,0.102,KGM,1.412,DMQ,--,HBW,--,No,--,--,--,--
S0731000,"Hook,decapitation,Braun,310mm",Z01,No,1000,EA,No,--,SHORT_LINE,No,0.451,KGM,0.06,DMQ,--,HBW,--,No,--,--,--,--
S0746705,"Laryngoscope,set",Z01,No,1000,EA,No,--,SHORT_LINE,No,1.028,KGM,3.577,DMQ,--,HBW,--,No,--,--,--,--
S0759700,"Perforator,Smellie,250mm",Z01,No,1000,EA,No,--,SHORT_LINE,No,0.218,KGM,0.817,DMQ,--,HBW,--,No,--,--,--,--
S0782152,"Syringe,A-D,0.5ml,Monoject/BOX-100",Z01,Yes,1000,BOX,No,--,SHORT_LINE,No,0.36,KGM,2.7,DMQ,425,HBW,PHARMACEUTICALS,No,--,--,--,--
S0782155,"Syringe,A-D,0.5ml,Kojak Selinge/BOX-100",Z01,Yes,1000,BOX,No,--,SHORT_LINE,No,0.908,KGM,5.393,DMQ,425,HBW,MEDICAL,No,--,--,--,--
S4411000,"Book,drawing,A5,plain,48 pages/PAC-20",Z01,No,1000,PAC,No,--,SHORT_LINE,No,1.342,KGM,1.6,DMQ,--,HBW,--,No,--,--,--,--
S1532006,Amod 75mg+ SP 250/12.5mg tab/3+1/PAC-25,Z01,Yes,1000,PAC,No,--,SHORT_LINE,No,0.074,KGM,0.494,DMQ,425,HBW,PHARMACEUTICALS,No,--,10,Z1,--
S5010205,"Lightweight flak jacket, female, XL",Z01,No,1000,EA,No,--,SHORT_LINE,No,0.0,KGM,46.683,DMQ,--,HBW,--,No,--,--,--,--
S1300096,DHA 40mg +Piperaq320mg tabs/6/PAC -1,Z01,Yes,1000,PAC,No,--,SHORT_LINE,No,0.016,KGM,0.131,DMQ,425,HBW,PHARMACEUTICALS,No,--,--,Z1,--
S1300099,DHA 20mg +Piperaq160mg tabs/3/PAC -1,Z01,Yes,1000,PAC,No,--,SHORT_LINE,No,0.013,KGM,0.131,DMQ,425,HBW,PHARMACEUTICALS,No,--,--,Z1,--
S1531998,Chloroquine base 150mg tabs/PAC-100,Z01,Yes,1000,EA,No,--,SHORT_LINE,No,0.074,KGM,0.098,DMQ,425,HBW,PHARMACEUTICALS,No,--,10,Z1,--
S1560607,Quinine sulfate 300mg tabs/PAC-1000,Z01,Yes,1000,EA,No,--,SHORT_LINE,No,0.406,KGM,1.674,DMQ,425,HBW,PHARMACEUTICALS,No,--,10,Z1,--
S9999491,"Subkit 1/4 Sudan,Primary Healthcare2016",Z02,Yes,1000,EA,No,S9906712,LONG_LINE,Yes,29.0,KGM,0.16,MTQ,240,HBW,PHARMACEUTICALS,No,--,--,Z1,--
S5010211,"Lightweight,flak jacket,female, XXL",Z01,No,1000,EA,No,--,SHORT_LINE,No,5.9,KGM,46.683,DMQ,--,HBW,--,No,--,--,--,--
S9999493,"Subkit 3/4 Sudan,Primary Healthcare2016",Z02,Yes,1000,EA,No,S9906712,LONG_LINE,Yes,30.0,KGM,0.106,MTQ,240,HBW,PHARMACEUTICALS,No,--,--,Z1,--
S9999496,"Prepack 3/3 Sudan,Primary Healthcare2016",Z02,Yes,1000,EA,No,--,MINILOAD,No,5.0,KGM,0.021,MTQ,240,HBW,PHARMACEUTICALS,No,--,--,Z1,--
S5010208,"Lightweight flak Jacket,female, S, D-cup",Z01,No,1000,EA,No,--,SHORT_LINE,No,4.0,KGM,46.683,DMQ,--,HBW,--,No,--,--,--,--
S5010206,"Lightweight,flak jacket,female, M, D-cup",Z01,No,1000,EA,No,--,SHORT_LINE,No,4.5,KGM,46.683,DMQ,--,HBW,--,No,--,--,--,--
S0782351,"Syringe,A-D,0.5ml Vanish RTI CN/BOX-100",Z01,Yes,1000,BOX,No,--,SHORT_LINE,No,0.6,KGM,3.84,DMQ,425,HBW,MEDICAL,No,--,--,--,--
S9993843,SUB 9/9 S.Sudan PHCC18  B.Med S9906733,Z02,Yes,1000,EA,No,S9906733,LONG_LINE,No,25.0,KGM,0.072,MTQ,425,HBW,--,No,--,--,--,--
S0846017,"Module,replenish,ETB,UNDSS,Survey kit",Z01,No,1000,EA,No,--,SHORT_LINE,No,0.0,KGM,0,DMQ,--,HBW,--,No,--,--,--,--
S1993341,"MSF Clinical Guidelines, Arabic",Z01,No,1000,EA,No,--,SHORT_LINE,No,0.512,KGM,1.201,DMQ,--,HBW,--,No,--,--,--,--
S0782320,"Syringe,RUP,SIP,5ml,w/ndl/BOX-100",Z01,Yes,1000,EA,No,--,SHORT_LINE,No,0.0,KGM,0,DMQ,425,HBW,MEDICAL,No,--,--,--,--
S0904990,"Balance,double-beam,pan 2kg",Z01,No,1000,EA,No,--,SHORT_LINE,No,3.162,KGM,23.37,DMQ,--,HBW,--,No,--,--,--,--
S0910862,"Weights,balance,1-100g,set of 10",Z01,No,1000,SET,No,--,SHORT_LINE,No,0.66,KGM,2.4,DMQ,--,HBW,--,No,--,--,--,--
S0969000,"Slide,microscope,76x26mm/BOX-100(2x50)",Z01,No,1000,BOX,No,--,SHORT_LINE,No,0.432,KGM,0.292,DMQ,--,HBW,--,No,--,--,--,--
S0846012,"Module,replenish,ETB,UNDSS,Haemorrhage",Z01,Yes,1000,EA,No,--,SHORT_LINE,No,0.0,KGM,0,DMQ,425,HBW,MEDICAL,No,--,--,--,--
S0846015,"Module,replenish,ETB,UNDSS,Circulation",Z01,Yes,1000,EA,No,--,SHORT_LINE,No,0.0,KGM,0,DMQ,425,HBW,MEDICAL,No,--,--,--,--
S1552305,Protamine sulfate 10mg/ml inj 5ml/BOX-10,Z01,Yes,1000,PAC,No,--,SHORT_LINE,No,0.116,KGM,0.35,DMQ,425,HBW,PHARMACEUTICALS,No,--,--,Z1,--
S0845017,"Pulse oximeter,handheld, incl.resp. rate",Z01,Yes,1000,EA,No,--,SHORT_LINE,No,1.0,KGM,4.33,DMQ,425,HBW,MEDICAL,No,--,--,--,3481
S1552307,Tranexamic acid 500mg tab/PAC-3X10,Z01,Yes,1000,PAC,No,--,SHORT_LINE,No,0.027,KGM,0.232,DMQ,425,HBW,PHARMACEUTICALS,No,--,--,Z1,--
S0846014,"Module,replenish,ETB,UNDSS,Respiration",Z01,Yes,1000,EA,No,--,SHORT_LINE,No,0.0,KGM,0,DMQ,425,HBW,MEDICAL,No,--,--,--,--
S0845029,"Oxygen Analyzer, ultrasonic, handheld",Z01,Yes,1000,EA,No,--,SHORT_LINE,Yes,1.1,KGM,16.65,DMQ,425,HBW,MEDICAL,No,--,--,--,9000
S1531042,Chlorhex.diglu.7.1% gel cord.c.TBE/20g,Z01,Yes,1000,EA,No,--,SHORT_LINE,Yes,0.038,KGM,0.266,DMQ,240,HBW,PHARMACEUTICALS,No,--,10,Z1,--
S0305109,"Mask,high-fil,FFP2/N95,no valve,nonster",Z01,No,1000,EA,No,--,SHORT_LINE,Yes,0.018,KGM,0.208,DMQ,--,HBW,--,No,--,10,--,--
S9203285,Shorts size 56,Z01,No,1000,EA,No,--,SHORT_LINE,Yes,0.02,KGM,0.2,DMQ,--,HBW,--,No,--,--,--,--
S9203283,Shorts size 52,Z01,No,1000,EA,No,--,SHORT_LINE,No,0.2,KGM,0,DMQ,--,HBW,--,No,--,--,--,--
S9205188,Fleece/sweat jacket w/hood size M,Z04,No,1000,EA,No,--,SHORT_LINE,No,20.0,GRM,0.003,DMQ,--,HBW,--,Yes,--,--,--,--
S9203286,Shorts size 58,Z01,No,1000,EA,No,--,SHORT_LINE,No,0.333,KGM,0,DMQ,--,HBW,--,No,--,--,--,--
S9205190,Fleece/sweat jacket w/hood size XL,Z04,No,1000,EA,No,--,SHORT_LINE,No,20.0,GRM,0.003,DMQ,--,HBW,--,Yes,--,--,--,--
S9205191,Fleece/sweat jacket w/hood size XXL,Z04,No,1000,EA,No,--,SHORT_LINE,No,20.0,GRM,0.003,DMQ,--,HBW,--,Yes,--,--,--,--
S9206083,Working jacket (warehouse) size XL,Z04,No,1000,EA,No,--,SHORT_LINE,No,141.0,GRM,0.02,DMQ,--,HBW,--,Yes,--,--,--,--
S6780340,Morphine sulphate 10mg SR tabs/PAC-60 nt,Z01,Yes,1000,PAC,No,--,SHORT_LINE,Yes,0.064,KGM,0.311,DMQ,425,HBW,MEDICAL,No,--,--,Z1,EX1-NARC.EXP.LIC.
S0305103,"Coverall,protection,CatIII,Type 3b,L",Z01,Yes,1000,EA,No,--,SHORT_LINE,Yes,0.341,KGM,0.003,MTQ,425,HBW,MEDICAL,No,--,10,--,--
S0305129,Bootcover antiskid elasticated,Z01,No,1000,EA,No,--,SHORT_LINE,Yes,0.109,KGM,0.001,MTQ,--,HBW,--,No,--,--,--,--
S9999646,"Subkit 1/2 Zimbabwe,PHC package,2016",Z02,Yes,1000,EA,No,S9906762,LONG_LINE,No,21.0,KGM,0.12,MTQ,425,HBW,PHARMACEUTICALS,No,--,--,Z1,--
S9999663,"Prepack 1/2 Zimbabwe,PHC package,2016",Z02,Yes,1000,EA,No,--,MINILOAD,No,3.4,KGM,0.021,MTQ,425,HBW,PHARMACEUTICALS,No,--,--,Z1,--
S9999706,Prepack 1/1  DRC Health Centre kit 2016,Z02,Yes,1000,EA,No,--,MINILOAD,No,0.0,KGM,0.003,MTQ,425,HBW,PHARMACEUTICALS,No,--,--,--,--
S9999708,Subkit 2/4 DRC Health Centre kit 2016,Z02,No,1000,EA,No,S9906728,SHORT_LINE,No,8.0,KGM,0.064,MTQ,--,HBW,--,No,--,--,--,--
S9999709,Subkit 3/4 DRC Health Centre kit 2016,Z02,No,1000,EA,No,S9906728,SHORT_LINE,No,9.14,KGM,0.046,MTQ,--,HBW,--,No,--,--,--,--
S0782180,"Syringe,A-D,0.05ml,Monoject K1/BOX-100",Z01,Yes,1000,BOX,No,--,SHORT_LINE,No,0.342,KGM,3.1,DMQ,425,HBW,PHARMACEUTICALS,No,--,--,--,--
S0782181,"Syringe,A-D,0.05ml,Soloshot LX/BOX-100",Z01,Yes,1000,BOX,No,--,SHORT_LINE,No,0.51,KGM,3.65,DMQ,425,HBW,PHARMACEUTICALS,No,--,--,--,--
S0782202,"Syringe,A-D,0.1ml,Soloshot LX/BOX-100",Z01,Yes,1000,BOX,No,--,SHORT_LINE,No,0.51,KGM,3.65,DMQ,425,HBW,PHARMACEUTICALS,No,--,--,--,--
S9906751,Nut kit inpatient module-med supplies2,Z02,Yes,1000,EA,No,--,SHORT_LINE,Yes,37.0,KGM,0.424,MTQ,240,HBW,PHARMACEUTICALS,No,--,--,Z1,--
S9999997,Education kit-prepack for 9935020    (I),Z02,No,1000,EA,No,--,SHORT_LINE,No,1.2,KGM,3.06,DMQ,--,HBW,--,No,--,--,--,--
S9906624,"IEHK2006,kit,suppl.1a-drugs",Z02,Yes,1000,EA,No,--,SHORT_LINE,No,5.0,KGM,0.03,MTQ,425,HBW,PHARMACEUTICALS,No,--,--,Z1,NEX3-KIT W/NARCO
S9906702,CSCOM Kit 2005 Bamako Mali,Z02,Yes,1000,EA,No,--,SHORT_LINE,No,0.0,KGM,0,MTQ,425,HBW,PHARMACEUTICALS,No,--,--,--,--
S9901024.1,"IEHK2017, kit, basic unit",Z02,Yes,1000,EA,No,--,VIRTUAL_PACKING,Yes,24.0,KGM,0.16,MTQ,425,HBW,PHARMACEUTICALS,No,--,--,Z1,--
S9906705,Essential drugs kit for Ethiopia 2005,Z02,Yes,1000,EA,No,--,SHORT_LINE,No,240.0,KGM,0.69,MTQ,425,HBW,PHARMACEUTICALS,No,--,--,Z1,--
S9906711,"Sudan Khartoum, Primary Health Care Kit",Z02,Yes,1000,EA,No,--,SHORT_LINE,No,64.0,KGM,0.24,MTQ,425,HBW,PHARMACEUTICALS,No,--,--,Z1,--
S9906722,"DRC Health Centre kit 2013,version1",Z02,Yes,1000,EA,No,--,SHORT_LINE,No,16.0,KGM,0.106,MTQ,425,HBW,MEDICAL,No,--,--,--,--
S9901024.2,"IEHK2017, kit, basic unit",Z02,Yes,1000,EA,No,--,VIRTUAL_PACKING,Yes,24.812,KGM,0.12,MTQ,425,HBW,PHARMACEUTICALS,No,--,--,Z1,--
S0782430,"Syringe,RUP,1ml,fixed ndl,Sanxin/BOX-100",Z01,Yes,1000,BOX,No,--,SHORT_LINE,No,0.483,KGM,3.281,DMQ,425,HBW,MEDICAL,No,--,--,--,--
S8903069,PP strapping(12mm x0.55mm x 3000m) CII,Z04,No,1000,ROL,No,--,SHORT_LINE,Yes,9.35,KGM,0.067,MTQ,--,HBW,--,Yes,--,--,--,--
S1568108,Primaquine base 15mg tabs/PAC-10x10,Z01,Yes,1000,EA,No,--,SHORT_LINE,No,0.034,KGM,0.159,DMQ,425,HBW,PHARMACEUTICALS,No,--,10,Z1,--
S0584632,DPP ZIKV IgM/IgG System/PACK-20,Z01,Yes,1000,EA,No,--,SHORT_LINE,No,0.9,KGM,1,DMQ,240,HBW,MEDICAL,No,--,--,Z1,--
S9906750.2,Paediatric kit for Syria 2014,Z02,Yes,1000,EA,No,--,VIRTUAL_PACKING,Yes,13.5,KGM,0.042,MTQ,425,--,PHARMACEUTICALS,No,--,--,Z1,--
S9906734.1,"South Sudan, PHCU Kit 2018",Z02,Yes,1000,EA,No,S9994731,SHORT_LINE,Yes,19.0,KGM,0.16,MTQ,425,--,PHARMACEUTICALS,No,--,--,Z1,--
S9906734.2,"South Sudan, PHCU Kit 2018",Z02,Yes,1000,EA,No,S9994732,LONG_LINE,Yes,19.0,KGM,0.12,MTQ,425,--,PHARMACEUTICALS,No,--,--,Z1,--
S5034001,Adolescent Kit,Z01,No,1000,EA,No,--,SHORT_LINE,Yes,31.824,KGM,0.153,MTQ,--,HBW,--,No,--,--,--,--
S9906750.1,Paediatric kit for Syria 2014,Z02,Yes,1000,EA,No,--,VIRTUAL_PACKING,Yes,11.5,KGM,0.048,MTQ,425,--,PHARMACEUTICALS,No,--,--,Z1,--
S6780339,Aripiprazole 10mg tabs PAC/28,Z01,Yes,1000,EA,No,--,SHORT_LINE,No,0.085,KGM,20,DMQ,425,HBW,PHARMACEUTICALS,No,--,--,Z1,--
S9906734.3,"South Sudan, PHCU Kit 2018",Z02,Yes,1000,EA,No,S9994733,LONG_LINE,Yes,18.0,KGM,0.12,MTQ,425,--,PHARMACEUTICALS,No,--,--,Z1,--
S9906734.4,"South Sudan, PHCU Kit 2018",Z02,Yes,1000,EA,No,S9994734,LONG_LINE,Yes,17.0,KGM,0.079,MTQ,425,--,PHARMACEUTICALS,No,--,--,Z1,--
S0141024,"Scale,survey,mother/chld,bat.solar,150kg",Z01,Yes,1000,EA,No,--,SHORT_LINE,Yes,6.041,KGM,22.085,DMQ,425,HBW,MEDICAL,No,--,--,--,3481
S5007316,"Bucket,HDPE, w/lid,10cm cap and tap,14 l",Z01,No,1000,EA,No,--,SHORT_LINE,No,1.1,KGM,15,DMQ,--,HBW,--,No,--,--,--,--
S0141022,"Scale,mother/child,batteries,250kg",Z01,Yes,1000,EA,No,--,SHORT_LINE,Yes,5.925,KGM,28.457,DMQ,425,HBW,MEDICAL,No,--,--,--,9000
S9906753,"Nut kit,Inpatient, Ethiop.Mod. Med. Supp",Z02,Yes,1000,EA,Yes,--,VIRTUAL_PACKING,Yes,40.0,KGM,0.24,MTQ,425,HBW,MEDICAL,No,--,--,Z1,--
S1560823,Compound Sodium Lactate 1L bot/BOX-10,Z01,Yes,1000,EA,No,--,SHORT_LINE,Yes,11.714,KGM,32.07,DMQ,425,HBW,PHARMACEUTICALS,No,--,10,Z1,--
S1560825,Compound Sodium Lactate 500ml bag/BOX-20,Z01,Yes,1000,EA,No,--,SHORT_LINE,No,11.13,KGM,0.5,DMQ,425,HBW,PHARMACEUTICALS,No,--,10,Z1,--
S1560826,Compound Sodium Lactate 500ml bot/BOX-20,Z01,Yes,1000,EA,No,--,SHORT_LINE,Yes,12.233,KGM,34.925,DMQ,425,HBW,PHARMACEUTICALS,No,--,10,Z1,--
S1552303,Hydrochlorothiazide 25mg tabs/PAC-2x10,Z01,Yes,1000,PAC,No,--,SHORT_LINE,No,0.01,KGM,0.056,DMQ,425,HBW,PHARMACEUTICALS,No,--,--,Z1,--
S0373600,"Tube asp/feed, 2 lumen,CH16,L125,ENFit",Z01,Yes,1000,EA,No,--,SHORT_LINE,No,0.0,KGM,0,DMQ,425,HBW,MEDICAL,No,--,--,--,--
S1560829,Potassium Chl 10% inj 10ml amp/BOX-20,Z01,Yes,1000,EA,No,--,SHORT_LINE,No,0.209,KGM,1.2,DMQ,425,HBW,PHARMACEUTICALS,No,--,10,Z1,--
S1300006,"Artesun100mg+SP500mg/25mg co-bl,tabs/6+3",Z01,Yes,1000,EA,No,--,SHORT_LINE,No,0.006,KGM,0.052,DMQ,425,HBW,PHARMACEUTICALS,No,--,--,Z1,--
S1185020,"Vaccine cold box,large,long range",Z01,No,1000,EA,No,--,SHORT_LINE,No,38.609,KGM,0.156,MTQ,--,HBW,--,No,--,--,--,--
S1300000,Amod 153mg+Arte 50mg tabs/3+3/PAC-1,Z01,Yes,1000,EA,No,--,SHORT_LINE,No,0.006,KGM,0.052,DMQ,425,HBW,PHARMACEUTICALS,No,--,--,Z1,--
W9200016,"UNHCR, Truck, Water Tanker",Z11,Yes,1100,EA,No,--,SHORT_LINE,No,0.0,KGM,0,MTQ,--,HBW,CPH_UNHCR,No,--,--,--,--
W9200018,"UNHCR,Truck equipped w/water treat.plant",Z11,Yes,1100,EA,No,--,SHORT_LINE,No,0.0,KGM,0,MTQ,--,HBW,CPH_UNHCR,No,--,--,--,--
S0145803,"Emergency food ration,500g/CAR-24",Z01,Yes,1000,CAR,No,--,SHORT_LINE,No,12.0,KGM,0.017,MTQ,425,HBW,PHARMACEUTICALS,No,--,--,--,--
S0305126,"Coverall,protection,CatIII,type 6b,M",Z01,Yes,1000,EA,No,--,SHORT_LINE,Yes,0.232,KGM,1.451,DMQ,240,HBW,MEDICAL,No,--,--,--,--
S5006123,"WASH&DignityKit,firstResp,5HH,noPurifTab",Z01,Yes,1000,EA,No,--,SHORT_LINE,Yes,35.585,KGM,160.5,DMQ,425,HBW,MEDICAL,No,--,--,--,--
S1521021,Aciclovir 200mg tablets/PAC-30,Z01,Yes,1000,PAC,No,--,SHORT_LINE,No,0.023,KGM,0.092,DMQ,425,HBW,PHARMACEUTICALS,No,--,10,Z1,--
S0141023,"Scale,mother/child,batteries,solar,250kg",Z01,Yes,1000,EA,No,--,SHORT_LINE,Yes,6.035,KGM,20.038,DMQ,425,HBW,MEDICAL,No,--,--,--,3481
S9901222,PP 2/9 F. SUB 2/5 F. S9901026 IEHK2017,Z02,Yes,1000,EA,No,--,MINILOAD,No,0.0,KGM,0,MTQ,425,HBW,PHARMACEUTICALS,No,--,10,Z1,--
S9902302,Nigeria Kit 2017,Z02,Yes,1000,EA,No,--,LONG_LINE,Yes,35.583,KGM,0.213,MTQ,240,HBW,PHARMACEUTICALS,No,--,--,Z1,3090
S1300116,Amod 306.2mg+Arte100mg tab/6/PAC-1,Z01,No,1000,PAC,No,--,SHORT_LINE,No,0.0,KGM,0,DMQ,425,HBW,PHARMACEUTICALS,No,--,--,Z1,--
S1300115,Amod 306.2mg+Arte100mg tab/3/PAC-1,Z01,No,1000,PAC,No,--,SHORT_LINE,No,0.0,KGM,0,DMQ,425,HBW,PHARMACEUTICALS,No,--,--,Z1,--
S9901223,PP 3/9 F. SUB 3/5 F. S9901026 IEHK2017,Z02,Yes,1000,EA,No,--,MINILOAD,No,0.0,KGM,0,MTQ,425,HBW,PHARMACEUTICALS,No,--,10,Z1,--
S9901226,PP 6/9 F. SUB 1/5 F. S9901026 IEHK2017,Z02,Yes,1000,EA,No,--,MINILOAD,No,0.0,KGM,0,MTQ,425,HBW,PHARMACEUTICALS,No,--,10,Z1,--
S9901227,PP 7/9 F. SUB 1/5 F. S9901026 IEHK2017,Z02,Yes,1000,EA,No,--,MINILOAD,No,0.0,KGM,0,MTQ,425,HBW,PHARMACEUTICALS,No,--,10,Z1,--
S9906704,"Ethiopia Resuscitation kit,basic",Z02,No,1000,EA,No,--,SHORT_LINE,No,5.5,KGM,0.06,MTQ,425,HBW,MEDICAL,No,--,--,--,--
S9906716,DPRK EM kit,Z02,Yes,1000,EA,No,--,SHORT_LINE,No,30.016,KGM,0.168,MTQ,425,HBW,PHARMACEUTICALS,No,--,--,Z1,--
S9906723,"Yemen,CHV kit,version 2013",Z02,Yes,1000,EA,No,--,SHORT_LINE,No,6.918,KGM,0.011,MTQ,425,HBW,PHARMACEUTICALS,No,--,--,Z1,--
S9906740,EVD Staff Deployment Kit,Z02,Yes,1000,EA,No,--,SHORT_LINE,No,2.6,KGM,0.015,MTQ,425,HBW,PHARMACEUTICALS,No,--,--,--,--
S9906766,"Zimbabwe,PHC package,version 2013",Z02,Yes,1000,EA,No,--,SHORT_LINE,No,50.695,KGM,0.215,MTQ,425,HBW,PHARMACEUTICALS,No,--,--,Z1,--
S9906772,"Somalia, HC Kit (B1)",Z02,Yes,1000,EA,No,--,SHORT_LINE,No,53.0,KGM,0.215,MTQ,425,HBW,PHARMACEUTICALS,No,--,--,Z1,--
S9906779,"Malawi,PHC package,version 2012",Z02,Yes,1000,EA,No,--,SHORT_LINE,No,0.0,KGM,0,MTQ,425,HBW,PHARMACEUTICALS,No,--,--,Z1,--
S9906771,"Somalia, PHU Kit (A2)",Z02,No,1000,EA,No,--,SHORT_LINE,No,42.0,KGM,0.31,MTQ,--,HBW,--,No,--,--,--,--
S9906767,"Zimbabwe,PHC package,version 2014",Z02,Yes,1000,EA,No,--,SHORT_LINE,No,40.0,KGM,0.192,MTQ,425,HBW,PHARMACEUTICALS,No,--,--,Z1,--
S9908304,AWD Periphery kit Drug,Z02,No,1000,EA,No,--,SHORT_LINE,No,0.0,KGM,0,MTQ,--,HBW,--,No,--,--,--,--
S9998833,Prepack  1/1 f S9990038 f S9901029 IEHK,Z02,Yes,1000,EA,No,--,MINILOAD,No,3.7,KGM,0.025,MTQ,425,HBW,PHARMACEUTICALS,No,--,--,Z1,--
S9906776,"Somalia,PHU kit-renewable,version 2013",Z02,Yes,1000,EA,No,--,SHORT_LINE,No,13.8,KGM,0.06,MTQ,425,HBW,PHARMACEUTICALS,No,--,--,Z1,--
S9906790,Myanmar YCSD/WCHD kitA,Z02,Yes,1000,EA,No,--,SHORT_LINE,No,12.0,KGM,0.048,MTQ,425,HBW,PHARMACEUTICALS,No,--,--,Z1,--
S9906792,Myanmar YCSD/WCHD Child Survival Kit A,Z02,Yes,1000,EA,No,--,SHORT_LINE,No,14.0,KGM,0.048,MTQ,425,HBW,PHARMACEUTICALS,No,--,--,Z1,--
S9910007,"Surg.inst.,embryotomy /SET",Z02,No,1000,SET,No,--,SHORT_LINE,No,1.6,KGM,0.003,MTQ,--,HBW,--,No,--,--,--,--
S0782331,"Syringe,RUP,5ml,w/fixedNdl,Amson/BOX-100",Z01,Yes,1000,BOX,No,--,SHORT_LINE,No,1.098,KGM,7.547,DMQ,425,HBW,MEDICAL,No,--,--,--,--
S9935020,School-in-a-box kit for 80 students,Z02,No,1000,EA,No,--,SHORT_LINE,No,50.0,KGM,0.12,MTQ,--,HBW,--,No,--,--,--,--
S6780352,"Mask,high-fill,FFP2/N95,no valve,PAC-30",Z01,Yes,1000,EA,No,--,SHORT_LINE,No,0.3,KGM,0.006,DMQ,425,HBW,MEDICAL,No,--,--,--,--
S9203281,Shorts size 48,Z01,No,1000,EA,No,--,SHORT_LINE,No,0.333,KGM,0,DMQ,--,HBW,--,No,--,--,--,--
S9203282,Shorts size 50,Z01,No,1000,EA,No,--,SHORT_LINE,No,0.333,KGM,0,DMQ,--,HBW,--,No,--,--,--,--
S9203280,Shorts size 46,Z01,No,1000,EA,No,--,SHORT_LINE,No,0.333,KGM,0,DMQ,--,HBW,--,No,--,--,--,--
S9203284,Shorts size 54,Z01,No,1000,EA,No,--,SHORT_LINE,No,0.2,KGM,0,DMQ,--,HBW,--,No,--,--,--,--
S9205192,Fleece/sweat jacket w/hood size XXXL,Z04,No,1000,EA,No,--,SHORT_LINE,No,20.0,GRM,0.003,DMQ,--,HBW,--,Yes,--,--,--,--
S9206081,Working jacket (warehouse) size M,Z04,No,1000,EA,No,--,SHORT_LINE,No,141.0,GRM,0.02,DMQ,--,HBW,--,Yes,--,--,--,--
S9206084,Working jacket (warehouse) size XXL,Z04,No,1000,EA,No,--,SHORT_LINE,No,141.0,GRM,0.02,DMQ,--,HBW,--,Yes,--,--,--,--
S9205189,Fleece/sweat jacket w/hood size L,Z04,No,1000,EA,No,--,SHORT_LINE,No,20.0,GRM,0.003,DMQ,--,HBW,--,Yes,--,--,--,--
S9206082,Working jacket (warehouse) size L,Z04,No,1000,EA,No,--,SHORT_LINE,No,141.0,GRM,0.02,DMQ,--,HBW,--,Yes,--,--,--,--
S9206085,Working jacket (warehouse) size XXXL,Z04,No,1000,EA,No,--,SHORT_LINE,No,141.0,GRM,0.02,DMQ,--,HBW,--,Yes,--,--,--,--
S0782326,"Syringe,RUP,SIP,1ml,w/ndl,27G/BOX-100",Z01,Yes,1000,EA,No,--,SHORT_LINE,No,0.0,KGM,0,DMQ,425,HBW,MEDICAL,No,--,--,--,--
S9999872,"Prepack 3/3 - DRC HCK 2013-V3, S9906727",Z02,Yes,1000,EA,No,--,SHORT_LINE,No,1.0,KGM,0.011,MTQ,425,HBW,MEDICAL,No,--,--,Z1,--
S5010294,"Flak Jacket, NIJ Level 3A, Unisex Size S",Z01,No,1000,EA,No,--,SHORT_LINE,No,2.94,KGM,42.7,DMQ,--,HBW,--,No,--,--,--,--
S5010292,"Flak Jacket, NIJ Level 3A, Unisex Size L",Z01,No,1000,EA,No,--,SHORT_LINE,No,3.25,KGM,47.8,DMQ,--,HBW,--,No,--,--,--,--
S1583010,"Retinol 200,000IU soft gel.caps/PAC-100",Z01,Yes,1000,PAC,No,--,SHORT_LINE,Yes,0.069,KGM,0.452,DMQ,240,HBW,PHARMACEUTICALS,No,--,10,Z1,--
S9902460.8,"NBK, Hospital, Module 1, Medicines",Z02,Yes,1000,EA,No,--,SHORT_LINE,No,40.0,KGM,0.192,MTQ,240,--,PHARMACEUTICALS,No,--,--,Z1,--
S9902460.9,"NBK, Hospital, Module 1, Medicines",Z02,Yes,1000,EA,No,--,SHORT_LINE,No,22.0,KGM,0.12,MTQ,240,--,PHARMACEUTICALS,No,--,--,Z1,--
S0503017,"Tape,medical,paper,2.5cmx5m,roll,PAC-12",Z01,Yes,1000,PAC,No,--,SHORT_LINE,No,0.022,KGM,0.218,DMQ,425,HBW,MEDICAL,No,--,--,--,--
S9902460.10,"NBK, Hospital, Module 1, Medicines",Z02,Yes,1000,EA,No,--,SHORT_LINE,No,22.0,KGM,0.12,MTQ,240,--,PHARMACEUTICALS,No,--,--,Z1,--
W9200025,"Generator, HONDA EU-10i",Z11,Yes,1100,EA,No,--,SHORT_LINE,No,0.0,KGM,0,MTQ,--,HBW,CPH_UNHCR,No,--,--,--,--
W9200022,Mosquito Nets,Z11,Yes,1100,EA,No,--,SHORT_LINE,No,0.539,KGM,0.002,MTQ,--,HBW,CPH_UNHCR,No,--,--,--,--
S1560204,Tranexamic acid 500mg tab/PAC-60,Z01,Yes,1000,EA,No,--,SHORT_LINE,No,0.027,KGM,0.232,DMQ,425,HBW,PHARMACEUTICALS,No,--,--,--,--
S9991044,"PP 1/2 IEHK 2024,Basic Medicine&Renewabl",Z02,Yes,1000,EA,No,--,SHORT_LINE,No,5.0,KGM,0.015,MTQ,425,HBW,PHARMACEUTICALS,No,--,--,--,--
S8794323,"UNICEF T-shirt, long, Female, R-neck, XL",Z01,No,1000,EA,No,--,SHORT_LINE,No,0.274,KGM,1.075,DMQ,--,HBW,--,No,--,--,--,--
S9902460.11,"NBK, Hospital, Module 1, Medicines",Z02,Yes,1000,EA,No,--,SHORT_LINE,No,35.0,KGM,0.16,MTQ,240,--,PHARMACEUTICALS,No,--,--,Z1,--
S9999155,Subkit 1/1 for Nigeria Safe Delivery kit,Z02,Yes,1000,EA,No,--,SHORT_LINE,No,5.5,KGM,0.022,MTQ,425,HBW,PHARMACEUTICALS,No,--,--,Z1,--
S1573002,Metronidazole 500mg/100ml inj bot/BOX-20,Z01,Yes,1000,BOX,No,--,SHORT_LINE,No,3.0,KGM,26.25,DMQ,425,HBW,PHARMACEUTICALS,No,--,--,Z1,--
S1521005,Oseltamivir pdr.o.s 12mg/ml/BOT-75ml,Z01,Yes,1000,BOT,No,--,SHORT_LINE,No,0.17,KGM,0.9,DMQ,425,HBW,PHARMACEUTICALS,No,--,10,Z1,--
S9901229,PP 9/9 F. SUB 2/5 F. S9901026 IEHK2017,Z02,Yes,1000,EA,No,--,SHORT_LINE,No,0.0,KGM,0,MTQ,425,HBW,PHARMACEUTICALS,No,--,10,Z1,--
S1555361,Mebendazole 500mg chew tabs/PAC-200,Z01,Yes,1000,PAC,No,--,SHORT_LINE,Yes,0.283,KGM,1.519,DMQ,425,HBW,PHARMACEUTICALS,No,--,10,Z1,--
S9901151,Immediate Response WASH & Dignity Kit,Z02,Yes,1000,EA,No,--,SHORT_LINE,No,23.0,KGM,0.16,MTQ,425,HBW,PHARMACEUTICALS,No,--,--,--,--
S9993730,PP5/5 f SUB 4/5 S.Sudan18 B.Med S9906733,Z02,Yes,1000,EA,No,--,SHORT_LINE,No,4.0,KGM,0.021,MTQ,425,HBW,PHARMACEUTICALS,No,--,--,Z1,--
S1573001,Metronidazole 500mg/100ml inj bag/BOX-50,Z01,Yes,1000,BOX,No,--,SHORT_LINE,No,6.5,KGM,21.12,DMQ,425,HBW,PHARMACEUTICALS,No,--,--,Z1,--
S9999129,Prepack 1/1 Community Care,Z02,Yes,1000,EA,No,--,MINILOAD,No,5.0,KGM,0.007,MTQ,425,HBW,PHARMACEUTICALS,No,--,--,Z1,--
S9906796,Myanmar GAVI PHS II Kit 2015,Z02,Yes,1000,EA,No,--,SHORT_LINE,No,3.231,KGM,0.025,MTQ,425,HBW,MEDICAL,No,--,--,--,--
S9906795,Myanmar GAVI Renew Items for MW/SC 2015,Z02,Yes,1000,EA,No,--,SHORT_LINE,No,2.0,KGM,0.024,MTQ,425,HBW,MEDICAL,No,--,--,--,--
S0845194,"Cutter, syringe hub",Z01,No,1000,EA,No,--,SHORT_LINE,No,0.15,KGM,2.375,DMQ,--,HBW,--,No,--,--,--,--
S9930001,Survival kit with backpack,Z02,Yes,1000,EA,No,--,SHORT_LINE,No,12.0,KGM,0.136,MTQ,425,HBW,PHARMACEUTICALS,No,--,--,--,--
S9935003,BISSAU TEACHERS KIT,Z02,No,1000,EA,No,--,SHORT_LINE,No,6.0,GRM,15.36,DMQ,--,HBW,--,No,--,--,--,--
S9935010,Basic education kit,Z02,No,1000,EA,No,--,SHORT_LINE,No,440.0,GRM,2.139,DMQ,--,HBW,--,No,--,--,--,--
S9935016,Madagascar CP1-CP2 2015-Kit 20 Students,Z02,No,1000,EA,No,--,SHORT_LINE,No,0.0,KGM,0,MTQ,--,HBW,--,No,--,--,--,--
S1514141,Dexamethasone 4 mg tabs/PAC-10x10,Z01,Yes,1000,PAC,No,--,SHORT_LINE,Yes,0.023,KGM,0.212,DMQ,425,HBW,PHARMACEUTICALS,No,--,--,Z1,--
S9991045,"PP 2/2 IEHK 2024,Basic Medicine&Renewabl",Z02,Yes,1000,EA,No,--,SHORT_LINE,No,5.0,KGM,0.015,MTQ,425,HBW,PHARMACEUTICALS,No,--,--,--,--
S9993740,SUB 6/10 S.Sudan PHCC18  B.Med S9906733,Z02,Yes,1000,EA,No,--,SHORT_LINE,No,25.0,KGM,0.072,MTQ,425,HBW,--,No,--,--,--,--
S0782337,"Syringe,A-D,0.3ml,Medeco Inject/BOX-100",Z01,Yes,1000,BOX,No,--,SHORT_LINE,No,0.349,KGM,3.18,DMQ,425,HBW,MEDICAL,No,--,--,--,--
S0969037,"Cary-Blair,agar,swab,disposable,BOX/500",Z01,Yes,1000,BOX,No,--,SHORT_LINE,No,6.27,KGM,0.515,DMQ,425,HBW,MEDICAL,No,--,--,--,--
S9902440.1,"NBK, Clinic, Module 2, Consumables",Z02,Yes,1000,EA,No,--,VIRTUAL_PACKING,Yes,23.0,KGM,0.192,MTQ,425,--,MEDICAL,No,--,--,--,--
S0782339,"Syringe,A-D,0.5ml,Soloshot Mini/BOX-240",Z01,Yes,1000,BOX,No,--,SHORT_LINE,No,0.29,KGM,2.839,DMQ,425,HBW,MEDICAL,No,--,--,--,--
S0782338,"Syringe, A-D,0.3ml, WUXI/BOX-200",Z01,Yes,1000,BOX,No,--,SHORT_LINE,No,0.737,KGM,5.105,DMQ,425,HBW,MEDICAL,No,--,--,--,--
S0373601,"Tube feed,2 lumen,CH16,L125,ENFit/PAC-10",Z01,Yes,1000,PAC,No,--,SHORT_LINE,No,0.009,KGM,0.12,DMQ,425,HBW,MEDICAL,No,--,--,--,--
S8902067,LDPE bag: 400 x 310 x 0.06 mm/CAR-1000,Z04,No,1000,CAR,No,--,SHORT_LINE,No,0.013,KGM,30,DMQ,--,HBW,--,Yes,--,--,--,--
S0390061,"Airway,Guedel,size4,ster,single use",Z01,Yes,1000,EA,No,--,SHORT_LINE,Yes,0.021,KGM,0.302,DMQ,425,HBW,MEDICAL,No,--,--,--,--
S0390011,"Airway,Guedel,size00,ster,single use",Z01,Yes,1000,EA,No,--,SHORT_LINE,Yes,0.009,KGM,0.185,DMQ,425,HBW,MEDICAL,No,--,--,--,--
S0390051,"Airway,Guedel,size3,ster,single use",Z01,Yes,1000,EA,No,--,SHORT_LINE,Yes,0.016,KGM,0.314,DMQ,425,HBW,MEDICAL,No,--,--,--,--
S5010293,"Flak Jacket, NIJ Level 3A, Unisex Size M",Z01,No,1000,EA,No,--,SHORT_LINE,No,3.09,KGM,45.2,DMQ,--,HBW,--,No,--,--,--,--
S0686502,"Monitor,resp.rate,automated,non-recharg",Z01,Yes,1000,EA,No,--,SHORT_LINE,No,0.19,KGM,0.2,DMQ,425,HBW,MEDICAL,No,--,--,--,9000
S0845149,"MUAC,Child 11.5 Red/PAC-50",Z01,Yes,1000,PAC,No,--,SHORT_LINE,No,0.06,KGM,0.246,DMQ,425,HBW,MEDICAL,No,--,--,--,--
S9202082,"Working trousers cotton, black size 50",Z01,No,1000,EA,No,--,SHORT_LINE,No,0.2,KGM,0.028,DMQ,--,HBW,--,No,--,--,--,--
S9202085,"Working trousers cotton, black size 56",Z01,No,1000,EA,No,--,SHORT_LINE,No,0.2,KGM,0.028,DMQ,--,HBW,--,No,--,--,--,--
S9202086,"Working trousers cotton, black size 58",Z01,No,1000,EA,No,--,SHORT_LINE,No,0.2,KGM,0.028,DMQ,--,HBW,--,No,--,--,--,--
S1993326,"2016 MSF Essential Drugs Guide, Spanish",Z01,No,1000,EA,No,--,SHORT_LINE,Yes,0.474,KGM,1.16,DMQ,--,HBW,--,No,--,--,--,--
S1993329,"2016 MSF Clinical Guidelines, French",Z01,No,1000,EA,No,--,SHORT_LINE,Yes,0.471,KGM,1.05,DMQ,--,HBW,--,No,--,--,--,--
S9906728.1,DRC Health Centre kit 2016,Z02,Yes,1000,EA,No,--,VIRTUAL_PACKING,No,23.0,KGM,0.106,MTQ,425,--,PHARMACEUTICALS,No,--,--,--,--
S9906728.2,DRC Health Centre kit 2016,Z02,Yes,1000,EA,No,--,VIRTUAL_PACKING,No,8.0,KGM,0.064,MTQ,425,--,PHARMACEUTICALS,No,--,--,--,--
S0845026,"Flow meter, 0 # 5 LPM oxygen",Z01,No,1000,EA,No,--,SHORT_LINE,No,0.213,KGM,2,DMQ,--,HBW,--,No,--,--,--,--
S1993328,"2016 MSF Clinical Guidelines, Spanish",Z01,No,1000,EA,No,--,SHORT_LINE,Yes,0.458,KGM,1.008,DMQ,--,HBW,--,No,--,--,--,--
S9999871,"Prepack 2/3 - DRC HCK 2013-V3, S9906727",Z02,Yes,1000,EA,No,--,SHORT_LINE,No,0.9,KGM,0.013,MTQ,425,HBW,MEDICAL,No,--,--,Z1,--
S1543710,Digoxin 0.25mg tabs/PAC-1000,Z01,Yes,1000,PAC,No,--,SHORT_LINE,No,0.22,KGM,0.53,DMQ,425,HBW,PHARMACEUTICALS,No,--,10,Z1,--
S1543753,Bisoprolol fumarate 5mg tabs/PAC-10x10,Z01,Yes,1000,EA,No,--,SHORT_LINE,No,0.04,KGM,0.04,DMQ,425,HBW,PHARMACEUTICALS,No,--,10,Z1,--
S6780190,Tennis balls/SET-3,Z01,No,1000,EA,No,--,SHORT_LINE,No,0.208,KGM,1.432,DMQ,--,HBW,--,No,--,--,--,--
S1555400,Fluconazole 150mg caps/PAC-1,Z01,Yes,1000,PAC,No,--,SHORT_LINE,No,0.014,KGM,0.119,DMQ,425,HBW,PHARMACEUTICALS,No,--,10,Z1,--
S1555900,"Nystatin cream 100,000 IU/g/TBE-30g",Z01,Yes,1000,TBE,No,--,SHORT_LINE,No,0.045,KGM,0.147,DMQ,425,HBW,PHARMACEUTICALS,No,--,10,Z1,--
S1559310,Phenobarbital 50mg tabs/PAC-100       pt,Z01,Yes,1000,PAC,No,--,SHORT_LINE,No,0.02,KGM,0.072,DMQ,425,HBW,PHARMACEUTICALS,No,--,10,Z1,EX2-PSYC.EXP.LIC.
S1564331,Sodium Lactate compound inf 1L/PAC-1,Z01,Yes,1000,EA,No,--,SHORT_LINE,No,1.16,KGM,2.56,DMQ,425,HBW,PHARMACEUTICALS,No,--,10,Z1,--
S1560251,Praziquantel 600mg tabs/PAC-250,Z01,Yes,1000,EA,No,--,SHORT_LINE,No,0.181,KGM,20,DMQ,425,HBW,PHARMACEUTICALS,No,--,10,Z1,--
S1564335,Sodium lactate comp sol inf 500ml/PAC-10,Z01,Yes,1000,EA,No,--,SHORT_LINE,No,5.279,KGM,12.394,DMQ,425,HBW,PHARMACEUTICALS,No,--,10,Z1,--
S5006284,Laundry 1.5kg,Z01,Yes,1000,EA,No,--,SHORT_LINE,No,1.5,KGM,20,DMQ,425,HBW,--,No,--,--,--,--
S1568100,Primaquine base 5mg tabs/PAC-1000,Z01,Yes,1000,PAC,No,--,SHORT_LINE,No,0.13,KGM,2.4,DMQ,425,HBW,PHARMACEUTICALS,No,--,10,Z1,--
S9901029,"IEHK2017,kit,suppl.2-equipment",Z02,Yes,1000,EA,Yes,--,VIRTUAL_PACKING,Yes,49.0,KGM,0.268,MTQ,425,HBW,PHARMACEUTICALS,No,--,--,--,9000
S9901026,"IEHK2017,kit,suppl.1-medicines",Z02,Yes,1000,EA,Yes,--,VIRTUAL_PACKING,No,339.5,KGM,1.322,MTQ,240,HBW,PHARMACEUTICALS,No,--,--,Z1,9001
S1568107,Primaquine base 15mg tabs/PAC-14 x 100,Z01,Yes,1000,EA,No,--,SHORT_LINE,No,0.376,KGM,1.786,DMQ,425,HBW,PHARMACEUTICALS,No,--,10,Z1,--
S1521034,Molnupiravir 200mg caps/PAC-40,Z01,Yes,1000,PAC,No,--,SHORT_LINE,Yes,0.051,KGM,0.516,DMQ,240,HBW,PHARMACEUTICALS,No,--,--,--,--
S6780188,"Bats,f.baseball&cricket/SET-6",Z01,No,1000,EA,No,--,SHORT_LINE,No,0.0,KGM,0,DMQ,--,HBW,--,No,--,--,--,--
S0845042,"Spares kit, Caire 10LPM oxygen concentr",Z01,No,1000,EA,No,--,SHORT_LINE,No,16.0,KGM,0.13,MTQ,--,HBW,--,No,--,--,--,--
S1600000,Nirmatrelvir150+RTV100mg tab/4+2/PAC-5pp,Z01,Yes,1000,PAC,No,--,SHORT_LINE,No,0.05,KGM,0.356,DMQ,425,HBW,PHARMACEUTICALS,No,--,--,Z1,--
S1531701,Loratidine 10mg tablets PAC/100,Z01,Yes,1000,PAC,No,--,SHORT_LINE,Yes,0.055,KGM,0.338,DMQ,425,HBW,PHARMACEUTICALS,No,--,10,Z1,--
S4410002,"Book,exercise,A4,ruled,96pgs, PAC-5",Z01,No,1000,EA,No,--,SHORT_LINE,Yes,1070.0,GRM,2.043,DMQ,--,HBW,--,No,--,--,--,--
S1400646,DTG50+ 3TC300+ TAF25mg tab/PAC-60 No CTN,Z01,Yes,1000,PAC,No,--,SHORT_LINE,No,0.052,KGM,0.15,DMQ,425,HBW,PHARMACEUTICALS,No,--,--,Z1,--
S1300050,Amodiaquine HCL 200mg tabs/PAC-120,Z01,Yes,1000,PAC,No,--,SHORT_LINE,No,0.0,KGM,0,DMQ,425,HBW,PHARMACEUTICALS,No,--,--,Z1,--
S1560201,Phytomenadione 10mg/ml inj. amp/BOX-5,Z01,Yes,1000,BOX,No,--,SHORT_LINE,Yes,30.0,GRM,0.312,DMQ,425,HBW,PHARMACEUTICALS,No,--,10,Z1,--
S1993560,"Teachers guide, English",Z01,No,1000,EA,No,--,SHORT_LINE,No,6.23,KGM,0.005,DMQ,--,HBW,--,No,--,--,--,--
S1300087,Artemeth40mg+Lumefan240mg tabs/3/PAC-1,Z01,Yes,1000,PAC,No,--,SHORT_LINE,No,0.02,KGM,0.77,DMQ,425,HBW,PHARMACEUTICALS,No,--,--,Z1,--
S1300052,Amodiaquine HCL 200mg tabs/PAC-1200,Z01,Yes,1000,PAC,No,--,SHORT_LINE,No,0.0,KGM,0,DMQ,425,HBW,PHARMACEUTICALS,No,--,--,Z1,--
S1300069,Artemether 80mg/ml injection/1ml/BOX-8,Z01,Yes,1000,BOX,No,--,SHORT_LINE,No,0.0,KGM,0,DMQ,425,HBW,PHARMACEUTICALS,No,--,--,Z1,--
S0782329,"Syringe,RUP,5ml,BiPackNdl,Anhui/BOX-100",Z01,Yes,1000,BOX,No,--,SHORT_LINE,Yes,0.872,KGM,7.536,DMQ,425,HBW,MEDICAL,No,--,--,--,--
S1400028,Didanosine 400mg EC caps/PAC-30  gb,Z01,Yes,1000,EA,No,--,SHORT_LINE,No,0.061,KGM,0.283,DMQ,425,HBW,PHARMACEUTICALS,No,--,--,Z1,--
S0782330,"Syringe,RUP,10ml,BiPackNdl,Anhui/BOX-100",Z01,Yes,1000,BOX,No,--,SHORT_LINE,No,1.18,KGM,11.246,DMQ,425,HBW,MEDICAL,No,--,--,--,--
S1505055,Amoxicillin 250mg caps/PAC-1000,Z01,Yes,1000,PAC,No,--,SHORT_LINE,No,0.508,KGM,1.45,DMQ,425,HBW,PHARMACEUTICALS,No,--,10,Z1,--
S1521010,"Aciclovir 30mg/g,ophth.ointment/TBE-4.5g",Z01,Yes,1000,TBE,No,--,SHORT_LINE,No,0.01,KGM,0.03,DMQ,425,HBW,PHARMACEUTICALS,No,--,10,Z1,--
S5006124,"Flyer 1p guide WASH&DignityKit,firstResp",Z01,No,1000,EA,No,--,SHORT_LINE,Yes,1.257,KGM,0.013,MTQ,--,HBW,--,No,--,--,--,--
S9991225,"PP 5/9 F. SUB 2/5 F.  IEHK2017,medicines",Z02,Yes,1000,EA,No,--,MINILOAD,No,0.0,KGM,0,MTQ,425,HBW,PHARMACEUTICALS,No,--,--,Z1,--
S9991121,SUB 1/5 f.S9901026 IEHK2017 part 1,Z02,Yes,1000,EA,No,S9901026,LONG_LINE,Yes,32.0,KGM,0.16,MTQ,240,HBW,PHARMACEUTICALS,No,--,--,Z1,--
S9991223,"PP 3/9 F. SUB 4/5 F. IEHK2017,medicines",Z02,Yes,1000,EA,No,--,MINILOAD,No,0.0,KGM,0,MTQ,425,HBW,PHARMACEUTICALS,No,--,--,Z1,--
S9991228,"PP 8/9 F. SUB 2/5 F. IEHK2017,medicines",Z02,Yes,1000,EA,No,--,MINILOAD,No,0.0,KGM,0,MTQ,240,HBW,PHARMACEUTICALS,No,--,--,Z1,--
S9991229,"PP 9/9 F. SUB 2/5 F. IEHK2017,medicines",Z02,Yes,1000,EA,No,--,MINILOAD,No,0.0,KGM,0,MTQ,425,HBW,PHARMACEUTICALS,No,--,--,Z1,--
S8541500,"Pre-pack Carton,14 cdm",Z01,No,1000,EA,No,--,SHORT_LINE,No,0.35,KGM,2.697,DMQ,--,HBW,--,No,--,--,--,--
S8513830,"Wire,mild steel,0.9mm x 200mm",Z04,No,1000,KG,No,--,SHORT_LINE,No,0.0,KGM,0,DMQ,--,HBW,--,Yes,--,--,--,--
S8541505,"Pre-pack Carton,15 cdm",Z01,No,1000,EA,No,--,SHORT_LINE,No,0.31,KGM,2.152,DMQ,--,HBW,--,No,--,--,--,--
S8550001,"Stencil set,15cm,f. marking of warehouse",Z01,No,1000,EA,No,--,SHORT_LINE,No,1.1,KGM,2.728,DMQ,--,HBW,--,No,--,--,--,--
S0845193,"ID Bracelet,newborn,white/PAC-50",Z01,No,1000,PAC,No,--,SHORT_LINE,No,0.2,KGM,0.64,DMQ,--,HBW,--,No,--,--,--,--
S9902460.5,"NBK, Hospital, Module 1, Medicines",Z02,Yes,1000,EA,No,--,SHORT_LINE,No,40.0,KGM,0.192,MTQ,240,--,PHARMACEUTICALS,No,--,--,Z1,--
S1543222,HumanTetanus Immun 250IU/ml Pf Syr/BOX-1,Z01,Yes,1000,BOX,No,--,SHORT_LINE,No,0.021,KGM,0.092,DMQ,425,HBW,PHARMACEUTICALS,No,--,--,Z1,--
S1514151,Metformin HCl 500mg/PAC-10x10,Z01,Yes,1000,PAC,No,--,SHORT_LINE,No,0.51,KGM,0.5,DMQ,425,HBW,PHARMACEUTICALS,No,--,--,Z1,--
S9906728.4,DRC Health Centre kit 2016,Z02,Yes,1000,EA,No,--,VIRTUAL_PACKING,No,16.62,KGM,0.109,MTQ,425,--,PHARMACEUTICALS,No,--,--,--,--
S1400000,Abacavir 300mg tabs/PAC-60            pp,Z01,Yes,1000,EA,No,--,SHORT_LINE,No,0.075,KGM,1.63,DMQ,425,HBW,PHARMACEUTICALS,No,--,--,Z1,--
S1300086,Artemeth15mg+Lumefan90mg/5ml/120ml/PAC-1,Z01,No,1000,PAC,No,--,SHORT_LINE,No,0.0,KGM,0,DMQ,425,HBW,PHARMACEUTICALS,No,--,--,Z1,--
S9906728.3,DRC Health Centre kit 2016,Z02,Yes,1000,EA,No,--,VIRTUAL_PACKING,No,9.14,KGM,0.046,MTQ,425,--,PHARMACEUTICALS,No,--,--,--,--
S9999132,"Sub 2/6 AWD Kit, Periphery kit,Logistics",Z02,Yes,1000,EA,No,S9903001,LONG_LINE,Yes,18.0,KGM,0.16,MTQ,240,HBW,MEDICAL,No,--,--,--,--
S9999133,"Sub 3/6 AWD Kit, Periphery kit,Logistics",Z02,Yes,1000,EA,No,S9903001,LONG_LINE,Yes,22.0,KGM,0.192,MTQ,240,HBW,MEDICAL,No,--,--,--,--
S0566015,"Infusion Arm Splint, Foldable, Child",Z01,No,1000,EA,No,--,SHORT_LINE,Yes,0.201,KGM,0.828,DMQ,--,HBW,--,No,--,--,--,--
S9999130,Prepack 1/1 AWD community kit drug,Z02,Yes,1000,EA,No,--,MINILOAD,No,5.0,KGM,0.15,DMQ,425,HBW,PHARMACEUTICALS,No,--,--,Z1,--
S1300085,Artemeth15mg+Lumefan90mg/5ml/60ml/PAC-1,Z01,No,1000,PAC,No,--,SHORT_LINE,No,0.0,KGM,0,DMQ,425,HBW,PHARMACEUTICALS,No,--,--,Z1,--
S9999131,"Sub 1/6 AWD Kit, Periphery kit,Logistics",Z02,No,1000,EA,No,S9903001,LONG_LINE,Yes,10.0,KGM,0.106,MTQ,--,HBW,--,No,--,--,--,--
S9999134,"Sub 4/6 AWD Kit, Periphery kit,Logistics",Z02,Yes,1000,EA,No,S9903001,LONG_LINE,Yes,14.0,KGM,0.106,MTQ,240,HBW,PHARMACEUTICALS,No,--,--,--,--
S1505102,Amoxicillin 500mg disp.tab/PAC 10x10,Z01,Yes,1000,EA,No,--,SHORT_LINE,No,0.108,KGM,0.563,DMQ,425,HBW,PHARMACEUTICALS,No,--,10,Z1,--
S9999621,Subkit 1/2 Paediatric kit for Syria 2014,Z02,Yes,1000,EA,No,S9906750,LONG_LINE,No,11.5,KGM,0.048,MTQ,425,HBW,PHARMACEUTICALS,No,--,--,Z1,--
S9996731,S. Sudan PHCC 2018 I sub 1/8 f S9906736,Z02,Yes,1000,EA,No,S9906736,SHORT_LINE,Yes,12.0,KGM,0.031,MTQ,425,HBW,MEDICAL,No,--,--,Z1,--
S1533005,Flucloxacil125mg/5ml pdr/or liq/BOT100ml,Z01,Yes,1000,BOT,No,--,SHORT_LINE,Yes,0.134,KGM,0.701,DMQ,240,HBW,PHARMACEUTICALS,No,--,--,Z1,--
S0782362,"Syringe,A-D,0.5ml,SIP,w/ndl/BOX-100",Z01,Yes,1000,BOX,No,--,SHORT_LINE,No,0.62,KGM,6.688,DMQ,425,HBW,MEDICAL,No,--,--,--,--
S9992473,"SUB 4/10 NBK, Hospital,Module 2,Consum",Z02,Yes,1000,EA,No,S9902470,SHORT_LINE,No,8.5,KGM,0.087,MTQ,425,HBW,MEDICAL,No,--,--,--,--
S1993500,"Book, children's, cardboard, PAC-3pcs",Z01,No,1000,PAC,No,--,SHORT_LINE,No,0.0,KGM,0,DMQ,--,HBW,--,No,--,--,--,--
S1993503,"ECD Kit Activity CARDS, French",Z01,No,1000,PAC,No,--,SHORT_LINE,No,0.0,KGM,0,DMQ,--,HBW,--,No,--,--,--,--
S0845215,"Laryngoscope,neonate,set",Z01,Yes,1000,EA,No,--,SHORT_LINE,Yes,0.705,KGM,6.25,DMQ,425,HBW,MEDICAL,No,--,--,--,9000
S1993501,"Emotion/Color flash cards,PAC-appr.10pcs",Z01,No,1000,PAC,No,--,SHORT_LINE,No,0.0,KGM,0,DMQ,--,HBW,--,No,--,--,--,--
S0305025,"Towel,cotton,tetra,100x100cm",Z01,No,1000,EA,No,--,SHORT_LINE,Yes,0.147,KGM,1.252,DMQ,--,HBW,--,No,--,--,--,--
S1993505,"ECD Kit Activity CARDS, English",Z01,No,1000,PAC,No,--,SHORT_LINE,No,0.0,KGM,0,DMQ,--,HBW,--,No,--,--,--,--
S1993507,"ECD Kit Activity CARDS, Spanish",Z01,No,1000,PAC,No,--,SHORT_LINE,No,0.0,KGM,0,DMQ,--,HBW,--,No,--,--,--,--
S9992471,"SUB 2/10 NBK, Hospital,Module 2,Consum",Z02,Yes,1000,EA,No,S9902470,LONG_LINE,No,24.1,KGM,0.192,MTQ,425,HBW,MEDICAL,No,--,--,--,--
S1993523,"Sensory fabrics, ass.colours, PAC- 12pcs",Z01,No,1000,PAC,No,--,SHORT_LINE,No,0.0,KGM,0,DMQ,--,HBW,--,No,--,--,--,--
S1993526,Musical Instrument # XYLOPHONES,Z01,No,1000,EA,No,--,SHORT_LINE,No,0.0,KGM,0,DMQ,--,HBW,--,No,--,--,--,--
S0521000,"Dusting gun,hand,500g capacity",Z01,No,1000,EA,No,--,SHORT_LINE,No,0.253,KGM,2,DMQ,--,HBW,--,No,--,--,--,--
S0327550,"HE*Gloves,heavy-duty,rubber/nitrile,S",Z01,No,1000,EA,No,--,SHORT_LINE,Yes,0.086,KGM,0.3,DMQ,--,HBW,--,No,--,--,--,--
S0305063,"Boots,rubber/PVC,reusable,pair,size44",Z01,No,1000,EA,No,--,SHORT_LINE,Yes,2.473,KGM,0.011,MTQ,--,HBW,--,No,--,10,--,--
S0481054,"Thermometer, clinical, IR,handheld set",Z01,No,1000,EA,No,--,SHORT_LINE,Yes,0.383,KGM,2.532,DMQ,--,HBW,--,No,--,--,--,9000
S0512600,"Blanket,cotton,baby,90 x 130cm",Z01,No,1000,EA,No,--,SHORT_LINE,No,0.68,KGM,3.52,DMQ,--,HBW,--,No,--,--,--,--
S0327552,"HE*Gloves,heavy-duty,rubber/nitrile,L",Z01,No,1000,EA,No,--,SHORT_LINE,Yes,0.093,KGM,0.3,DMQ,--,HBW,--,No,--,--,--,--
S0551004,"Soap-box,plastic,2-piece",Z01,No,1000,EA,No,--,SHORT_LINE,No,0.05,KGM,0.373,DMQ,--,HBW,--,No,--,--,--,--
S9999989,prepack 3 system-wise (not physical),Z02,No,1000,EA,No,--,SHORT_LINE,Yes,0.01,KGM,0.001,DMQ,--,HBW,--,No,--,--,--,--
S8541100,"Pre-pack Carton,11 cdm",Z01,No,1000,EA,No,--,SHORT_LINE,No,0.218,KGM,1.7,DMQ,--,HBW,--,No,--,--,--,--
S8550002,"Stencil set,30cm,f. marking of warehouse",Z01,No,1000,EA,No,--,SHORT_LINE,No,2.2,KGM,10.8,DMQ,--,HBW,--,No,--,--,--,--
S1559371,Carbamazepine 200mg tabs/PAC-84,Z01,Yes,1000,PAC,No,--,SHORT_LINE,No,0.04,KGM,0.1,DMQ,425,HBW,PHARMACEUTICALS,No,--,10,Z1,--
S0845018,"Pulse oximeter, fingertip, rechargeable",Z01,Yes,1000,EA,No,--,SHORT_LINE,No,0.07,KGM,0.3,DMQ,425,HBW,MEDICAL,No,--,--,--,--
S0845185,"Doppler,FHR detector,w/access",Z01,Yes,1000,EA,No,--,SHORT_LINE,Yes,2.14,KGM,13.249,DMQ,240,HBW,MEDICAL,No,--,--,--,9000
S9906800,Yemen Primary Health Kit 2021-Basic meds,Z02,Yes,1000,EA,Yes,--,VIRTUAL_PACKING,Yes,79.6,KGM,0.318,MTQ,425,HBW,PHARMACEUTICALS,No,--,--,Z1,--
S0845221,"Pulse oximeter, fingertip, class IIb",Z01,Yes,1000,EA,No,--,SHORT_LINE,No,0.195,KGM,1.89,DMQ,425,HBW,MEDICAL,No,--,--,--,--
S1555955,MethadoneHCl 5mg/ml or.sol/BOT-1000ml nt,Z01,Yes,1000,PAC,No,--,SHORT_LINE,No,1.197,KGM,2.623,DMQ,425,HBW,PHARMACEUTICALS,No,--,--,Z1,EX1-NARC.EXP.LIC.
S9906729,DRC Measles Kit 2021,Z02,Yes,1000,EA,Yes,--,VIRTUAL_PACKING,Yes,84.0,KGM,0.365,MTQ,425,HBW,PHARMACEUTICALS,No,--,--,Z1,--
S1555960,Tramadol HCl 50mg/ml 2ml inj amp/PAC-5nt,Z01,Yes,1000,PAC,No,--,SHORT_LINE,No,0.042,KGM,0.22,DMQ,425,HBW,PHARMACEUTICALS,No,--,--,Z1,EX1-NARC.EXP.LIC.
S1555959,Pethidine HCl 50mg/ml 1ml amp/BOX-10 nt,Z01,Yes,1000,BOX,No,--,SHORT_LINE,No,0.066,KGM,0.297,DMQ,425,HBW,PHARMACEUTICALS,No,--,--,Z1,EX1-NARC.EXP.LIC.
S8902061,Labels for mobile printer # Zebra ZQ520,Z04,No,1000,ROL,No,--,SHORT_LINE,Yes,0.112,KGM,15.27,DMQ,--,HBW,--,Yes,--,--,--,--
S9996738,S. Sudan PHCC 2018 I sub 8/8 f S9906736,Z02,Yes,1000,EA,No,S9906736,LONG_LINE,No,15.0,KGM,0.06,MTQ,425,HBW,MEDICAL,No,--,--,--,--
S0782340,"Syringe,A-D,0.5ml,JMI/BOX-100",Z01,Yes,1000,BOX,No,--,SHORT_LINE,No,0.55,KGM,3.906,DMQ,425,HBW,MEDICAL,No,--,--,--,--
S0846022,"Bag,drugs,plastic,6x8,pictogram/PAC-1000",Z01,No,1000,PAC,No,--,SHORT_LINE,Yes,3.843,KGM,9.289,DMQ,--,HBW,--,No,--,--,--,9000
S1568050,Sulfad500mg +Pyrim25mg disp.tab/3/PAC-25,Z01,Yes,1000,EA,No,--,SHORT_LINE,No,0.098,KGM,0.347,DMQ,425,HBW,PHARMACEUTICALS,No,--,10,Z1,--
S0566013,"Razor blade, safety, double-edge",Z01,No,1000,EA,No,--,SHORT_LINE,No,0.003,KGM,5.057,DMQ,--,HBW,--,No,--,--,--,--
S9999136,"Sub 6/6 AWD Kit, Periphery kit,Logistics",Z02,Yes,1000,EA,No,S9903001,LONG_LINE,Yes,25.0,KGM,0.06,MTQ,240,HBW,MEDICAL,No,--,--,--,3481
S9999135,"Sub 5/6 AWD Kit, Periphery kit,Logistics",Z02,Yes,1000,EA,No,S9903001,LONG_LINE,Yes,25.0,KGM,0.06,MTQ,240,HBW,PHARMACEUTICALS,No,--,--,Z1,--
S1400180,Zidovudine 100mg caps/PAC-100         pp,Z01,Yes,1000,EA,No,--,SHORT_LINE,No,0.11,KGM,0,DMQ,425,HBW,PHARMACEUTICALS,No,--,--,Z1,--
S9990042,"Sub 2/2 IEHK2017,kit,basic module",Z02,Yes,1000,EA,No,S9901024,LONG_LINE,Yes,24.0,KGM,0.12,MTQ,240,HBW,PHARMACEUTICALS,No,--,--,Z1,--
S9998834,Prepack  1/4 f S9990042 - (S9901024)IEHK,Z02,Yes,1000,EA,No,--,MINILOAD,No,0.6,KGM,0.014,MTQ,425,HBW,PHARMACEUTICALS,No,--,--,Z1,--
S0145590,"User feedback sheet, IEHK",Z01,No,1000,EA,No,--,SHORT_LINE,Yes,0.015,KGM,62.577,DMQ,--,HBW,--,No,--,--,--,--
S5010200,Lightweight ballistic resistant helmet-L,Z01,No,1000,EA,No,--,SHORT_LINE,No,1.2,KGM,46.683,DMQ,--,HBW,--,No,--,--,--,--
S5010207,"Lightweight,flak jacket,female, L, B-cup",Z01,No,1000,EA,No,--,SHORT_LINE,No,5.0,KGM,46.683,DMQ,--,HBW,--,No,--,--,--,--
S9998838,Prepack  4/4 f S9990042 - (S9901024)IEHK,Z02,Yes,1000,EA,No,--,MINILOAD,No,0.6,KGM,0.014,MTQ,425,HBW,PHARMACEUTICALS,No,--,--,--,--
S9998836,Prepack  3/5 f S9990042 - not in use,Z02,Yes,1000,EA,No,--,MINILOAD,No,0.6,KGM,0.014,MTQ,425,HBW,PHARMACEUTICALS,No,--,--,Z1,--
S5010216,"Lightweight,flak jacket,male, XL",Z01,No,1000,EA,No,--,SHORT_LINE,No,5.2,KGM,46.683,DMQ,--,HBW,--,No,--,--,--,--
S9901122,SUB 3/5 f.S9901026 IEHK2017 part 3,Z02,Yes,1000,EA,No,--,LONG_LINE,No,31.6,KGM,0.12,MTQ,425,HBW,PHARMACEUTICALS,No,--,--,Z1,--
S0305024,"Towel,cotton,tetra,100x100cm",Z01,Yes,1000,EA,No,--,SHORT_LINE,No,0.147,KGM,1.252,DMQ,425,HBW,MEDICAL,No,--,--,--,--
S0990007,"Body bag,infection control,adult",Z01,Yes,1000,EA,No,--,SHORT_LINE,No,1.671,KGM,8.867,DMQ,425,HBW,MEDICAL,No,--,--,--,--
S9901120,SUB 1/5 f.S9901026 IEHK2017 part 1,Z02,Yes,1000,EA,No,--,LONG_LINE,No,31.7,KGM,0.192,MTQ,425,HBW,PHARMACEUTICALS,No,--,--,Z1,--
S9902700,"Clean Delivery Kit, BOX-50",Z02,Yes,1000,EA,No,--,SHORT_LINE,Yes,26.0,KGM,0.106,MTQ,425,HBW,PHARMACEUTICALS,No,--,--,--,--
S9901121,SUB 2/5 f.S9901026 IEHK2017 part 2,Z02,Yes,1000,EA,No,--,LONG_LINE,No,33.5,KGM,0.192,MTQ,425,HBW,PHARMACEUTICALS,No,--,--,Z1,--
S5010215,"Lightweight,flak jacket,male, S",Z01,No,1000,EA,No,--,SHORT_LINE,No,4.0,KGM,46.683,DMQ,--,HBW,--,No,--,--,--,--
S9935097,"School-in-a-box,40 students, 2016",Z02,No,1000,EA,No,--,SHORT_LINE,Yes,48.0,KGM,0.12,MTQ,--,HBW,--,No,--,--,--,--
S1400068,Efavirenz 600mg tabs/PAC-30           pb,Z01,Yes,1000,EA,No,--,SHORT_LINE,No,0.092,KGM,0.26,DMQ,425,HBW,PHARMACEUTICALS,No,--,--,Z1,--
S1400088,Indinavir 400mg tabs/PAC-100 gp,Z01,Yes,1000,EA,No,--,SHORT_LINE,No,0.085,KGM,0.437,DMQ,425,HBW,PHARMACEUTICALS,No,--,--,Z1,--
S0305072,"Gown,surgic,sterile,nonwoven,STD,disp,L",Z01,Yes,1000,EA,No,--,SHORT_LINE,Yes,0.215,KGM,2,DMQ,425,HBW,MEDICAL,No,--,10,--,--
S1400135,Ritonavir 100mg caps/PAC-4x84         pb,Z01,Yes,1000,EA,No,--,SHORT_LINE,No,8.195,KGM,22.3,DMQ,425,HBW,PHARMACEUTICALS,No,--,--,Z1,--
S1400197,Zidovudine 300mg tabs/PAC-8 gp,Z01,Yes,1000,EA,No,--,SHORT_LINE,No,0.044,KGM,0.226,DMQ,425,HBW,PHARMACEUTICALS,No,--,--,Z1,--
S1400300,Zidovudine 300mg tabs/PAC-28 pp,Z01,Yes,1000,EA,No,--,SHORT_LINE,No,0.055,KGM,0.2,DMQ,425,HBW,PHARMACEUTICALS,No,--,--,Z1,--
S1555653,Metronidazole 250mg tabs PAC/10x10,Z01,Yes,1000,EA,No,--,SHORT_LINE,Yes,0.076,KGM,0.356,DMQ,425,HBW,PHARMACEUTICALS,No,--,10,Z1,--
S1400513,3TC150mg+NVP200mg+d4T30mg tabs/PAC-60 gb,Z01,Yes,1000,EA,No,--,SHORT_LINE,No,0.081,KGM,0.258,DMQ,425,HBW,PHARMACEUTICALS,No,--,--,Z1,--
S1400528,3TC150mg+NVP200mg+AZT300mg tabs/PAC-30gb,Z01,Yes,1000,EA,No,--,SHORT_LINE,No,0.07,KGM,0.225,DMQ,425,HBW,PHARMACEUTICALS,No,--,--,Z1,--
S1400653,Dolutegravir 50mg tabs/PAC-30 gb,Z01,Yes,1000,EA,No,--,SHORT_LINE,Yes,0.135,KGM,0.448,DMQ,425,HBW,PHARMACEUTICALS,No,--,--,Z1,--
S1555652,Metronidazole 500mg tabs PAC/10x10,Z01,Yes,1000,EA,No,--,SHORT_LINE,Yes,0.17,KGM,1.457,DMQ,425,HBW,PHARMACEUTICALS,No,--,10,Z1,--
S1400529,3TC150mg+NVP200mg+AZT300mg tabs,Z01,Yes,1000,EA,No,--,SHORT_LINE,No,0.07,KGM,0.225,DMQ,425,HBW,PHARMACEUTICALS,No,--,--,Z1,--
S9203383,"Working trousers, khaki/beige size 52",Z01,No,1000,EA,No,--,SHORT_LINE,No,0.2,KGM,0.028,DMQ,--,HBW,--,No,--,--,--,--
S1400574,EFV600mg&[3TC150mg+AZT300mg]1+2/PAC-15gp,Z01,Yes,1000,EA,No,--,SHORT_LINE,No,0.0,KGM,0,DMQ,425,HBW,PHARMACEUTICALS,No,--,--,Z1,--
S1400572,EFV600mg&[3TC150mg+AZT300mg]1+2/PAC-30gp,Z01,Yes,1000,EA,No,--,SHORT_LINE,No,0.0,KGM,0,DMQ,425,HBW,PHARMACEUTICALS,No,--,--,Z1,--
S0145806,"Biscuit,high energy/protein,CAR / 400g",Z01,Yes,1000,CAR,No,--,SHORT_LINE,No,6.4,KGM,26,DMQ,425,HBW,PHARMACEUTICALS,No,--,--,--,--
S9935065,"ECD kit-in-a-carton, 2016",Z02,No,1000,EA,No,--,LONG_LINE,Yes,34.25,KGM,0.12,MTQ,--,HBW,--,No,--,--,--,--
S6780319,Loperamide 2 mg tablets PAC/100,Z01,Yes,1000,PAC,No,--,SHORT_LINE,No,0.0,GRM,0,DMQ,425,HBW,PHARMACEUTICALS,No,--,--,--,--
S1185086,ULF Stirling ULT25NEU,Z01,No,1000,EA,No,--,SHORT_LINE,No,24.0,KGM,190,DMQ,--,HBW,--,No,--,--,--,--
S9906801,Yemen Primary Health Kit2021-consumables,Z02,Yes,1000,EA,No,--,LONG_LINE,Yes,16.0,KGM,0.16,MTQ,425,HBW,PHARMACEUTICALS,No,--,--,--,--
S0990005,"Body bag,adult",Z01,Yes,1000,EA,No,--,SHORT_LINE,No,25.0,KGM,0.07,MTQ,425,HBW,MEDICAL,No,--,--,--,--
S9906738,"South Sudan, Health Emergency Kit, basic",Z02,Yes,1000,EA,No,S9906735,LONG_LINE,No,0.0,KGM,0,MTQ,425,HBW,PHARMACEUTICALS,No,--,--,Z1,--
S1552437,Captopril 25mg tabs/PAC-10x10,Z01,Yes,1000,PAC,No,--,SHORT_LINE,No,0.053,KGM,0.3,DMQ,425,HBW,PHARMACEUTICALS,No,--,--,Z1,--
S9906802,Yemen Primary Health Kit 2021-Suppl meds,Z02,Yes,1000,EA,No,--,LONG_LINE,Yes,25.0,KGM,0.12,MTQ,425,HBW,PHARMACEUTICALS,No,--,--,Z1,--
S0150000,"Stand,infusion,double hook,on castors",Z01,No,1000,EA,No,--,SHORT_LINE,No,5.0,KGM,0.004,MTQ,--,HBW,--,No,--,--,--,--
S5031031,Glow(Light) stick,Z01,No,1000,EA,No,--,SHORT_LINE,No,0.0,KGM,0.157,MTQ,--,HBW,--,No,--,--,--,--
S0990008,"Body bag,infection control,child",Z01,Yes,1000,EA,No,--,SHORT_LINE,No,1.178,KGM,5.775,DMQ,425,HBW,MEDICAL,No,--,--,--,--
S1400641,ABC60mg+3TC30mg disp. tabs/PAC-60     gp,Z01,Yes,1000,EA,No,--,SHORT_LINE,No,0.0,KGM,0,DMQ,425,HBW,PHARMACEUTICALS,No,--,--,Z1,--
S1400674,Abacavir oral sol.20mg/ml/BOT-100ml   gb,Z01,Yes,1000,EA,No,--,SHORT_LINE,No,0.0,KGM,0,DMQ,425,HBW,PHARMACEUTICALS,No,--,--,Z1,--
S1400666,3TC 300mg tabs/PAC-30                 gb,Z01,Yes,1000,EA,No,--,SHORT_LINE,No,0.0,KGM,0,DMQ,425,HBW,PHARMACEUTICALS,No,--,--,Z1,--
S0774750,"Scissors,umbilical cord,b/b,sterile",Z01,Yes,1000,EA,No,--,SHORT_LINE,Yes,0.057,KGM,0.192,DMQ,425,HBW,MEDICAL,No,--,--,--,--
S9901048,"IEHK 2024,Suppl. Malaria UNIT",Z02,Yes,1000,EA,Yes,--,VIRTUAL_PACKING,No,80.0,KGM,0.437,MTQ,425,HBW,PHARMACEUTICALS,No,--,--,Z1,--
S9901050,"IEHK 2024,Suppl. Renewable UNIT",Z02,Yes,1000,EA,No,--,SHORT_LINE,No,810.0,KGM,4.4,MTQ,240,HBW,PHARMACEUTICALS,No,--,--,--,--
S6780202,Phenobarb.200mg/ml inj 1ml amp/BOX-10 pt,Z01,Yes,1000,BOX,No,--,SHORT_LINE,No,0.0,KGM,0,DMQ,425,HBW,PHARMACEUTICALS,No,--,--,Z1,EX2-PSYC.EXP.LIC.
S6780225,"Mask,surgical,disp/BOX-50",Z01,No,1000,BOX,No,--,SHORT_LINE,No,0.0,GRM,0,DMQ,--,HBW,--,No,--,--,--,--
S6780228,"Thermometer,infrared,handheld",Z01,No,1000,EA,No,--,SHORT_LINE,No,0.0,GRM,0,DMQ,--,HBW,--,No,--,--,--,--
S1560834,Compound Sodium Lact 500ml bot GS/BOX-20,Z01,Yes,1000,EA,No,--,SHORT_LINE,Yes,12.846,KGM,38.617,DMQ,425,HBW,PHARMACEUTICALS,No,--,10,Z1,--
S1568047,Sulfado500mg +Pyrimeth25mg tab/3/PAC-100,Z01,Yes,1000,EA,No,--,SHORT_LINE,No,0.57,KGM,4.2,DMQ,425,HBW,PHARMACEUTICALS,No,--,10,Z1,--
S1562016,Salbutamol 4mg tablets /PAC-10x10,Z01,Yes,1000,PAC,No,--,SHORT_LINE,Yes,0.043,KGM,0.255,DMQ,425,HBW,PHARMACEUTICALS,No,--,10,Z1,--
S1568049,Sulfad250 +Pyrim12.5mg disp.tab/3/PAC-25,Z01,Yes,1000,EA,No,--,SHORT_LINE,No,0.07,KGM,0.347,DMQ,425,HBW,PHARMACEUTICALS,No,--,10,Z1,--
S1505115,"Co-amoxiclav 250mg+62,5mg DT PAC-5x10",Z01,Yes,1000,EA,No,--,SHORT_LINE,Yes,0.101,KGM,0.829,DMQ,240,HBW,PHARMACEUTICALS,No,--,10,Z1,--
S8920076,"Pallet, wooden one-way pallet,EURO size",Z04,No,1000,EA,No,--,SHORT_LINE,Yes,0.001,KGM,0,MTQ,--,HBW,--,Yes,--,--,--,--
S9994833,"not in use S Sudan,PHCU Kit2018 S9906734",Z02,Yes,1000,EA,No,--,LONG_LINE,No,4.0,KGM,0.03,MTQ,425,HBW,PHARMACEUTICALS,No,--,--,--,--
S9906732,DPRK Household Doctors Kit 2018,Z02,Yes,1000,EA,No,--,LONG_LINE,Yes,13.0,KGM,0.079,MTQ,425,HBW,PHARMACEUTICALS,No,--,--,Z1,1950
S9901029.2,"IEHK2017,kit,suppl.2-equipment",Z02,Yes,1000,EA,No,--,VIRTUAL_PACKING,Yes,13.0,KGM,0.076,MTQ,425,HBW,PHARMACEUTICALS,No,--,--,--,--
S0782361,"Syringe,A-D,0.3ml,SIP,w/ndl/BOX-100",Z01,Yes,1000,BOX,No,--,SHORT_LINE,No,0.59,KGM,3.065,DMQ,425,HBW,MEDICAL,No,--,--,--,--
S9901029.1,"IEHK2017,kit,suppl.2-equipment",Z02,Yes,1000,EA,No,--,VIRTUAL_PACKING,Yes,36.0,KGM,0.192,MTQ,425,HBW,PHARMACEUTICALS,No,--,--,--,--
S0782363,"Syringe,A-D,BCG,0.05ml,SIP,w/ndl/BOX-100",Z01,Yes,1000,BOX,No,--,SHORT_LINE,No,0.43,KGM,3.5,DMQ,425,HBW,MEDICAL,No,--,--,--,--
S0845030,"Oxygen Analyzer, electrochem , handheld",Z01,Yes,1000,EA,No,--,SHORT_LINE,No,0.77,KGM,4,DMQ,425,HBW,MEDICAL,No,--,--,--,2922
S9991050,"IEHK 2024,Suppl. Malaria UNIT SUB 3/4",Z02,Yes,1000,EA,No,S9901048,LONG_LINE,No,18.0,KGM,0.12,MTQ,425,HBW,PHARMACEUTICALS,No,--,--,--,--
S0327499,"Gloves,surg,pwdfree,6,ster,s.u.,pair",Z01,Yes,1000,EA,No,--,SHORT_LINE,No,0.04,KGM,0.2,DMQ,425,HBW,MEDICAL,No,--,--,--,--
S9994732,"Sub2/8 South Sudan,PHCU Kit2018 S9906734",Z02,Yes,1000,EA,No,S9906734,LONG_LINE,Yes,18.36,KGM,0.12,MTQ,240,HBW,PHARMACEUTICALS,No,--,--,Z1,--
S9005301,"Double-wall ctn.50x30x35 cm, 0.053 m3",Z04,No,1000,EA,No,--,SHORT_LINE,Yes,1.571,KGM,0.018,MTQ,--,HBW,--,Yes,0.052,--,--,--
S0709236,"Needle scalp vein 21G, ster, disp,BOX-50",Z01,Yes,1000,EA,No,--,SHORT_LINE,Yes,0.272,KGM,3.207,DMQ,425,HBW,MEDICAL,No,--,--,--,--
S0709237,"Needle scalp vein 25G, ster, disp,BOX-50",Z01,Yes,1000,EA,No,--,SHORT_LINE,Yes,0.27,KGM,3.207,DMQ,425,HBW,MEDICAL,No,--,--,--,--
S5006122,"WASH&DignityKit,firstResp,1HH,noPurifTab",Z01,Yes,1000,EA,No,--,SHORT_LINE,Yes,6.968,KGM,47.131,DMQ,425,HBW,MEDICAL,No,--,--,--,--
S9994731,"Sub1/8 South Sudan,PHCU Kit2018 S9906734",Z02,Yes,1000,EA,No,S9906734,SHORT_LINE,Yes,19.0,KGM,0.16,MTQ,240,HBW,PHARMACEUTICALS,No,--,--,Z1,--
S1514148,Prednisolone 5mg tabs/PAC-10x10,Z01,Yes,1000,PAC,No,--,SHORT_LINE,Yes,0.037,KGM,0.259,DMQ,425,HBW,PHARMACEUTICALS,No,--,--,Z1,--
S0305156,"Mask,highfil,FFP2/N95/KN95,novalve,PAC50",Z01,Yes,1000,PAC,No,--,SHORT_LINE,Yes,0.424,KGM,5.882,DMQ,425,HBW,MEDICAL,No,--,--,--,--
S9992475,"SUB 6/10 NBK, Hospital,Module 2,Consum",Z02,Yes,1000,EA,No,S9902470,SHORT_LINE,No,10.6,KGM,0.16,MTQ,425,HBW,MEDICAL,No,--,--,--,--
S0370131,"Face mask, venturi, child, single use",Z01,Yes,1000,EA,No,--,SHORT_LINE,Yes,0.122,KGM,1.168,DMQ,425,HBW,MEDICAL,No,--,--,--,--
S9992414,"PP 1/2 NBK, Hospital,Module 2,Consum",Z02,Yes,1000,EA,No,--,MINILOAD,No,0.0,KGM,0,MTQ,425,HBW,MEDICAL,No,--,--,--,--
S1802220,Solar Lamp with Phone Charger,Z01,Yes,1000,EA,No,--,SHORT_LINE,No,0.857,KGM,0.006,MTQ,425,HBW,CPH_UNHCR,No,--,--,--,3481
S1993700,Atovaq250mg+Progua100mg tab info leaflet,Z01,No,1000,EA,No,--,SHORT_LINE,No,0.0,KGM,0,DMQ,--,HBW,--,No,--,--,--,--
S1993701,Info content EVD staff kit-replenishment,Z01,No,1000,EA,No,--,SHORT_LINE,No,0.0,KGM,0,DMQ,--,HBW,--,No,--,--,--,--
S2000402,"Hotplate,electric,2-burner,220V",Z01,No,1000,EA,No,--,SHORT_LINE,No,5.984,KGM,20.832,DMQ,--,HBW,--,No,--,--,--,--
S2000100,Golden Bow lapel pins/BAG-100,Z01,No,1000,BAG,No,--,SHORT_LINE,No,0.0,KGM,0,DMQ,--,HBW,--,No,--,--,--,--
S9901153,"WASH&DignityKit,firstResp,5HH,wPurifTab",Z02,Yes,1000,EA,No,--,LONG_LINE,Yes,35.043,KGM,0.192,MTQ,425,HBW,PHARMACEUTICALS,No,--,--,Z1,--
S1559308,Phenobarb Sod 30mg/ml 1ml amp/BOX-10 pt,Z01,Yes,1000,BOX,No,--,SHORT_LINE,No,0.047,KGM,0.231,DMQ,425,HBW,PHARMACEUTICALS,No,--,--,Z1,EX2-PSYC.EXP.LIC.
S9999152,Prepack 2/4 Nigeria Kit 2017,Z02,Yes,1000,EA,No,--,MINILOAD,No,5.0,KGM,0.02,MTQ,240,HBW,PHARMACEUTICALS,No,--,--,Z1,--
S9999150,Prepack 1/1 Mozambique  Kit 2016,Z02,Yes,1000,EA,No,--,MINILOAD,No,5.0,KGM,0.015,MTQ,240,HBW,PHARMACEUTICALS,No,--,--,Z1,--
S9999887,Bag 1/1 Myanmar MW/SC 2015 ? S9906795,Z02,Yes,1000,EA,No,--,BAGGING_LINE,No,1.0,KGM,0.01,MTQ,425,HBW,MEDICAL,No,--,--,--,--
S0845006,"Bulb, suction, neonatal, reusable",Z01,No,1000,EA,No,--,SHORT_LINE,Yes,0.106,KGM,0.923,DMQ,--,HBW,--,No,--,--,--,--
S7912030,"SUB 2/6 IEHK2017,kit,suppl.3-ren ECHO",Z02,Yes,1000,EA,No,S7901030,LONG_LINE,No,20.0,KGM,0.12,MTQ,425,HBW,PHARMACEUTICALS,No,--,--,--,--
S7915030,"SUB 5/6 IEHK2017,kit,suppl.3-ren ECHO",Z02,Yes,1000,EA,No,S7901030,LONG_LINE,No,20.0,KGM,0.12,MTQ,425,HBW,PHARMACEUTICALS,No,--,--,--,--
S9993736,PP1/5 f SUB 1/5 S.Sudan18 B.Med S9906733,Z02,Yes,1000,EA,No,--,MINILOAD,No,4.0,KGM,0.021,MTQ,240,HBW,PHARMACEUTICALS,No,--,--,Z1,--
S7914030,"SUB 4/6 IEHK2017,kit,suppl.3-ren ECHO",Z02,Yes,1000,EA,No,S7901030,LONG_LINE,No,20.0,KGM,0.12,MTQ,425,HBW,PHARMACEUTICALS,No,--,--,--,--
S0782165,"Syringe,RUP,5ml,fixed ndl,medeco/BOX-100",Z01,Yes,1000,BOX,No,--,SHORT_LINE,Yes,0.84,KGM,6.299,DMQ,425,HBW,MEDICAL,No,--,--,--,--
S1993561,"Teachers guide, French",Z01,No,1000,EA,No,--,SHORT_LINE,No,6.7,KGM,0.005,DMQ,--,HBW,--,No,--,--,--,--
S1555211," Lidocaine 2%+Adren1:100,000 20ml/BOX-50",Z01,Yes,1000,BOX,No,--,SHORT_LINE,No,1.7,KGM,3.54,DMQ,425,HBW,PHARMACEUTICALS,No,--,--,Z1,--
S1555212,Propofol 10 mg/ml (1%) 20ml amp/BOX-5,Z01,Yes,1000,BOX,No,--,SHORT_LINE,No,0.188,KGM,0.534,DMQ,425,HBW,PHARMACEUTICALS,No,--,--,Z1,--
S1586060,Arsenic triox 2mg/ml inj 6ml vl/BOX-10,Z01,Yes,1000,BOX,No,--,SHORT_LINE,No,0.022,KGM,0.366,DMQ,425,HBW,PHARMACEUTICALS,No,--,--,Z1,--
S9995731,SUB 1/9 SSPHCC Kit 2018-Injecta S9906735,Z02,Yes,1000,EA,No,S9906735,LONG_LINE,Yes,21.5,KGM,0.079,MTQ,425,HBW,PHARMACEUTICALS,No,--,--,--,--
S9995734,SUB 4/9 SSPHCC Kit 2018-Injecta S9906735,Z02,Yes,1000,EA,No,S9906735,LONG_LINE,Yes,17.0,KGM,0.079,MTQ,425,HBW,PHARMACEUTICALS,No,--,--,--,--
S0782169,"Syringe,RUP,5ml,bi-pack-ndl,BD/BOX-100",Z01,Yes,1000,BOX,No,--,SHORT_LINE,No,0.626,KGM,4.75,DMQ,425,HBW,MEDICAL,No,--,--,--,--
S0782168,"Syringe,RUP,10ml,bi-pack-ndl,BD/BOX-100",Z01,Yes,1000,BOX,No,--,SHORT_LINE,No,0.55,KGM,4.817,DMQ,425,HBW,MEDICAL,No,--,--,--,--
S0305124,Hood protection CatIII,Z01,No,1000,EA,No,--,SHORT_LINE,Yes,0.049,KGM,0,MTQ,--,HBW,--,No,--,--,--,--
S9935090,"Syria Paediatric Kit, 2019",Z02,Yes,1000,EA,No,--,LONG_LINE,Yes,30.0,KGM,0.16,MTQ,240,HBW,PHARMACEUTICALS,No,--,--,Z1,9001
S2657210,"Poster paper,assorted colors/PAC-50",Z01,No,1000,PAC,No,--,SHORT_LINE,Yes,2.132,KGM,4.437,DMQ,--,HBW,--,No,--,--,--,--
S7981029,"SUB 1/2 IEHK2017,kit,suppl.2-equipm ECHO",Z02,Yes,1000,EA,No,S7901029,LONG_LINE,No,32.0,KGM,192,MTQ,425,HBW,PHARMACEUTICALS,No,--,--,--,--
S1514133,Azithromycin 500 mg tabs/PAC1x3,Z01,Yes,1000,PAC,No,--,SHORT_LINE,No,0.03,KGM,0.04,DMQ,425,HBW,PHARMACEUTICALS,No,--,--,Z1,--
S0782394,"Syringe,disp,10ml,ster/BOX-50",Z01,Yes,1000,BOX,No,--,SHORT_LINE,No,0.66,KGM,3.647,DMQ,425,HBW,MEDICAL,No,--,--,--,--
S0845011,"Timer,for respiration,ARI (mark 2)",Z01,No,1000,EA,No,--,SHORT_LINE,Yes,0.061,KGM,0.4,DMQ,--,HBW,--,No,--,--,--,3091
S9993739,PP4/5 f SUB 3/5 S.Sudan18 B.Med S9906733,Z02,Yes,1000,EA,No,--,MINILOAD,No,4.0,KGM,0.021,MTQ,425,HBW,PHARMACEUTICALS,No,--,--,Z1,--
S0782396,"Cannula,IV short,20G, ster,disp,box-100",Z01,Yes,1000,BOX,No,--,SHORT_LINE,No,0.0,KGM,0,DMQ,425,HBW,MEDICAL,No,--,--,--,--
S1552451,Lisinopril 10/HCTZ 12.5mg tabs/PAC-3x10,Z01,Yes,1000,PAC,No,--,SHORT_LINE,No,0.025,KGM,0.3,DMQ,425,HBW,PHARMACEUTICALS,No,--,--,Z1,--
S0782332,"Syringe,RUP,2ml,fixed ndl,Amson/BOX-100",Z01,Yes,1000,BOX,No,--,SHORT_LINE,No,0.659,KGM,5.04,DMQ,425,HBW,MEDICAL,No,--,--,--,--
S1562043,Beclometha100mcg/dose inh 200doses/PAC-1,Z01,Yes,1000,PAC,No,--,SHORT_LINE,No,0.047,KGM,0.17,DMQ,425,HBW,PHARMACEUTICALS,No,--,--,Z1,1950
S1562042,Aminophyllin 25mg/ml inj 10ml amp/BOX-10,Z01,Yes,1000,BOX,No,--,SHORT_LINE,No,0.155,KGM,0.371,DMQ,425,HBW,PHARMACEUTICALS,No,--,--,Z1,--
S0782397,"Syringe,disp,10ml,w/ndl,21G/BOX-50",Z01,Yes,1000,BOX,No,--,SHORT_LINE,No,0.74,KGM,4.416,DMQ,425,HBW,MEDICAL,No,--,--,--,--
S1552450,Isosorbide dinitrate 5mg SL tab/PAC10x10,Z01,Yes,1000,PAC,No,--,SHORT_LINE,No,0.025,KGM,0.21,DMQ,425,HBW,PHARMACEUTICALS,No,--,--,Z1,--
S9999973,Sub 5/10 Obstetric S9908300(i) part 5,Z02,Yes,1000,EA,No,S9908300,SHORT_LINE,Yes,18.0,KGM,0.035,MTQ,240,HBW,PHARMACEUTICALS,No,--,--,Z1,--
S1552454,Lisinopril 20mg tabs/PAC-2x14,Z01,Yes,1000,PAC,No,--,SHORT_LINE,No,0.016,KGM,0.093,DMQ,425,HBW,PHARMACEUTICALS,No,--,--,Z1,--
S2555000,"Scissors,safety,school,B/B,135mm",Z01,No,1000,EA,No,--,SHORT_LINE,No,0.033,KGM,0.027,DMQ,--,HBW,--,No,--,--,--,--
S4325495,"Flipchart easel,70x100,tripod,adjustable",Z01,No,1000,EA,No,--,SHORT_LINE,No,7.8,KGM,89.208,DMQ,--,HBW,--,No,--,--,--,--
S4325603,"US standard Manila Folder, BOX 100",Z01,No,1000,EA,No,--,SHORT_LINE,No,0.048,KGM,0.137,DMQ,--,HBW,--,No,--,--,--,--
S4416405,"Chalk,calcium carbonate,white/BOX-10",Z01,No,1000,BOX,No,--,SHORT_LINE,No,0.105,KGM,0.175,DMQ,--,HBW,--,No,--,--,--,--
S4410091,"Book,exercise,A5,Seyes 2mm,48pgs,NO LOGO",Z01,No,1000,PAC,No,--,SHORT_LINE,No,1.234,KGM,600,CMQ,--,HBW,--,No,--,--,--,--
S4492130,"ECD Activity Guide, ECD kit,Spanish",Z01,No,1000,EA,No,--,SHORT_LINE,No,0.5,KGM,1700,CMQ,--,HBW,--,No,--,--,--,--
S0904991,"Test strip, urine, 10 parameter, box/100",Z01,Yes,1000,EA,No,--,SHORT_LINE,Yes,0.15,KGM,0.15,DMQ,425,HBW,MEDICAL,No,--,--,--,--
S1993902,Poster-Reconstitutn -artesunate inj -Por,Z01,No,1000,EA,No,--,SHORT_LINE,No,0.009,KGM,0.001,MTQ,--,HBW,--,No,--,--,--,--
S1993900,Poster-Reconstitutn -artesunate inj -Eng,Z01,No,1000,EA,No,--,SHORT_LINE,No,0.009,KGM,0.025,DMQ,--,HBW,--,No,--,--,--,--
S4552000,"Pencil sharpener,plastic",Z01,No,1000,EA,No,--,SHORT_LINE,No,3.0,GRM,0.014,DMQ,--,HBW,--,No,--,--,--,--
S8513711,"Polyethylene film,roll of 500 metres",Z04,No,1000,ROL,No,--,SHORT_LINE,No,23.5,KGM,36.9,DMQ,--,HBW,--,Yes,--,--,--,--
S5001003,"Bag, biodegradable",Z01,No,1000,EA,No,--,SHORT_LINE,No,0.744,KGM,1.497,DMQ,--,HBW,--,No,--,--,--,--
S5001007,"A4 plastic envelope,  pac-40",Z01,No,1000,PAC,No,--,SHORT_LINE,No,0.0,KGM,22.865,DMQ,--,HBW,--,No,--,--,--,--
S5006000,"Hygiene kit,baby",Z01,Yes,1000,EA,No,--,SHORT_LINE,No,9.35,KGM,0,DMQ,425,HBW,--,No,--,--,--,--
S5005500,"Chair,folding,steel",Z01,No,1000,EA,No,--,SHORT_LINE,No,4.675,KGM,25.392,DMQ,--,HBW,--,No,--,--,--,--
S8513895,"Tapemeasure,30m",Z01,No,1000,EA,No,--,SHORT_LINE,No,0.4,KGM,1.428,DMQ,--,HBW,--,No,--,--,--,--
S8513898,"Multi knife,foldable",Z04,No,1000,EA,No,--,SHORT_LINE,No,0.3,KGM,0.294,DMQ,--,HBW,--,Yes,--,--,--,--
S8760016,"Japan ODA stickers,108 x 108mm",Z01,No,1000,EA,No,--,SHORT_LINE,No,10.0,GRM,0.003,DMQ,--,HBW,--,No,--,--,--,--
S8721540,"Official UNICEF receipt/CRV,154/BOX-100",Z01,No,1000,BOX,No,--,SHORT_LINE,No,0.77,KGM,1.404,DMQ,--,HBW,--,No,--,--,--,--
S8514101,Divider for S8514100,Z01,No,1000,EA,No,--,SHORT_LINE,No,0.054,KGM,0,MTQ,--,HBW,--,No,--,--,--,--
S0305070,"Gown,isol,nonwoven,ligt,ISO16604,disp,L",Z01,No,1000,EA,No,--,SHORT_LINE,Yes,0.45,KGM,0.032,MTQ,--,HBW,--,No,--,10,--,--
S0305076,"Gown,surgic,sterile,nonwoven,STD,disp,XL",Z01,Yes,1000,EA,No,--,SHORT_LINE,Yes,0.215,KGM,2,DMQ,425,HBW,MEDICAL,No,--,10,--,--
S6780348,"Hand sanitizer, Alcohol >60%, 150ml",Z01,Yes,1000,EA,No,--,SHORT_LINE,No,0.2,KGM,0.25,DMQ,425,HBW,MEDICAL,No,--,--,Z1,1170
S0584501,HCG urine pregnancy test cassette pack/1,Z01,Yes,1000,EA,No,--,SHORT_LINE,Yes,0.027,KGM,0.301,DMQ,240,HBW,MEDICAL,No,--,--,Z1,--
S0845012,"Pulseoximeter,spot-check,w/accessories",Z01,No,1000,EA,No,--,SHORT_LINE,Yes,0.181,KGM,1.087,DMQ,--,HBW,--,No,--,--,--,9000
S1300078,Artemeth40mg+Lumefan240mg tabs/6/PAC-1,Z01,Yes,1000,PAC,No,--,SHORT_LINE,No,0.0,KGM,0,DMQ,425,HBW,PHARMACEUTICALS,No,--,--,Z1,--
S0305159,"Mask,surgic,typeIIR,Biodeg./PAC-50",Z01,Yes,1000,EA,No,--,SHORT_LINE,No,0.251,KGM,2.431,DMQ,425,HBW,MEDICAL,No,--,--,--,--
S0305160,"Respirator,FFP2/Surg N95,fluid-resist",Z01,Yes,1000,EA,No,--,SHORT_LINE,No,0.01,KGM,0.139,DMQ,425,HBW,MEDICAL,No,--,--,--,--
S9993841,SUB 7/9 S.Sudan PHCC18  B.Med S9906733,Z02,Yes,1000,EA,No,S9906733,LONG_LINE,No,38.0,KGM,0.072,MTQ,425,HBW,PHARMACEUTICALS,No,--,--,--,--
S1552464,Verapamil HCl 40mg tabs/PAC-5x10,Z01,Yes,1000,PAC,No,--,SHORT_LINE,No,0.021,KGM,0.133,DMQ,425,HBW,PHARMACEUTICALS,No,--,--,Z1,--
S9901026.1,"IEHK2017,kit,suppl.1-medicines",Z02,Yes,1000,EA,No,S9991121,LONG_LINE,Yes,32.0,KGM,0.192,MTQ,240,--,PHARMACEUTICALS,No,--,--,Z1,1950
S9901026.2,"IEHK2017,kit,suppl.1-medicines",Z02,Yes,1000,EA,No,S9991122,LONG_LINE,Yes,30.5,KGM,0.16,MTQ,240,--,PHARMACEUTICALS,No,--,--,Z1,1950
S9901026.3,"IEHK2017,kit,suppl.1-medicines",Z02,Yes,1000,EA,No,S9991123,LONG_LINE,Yes,30.0,KGM,0.12,MTQ,240,--,PHARMACEUTICALS,No,--,--,Z1,1950
S9901026.4,"IEHK2017,kit,suppl.1-medicines",Z02,Yes,1000,EA,No,S9991124,LONG_LINE,Yes,28.0,KGM,0.12,MTQ,240,--,PHARMACEUTICALS,No,--,--,Z1,1950
S9901026.5,"IEHK2017,kit,suppl.1-medicines",Z02,Yes,1000,EA,No,--,SHORT_LINE,Yes,219.0,KGM,0.73,MTQ,240,--,PHARMACEUTICALS,No,--,--,Z1,1950
S7991028,"sub 2/2 IEHK2017,kit,suppl.1b-malar ECHO",Z02,Yes,1000,EA,No,S7901028,LONG_LINE,No,20.0,KGM,0.12,MTQ,425,HBW,PHARMACEUTICALS,No,--,--,--,--
S0845242,"Hanger, urine bag, two hooks/PAC-10",Z01,Yes,1000,PAC,No,--,SHORT_LINE,No,0.02,KGM,0.139,DMQ,425,HBW,MEDICAL,No,--,--,--,--
S9995738,SUB 8/9 SSPHCC Kit 2018-Injecta S9906735,Z02,Yes,1000,EA,No,--,LONG_LINE,No,26.0,KGM,0.079,MTQ,425,HBW,--,No,--,--,--,--
S5007318,"Bucket, food-grade",Z01,No,1000,EA,No,--,SHORT_LINE,No,1.1,KGM,15,DMQ,--,HBW,--,No,--,--,--,--
S0114035,Nutrition Kit 3 (Suppl. Feeding),Z01,No,1000,EA,No,--,SHORT_LINE,No,47.0,KGM,0.432,MTQ,425,HBW,PHARMACEUTICALS,No,--,--,--,--
S9999299,"BAG for 50 x S0322010 CH12,ster,disp",Z02,Yes,1000,EA,No,--,SHORT_LINE,No,0.1,KGM,0.001,MTQ,425,HBW,MEDICAL,No,--,--,--,--
S0305035,"Clogs,hospital,reusable,pair,40-41",Z01,Yes,1000,EA,No,--,SHORT_LINE,Yes,0.0,KGM,0,DMQ,425,HBW,MEDICAL,No,--,--,--,--
S5007319,"Bucket, food-grade, with tap",Z01,No,1000,EA,No,--,SHORT_LINE,No,1.1,KGM,15,DMQ,--,HBW,--,No,--,--,--,--
W9200028,Family Tents Fire Retardant,Z11,Yes,1100,EA,No,--,SHORT_LINE,No,1.333,KGM,0.004,MTQ,--,HBW,CPH_UNHCR,No,--,--,--,--
S7991029,"SUB 2/2 IEHK2017,kit,suppl.2-equipm ECHO",Z02,No,1000,EA,No,S7901029,SHORT_LINE,No,18.0,KGM,0.12,MTQ,--,HBW,--,No,--,--,--,--
S9995736,SUB 6/9 SSPHCC Kit 2018-Injecta S9906735,Z02,Yes,1000,EA,No,--,LONG_LINE,No,26.0,KGM,0.079,MTQ,425,HBW,PHARMACEUTICALS,No,--,--,--,--
S9999128,Prepack 1/1 AWD Periphery kit Drug,Z02,Yes,1000,EA,No,--,MINILOAD,No,5.0,KGM,0.015,MTQ,425,HBW,PHARMACEUTICALS,No,--,--,Z1,--
S0523056,"Surgical,laparotomy,pads,ster,disposable",Z01,Yes,1000,EA,No,--,SHORT_LINE,No,0.075,KGM,0.768,DMQ,425,HBW,MEDICAL,No,--,--,Z1,--
S1920000,Books,Z01,No,1000,EA,No,--,SHORT_LINE,No,22.0,KGM,99.076,DMQ,--,HBW,--,No,--,--,--,--
S9999124,AWD Periphery kit Drug S9903004,Z02,Yes,1000,EA,No,S9903004,SHORT_LINE,Yes,433.0,KGM,1.392,MTQ,425,HBW,PHARMACEUTICALS,No,--,--,Z1,--
S8000007,"Armoured Toyota LC 76, V6 Petrol, Manual",Z01,No,1000,EA,No,--,SHORT_LINE,No,4500.0,KGM,19.308,MTQ,--,HBW,--,No,--,--,--,3166
S1400586,Ritonavir 50mg tabs/PAC-60 gb,Z01,Yes,1000,EA,No,--,SHORT_LINE,No,0.167,KGM,0.6,DMQ,425,HBW,PHARMACEUTICALS,No,--,--,Z1,--
S9999126,AWD Periphery kit Drug S9903004 sub 3/4,Z02,Yes,1000,EA,No,S9903004,LONG_LINE,Yes,19.6,KGM,0.16,MTQ,425,HBW,PHARMACEUTICALS,No,--,--,Z1,--
S4460001,"Pen,ball-point,red",Z01,No,1000,EA,No,--,SHORT_LINE,No,8.0,GRM,0.024,DMQ,--,HBW,--,No,--,--,--,--
S5070010,"Rope,all purpose,polyprop,coil of 220m",Z01,No,1000,EA,No,--,SHORT_LINE,No,3.965,KGM,15.248,DMQ,--,HBW,--,No,--,--,--,--
S8516023,"Double-wall ctn.80 x 40 x 50 cm,0.16 m3",Z01,No,1000,EA,No,--,SHORT_LINE,No,3.313,KGM,22.875,DMQ,--,HBW,--,No,--,--,--,--
S9990022,Emergency reservation - SGL Taastrup,Z02,No,1000,EA,No,--,SHORT_LINE,No,0.002,KGM,0,DMQ,--,HBW,--,No,--,--,--,--
S1531702,Promethazine 25mg tabs/PAC-10x10,Z01,Yes,1000,PAC,No,--,SHORT_LINE,Yes,0.042,KGM,0.303,DMQ,425,HBW,PHARMACEUTICALS,No,--,--,Z1,--
S5031034,Safety Matches,Z01,No,1000,EA,No,--,SHORT_LINE,No,0.0,KGM,0.157,MTQ,--,HBW,--,No,--,--,--,--
S5031036,Wet wipes,Z01,No,1000,EA,No,--,SHORT_LINE,No,0.0,KGM,0.157,MTQ,--,HBW,--,No,--,--,--,--
S5031033,Multipurpose Rope,Z01,No,1000,EA,No,--,SHORT_LINE,No,0.0,KGM,0.157,MTQ,--,HBW,--,No,--,--,--,--
S1300126,Artemeth80mg+Lumefan480mg tab/6/PAC-30,Z01,Yes,1000,PAC,No,--,SHORT_LINE,No,0.38,KGM,0.002,MTQ,425,HBW,PHARMACEUTICALS,No,--,--,Z1,--
S1300129,Artemeth60mg+Lumefan360mg tab/6/PAC-30,Z01,Yes,1000,PAC,No,--,SHORT_LINE,No,0.034,KGM,0.001,MTQ,425,HBW,PHARMACEUTICALS,No,--,--,Z1,--
S9992600,50 x Clean Delivery Kit,Z02,Yes,1000,EA,No,--,SHORT_LINE,No,26.0,KGM,0.106,MTQ,425,HBW,MEDICAL,No,--,--,--,--
S5031035,Cable ties,Z01,No,1000,EA,No,--,SHORT_LINE,No,0.0,KGM,0.157,MTQ,--,HBW,--,No,--,--,--,--
S1400093,Lamivudine 100mg tabs/PAC-28 pp,Z01,Yes,1000,EA,No,--,SHORT_LINE,No,0.03,KGM,0.35,DMQ,425,HBW,PHARMACEUTICALS,No,--,--,Z1,--
S0782172,"Syringe,AD,0.5ml24G,PT/BOX-100",Z01,Yes,1000,BOX,No,--,SHORT_LINE,Yes,0.488,KGM,4.738,DMQ,425,HBW,MEDICAL,No,--,--,--,--
S9902450.1,"NBK, Clinic, Module 3, Equipment",Z02,Yes,1000,EA,No,--,VIRTUAL_PACKING,Yes,22.0,KGM,0.12,MTQ,425,--,MEDICAL,No,--,--,--,3091
S1550006,Iron 30mg+Folic ac.400mcg tabs/PAC-10x10,Z01,Yes,1000,PAC,No,--,SHORT_LINE,Yes,0.073,KGM,0.316,DMQ,425,HBW,PHARMACEUTICALS,No,--,10,Z1,--
S1550009,Iron 60mg+Folic ac. 2800mcg tabs/PAC-100,Z01,Yes,1000,PAC,No,--,SHORT_LINE,Yes,0.115,KGM,0.441,DMQ,240,HBW,PHARMACEUTICALS,No,--,10,Z1,--
S1550007,Folic acid 400mcg tabs/PAC-100,Z01,Yes,1000,PAC,No,--,SHORT_LINE,Yes,0.025,KGM,0.108,DMQ,425,HBW,PHARMACEUTICALS,No,--,10,Z1,--
S9991125,"IEHK2017,kit,suppl.1-medicines S9901026",Z02,Yes,1000,EA,No,S9901026,SHORT_LINE,Yes,219.0,KGM,0.73,MTQ,240,HBW,PHARMACEUTICALS,No,--,--,Z1,--
S5031032,Staff Deployment Kit,Z01,No,1000,EA,No,--,SHORT_LINE,No,12.5,KGM,0.157,MTQ,--,HBW,--,No,--,--,--,--
S8502042,"PE Labels,light green",Z04,No,1000,EA,No,--,SHORT_LINE,No,0.003,KGM,0.004,DMQ,--,HBW,--,Yes,--,--,--,--
S8503018,"Double-wall ctn.40 x 30 x 25 cm,0.03 m3",Z01,No,1000,EA,No,--,SHORT_LINE,No,1.238,KGM,8.84,DMQ,--,HBW,--,No,--,--,--,--
S0782166,"Syringe,RUP,5ml,mount-ndl,HMD/BOX-100",Z01,Yes,1000,BOX,No,--,SHORT_LINE,No,0.73,KGM,4.55,DMQ,425,HBW,MEDICAL,No,--,--,--,--
S0305048,"Bootcover,antiskid,elasticated,pair-10",Z01,No,1000,EA,No,--,SHORT_LINE,No,0.104,KGM,0.984,DMQ,--,HBW,--,No,--,--,--,--
S1400521,3TC150mg+AZT300mg tabs/PAC-60         pb,Z01,Yes,1000,EA,No,--,SHORT_LINE,No,0.079,KGM,0.223,DMQ,425,HBW,PHARMACEUTICALS,No,--,--,Z1,--
S0845190,"Stethoscope,neonatal,binaural,resilient",Z01,Yes,1000,EA,No,--,SHORT_LINE,No,0.0,KGM,0,DMQ,240,HBW,--,No,--,--,--,--
S0845189,"Stethoscope,binaural,complete,resilient",Z01,Yes,1000,EA,No,--,SHORT_LINE,No,0.0,KGM,0,DMQ,240,HBW,--,No,--,--,--,--
S7925026,"IEHK2017,kit,suppl.1-medicines ECHO",Z02,Yes,1000,EA,No,S7901026,SHORT_LINE,No,250.0,KGM,0.8,MTQ,425,HBW,PHARMACEUTICALS,No,--,--,--,--
S9902450.2,"NBK, Clinic, Module 3, Equipment",Z02,Yes,1000,EA,No,--,VIRTUAL_PACKING,Yes,6.0,KGM,0.009,MTQ,425,--,MEDICAL,No,--,--,--,3091
S9902450.3,"NBK, Clinic, Module 3, Equipment",Z02,Yes,1000,EA,No,--,VIRTUAL_PACKING,No,6.0,KGM,0.009,MTQ,425,--,MEDICAL,No,--,--,--,3091
S9902450.4,"NBK, Clinic, Module 3, Equipment",Z02,Yes,1000,EA,No,--,VIRTUAL_PACKING,Yes,6.0,KGM,0.009,MTQ,425,--,MEDICAL,No,--,--,--,3091
S9902450.5,"NBK, Clinic, Module 3, Equipment",Z02,Yes,1000,EA,No,--,VIRTUAL_PACKING,Yes,6.0,KGM,0.009,MTQ,425,--,MEDICAL,No,--,--,--,3091
S9902450.6,"NBK, Clinic, Module 3, Equipment",Z02,Yes,1000,EA,No,--,VIRTUAL_PACKING,Yes,6.0,KGM,0.009,MTQ,425,--,MEDICAL,No,--,--,--,3091
S0782400,"Cannula,IV short,24G,SIP,ster,disp,BOX50",Z01,Yes,1000,BOX,No,--,SHORT_LINE,Yes,0.429,KGM,4.051,DMQ,425,HBW,MEDICAL,No,--,--,--,--
S0845241,"Mucosal atomisation device, intranasal",Z01,Yes,1000,EA,No,--,SHORT_LINE,No,0.29,KGM,2.25,DMQ,425,HBW,MEDICAL,No,--,--,--,--
S9999592,"2/3PP Syria Paediatric Kit,2019 S9935090",Z02,Yes,1000,EA,No,--,MINILOAD,No,0.0,KGM,0,MTQ,240,HBW,PHARMACEUTICALS,No,--,--,Z1,--
W9200034,Family Tents Fire Retardant,Z11,Yes,1100,EA,No,--,SHORT_LINE,No,56.0,KGM,0.082,MTQ,--,HBW,CPH_UNHCR,No,--,--,--,--
S0782344,"Syringe,RUP,5ml,ndl23G,BD/BOX-100",Z01,Yes,1000,BOX,No,--,SHORT_LINE,No,0.7,KGM,6.364,DMQ,425,HBW,MEDICAL,No,--,--,--,--
S0101705,"Urinal, handheld, female, 1L",Z01,No,1000,EA,No,--,SHORT_LINE,No,0.0,KGM,0,MTQ,425,HBW,MEDICAL,No,--,--,--,--
S1564341,Water for injection 10ml amp/BOX-10,Z01,Yes,1000,BOX,No,--,SHORT_LINE,No,0.199,KGM,0.543,DMQ,425,HBW,PHARMACEUTICALS,No,--,--,Z1,--
S5001304,"Bag,UNICEF, polyester,280x410x170mm,2025",Z01,No,1000,EA,No,--,SHORT_LINE,No,0.8,KGM,4,DMQ,--,HBW,--,No,--,--,--,--
S5001302,"Bag,school,UNICEF,400x270x100mm,2025",Z01,No,1000,EA,No,--,SHORT_LINE,No,0.4,KGM,2,DMQ,--,HBW,--,No,--,--,--,--
S1562018,Salbutamol 500mcg/ml inj 1ml amp/BOX-5,Z01,Yes,1000,BOX,No,--,SHORT_LINE,No,0.04,KGM,0.5,DMQ,425,HBW,PHARMACEUTICALS,No,--,--,Z1,--
S5088004,"Tent,rectangular,double roof,12m2",Z01,No,1000,EA,No,--,SHORT_LINE,No,55.0,KGM,177.1,DMQ,--,HBW,--,No,--,--,--,--
S5007310,"Water cont,PVC/PE,10l,collaps.,w/logo-NW",Z01,No,1000,EA,No,--,SHORT_LINE,No,0.25,KGM,2.945,DMQ,--,HBW,--,No,--,--,--,--
S0782392,"Syringe,A-D,0.5mlEA,PT/BOX-100",Z01,Yes,1000,BOX,No,--,SHORT_LINE,No,0.453,KGM,3.065,DMQ,425,HBW,MEDICAL,No,--,--,--,--
S0145645,"MUAC,Child 11.5, 4 colors,Spanish,PAC-50",Z01,No,1000,PAC,No,--,SHORT_LINE,No,0.116,KGM,0.27,DMQ,--,HBW,--,No,--,--,--,--
S0145643,"MUAC,Child 11.5, 4 colors,Arabic,PAC-50",Z01,No,1000,PAC,No,--,SHORT_LINE,No,0.116,KGM,0.27,DMQ,--,HBW,--,No,--,--,--,--
S0782318,"Syringe,RUP,10ml,w/ndl,bi-pack/BOX-100",Z01,Yes,1000,EA,No,--,SHORT_LINE,No,1.18,KGM,11.246,DMQ,425,HBW,MEDICAL,No,--,--,--,--
S0845041,"Oxygen concentrator, 5 LPM",Z01,Yes,1000,EA,No,--,SHORT_LINE,Yes,16.0,KGM,99,DMQ,425,HBW,MEDICAL,No,--,--,--,--
S0845039,"Flow splitter,for oxygen concentrator",Z01,No,1000,EA,No,--,SHORT_LINE,Yes,2.603,KGM,0.016,MTQ,--,HBW,--,No,--,--,--,--
S0782353,"Syringe,A-D,0.25ml,Anhui/BOX-100",Z01,Yes,1000,BOX,No,--,SHORT_LINE,No,0.43,KGM,2.615,DMQ,425,HBW,MEDICAL,No,--,--,--,--
S0845043,"Tubing, oxygen supply, 7.6 mtr",Z01,No,1000,EA,No,--,SHORT_LINE,Yes,0.164,KGM,1.246,DMQ,--,HBW,--,No,--,--,--,--
S1543221,Human Hepatitis B Ig 180IU/ml 1ml/BOX-1,Z01,Yes,1000,BOX,No,--,SHORT_LINE,No,0.021,KGM,0.092,DMQ,425,HBW,PHARMACEUTICALS,No,--,--,Z1,--
S0145554,"Scale,infant,handheld,10kgx10g,batteries",Z01,Yes,1000,EA,No,--,SHORT_LINE,Yes,1.101,KGM,4.925,DMQ,425,HBW,MEDICAL,No,--,--,--,9000
S0145648,"MUAC,Mother Infant,23cm,Spanish,PAC-50",Z01,No,1000,PAC,No,--,SHORT_LINE,No,0.12,KGM,0.23,DMQ,--,HBW,--,No,--,--,--,--
S0145649,"MUAC,Mother Infant,21cm,Arabic,PAC-50",Z01,No,1000,PAC,No,--,SHORT_LINE,No,0.12,KGM,0.23,DMQ,--,HBW,--,No,--,--,--,--
S0145650,"MUAC,Mother Infant,21cm,French,PAC-50",Z01,No,1000,PAC,No,--,SHORT_LINE,No,0.12,KGM,0.23,DMQ,--,HBW,--,No,--,--,--,--
S8504801,"Double-wall ctn.60 x 40 x 20 cm,0.048 m3",Z01,No,1000,EA,No,--,SHORT_LINE,No,2.113,KGM,16.193,DMQ,--,HBW,--,No,--,--,--,--
S9906753.1,"Nut kit,Inpatient, Ethiop.Mod. Med. Supp",Z02,Yes,1000,EA,No,S9996752,LONG_LINE,Yes,15.0,KGM,0.12,MTQ,425,--,MEDICAL,No,--,--,Z1,--
S8760013,"Decal,UNICEF,rect,205x105mm/RL-100",Z01,No,1000,ROL,No,--,SHORT_LINE,No,0.372,KGM,1.025,DMQ,--,HBW,--,No,--,--,--,--
S6780324,"Gown,isol,nonwoven,light,ISO16604,disp",Z01,No,1000,EA,No,--,SHORT_LINE,No,93.0,GRM,0.842,DMQ,--,HBW,--,No,--,--,--,--
S9906753.2,"Nut kit,Inpatient, Ethiop.Mod. Med. Supp",Z02,Yes,1000,EA,No,S9996753,LONG_LINE,Yes,25.0,KGM,0.12,MTQ,425,--,MEDICAL,No,--,--,Z1,--
S9009005,40 ft. Container,Z04,No,1000,EA,No,--,SHORT_LINE,No,0.0,KGM,0.03,MTQ,--,HBW,--,Yes,--,--,--,--
S8510633,"Double-wall ctn.80 x 40 x 33 cm,0.106 m3",Z01,No,1000,EA,No,--,SHORT_LINE,No,3.013,KGM,20.797,DMQ,--,HBW,--,No,--,--,--,--
S8513001,"Pre-pack Carton,7 cdm",Z01,No,1000,EA,No,--,SHORT_LINE,No,1.0,KGM,0.001,MTQ,--,HBW,--,No,--,--,--,--
S5006069,"Hygiene supplement kit,baby",Z01,Yes,1000,EA,No,--,SHORT_LINE,No,3.95,KGM,0.015,MTQ,425,HBW,--,No,--,--,--,--
S9009006,40 ft. Container High Cube,Z04,No,1000,EA,No,--,SHORT_LINE,No,0.0,KGM,0.03,MTQ,--,HBW,--,Yes,--,--,--,--
S5006117,"Bags,Water Sampling,Sterile,Stand,100ml",Z01,No,1000,EA,No,--,SHORT_LINE,No,2.0,KGM,0.9,DMQ,--,HBW,--,No,--,--,--,--
S5021030,Living/Accommodation Unit for 2 people,Z01,No,1000,EA,No,--,SHORT_LINE,No,1210.0,KGM,8.61,MTQ,--,HBW,--,No,--,--,--,--
S5021040,"Office/Accom. Unit,hard wall",Z01,No,1000,EA,No,--,SHORT_LINE,No,1760.0,KGM,9.55,MTQ,--,HBW,--,No,--,--,--,--
S5021052,Accommodation Unit for 4 people,Z01,No,1000,EA,No,--,SHORT_LINE,No,800.0,KGM,29,MTQ,--,HBW,--,No,--,--,--,--
S8508013,"Double-wall ctn.80 x 40 x 25 cm,0.08 m3",Z01,No,1000,EA,No,--,SHORT_LINE,No,2.738,KGM,18.45,DMQ,--,HBW,--,No,--,--,--,--
S8512013,Corrugated ring for S8512012,Z01,No,1000,EA,No,--,SHORT_LINE,No,0.639,KGM,4.069,DMQ,--,HBW,--,No,--,--,--,--
S8513000,"Gloves,working,one size",Z01,No,1000,EA,No,--,SHORT_LINE,No,0.133,KGM,0.001,MTQ,--,HBW,--,No,--,--,--,--
S8513881,"Staples 140/8,for Rapid 34/BOX-1000",Z04,No,1000,EA,No,--,SHORT_LINE,No,0.6,KGM,0.347,DMQ,--,HBW,--,Yes,--,--,--,--
S5003516,"Blanket,fleece,150x200cm,non-palletized",Z01,No,1000,EA,No,--,SHORT_LINE,No,0.766,KGM,0.005,MTQ,--,HBW,--,No,--,--,--,--
S0782143,"Syringe,A-D,0.2ml, Kojak Selinge/BOX-100",Z01,Yes,1000,BOX,No,--,SHORT_LINE,No,0.436,KGM,2.951,DMQ,425,HBW,MEDICAL,No,--,--,--,--
S0538207,Set Winter clothes-severe winter 5yrs,Z01,No,1000,EA,No,--,SHORT_LINE,No,4.0,KGM,35,DMQ,--,HBW,--,No,--,--,--,--
S5086014,Plastic Tarpaulin F.R. Sheet (4x5m),Z01,No,1000,EA,No,--,SHORT_LINE,Yes,3.602,KGM,0.01,MTQ,--,HBW,--,No,--,--,--,--
S0305162,"Respirator,FFP3/N-100",Z01,Yes,1000,EA,No,--,SHORT_LINE,No,0.116,KGM,0.42,DMQ,425,HBW,MEDICAL,No,--,--,--,--
S9991323,"IEHK2017, PEP kit sub3/3 Adult",Z02,Yes,1000,EA,No,--,SHORT_LINE,No,7.0,KGM,0.03,MTQ,240,HBW,PHARMACEUTICALS,No,--,--,Z1,--
S0114058,"Nut. kit,outpatient,module-equipment1",Z01,Yes,1000,EA,No,--,SHORT_LINE,Yes,63.833,KGM,0.664,MTQ,240,HBW,PHARMACEUTICALS,No,--,10,--,--
S0538212,Set Winter clothes-severe winter 16yrs,Z01,No,1000,EA,No,--,SHORT_LINE,No,4.0,KGM,35,DMQ,--,HBW,--,No,--,--,--,--
S6780385,Z9-wrong NumberRange,Z01,Yes,1000,EA,No,--,SHORT_LINE,No,0.0,KGM,0,DMQ,425,HBW,MEDICAL,No,--,--,--,--
S0538208,Set Winter clothes-severe winter 7yrs,Z01,No,1000,EA,No,--,SHORT_LINE,No,4.0,KGM,35,DMQ,--,HBW,--,No,--,--,--,--
S9903004.4,AWD Periphery kit Drug,Z02,Yes,1000,EA,No,--,SHORT_LINE,Yes,20.0,KGM,0.192,MTQ,425,HBW,MEDICAL,No,--,--,Z1,--
S1553011,Ibuprofen 400mg tabs/PAC 10x10,Z01,Yes,1000,PAC,No,--,SHORT_LINE,Yes,0.13,KGM,0.544,DMQ,425,HBW,PHARMACEUTICALS,No,--,10,Z1,--
S6780382,Sodium Chloride 0.9% inj 10ml amp/BOX-20,Z01,Yes,1000,BOX,No,--,SHORT_LINE,Yes,0.344,KGM,1.612,DMQ,425,HBW,PHARMACEUTICALS,No,--,--,Z1,--
S1400723,DRV/r 400mg+50mg tabs/PAC-60 gb,Z01,Yes,1000,PAC,No,--,SHORT_LINE,No,0.12,KGM,0.377,DMQ,425,HBW,PHARMACEUTICALS,No,--,--,Z1,--
S1400721,FTC 200mg + TAF 25mg tabs/PAC-30 gb,Z01,Yes,1000,PAC,No,--,SHORT_LINE,No,0.072,KGM,0.15,DMQ,425,HBW,PHARMACEUTICALS,No,--,--,Z1,--
S1400724,DRV/r 800mg+100mg tabs/PAC-60 No CTN,Z01,Yes,1000,PAC,No,--,SHORT_LINE,No,0.15,KGM,0.477,DMQ,425,HBW,PHARMACEUTICALS,No,--,--,Z1,--
S0305136,"Gown,isolation,nonwoven,disp,pack10",Z01,Yes,1000,EA,No,--,SHORT_LINE,Yes,1.122,KGM,9.636,DMQ,240,HBW,MEDICAL,No,--,--,--,--
S0305138,"Gown,surgic,nonster,nonwoven,STD,disp,L",Z01,Yes,1000,EA,No,--,SHORT_LINE,Yes,0.216,KGM,2.676,DMQ,425,HBW,MEDICAL,No,--,--,--,--
S1400725,DTG50+ FTC200+ TAF25mg tab/PAC-30 No CTN,Z01,Yes,1000,PAC,No,--,SHORT_LINE,No,0.052,KGM,0.15,DMQ,425,HBW,PHARMACEUTICALS,No,--,--,Z1,--
S0330125,"Gloves,exam,nitrile,ext cuff,M,BOX-100",Z01,Yes,1000,EA,No,--,SHORT_LINE,Yes,0.79,KGM,0.004,MTQ,425,HBW,MEDICAL,No,--,--,--,--
S5088088,Patient Liner- for HPT 24m2,Z01,No,1000,EA,No,--,SHORT_LINE,No,69.0,KGM,0.225,MTQ,--,HBW,--,No,--,--,--,--
S1559361,Sodium valproate 200mg PR tabs/PAC-3x10,Z01,Yes,1000,PAC,No,--,SHORT_LINE,No,0.03,KGM,0.214,DMQ,425,HBW,PHARMACEUTICALS,No,--,--,Z1,--
S8794212,"UNICEF T-shirt, cyan blue,cotton,XXL",Z01,No,1000,EA,No,--,SHORT_LINE,No,0.334,KGM,1.159,DMQ,--,HBW,--,No,--,--,--,--
S0305038,"Shoe cover,non-woven,s.u.,BOX-100",Z01,Yes,1000,EA,No,--,SHORT_LINE,Yes,0.448,KGM,4.666,DMQ,425,HBW,MEDICAL,No,--,--,--,--
S8794223,"Adult Polo-shirt, cyan blue,XXL",Z01,No,1000,EA,No,--,SHORT_LINE,No,0.36,KGM,2,DMQ,--,HBW,--,No,--,--,--,--
S5088087,Winter liner kit - for HPT 72m2,Z01,No,1000,EA,Yes,--,SHORT_LINE,No,147.0,KGM,1.598,MTQ,--,HBW,--,No,--,--,--,--
S1585011,Paracetamol 120mg/5ml or.liq/BOT-100ml,Z01,Yes,1000,BOT,No,--,SHORT_LINE,No,0.244,KGM,0.376,DMQ,425,HBW,PHARMACEUTICALS,No,--,--,Z1,--
W9200040,HCR Registration materials,Z11,No,1100,EA,No,--,SHORT_LINE,No,4674.0,KGM,173.88,MTQ,--,HBW,--,No,--,--,--,--
S1586049,Filgrastim 30MU/0.5ml inj PFS/BOX-5,Z01,Yes,1000,BOX,No,--,SHORT_LINE,No,0.272,KGM,7,DMQ,425,CLD,PHARMACEUTICALS,No,--,--,Z3,--
S9992480,"Bag NBK, Hospital, Module 3, Equ",Z02,Yes,1000,EA,No,--,BAGGING_LINE,No,0.0,KGM,0,MTQ,425,HBW,MEDICAL,No,--,--,--,--
S0114402,Bag Port.digi baby/child/adult L/H board,Z01,No,1000,EA,No,--,SHORT_LINE,No,1.0,KGM,100,DMQ,--,HBW,--,No,--,--,--,--
S5088085,Winter liner kit - for HPT 24m2,Z01,No,1000,EA,Yes,--,SHORT_LINE,No,74.0,KGM,0.924,MTQ,--,HBW,--,No,--,--,--,--
S1586050,Filgrastim 30MU/0.5ml inj PFS/BOX-10,Z01,Yes,1000,BOX,No,--,SHORT_LINE,No,0.0,KGM,0,DMQ,425,CLD,PHARMACEUTICALS,No,--,--,Z3,--
S9996704,SUB1/7 S.Sudan Health Emerg exp S9906739,Z02,Yes,1000,EA,No,--,LONG_LINE,No,0.0,KGM,0,MTQ,425,HBW,--,No,--,--,--,--
S1586051,Filgrastim 30MU/ml inj 1ml vl/BOX-10,Z01,Yes,1000,BOX,No,--,SHORT_LINE,No,0.0,KGM,0,DMQ,425,CLD,PHARMACEUTICALS,No,--,--,Z3,--
S0845151,"Resuscitator,hand-oper.,child,set",Z01,Yes,1000,EA,No,--,SHORT_LINE,Yes,0.721,KGM,5.127,DMQ,425,HBW,MEDICAL,No,--,--,--,--
S1511505,Biperiden 5mg /ml inj. amp/PAC-5,Z01,Yes,1000,PAC,No,--,SHORT_LINE,No,0.032,KGM,0.206,DMQ,425,HBW,PHARMACEUTICALS,No,--,--,Z1,--
S5021054,Office Unit for 4 people,Z01,No,1000,EA,No,--,SHORT_LINE,No,800.0,KGM,29,MTQ,--,HBW,--,No,--,--,--,--
S9992481,"SUB 1/17 NBK, Hospital, Module 3, Equ",Z02,Yes,1000,EA,No,S9902480,LONG_LINE,No,23.5,KGM,0.192,MTQ,240,HBW,MEDICAL,No,--,--,--,3091
S9992483,"SUB 3/17 NBK, Hospital, Module 3, Equ",Z02,Yes,1000,EA,No,S9902480,LONG_LINE,No,25.0,KGM,0.16,MTQ,240,HBW,MEDICAL,No,--,--,--,--
S9992416,"SUB 1/3 NBK,Community,Part B,Module1,Med",Z02,Yes,1000,EA,No,S9902410,LONG_LINE,Yes,33.0,KGM,0.16,MTQ,240,HBW,PHARMACEUTICALS,No,--,--,--,--
S5031012,"Winter Jacket w/logo, XS",Z01,No,1000,EA,No,--,SHORT_LINE,No,0.54,KGM,156.948,DMQ,--,HBW,--,No,--,--,--,--
S0782368,"Syringe,RUP,5ml,w/o ndl,Anhui/BOX-100",Z01,Yes,1000,BOX,No,--,SHORT_LINE,No,0.6,KGM,5.818,DMQ,425,HBW,MEDICAL,No,--,--,--,--
S0782369,"Syringe,RUP,10ml,w/o ndl,Anhui/BOX-100",Z01,Yes,1000,BOX,No,--,SHORT_LINE,No,1.08,KGM,8.897,DMQ,425,HBW,MEDICAL,No,--,--,--,--
S9906710,Ethiopia Emergency Drug kit 2019,Z02,Yes,1000,EA,Yes,--,VIRTUAL_PACKING,Yes,168.0,KGM,0.572,MTQ,240,HBW,MEDICAL,No,--,--,Z1,--
S0782370,"Syringe,A-D,0.5ml,Kojak,SIP/BOX-100",Z01,Yes,1000,BOX,No,--,SHORT_LINE,No,0.69,KGM,3.84,DMQ,425,HBW,MEDICAL,No,--,--,--,--
S0969030,"Container, sample, 50 ml, box/10",Z01,Yes,1000,EA,No,--,SHORT_LINE,Yes,0.17,KGM,9,DMQ,425,HBW,MEDICAL,No,--,--,--,--
S5031020,Meat Ready to Eat Gluten Free,Z01,Yes,1000,EA,No,--,SHORT_LINE,No,1.18,KGM,2.84,MTQ,425,HBW,PHARMACEUTICALS,No,--,--,--,--
S5032000,Syria school supplies kit,Z01,No,1000,EA,No,--,SHORT_LINE,No,0.0,KGM,120,DMQ,--,HBW,--,No,--,--,--,--
S5031018,Meat Ready to Eat Vegetarian,Z01,Yes,1000,EA,No,--,SHORT_LINE,No,1.18,KGM,2.8,MTQ,425,HBW,PHARMACEUTICALS,No,--,--,--,--
S5031021,Meal Ready to Eat No Diet Rest.,Z01,Yes,1000,EA,No,--,SHORT_LINE,No,1.18,KGM,2.8,MTQ,425,HBW,PHARMACEUTICALS,No,--,--,--,--
S5085000,"Table,folding,105 x 70cm",Z01,No,1000,EA,No,--,SHORT_LINE,No,11.0,KGM,63.595,DMQ,--,HBW,--,No,--,--,--,--
S5006288,"Laundry detergent/washing powder, 1.5kg",Z01,Yes,1000,EA,No,--,SHORT_LINE,Yes,1.416,KGM,3.728,DMQ,425,HBW,MEDICAL,No,--,--,--,--
S9201082,Working trousers (warehouse) size 50,Z04,No,1000,EA,No,--,SHORT_LINE,No,0.06,KGM,0.008,DMQ,--,HBW,--,Yes,--,--,--,--
S9201084,Working trousers (warehouse) size 54,Z04,No,1000,EA,No,--,SHORT_LINE,No,0.06,KGM,0.008,DMQ,--,HBW,--,Yes,--,--,--,--
S9201083,Working trousers (warehouse) size 52,Z04,No,1000,EA,No,--,SHORT_LINE,No,0.06,KGM,0.008,DMQ,--,HBW,--,Yes,--,--,--,--
S9999819,Prepack 1/2 DPRK EM kit 2018,Z02,Yes,1000,EA,No,--,MINILOAD,No,4.5,KGM,22.04,DMQ,425,HBW,PHARMACEUTICALS,No,--,--,Z1,--
S9999144,"AWD SUB 1/3 Periphery,Renewable",Z02,Yes,1000,EA,No,S9903003,LONG_LINE,Yes,26.0,KGM,0.12,MTQ,240,HBW,PHARMACEUTICALS,No,--,--,Z1,--
S1400643,ABC120mg+3TC60mg disp. tabs/PAC-60 gb,Z01,Yes,1000,EA,No,--,SHORT_LINE,Yes,0.118,KGM,0.873,DMQ,425,HBW,PHARMACEUTICALS,No,--,--,Z1,--
S9999141,"PP 5/7 Periphery kit, Renewable S9903003",Z02,Yes,1000,EA,No,--,MINILOAD,No,1.6,KGM,0.013,MTQ,425,HBW,PHARMACEUTICALS,No,--,--,Z1,--
S9999143,"PP 3/3 Periphery,Renewable",Z02,Yes,1000,EA,No,--,SHORT_LINE,No,0.7,KGM,0.013,MTQ,425,HBW,PHARMACEUTICALS,No,--,--,Z1,--
S9999820,Prepack 2/2 DPRK EM kit 2018,Z02,Yes,1000,EA,No,--,MINILOAD,No,3.5,KGM,22.04,DMQ,425,HBW,PHARMACEUTICALS,No,--,--,Z1,--
S5033112,"ECD kit in-a-carton, ready-made, NEW",Z01,No,1000,EA,No,--,SHORT_LINE,No,37.103,KGM,120,DMQ,--,HBW,--,No,--,--,--,--
S1551051,"Heparin 5000IU/ml inj, 5ml amp/PAC-10",Z01,Yes,1000,EA,No,--,SHORT_LINE,No,0.07,KGM,0.5,DMQ,425,HBW,PHARMACEUTICALS,No,--,10,Z1,--
S6780376,"Syringe,A-D,0.5ml,Sanavita/BOX-200",Z01,Yes,1000,BOX,No,--,SHORT_LINE,No,0.855,KGM,0.697,DMQ,425,HBW,MEDICAL,No,--,--,--,--
S6780381,"Syringe,A-D,0.5ml,Medeco Inject/BOX-100",Z01,Yes,1000,BOX,No,--,SHORT_LINE,No,0.349,KGM,3.495,DMQ,425,HBW,MEDICAL,No,--,--,--,--
S1572013,Multivitamin & Mineral tablets/BOT-100,Z01,Yes,1000,EA,No,--,SHORT_LINE,Yes,0.0,KGM,0,DMQ,240,HBW,PHARMACEUTICALS,No,--,10,Z1,--
S8902071,"TSS WebloggerII E006/043,15-25°C,Generic",Z04,Yes,1000,EA,No,--,SHORT_LINE,No,0.036,KGM,0.052,DMQ,240,HBW,MEDICAL,Yes,--,--,--,--
S0782433," Syringe,A-D,0.5ml,TKMD/BOX-100",Z01,Yes,1000,BOX,No,--,SHORT_LINE,No,0.43,KGM,2.615,DMQ,425,HBW,MEDICAL,No,--,--,--,--
S0782435,PharmaJet Tropis injector,Z01,Yes,1000,EA,No,--,SHORT_LINE,No,0.55,KGM,1.248,DMQ,425,HBW,MEDICAL,No,--,--,--,--
W9200053,"Puncher, single hole, heart shape",Z11,Yes,1100,EA,No,--,SHORT_LINE,No,0.008,KGM,0,MTQ,--,HBW,CPH_UNHCR,No,--,--,--,--
W9200045,Rations card UNHCR/WFP,Z11,Yes,1100,EA,No,--,SHORT_LINE,No,0.002,KGM,0,MTQ,--,HBW,CPH_UNHCR,No,--,--,--,--
S9906731,DPRK HHD Kit Refill 2018,Z02,Yes,1000,EA,No,--,LONG_LINE,Yes,12.0,KGM,0.079,MTQ,425,HBW,PHARMACEUTICALS,No,--,--,Z1,--
S0782174,"Syringe,A-D,0.25ml,HMD/BOX-100",Z01,Yes,1000,BOX,No,--,SHORT_LINE,No,0.43,KGM,2.951,DMQ,425,HBW,MEDICAL,No,--,--,--,--
S0782176,"Syringe,A-D,0.2ml,Anhui/BOX-100",Z01,Yes,1000,BOX,No,--,SHORT_LINE,No,0.43,KGM,2.615,DMQ,425,HBW,MEDICAL,No,--,--,--,--
S1560836,Compound Sodium Lactate 500ml bot/BOX-10,Z01,Yes,1000,BOX,No,--,SHORT_LINE,Yes,4.542,KGM,10.804,DMQ,425,HBW,PHARMACEUTICALS,No,--,--,Z1,--
S7935082,ECHO Arabic Teacher's Kit,Z02,No,1000,EA,No,--,SHORT_LINE,No,17.0,KGM,80,DMQ,--,HBW,--,No,--,--,--,--
S7921026,"sub 2/5 IEHK2017,kit,suppl.1-medici ECHO",Z02,Yes,1000,EA,No,S7901026,LONG_LINE,No,30.0,KGM,0.12,MTQ,425,HBW,PHARMACEUTICALS,No,--,--,--,--
S7935011,"ECHO School-in-a-carton,40 students,2016",Z02,No,1000,EA,No,--,SHORT_LINE,No,43.904,KGM,0.12,MTQ,--,HBW,--,No,--,--,--,--
S7935080,ECHO Arabic Student Kit Grade 1-4,Z02,No,1000,EA,No,--,SHORT_LINE,No,19.444,KGM,0.107,MTQ,--,HBW,--,No,--,--,--,--
S7935019,"ECHO School-in-a-bag 40 student,1teacher",Z02,No,1000,EA,No,--,SHORT_LINE,No,32.0,KGM,0.079,MTQ,--,HBW,--,No,--,--,--,--
S7935097,"ECHO School-in-a-box,40 students, 2016",Z02,No,1000,EA,No,--,LONG_LINE,Yes,47.466,KGM,0.127,MTQ,--,HBW,--,No,--,--,--,--
S9992459,"SUB 11/17 NBK, Hospital, Module 3, Equ",Z02,No,1000,EA,No,S9902480,SHORT_LINE,No,3.7,KGM,0.035,MTQ,--,HBW,--,No,--,--,--,--
S9992458,"SUB 5/6 NBK, Clinic, Module 3, Equipment",Z02,No,1000,EA,No,S9902450,SHORT_LINE,No,15.0,KGM,0.198,MTQ,--,HBW,--,No,--,--,--,--
S9992586,"SUB 2/17 NBK, Hospital, Module 3, Equ",Z02,No,1000,EA,No,S9902480,LONG_LINE,No,22.0,KGM,0.12,MTQ,--,HBW,--,No,--,--,--,--
S0782432,"Syringe,A-D,0.1ml,Medeco,25G/BOX-100",Z01,Yes,1000,BOX,No,--,SHORT_LINE,No,0.349,KGM,3.5,DMQ,425,HBW,MEDICAL,No,--,--,--,--
S1586046,Dasatinib 50mg tabs/PAC-5x12,Z01,Yes,1000,PAC,No,--,SHORT_LINE,No,0.05,KGM,0.64,DMQ,425,HBW,PHARMACEUTICALS,No,--,--,Z1,--
S0523051,"Compress,paraffin,10x10cm,sterile",Z01,Yes,1000,EA,No,--,SHORT_LINE,Yes,357.0,GRM,2.326,DMQ,425,HBW,MEDICAL,No,--,--,--,--
S0782373,"Syringe,RUP,5ml,w/ndl,fixed,HMD/BOX-100",Z01,Yes,1000,BOX,No,--,SHORT_LINE,No,0.88,KGM,5.526,DMQ,425,HBW,MEDICAL,No,--,--,--,--
S0114401,Port.digital. baby/child/adult L/H board,Z01,No,1000,EA,No,--,SHORT_LINE,No,10.0,KGM,0.14,MTQ,--,HBW,--,No,--,--,--,--
S1559370,Carbamazepine 200mg tabs/PAC-10x10,Z01,Yes,1000,EA,No,--,SHORT_LINE,Yes,0.08,KGM,0.504,DMQ,425,HBW,PHARMACEUTICALS,No,--,10,Z1,--
S1552301,Hydrochlorothiazide 25mg tabs/PAC-10 x10,Z01,Yes,1000,PAC,No,--,SHORT_LINE,Yes,0.032,KGM,0.222,DMQ,425,HBW,PHARMACEUTICALS,No,--,10,Z1,--
S5088025,"Tent,light weight,rectangular,84m²",Z01,No,1000,EA,No,--,SHORT_LINE,No,520.0,KGM,1.804,MTQ,--,HBW,--,No,--,--,--,--
S0782381,"Syringe,RUP2ml,bi-packNdl,2pc,Rev/BOX100",Z01,Yes,1000,BOX,No,--,SHORT_LINE,No,0.43,KGM,3.666,DMQ,425,HBW,MEDICAL,No,--,--,--,--
S1532010,Amod 150mg+ SP 525mg disp tab/3+1/PAC-50,Z01,Yes,1000,EA,No,--,SHORT_LINE,No,0.219,KGM,1.051,DMQ,425,HBW,PHARMACEUTICALS,No,--,10,Z1,--
S1532011,Amod75mg+SP262.5mg disp tab/3+1/PAC-50,Z01,Yes,1000,EA,No,--,SHORT_LINE,No,0.147,KGM,0.946,DMQ,425,HBW,PHARMACEUTICALS,No,--,10,Z1,--
S0782377,"Syringe,A-D,BCG,0.05ml,PT,SIP/BOX-100",Z01,Yes,1000,BOX,No,--,SHORT_LINE,No,0.59,KGM,4.796,DMQ,425,HBW,MEDICAL,No,--,--,--,--
S7800052,"Warmer,newborn,Babywrap&Warmpack/SET CIK",Z01,No,1000,EA,No,--,SHORT_LINE,No,1.6,KGM,0.02,DMQ,--,HBW,--,No,--,--,--,--
S0305110,"Coverall,protection,CatIII,type 4b,S",Z01,No,1000,EA,No,--,SHORT_LINE,No,0.328,KGM,3.291,DMQ,--,HBW,--,No,--,--,--,--
S1511504,Amitriptyline HCl 25mg tabs/PAC-10x10,Z01,Yes,1000,PAC,No,--,SHORT_LINE,No,0.04,KGM,0.16,DMQ,425,HBW,PHARMACEUTICALS,No,--,--,Z1,--
S0305091,"Cap,surgical,theatre,non-woven,box/100",Z01,No,1000,EA,No,--,SHORT_LINE,No,0.652,KGM,7.957,DMQ,--,HBW,--,No,--,--,--,--
S0305125,"Apron,sleeved,CatIII, type 3b,XXL",Z01,No,1000,EA,No,--,SHORT_LINE,No,0.048,KGM,0.349,DMQ,--,HBW,--,No,--,--,--,--
S0305113,"Apron,sleeved,CatIII,type 3b,S",Z01,No,1000,EA,No,--,SHORT_LINE,No,0.328,KGM,3.291,DMQ,--,HBW,--,No,--,--,--,--
S0330011,"Gloves,exam,latex,medium,disp/BOX-100",Z01,No,1000,BOX,No,--,SHORT_LINE,No,0.68,KGM,1.872,DMQ,--,HBW,--,No,--,--,--,--
S6780185,"Plastic cones,23cm height/SET-8",Z01,No,1000,EA,No,--,SHORT_LINE,No,0.708,KGM,6.149,DMQ,--,HBW,--,No,--,--,--,--
S8902066,LabelsA6 - turquoise-Man.Printers-Land.,Z04,No,1000,ROL,No,--,SHORT_LINE,No,3.1,KGM,30,DMQ,--,HBW,--,Yes,--,--,--,--
S6780380,"Syringe,A-D,0.5ml,Kojak Selinge/BOX-100",Z01,Yes,1000,BOX,No,--,SHORT_LINE,No,0.577,KGM,3.993,DMQ,425,HBW,MEDICAL,No,--,--,--,--
S1300014,Artesunate pdr./inj. 120mg vial/BOX-1,Z01,Yes,1000,EA,No,--,SHORT_LINE,No,0.07,KGM,0.42,DMQ,425,HBW,PHARMACEUTICALS,No,--,--,Z1,--
S0305132,"*HE Apron,protection,plastic,reusable",Z01,No,1000,EA,No,--,SHORT_LINE,Yes,0.682,KGM,0.002,MTQ,--,HBW,--,No,--,--,--,--
S0969001,"Bag,biohazard,50L,box/100",Z01,No,1000,EA,No,--,SHORT_LINE,Yes,3.503,KGM,8.374,DMQ,--,HBW,--,No,--,--,--,--
S8902065,Label - T&T Sensitive (+15C to +25C),Z04,No,1000,ROL,No,--,SHORT_LINE,No,2.9,KGM,30,DMQ,--,HBW,--,Yes,--,--,--,--
S0969002,"Stand,biohazard bag,50L",Z01,No,1000,EA,No,--,SHORT_LINE,No,4.075,KGM,0.183,MTQ,--,HBW,--,No,--,--,--,--
S9999647,"Subkit 2/2 Zimbabwe,PHC package,2016",Z02,Yes,1000,EA,No,S9906762,LONG_LINE,No,28.0,KGM,0.12,MTQ,425,HBW,PHARMACEUTICALS,No,--,--,Z1,--
S9999664,"Prepack 2/2 Zimbabwe,PHC package,2016",Z02,Yes,1000,EA,No,--,MINILOAD,No,3.4,KGM,0.015,MTQ,425,HBW,PHARMACEUTICALS,No,--,--,Z1,--
S9999710,Subkit 4/4 DRC Health Centre kit 2016,Z02,No,1000,EA,No,S9906728,SHORT_LINE,No,16.62,KGM,0.109,MTQ,--,HBW,--,No,--,--,--,--
S9999707,Subkit  1/4 DRC Health Centre kit 2016,Z02,Yes,1000,EA,No,S9906728,LONG_LINE,No,23.0,KGM,0.106,MTQ,425,HBW,PHARMACEUTICALS,No,--,--,--,--
S9992443,"SUB 3/3 NBK, Clinic,Module 2,Consumables",Z02,Yes,1000,EA,No,S9902440,LONG_LINE,Yes,17.0,KGM,0.16,MTQ,425,HBW,MEDICAL,No,--,--,--,--
S9906728,DRC Health Centre kit 2016,Z02,Yes,1000,EA,Yes,--,VIRTUAL_PACKING,No,48.0,KGM,0.33,MTQ,425,HBW,PHARMACEUTICALS,No,--,--,--,--
S1564328,Potas. chl. 10% sol. 10ml pl. amp PAC/5,Z01,Yes,1000,PAC,No,--,SHORT_LINE,No,0.198,KGM,0.82,DMQ,425,HBW,PHARMACEUTICALS,No,--,10,Z1,--
S0845203,"Apron,protection,plastic,disp,PAC-100",Z01,Yes,1000,PAC,No,--,SHORT_LINE,Yes,4.623,KGM,11.608,DMQ,425,HBW,MEDICAL,No,--,--,--,--
S9906742,Mozambique Community Health Worker Kit,Z02,Yes,1000,EA,No,--,LONG_LINE,Yes,17.3,KGM,0.079,MTQ,425,HBW,PHARMACEUTICALS,No,--,--,--,--
S0845204,"Gloves,heavy-duty,rubber/nitrile,S,pair",Z01,Yes,1000,EA,No,--,SHORT_LINE,Yes,0.139,KGM,1.268,DMQ,425,HBW,MEDICAL,No,--,--,--,--
S1400693,ABC120mg+3TC60mg disp. tab/PAC-60 No CTN,Z01,Yes,1000,PAC,No,--,SHORT_LINE,No,0.067,KGM,2.65,DMQ,425,HBW,PHARMACEUTICALS,No,--,--,Z1,--
S1400694,3TC30mg+AZT60mg disp. tabs/PAC-60 No CTN,Z01,Yes,1000,PAC,No,--,SHORT_LINE,No,0.044,KGM,2.38,DMQ,425,HBW,PHARMACEUTICALS,No,--,--,Z1,--
S1400697,ATV/r 300mg+100mg tabs/PAC-30 No CTN,Z01,Yes,1000,PAC,No,--,SHORT_LINE,No,0.12,KGM,3.77,DMQ,425,HBW,PHARMACEUTICALS,No,--,--,Z1,--
S1400699,Dolutegravir 50mg tabs/PAC-90 No CTN,Z01,Yes,1000,PAC,No,--,SHORT_LINE,No,0.052,KGM,0.198,DMQ,425,HBW,PHARMACEUTICALS,No,--,--,Z1,--
S0845207,"Cap,surgical,bouffant,non-woven,BOX-100",Z01,Yes,1000,BOX,No,--,SHORT_LINE,Yes,0.377,KGM,4.323,DMQ,240,HBW,MEDICAL,No,--,--,--,--
S1400691,DTG50mg+3TC300mg+TDF300mg tab/180 No CTN,Z01,Yes,1000,EA,No,--,SHORT_LINE,No,1.164,KGM,0.6,DMQ,425,HBW,PHARMACEUTICALS,No,--,--,Z1,--
S1400696,3TC300mg+TDF300mg tabs/PAC-30 No CTN,Z01,Yes,1000,PAC,No,--,SHORT_LINE,No,0.079,KGM,2.38,DMQ,425,HBW,PHARMACEUTICALS,No,--,--,Z1,--
S1552459,Telmisartan 40mg/HCTZ 12.5mg ta/PAC-3x10,Z01,Yes,1000,PAC,No,--,SHORT_LINE,No,0.03,KGM,1.89,DMQ,425,HBW,PHARMACEUTICALS,No,--,--,Z1,--
S9996752,"SUB1/2 Nut kit,I Ethiop.Mod F S9906753",Z02,Yes,1000,EA,No,S9906753,LONG_LINE,Yes,15.0,KGM,0.12,MTQ,425,HBW,MEDICAL,No,--,--,--,--
S9992412,"SUB 2/3 NBK,Community,Part B,Module1,Med",Z02,Yes,1000,EA,No,S9902410,SHORT_LINE,Yes,26.0,KGM,0.106,MTQ,425,HBW,PHARMACEUTICALS,No,--,--,--,--
S0782348,"Syringe,RUP,3ml,23G/PTOneject/BOX-100",Z01,Yes,1000,BOX,No,--,SHORT_LINE,No,0.75,KGM,5.4,DMQ,425,HBW,MEDICAL,No,--,--,--,--
S1400500,ABC300mg+3TC150mg+AZT300mg tabs/PAC-60pp,Z01,Yes,1000,EA,No,--,SHORT_LINE,No,0.0,KGM,0,DMQ,425,HBW,PHARMACEUTICALS,No,--,--,Z1,--
S9906762,"Zimbabwe,PHC package,version 2016",Z02,Yes,1000,EA,Yes,--,VIRTUAL_PACKING,No,49.0,KGM,0.24,MTQ,425,HBW,PHARMACEUTICALS,No,--,--,Z1,--
S9992413,"SUB 3/3 NBK,Community,Part B,Module1,Med",Z02,Yes,1000,EA,No,S9902410,SHORT_LINE,Yes,26.0,KGM,0.106,MTQ,425,HBW,PHARMACEUTICALS,No,--,--,--,--
S0782395,"Syringe,disp,20ml,ster/BOX-25",Z01,Yes,1000,BOX,No,--,SHORT_LINE,No,0.54,KGM,4.62,DMQ,425,HBW,MEDICAL,No,--,--,--,--
S0305152,"Gown,isolation,nonwoven,disp,XL",Z01,Yes,1000,EA,No,--,SHORT_LINE,Yes,0.191,KGM,1.96,DMQ,240,HBW,MEDICAL,No,--,--,--,--
S1552460,Telmisartan 40mg/HCTZ 12.5mg ta/PAC-4x7,Z01,Yes,1000,PAC,No,--,SHORT_LINE,No,0.001,KGM,0.043,DMQ,425,HBW,PHARMACEUTICALS,No,--,--,Z1,--
S1552457,Simvastatin 10mg tabs/PAC-2x14,Z01,Yes,1000,PAC,No,--,SHORT_LINE,No,0.018,KGM,0.091,DMQ,425,HBW,PHARMACEUTICALS,No,--,--,Z1,--
S1514146,Dexamethasone 4 mg tabs/PAC 1000,Z01,Yes,1000,PAC,No,--,SHORT_LINE,No,0.2,KGM,0.6,DMQ,425,HBW,MEDICAL,No,--,--,Z1,--
S6780230,"Bag, biohazard, 20 L, box/100",Z01,No,1000,BOX,No,--,SHORT_LINE,No,15.0,GRM,72000,CMQ,--,HBW,--,No,--,--,--,--
S0950002,"Cary-Blair,agar,single,swab",Z01,Yes,1000,EA,No,--,SHORT_LINE,Yes,0.071,KGM,0.946,DMQ,240,HBW,MEDICAL,No,--,--,Z1,--
S6780240,"Coverall,protection,CatIII,type3/4/5,S",Z01,No,1000,EA,No,--,SHORT_LINE,No,0.0,GRM,0,DMQ,--,HBW,--,No,--,--,--,--
S6780242,"Coverall,protection,CatIII,type3/4/5XXXL",Z01,No,1000,EA,No,--,SHORT_LINE,No,328.0,GRM,3.291,DMQ,--,HBW,--,No,--,--,--,--
S9992484,"SUB 4/17 NBK, Hospital, Module 3, Equ",Z02,Yes,1000,EA,No,S9902480,LONG_LINE,No,22.8,KGM,0.192,MTQ,240,HBW,MEDICAL,No,--,--,--,--
S6780277,"Mask,high-fil,FFP1/N-95,no-valve,nonster",Z01,No,1000,EA,No,--,SHORT_LINE,No,18.0,GRM,0.24,DMQ,--,HBW,--,No,--,--,--,--
S0990010,"Body bag,adult",Z01,Yes,1000,EA,No,--,SHORT_LINE,Yes,7.096,KGM,0.021,MTQ,425,HBW,MEDICAL,No,--,--,--,--
S6780285,"Container,sharps,leakproof,5L",Z01,No,1000,EA,No,--,SHORT_LINE,No,500.0,GRM,4,DMQ,--,HBW,--,No,--,--,--,--
S6780296,"Apron,sleeved,CatIII,type3,XXXL",Z01,No,1000,EA,No,--,SHORT_LINE,No,328.0,GRM,3.291,DMQ,--,HBW,--,No,--,--,--,--
S6780297,Household Protection kit leaflet,Z01,No,1000,EA,No,--,SHORT_LINE,No,0.0,GRM,0.034,DMQ,--,HBW,--,No,--,--,--,--
S0990020,"Body bag,child",Z01,Yes,1000,EA,No,--,SHORT_LINE,No,3608.0,KGM,119,DMQ,425,HBW,MEDICAL,No,--,--,--,--
S6780303,Ciprofloxacin 2 mg/ml infu /BOT-100ml,Z01,Yes,1000,BOT,No,--,SHORT_LINE,No,0.0,GRM,0,DMQ,425,HBW,PHARMACEUTICALS,No,--,--,Z1,--
S6780332,"BUPIVACAINE 5mg/ml inj 4ml, amp BOX/20",Z01,Yes,1000,EA,No,--,SHORT_LINE,No,0.285,KGM,0.895,DMQ,425,HBW,PHARMACEUTICALS,No,--,--,Z1,--
S7700014,"Syringe,A-D,Prog,0.5ml,loose pkd/BOX-100",Z14,No,1000,BOX,No,--,SHORT_LINE,No,0.88,KGM,4.598,DMQ,--,HBW,--,No,--,--,--,--
S7700038,Amox.250mg/5ml pdr/or.susp/BOT-100ml CIK,Z14,No,1000,BOT,No,--,SHORT_LINE,No,0.0,KGM,0,DMQ,--,HBW,--,No,--,--,--,--
S6780329,Promethazine 25mg tabs/PAC-1000,Z01,Yes,1000,PAC,No,--,SHORT_LINE,No,0.942,KGM,3.365,DMQ,425,HBW,PHARMACEUTICALS,No,--,--,Z1,--
S7700019,"Retinol 100,000IU soft gel.caps/PAC-500",Z14,Yes,1000,PAC,No,--,SHORT_LINE,No,0.211,KGM,0.622,DMQ,425,HBW,PHARMACEUTICALS,No,--,--,Z1,--
S7700029,"Syringe,A-D,Prog,0.5ml/BOX-200 CIK",Z14,No,1000,BOX,No,--,SHORT_LINE,No,1.2,KGM,8.85,DMQ,--,HBW,--,No,--,--,--,--
S7700031,"Retinol 100,000IU soft gel.caps/PAC-100",Z14,Yes,1000,PAC,No,--,SHORT_LINE,No,0.44,KGM,0.15,DMQ,425,HBW,PHARMACEUTICALS,No,--,--,Z1,--
S1400537,LPV/r 40+10mg granules in sachet/PAC-120,Z01,Yes,1000,EA,No,--,SHORT_LINE,No,0.0,KGM,0,DMQ,425,HBW,PHARMACEUTICALS,No,--,--,Z1,--
S0305087,"Mask,N95, test kit",Z01,Yes,1000,EA,No,--,SHORT_LINE,No,1.19,KGM,18.7,DMQ,425,HBW,MEDICAL,No,--,10,--,--
S5006313,"Whistle, for safety use, metal",Z01,No,1000,EA,No,--,SHORT_LINE,Yes,0.014,KGM,0.06,DMQ,--,HBW,--,No,--,--,--,--
S0305080,"Trousers,surgical,woven,size M",Z01,No,1000,EA,No,--,SHORT_LINE,Yes,0.394,KGM,0.002,MTQ,--,HBW,--,No,--,10,--,--
S0305081,"Trousers,surgical,woven,size L",Z01,No,1000,EA,No,--,SHORT_LINE,Yes,0.398,KGM,0.002,MTQ,--,HBW,--,No,--,10,--,--
S0305093,"Coat, medical, woven, white, medium size",Z01,No,1000,EA,No,--,SHORT_LINE,Yes,0.592,KGM,3.753,DMQ,--,HBW,--,No,--,10,--,--
S0305083,"Tunic,surgical,woven,size M",Z01,No,1000,EA,No,--,SHORT_LINE,Yes,0.328,KGM,0.002,MTQ,--,HBW,--,No,--,10,--,--
S0782352,"Syringe,A-D,0.5ml,Wuxi/BOX-200",Z01,Yes,1000,BOX,No,--,SHORT_LINE,No,0.803,KGM,0.54,DMQ,425,HBW,MEDICAL,No,--,--,--,--
S0846011,"Module,replenish,ETB,UNDSS,Front Pocket",Z01,Yes,1000,EA,No,--,SHORT_LINE,No,0.0,KGM,0,DMQ,425,HBW,MEDICAL,No,--,--,--,--
S0846010,"Module Replenish, IFAK, UNDSS,full",Z01,Yes,1000,EA,No,--,SHORT_LINE,No,0.0,KGM,0,DMQ,425,HBW,MEDICAL,No,--,--,--,--
S0969008,"Stand,biohazard bag,100L",Z01,No,1000,EA,No,--,SHORT_LINE,No,4.565,KGM,0.208,MTQ,--,HBW,--,No,--,--,--,--
S0845188,"Sphygmomanometer,(child),resilient",Z01,No,1000,EA,No,--,SHORT_LINE,Yes,0.454,KGM,2.463,DMQ,--,HBW,--,No,--,--,--,--
S0846013,"Module,replenish,ETB,UNDSS,Airway",Z01,Yes,1000,EA,No,--,SHORT_LINE,No,0.0,KGM,0,DMQ,425,HBW,MEDICAL,No,--,--,--,--
S0846016,"Module,replenish,ETB,UNDSS,Head Injury",Z01,Yes,1000,EA,No,--,SHORT_LINE,No,0.0,KGM,0,DMQ,425,HBW,MEDICAL,No,--,--,--,--
S1560501,SolubleInsulin100IU/ml inj 10ml vl/BOX-1,Z01,Yes,1000,EA,No,--,SHORT_LINE,Yes,0.01,KGM,144000,CMQ,425,CLD,PHARMACEUTICALS,No,--,10,Z3,--
S0305135,"Mask,surgic,typeIIR,tiestrap,disp.pack50",Z01,Yes,1000,EA,No,--,SHORT_LINE,Yes,0.328,KGM,3.488,DMQ,425,HBW,MEDICAL,No,--,--,--,--
S9999921,Prepack 1/2 DPRK HHD 2018,Z02,Yes,1000,EA,No,--,MINILOAD,No,4.0,KGM,0.015,MTQ,425,HBW,PHARMACEUTICALS,No,--,--,Z1,--
S9999922,Prepack 2/2 DPRK HHD 2018,Z02,Yes,1000,EA,No,--,MINILOAD,No,2.0,KGM,0.011,MTQ,425,HBW,PHARMACEUTICALS,No,--,--,Z1,--
S1400669,Darunavir 800mg tabs/PAC-30 pb,Z01,Yes,1000,EA,No,--,SHORT_LINE,No,0.16,KGM,0.46,DMQ,425,HBW,PHARMACEUTICALS,No,--,--,Z1,--
S0305140,"Gown,surgic,nonster,nonwoven,STD,disp,XL",Z01,Yes,1000,EA,No,--,SHORT_LINE,Yes,0.215,KGM,2.33,DMQ,425,HBW,MEDICAL,No,--,--,--,--
S9901044,"IEHK 2024,Suppl. Medicine Inj. UNIT",Z02,Yes,1000,EA,No,--,SHORT_LINE,No,340.0,KGM,1.3,MTQ,425,HBW,PHARMACEUTICALS,No,--,--,Z1,--
S9901047,"IEHK 2024,Suppl Medicine Cold Chain UNIT",Z02,Yes,1000,EA,No,--,SHORT_LINE,No,15.0,KGM,0.115,MTQ,240,CLD,PHARMACEUTICALS,No,--,--,Z3,--
S9901049,"IEHK 2024,Suppl. PEP Unit",Z02,Yes,1000,EA,No,--,LONG_LINE,No,15.0,KGM,0.12,MTQ,240,HBW,PHARMACEUTICALS,No,--,--,Z1,--
S9901051,"IEHK 2024,Suppl. Equipment UNIT",Z02,Yes,1000,EA,No,--,SHORT_LINE,No,87.0,KGM,0.3,MTQ,425,HBW,PHARMACEUTICALS,No,--,--,--,9000
S0305078,"Cap,surgical,bouffant,non-woven,box/100",Z01,No,1000,EA,No,--,SHORT_LINE,Yes,0.419,KGM,0.005,MTQ,--,HBW,--,No,--,10,--,--
S0305094,"Coat, medical, woven, white, large size",Z01,No,1000,EA,No,--,SHORT_LINE,No,0.658,KGM,4.43,DMQ,--,HBW,--,No,--,10,--,--
S1400659,Darunavir 400mg tabs/PAC-60 gb,Z01,Yes,1000,EA,No,--,SHORT_LINE,No,0.07,KGM,0.3,DMQ,425,HBW,PHARMACEUTICALS,No,--,--,Z1,--
S7901030.1,"IEHK2017,kit,suppl.3-renewable",Z02,Yes,1000,EA,No,--,SHORT_LINE,No,16.0,KGM,0.12,MTQ,--,--,PHARMACEUTICALS,No,--,--,--,--
S0305084,"Tunic,surgical,woven, size L",Z01,No,1000,EA,No,--,SHORT_LINE,Yes,0.383,KGM,2.295,DMQ,--,HBW,--,No,--,10,--,--
S0305082,"Trousers,surgical,woven,size XL",Z01,No,1000,EA,No,--,SHORT_LINE,Yes,0.419,KGM,0.003,MTQ,--,HBW,--,No,--,10,--,--
S0305085,"Tunic,surgical,woven,size XL",Z01,No,1000,EA,No,--,SHORT_LINE,Yes,0.397,KGM,2.246,DMQ,--,HBW,--,No,--,10,--,--
S0305092,"Coat, medical, woven, white, XL size",Z01,No,1000,EA,No,--,SHORT_LINE,No,0.652,KGM,7.957,DMQ,--,HBW,--,No,--,10,--,--
S7901030.2,"IEHK2017,kit,suppl.3-renewable",Z02,Yes,1000,EA,No,--,SHORT_LINE,No,15.0,KGM,0.12,MTQ,--,--,PHARMACEUTICALS,No,--,--,--,--
S7901030.3,"IEHK2017,kit,suppl.3-renewable",Z02,Yes,1000,EA,No,--,SHORT_LINE,No,38.0,KGM,0.192,MTQ,--,--,PHARMACEUTICALS,No,--,--,--,--
S0940003,Microcuvette glucometer,Z01,Yes,1000,EA,No,--,SHORT_LINE,Yes,0.975,KGM,0.025,MTQ,240,CLD,MEDICAL,No,--,--,Z3,--
S7901030.4,"IEHK2017,kit,suppl.3-renewable",Z02,Yes,1000,EA,No,--,SHORT_LINE,No,18.0,KGM,0.12,MTQ,--,--,PHARMACEUTICALS,No,--,--,--,--
S7901030.5,"IEHK2017,kit,suppl.3-renewable",Z02,Yes,1000,EA,No,--,SHORT_LINE,No,13.0,KGM,0.12,MTQ,--,--,PHARMACEUTICALS,No,--,--,--,--
S1400670,Darunavir 75 mg tabs/PAC-480 gb,Z01,Yes,1000,EA,No,--,SHORT_LINE,No,0.167,KGM,0.6,DMQ,425,HBW,PHARMACEUTICALS,No,--,--,Z1,--
S1559318,Diazepam 2mg tabs/PAC-2x14 pt,Z01,Yes,1000,PAC,No,--,SHORT_LINE,No,0.02,KGM,0.174,DMQ,425,HBW,PHARMACEUTICALS,No,--,--,Z1,--
S1559317,Clozapine 100mg tabs/PAC-5x10,Z01,Yes,1000,PAC,No,--,SHORT_LINE,No,0.032,KGM,0.138,DMQ,425,HBW,PHARMACEUTICALS,No,--,--,Z1,--
S1993563,"Users Guide ECD Kit in a Box, Spanish",Z01,No,1000,EA,No,--,SHORT_LINE,Yes,0.364,KGM,0.675,DMQ,--,HBW,--,No,--,--,--,--
S7703240,Water purif.(NaDCC) 33mg tabs CIK,Z14,No,1000,PAC,No,--,SHORT_LINE,No,1.6,KGM,0.013,DMQ,--,HBW,--,No,--,--,--,--
S1993562,"Trainer of Trainers Guide, Spanish",Z01,No,1000,EA,No,--,SHORT_LINE,Yes,0.589,KGM,1.113,DMQ,--,HBW,--,No,--,--,--,--
S0782378,"Safety box f.used syrg/ndl5L,Pahu/BOX-25",Z01,Yes,1000,BOX,No,--,SHORT_LINE,No,5.8,KGM,14.25,DMQ,425,HBW,MEDICAL,No,--,--,--,--
S1559320,Phenytoin Sodium 100mg tabs/PAC-10x10,Z01,Yes,1000,PAC,No,--,SHORT_LINE,No,0.048,KGM,0.25,DMQ,425,HBW,PHARMACEUTICALS,No,--,--,Z1,--
S1559324,Sodium valproate 200mg GR tabs/PAC-10x10,Z01,Yes,1000,PAC,No,--,SHORT_LINE,No,0.063,KGM,0.375,DMQ,425,HBW,PHARMACEUTICALS,No,--,--,Z1,--
S0845192,"Filter set, Caire 10LPM oxygen concent",Z01,No,1000,EA,No,--,SHORT_LINE,No,0.1,KGM,4,DMQ,--,HBW,--,No,--,--,--,--
S0845009,"Resuscitator,hand-oper.,neonate,set",Z01,Yes,1000,EA,No,--,SHORT_LINE,Yes,0.475,KGM,3.669,DMQ,425,HBW,MEDICAL,No,--,--,--,--
S0845007,"Resuscitator, upright, neonate, set",Z01,No,1000,EA,No,--,SHORT_LINE,Yes,0.335,KGM,3.263,DMQ,--,HBW,--,No,--,--,--,--
S0845152,"Resuscitator,hand-oper.,adult,set",Z01,Yes,1000,EA,No,--,SHORT_LINE,Yes,1.099,KGM,8.527,DMQ,425,HBW,MEDICAL,No,--,--,--,--
S1559326,"Ketamine 50mg/ml inj, 10ml vial/BOX-5 nt",Z01,Yes,1000,BOX,No,--,SHORT_LINE,No,0.194,KGM,0.24,DMQ,425,HBW,PHARMACEUTICALS,No,--,--,Z1,--
S0782387,"Syringe,RUP,5ml,w/o ndl,2pc,Rev/BOX-100",Z01,Yes,1000,BOX,No,--,SHORT_LINE,No,0.564,KGM,4.68,DMQ,425,HBW,MEDICAL,No,--,--,--,--
S1559323,Risperidone 2mg tabs/PAC-6x10,Z01,Yes,1000,PAC,No,--,SHORT_LINE,No,0.025,KGM,0.01,DMQ,425,HBW,PHARMACEUTICALS,No,--,--,Z1,--
S0782379,"Safety box f.used syrg/ndl5L,Smur/BOX-25",Z01,Yes,1000,BOX,No,--,SHORT_LINE,Yes,6.993,KGM,19.459,DMQ,425,HBW,MEDICAL,No,--,--,--,--
S0782382,"Syringe,RUP2ml,bi-packNdl,3pc,Rev/BOX100",Z01,Yes,1000,BOX,No,--,SHORT_LINE,No,0.462,KGM,3.666,DMQ,425,HBW,MEDICAL,No,--,--,--,--
S0782356,"Syringe,A-D,0.5mlEA,Revital/BOX-100",Z01,Yes,1000,BOX,No,--,SHORT_LINE,No,0.36,KGM,2.45,DMQ,425,HBW,MEDICAL,No,--,--,--,--
S0846018,"Module,replenish,ETB,UNDSS,PPE kit",Z01,No,1000,EA,No,--,SHORT_LINE,No,0.0,KGM,0,DMQ,--,HBW,--,No,--,--,--,--
S1562017,Salbutamol 4mg tabs/PAC-100,Z01,Yes,1000,PAC,No,--,SHORT_LINE,Yes,0.035,KGM,0.252,DMQ,425,HBW,PHARMACEUTICALS,No,--,--,Z1,--
S1555214,Bupivacaine 5mg/ml inj 20ml amp/BOX-10,Z01,Yes,1000,BOX,No,--,SHORT_LINE,No,0.27,KGM,0.565,DMQ,425,HBW,PHARMACEUTICALS,No,--,--,Z1,--
S9901045,"IEHK 2024,Suppl. Med Mental Health UNIT",Z02,Yes,1000,EA,No,--,SHORT_LINE,No,6.0,KGM,0.048,MTQ,425,HBW,PHARMACEUTICALS,No,--,--,Z1,--
S9901046,"IEHK 2024,Suppl Medicine Controlled UNIT",Z02,Yes,1000,EA,No,--,SHORT_LINE,No,20.0,KGM,0.06,MTQ,240,HBW,PHARMACEUTICALS,No,--,--,Z1,EX1-NARC.EXP.LIC.
S9906710.1,Ethiopia Emergency Drug kit 2019,Z02,Yes,1000,EA,No,S9996710,LONG_LINE,Yes,32.0,KGM,0.192,MTQ,425,--,MEDICAL,No,--,--,Z1,--
S9906710.2,Ethiopia Emergency Drug kit 2019,Z02,Yes,1000,EA,No,S9996711,LONG_LINE,Yes,30.0,KGM,0.192,MTQ,425,--,MEDICAL,No,--,--,Z1,--
S9906710.3,Ethiopia Emergency Drug kit 2019,Z02,Yes,1000,EA,No,S9996712,LONG_LINE,Yes,21.0,KGM,0.12,MTQ,425,--,MEDICAL,No,--,--,Z1,--
S9906710.4,Ethiopia Emergency Drug kit 2019,Z02,Yes,1000,EA,No,--,SHORT_LINE,Yes,13.0,KGM,0.03,MTQ,425,--,MEDICAL,No,--,--,Z1,--
S9906710.5,Ethiopia Emergency Drug kit 2019,Z02,Yes,1000,EA,No,--,SHORT_LINE,Yes,14.0,KGM,0.028,MTQ,425,--,MEDICAL,No,--,--,Z1,--
S9906710.6,Ethiopia Emergency Drug kit 2019,Z02,Yes,1000,EA,No,--,SHORT_LINE,Yes,29.0,KGM,0.005,MTQ,425,--,MEDICAL,No,--,--,Z1,--
S9999720,Subkit 1/7 Ethiopia IEHK renew S9906708,Z02,Yes,1000,EA,No,--,SHORT_LINE,No,9.0,KGM,0.06,MTQ,425,HBW,MEDICAL,No,--,--,Z1,--
S1560500,IntermediateInsulin100IU/ml 10mlVl/BOX-1,Z01,Yes,1000,EA,No,--,SHORT_LINE,Yes,0.043,KGM,250000,CMQ,425,CLD,PHARMACEUTICALS,No,--,10,Z3,--
S9999920,Bag DPRK HHD 2018,Z02,Yes,1000,EA,No,--,BAGGING_LINE,No,1.0,KGM,0.003,MTQ,425,HBW,PHARMACEUTICALS,No,--,--,Z1,--
S1400701,EFV400mg+3TC300mg+TDF300mg tab/PAC-30 gb,Z01,Yes,1000,PAC,No,--,SHORT_LINE,No,0.089,KGM,0.15,DMQ,425,HBW,PHARMACEUTICALS,No,--,--,Z1,--
S1400703,EFV400+3TC300+TDF300mg tab/PAC-180No CTN,Z01,Yes,1000,PAC,No,--,SHORT_LINE,No,1.164,KGM,0.6,DMQ,425,HBW,PHARMACEUTICALS,No,--,--,Z1,--
S1400705,EFV600+3TC300+TDF300mg tab/PAC-90 No CTN,Z01,Yes,1000,PAC,No,--,SHORT_LINE,No,0.482,KGM,0.3,DMQ,425,HBW,PHARMACEUTICALS,No,--,--,Z1,--
S1400706,EFV600+3TC300+TDF300mg tab/PAC-180No CTN,Z01,Yes,1000,PAC,No,--,SHORT_LINE,No,1.164,KGM,0.6,DMQ,425,HBW,PHARMACEUTICALS,No,--,--,--,--
S9999593,"3/3PP Syria Paediatric Kit,2019 S9935090",Z02,Yes,1000,EA,No,--,MINILOAD,No,0.0,KGM,0,MTQ,240,HBW,--,No,--,--,Z1,--
S9903004.3,AWD Periphery kit Drug,Z02,Yes,1000,EA,No,--,LONG_LINE,Yes,12.0,KGM,0.106,MTQ,425,HBW,MEDICAL,No,--,--,Z1,--
S1400708,EFV600+FTC200+TDF300mg tab/PAC-90 No CTN,Z01,Yes,1000,PAC,No,--,SHORT_LINE,No,0.482,KGM,0.3,DMQ,425,HBW,PHARMACEUTICALS,No,--,--,Z1,--
S9906752,"Nut kit,outpatient,module-equipment2",Z02,Yes,1000,EA,No,--,SHORT_LINE,No,55.0,KGM,0.31,MTQ,240,HBW,PHARMACEUTICALS,No,--,--,Z1,--
S1400710,FTC 200mg+TDF 300mg tabs/PAC-30 No CTN,Z01,Yes,1000,PAC,No,--,SHORT_LINE,No,0.072,KGM,0.15,DMQ,425,HBW,PHARMACEUTICALS,No,--,--,Z1,--
S1400714,ABC 600mg+3TC 300mg tabs/PAC-30 No CTN,Z01,Yes,1000,PAC,No,--,SHORT_LINE,No,0.11,KGM,0.318,DMQ,425,HBW,PHARMACEUTICALS,No,--,--,Z1,--
S1400711,LPV/r 40+10mg pellets/cap/PAC-120 No CTN,Z01,Yes,1000,PAC,No,--,SHORT_LINE,No,0.113,KGM,6.3,DMQ,425,HBW,PHARMACEUTICALS,No,--,--,Z1,--
S1555213,Thiopental 500mg pdr.inj vial/BOX-10,Z01,Yes,1000,BOX,No,--,SHORT_LINE,No,0.387,KGM,11.069,DMQ,425,HBW,PHARMACEUTICALS,No,--,--,Z1,--
W9200054,Manual hand held counter,Z11,Yes,1100,EA,No,--,SHORT_LINE,No,0.008,KGM,0,MTQ,--,HBW,CPH_UNHCR,No,--,--,--,--
W9200046,"Registration form, french",Z11,Yes,1100,EA,No,--,SHORT_LINE,No,0.002,KGM,0,MTQ,--,HBW,CPH_UNHCR,No,--,--,--,--
W9200055,"Wristband, pvc, white, with barcode",Z11,Yes,1100,EA,No,--,SHORT_LINE,No,0.003,KGM,0,MTQ,--,HBW,CPH_UNHCR,No,--,--,--,--
W9200047,UNHCR standard security paper,Z11,Yes,1100,EA,No,--,SHORT_LINE,No,0.008,KGM,0,MTQ,--,HBW,CPH_UNHCR,No,--,--,--,--
S9201085,Working trousers (warehouse) size 56,Z04,No,1000,EA,No,--,SHORT_LINE,No,0.5,KGM,0,DMQ,--,HBW,--,Yes,--,--,--,--
S5006027,"Sprayer,compression type,11.35 litres",Z01,No,1000,EA,No,--,SHORT_LINE,Yes,4.38,KGM,55.171,DMQ,--,HBW,--,No,--,--,--,--
S9201081,Working trousers (warehouse) size 48,Z04,No,1000,EA,No,--,SHORT_LINE,No,0.1,KGM,0,DMQ,--,HBW,--,Yes,--,--,--,--
S9906700.1,"Ethiopia Sterilization, kit C",Z02,Yes,1000,EA,No,--,VIRTUAL_PACKING,Yes,12.0,KGM,0.16,MTQ,425,--,MEDICAL,No,--,--,--,--
S9906700.2,"Ethiopia Sterilization, kit C",Z02,Yes,1000,EA,No,--,VIRTUAL_PACKING,Yes,22.0,KGM,0.148,MTQ,425,--,MEDICAL,No,--,--,--,--
S9201086,Working trousers (warehouse) size 58,Z04,No,1000,EA,No,--,SHORT_LINE,No,0.5,KGM,0,DMQ,--,HBW,--,Yes,--,--,--,--
S1993565,"Users guide School in a Box Kit, Spanish",Z01,No,1000,EA,No,--,SHORT_LINE,Yes,0.504,KGM,0.978,DMQ,--,HBW,--,No,--,--,--,--
S9991321,"IEHK2017, PEP kit sub1/3 Child",Z02,Yes,1000,EA,No,--,SHORT_LINE,No,6.0,KGM,0.03,MTQ,240,HBW,PHARMACEUTICALS,No,--,--,Z1,--
S8000008,"Armoured Toyota LC 76, V8 Diesel, Manual",Z01,No,1000,EA,No,--,SHORT_LINE,No,4800.0,KGM,23,MTQ,--,HBW,--,No,--,--,--,3166
S9991322,"IEHK2017, PEP kit sub2/3 Adult",Z02,Yes,1000,EA,No,--,SHORT_LINE,No,7.0,KGM,0.03,MTQ,240,HBW,PHARMACEUTICALS,No,--,--,Z1,--
S1993564,User Guide Recreation Kit in Box Spanish,Z01,No,1000,EA,No,--,SHORT_LINE,Yes,0.342,KGM,0.653,DMQ,--,HBW,--,No,--,--,--,--
S1300145,Artesunate 100mg rectal caps/PAC-2,Z01,Yes,1000,EA,No,--,SHORT_LINE,Yes,0.35,KGM,0.189,DMQ,240,HBW,PHARMACEUTICALS,No,--,--,Z1,--
S9903005,AWD Community Kit Drug,Z02,Yes,1000,EA,No,--,LONG_LINE,Yes,30.0,KGM,0.106,MTQ,425,HBW,MEDICAL,No,--,--,Z1,--
S9903003.1,"AWD, Periphery kit, Renewable",Z02,Yes,1000,EA,No,--,VIRTUAL_PACKING,Yes,14.0,KGM,0.16,MTQ,240,--,MEDICAL,No,--,--,--,--
S9903003.2,"AWD, Periphery kit, Renewable",Z02,Yes,1000,EA,No,--,VIRTUAL_PACKING,Yes,41.0,KGM,0.16,MTQ,240,--,MEDICAL,No,--,--,--,--
S9903003.3,"AWD, Periphery kit, Renewable",Z02,Yes,1000,EA,No,--,VIRTUAL_PACKING,Yes,25.0,KGM,0.16,MTQ,240,--,MEDICAL,No,--,--,--,--
S5033107,"ECD kit in-a-box, ready-made",Z01,No,1000,EA,No,--,SHORT_LINE,No,36.25,KGM,120,DMQ,--,HBW,--,No,--,--,--,--
S1560202,Phytomenadione 2mg/0.2ml inj. amp/BOX-5,Z01,Yes,1000,BOX,No,--,SHORT_LINE,Yes,0.086,KGM,1.158,DMQ,425,HBW,PHARMACEUTICALS,No,--,10,Z1,--
S0782358,"Syringe,RUP,10ml,ndl,21G,Revital/BOX-100",Z01,Yes,1000,BOX,No,--,SHORT_LINE,No,0.996,KGM,7.837,DMQ,425,HBW,MEDICAL,No,--,--,--,--
S1993508,"ECD Kit Activity Guide BOOKLET, Arabic",Z01,No,1000,EA,No,--,SHORT_LINE,No,0.0,KGM,0,DMQ,--,HBW,--,No,--,--,--,--
S0782384,"Syringe,RUP5ml,bi-packNdl,3pc,Rev/BOX100",Z01,Yes,1000,BOX,No,--,SHORT_LINE,No,0.72,KGM,4.68,DMQ,425,HBW,MEDICAL,No,--,--,--,--
S9992478,"SUB 9/10 NBK, Hospital,Module 2,Consum",Z02,Yes,1000,EA,No,S9902470,SHORT_LINE,No,11.9,KGM,0.054,MTQ,425,HBW,MEDICAL,No,--,--,--,--
S1993509,"ECD Kit Activity CARDS, Arabic",Z01,No,1000,PAC,No,--,SHORT_LINE,No,0.0,KGM,0,DMQ,--,HBW,--,No,--,--,--,--
S1993510,"Sensory Ball, rubber PAC-10",Z01,No,1000,PAC,No,--,SHORT_LINE,No,0.0,KGM,0,DMQ,--,HBW,--,No,--,--,--,--
S5033110,"Arabic student kit grade 5-8, ready-made",Z01,No,1000,EA,No,--,SHORT_LINE,No,31.4,KGM,105,DMQ,--,HBW,--,No,--,--,--,--
S1993513,"Shape-sorter, PAC-app. 9 pcs",Z01,No,1000,PAC,No,--,SHORT_LINE,No,0.0,KGM,0,DMQ,--,HBW,--,No,--,--,--,--
S1993511,"Board Puzzle, raised pieces/PAC-8pcs",Z01,No,1000,PAC,No,--,SHORT_LINE,No,0.0,KGM,0,DMQ,--,HBW,--,No,--,--,--,--
S0782386,"Syringe,RUP,2ml,w/o ndl,3pc,Rev/BOX-100",Z01,Yes,1000,BOX,No,--,SHORT_LINE,No,0.385,KGM,3.666,DMQ,425,HBW,MEDICAL,No,--,--,--,--
S6780195,Sodium lact.comp inj 10x1000ml,Z01,Yes,1000,BOX,No,--,SHORT_LINE,No,16.367,KGM,33.6,DMQ,425,HBW,PHARMACEUTICALS,No,--,--,Z1,--
S6780220, IEHK 2011 Antimalar. suppl kit MSF vers,Z01,Yes,1000,EA,No,--,SHORT_LINE,No,3.0,KGM,32,DMQ,425,HBW,PHARMACEUTICALS,No,--,--,Z1,--
S1552117,Glucose 5% 500ml bot/BOX-20,Z01,Yes,1000,BOX,No,--,SHORT_LINE,Yes,12.31,KGM,34.875,DMQ,425,HBW,PHARMACEUTICALS,No,--,--,Z1,--
S1552119,Sodium Chloride 0.9% 500ml bot/BOX-20,Z01,Yes,1000,BOX,No,--,SHORT_LINE,Yes,12.194,KGM,34.582,DMQ,425,HBW,PHARMACEUTICALS,No,--,--,Z1,--
S0305150,"Apron,protection,heavy-duty,reusable",Z01,Yes,1000,EA,No,--,SHORT_LINE,Yes,0.407,KGM,1.284,DMQ,425,HBW,MEDICAL,No,--,--,--,--
S1400594,Atazanavir 300mg caps/PAC-30 pb,Z01,Yes,1000,EA,No,--,SHORT_LINE,No,0.068,KGM,0.019,MTQ,425,HBW,PHARMACEUTICALS,No,--,--,Z1,--
S1300097,DHA 40mg +Piperaq320mg tabs/9/PAC -1,Z01,Yes,1000,PAC,No,--,SHORT_LINE,No,0.019,KGM,0.131,DMQ,425,HBW,PHARMACEUTICALS,No,--,--,Z1,--
S1300117,Artemether 80mg/ml injection/1ml/ BOX-6,Z01,Yes,1000,BOX,No,--,SHORT_LINE,No,0.04,KGM,0.189,DMQ,425,HBW,PHARMACEUTICALS,No,--,--,Z1,--
S1300095,DHA 40mg +Piperaq320mg tabs/3/PAC -1,Z01,Yes,1000,PAC,No,--,SHORT_LINE,No,0.014,KGM,0.131,DMQ,425,HBW,PHARMACEUTICALS,No,--,--,Z1,--
S1561138,ORS low osm. flavour 10.2g/0.5L/CAR-100,Z01,Yes,1000,CAR,No,--,SHORT_LINE,No,1.1,KGM,6.77,DMQ,425,HBW,PHARMACEUTICALS,No,--,--,Z1,--
S1568043,Sulfado+Pyrimeth 500+25mg tabs/PAC-10x10,Z01,Yes,1000,EA,No,--,SHORT_LINE,No,0.063,KGM,0.318,DMQ,425,HBW,PHARMACEUTICALS,No,--,10,Z1,--
S1568106,Primaquine base 7.5mg tabs/PAC-1000,Z01,Yes,1000,PAC,No,--,SHORT_LINE,No,0.13,KGM,0.24,DMQ,425,HBW,PHARMACEUTICALS,No,--,10,Z1,--
S9986718,PP 1/2 F Yemen PHK-Suppl meds S9906802,Z02,Yes,1000,EA,No,--,MINILOAD,No,4.5,KGM,22,DMQ,425,HBW,PHARMACEUTICALS,No,--,--,Z1,--
S1586048,"Asparaginase 10,000 U pdr.inj vl/BOX-1",Z01,Yes,1000,BOX,No,--,SHORT_LINE,No,0.04,KGM,0.22,DMQ,425,CLD,PHARMACEUTICALS,No,--,--,Z3,--
S1543220,Succiny.gelatine 4% IV sol/500ml/BOX-10,Z01,Yes,1000,BOX,No,--,SHORT_LINE,No,6.0,KGM,17.29,DMQ,425,HBW,PHARMACEUTICALS,No,--,10,Z1,--
S1586052,Rituximab 10mg/ml inj 10ml vl/BOX-2,Z01,Yes,1000,BOX,No,--,SHORT_LINE,No,0.706,KGM,0.299,DMQ,425,CLD,PHARMACEUTICALS,No,--,--,Z3,--
S1993324,"2016 MSF Essential Drugs Guide, English",Z01,No,1000,EA,No,--,SHORT_LINE,Yes,0.512,KGM,1.201,DMQ,--,HBW,--,No,--,--,--,--
S1993325,"2016 MSF Essential Drugs Guide, French",Z01,No,1000,EA,No,--,SHORT_LINE,Yes,0.472,KGM,1.048,DMQ,--,HBW,--,No,--,--,--,--
S1993327,"2016 MSF Clinical Guidelines, English",Z01,No,1000,EA,No,--,SHORT_LINE,Yes,0.472,KGM,1.049,DMQ,--,HBW,--,No,--,--,--,--
S9906739,SouthSudan Health Emergency kit expanded,Z02,Yes,1000,EA,No,S9906735,LONG_LINE,No,0.0,KGM,0,MTQ,240,HBW,PHARMACEUTICALS,No,--,--,Z1,EX2-PSYC.EXP.LIC.
S9999591,"1/3PP Syria Paediatric Kit,2019 S9935090",Z02,Yes,1000,EA,No,--,MINILOAD,No,0.0,KGM,0,MTQ,240,HBW,--,No,--,--,Z1,--
S9999505,"Subkit 1/7 Sudan IMCI Med. kit, 2016",Z02,Yes,1000,EA,No,S9906713,LONG_LINE,Yes,9.5,KGM,0.06,MTQ,425,HBW,PHARMACEUTICALS,No,--,--,Z1,--
S9999511,Prepack 1/5 Pakistan HK S9906794 V2,Z02,Yes,1000,EA,No,--,MINILOAD,No,2.6,KGM,0.015,MTQ,425,HBW,PHARMACEUTICALS,No,--,--,Z1,--
S9999512,Prepack 2/5 Pakistan HK S9906794 V2,Z02,Yes,1000,EA,No,--,MINILOAD,No,3.2,KGM,0.015,MTQ,425,HBW,PHARMACEUTICALS,No,--,--,Z1,--
S9999507,"Subkit 3/7 Sudan IMCI Med. kit, 2016",Z02,Yes,1000,EA,No,S9906713,LONG_LINE,Yes,23.0,KGM,0.12,MTQ,425,HBW,PHARMACEUTICALS,No,--,--,Z1,--
S9999501,"Prepack 1/2 Sudan Co. Midwife kit, 2016",Z02,Yes,1000,EA,No,--,MINILOAD,No,5.3,KGM,0.003,MTQ,240,HBW,PHARMACEUTICALS,No,--,--,Z1,--
S7903003.3,"ECHO AWD, Periphery kit, Renewable",Z02,Yes,1000,EA,No,--,SHORT_LINE,No,25.0,KGM,0.16,MTQ,--,--,MEDICAL,No,--,--,--,--
S7901030.6,"IEHK2017,kit,suppl.3-renewable",Z02,Yes,1000,EA,No,--,SHORT_LINE,No,17.0,KGM,0.16,MTQ,--,--,PHARMACEUTICALS,No,--,--,--,--
S7901029.1,"ECHO IEHK2017,kit,suppl.2-equipment",Z02,Yes,1000,EA,No,--,SHORT_LINE,Yes,34.916,KGM,0.201,MTQ,--,--,PHARMACEUTICALS,No,--,--,--,9000
S1560205,Phytomenadione 10mg/ml inj. amp/BOX-25,Z01,Yes,1000,BOX,No,--,SHORT_LINE,No,0.115,KGM,0.611,DMQ,425,HBW,PHARMACEUTICALS,No,--,--,Z1,--
S7901029.2,"ECHO IEHK2017,kit,suppl.2-equipment",Z02,Yes,1000,EA,No,--,SHORT_LINE,No,13.85,KGM,0.101,MTQ,--,--,PHARMACEUTICALS,No,--,--,--,9000
S1531021,Azithromycin 500 mg tabs/PAC-2x6,Z01,Yes,1000,PAC,No,--,SHORT_LINE,No,0.021,KGM,0.146,DMQ,425,HBW,PHARMACEUTICALS,No,--,10,Z1,--
S8903067,"PP Strapping,12X0.55mm, PCR",Z04,No,1000,EA,No,--,SHORT_LINE,Yes,11.899,KGM,0.063,MTQ,--,HBW,--,Yes,--,--,--,--
S7903003.1,"ECHO AWD, Periphery kit, Renewable",Z02,Yes,1000,EA,No,--,SHORT_LINE,No,14.0,KGM,0.16,MTQ,--,--,MEDICAL,No,--,--,--,--
S7903003.2,"ECHO AWD, Periphery kit, Renewable",Z02,Yes,1000,EA,No,--,SHORT_LINE,No,41.0,KGM,0.16,MTQ,--,--,MEDICAL,No,--,--,--,--
S0305127,"Coverall,protection,CatIII,type 6b,XL",Z01,Yes,1000,EA,No,--,SHORT_LINE,Yes,0.264,KGM,1.467,DMQ,425,HBW,MEDICAL,No,--,--,--,--
S1400665,Darunavir 400mg tabs/PAC-60 pb,Z01,Yes,1000,EA,No,--,SHORT_LINE,No,0.13,KGM,0.45,DMQ,425,HBW,PHARMACEUTICALS,No,--,--,Z1,--
S9901228,PP 8/9 F. SUB 2/5 F. S9901026 IEHK2017,Z02,Yes,1000,EA,No,--,MINILOAD,No,0.0,KGM,0,MTQ,240,HBW,PHARMACEUTICALS,No,--,10,Z1,--
S0305117,"Coverall,protection,CatIII,type 6b,L",Z01,Yes,1000,EA,No,--,SHORT_LINE,Yes,0.279,KGM,2.206,DMQ,425,HBW,MEDICAL,No,--,10,--,--
S9901225,PP 5/9 F. SUB 2/5 F. S9901026 IEHK2017,Z02,Yes,1000,EA,No,--,MINILOAD,No,0.0,KGM,0,MTQ,425,HBW,PHARMACEUTICALS,No,--,10,Z1,--
S9901224,PP 4/9 F. SUB 1/5 F. S9901026 IEHK2017,Z02,Yes,1000,EA,No,--,MINILOAD,No,0.0,KGM,0,MTQ,425,HBW,PHARMACEUTICALS,No,--,10,Z1,--
S9901221,PP 1/9 F. SUB 3/5 F. S9901026 IEHK2017,Z02,Yes,1000,EA,No,--,MINILOAD,No,0.0,KGM,0,MTQ,425,HBW,PHARMACEUTICALS,No,--,10,Z1,--
S0782154,"Syringe,A-D,0.5ml,Destroject/BOX-100",Z01,Yes,1000,BOX,No,--,SHORT_LINE,No,0.659,KGM,5.04,DMQ,425,HBW,PHARMACEUTICALS,No,--,--,--,--
S0305120,"Coverall,protection,CatIII,type 4b,L",Z01,No,1000,EA,No,--,SHORT_LINE,Yes,0.327,KGM,2.775,DMQ,--,HBW,--,No,--,--,--,--
S9999137,PP 1/3 (old 1/7)Periphery Renew S9903003,Z02,Yes,1000,EA,No,--,MINILOAD,No,2.3,KGM,0.013,MTQ,425,HBW,PHARMACEUTICALS,No,--,--,Z1,--
S9999140,"PP 4/7 Periphery kit, Renewable S9903003",Z02,Yes,1000,EA,No,--,MINILOAD,No,1.6,KGM,0.013,MTQ,425,HBW,PHARMACEUTICALS,No,--,--,Z1,--
S5006283,"Underwear,female panties,qty 3x3",Z01,No,1000,EA,No,--,SHORT_LINE,Yes,0.405,KGM,2.172,DMQ,--,HBW,--,No,--,--,--,--
S9999957,Prepack 1/1 Midwifery 2-Equip S9902221,Z02,Yes,1000,EA,No,--,MINILOAD,No,4.0,KGM,0.003,MTQ,425,HBW,MEDICAL,No,--,--,--,--
S0782314,"Syringe,RUP 2ml w/o ndl - Hindustan",Z01,Yes,1000,BOX,No,--,SHORT_LINE,No,0.93,KGM,0.005,DMQ,425,HBW,MEDICAL,No,--,--,--,--
S0782302,"Syringe,RUPw/SIP,10ml,w/fixed nd/BOX-100",Z01,Yes,1000,BOX,No,--,SHORT_LINE,No,1.778,KGM,12.01,DMQ,425,HBW,MEDICAL,No,--,--,--,--
S0782324,"Syringe,RUP,SIP,3ml,w/ndl/BOX-100",Z01,Yes,1000,EA,No,--,SHORT_LINE,No,0.0,KGM,0,DMQ,425,HBW,MEDICAL,No,--,--,--,--
S1300007,"Artesun50mg+Mefloq250mg co-bl.,tabs/3+1",Z01,Yes,1000,EA,No,--,SHORT_LINE,No,0.016,KGM,0.087,DMQ,425,HBW,PHARMACEUTICALS,No,--,--,Z1,--
S1300001,Amod 153mg+Arte 50mg tabs/6+6/PAC-1,Z01,Yes,1000,EA,No,--,SHORT_LINE,No,0.011,KGM,0.052,DMQ,425,HBW,PHARMACEUTICALS,No,--,--,Z1,--
S1300005,Artesunate 50mg+SP 525mg tabs/12+3/PAC-1,Z01,Yes,1000,EA,No,--,SHORT_LINE,No,0.006,KGM,0.052,DMQ,425,HBW,PHARMACEUTICALS,No,--,--,Z1,--
S1300011,Amod 153mg+Arte 50mg tabs/3+3/PAC-100,Z01,Yes,1000,PAC,No,--,SHORT_LINE,No,0.0,KGM,0,DMQ,425,HBW,PHARMACEUTICALS,No,--,--,Z1,--
S1300051,Amodiaquine HCL 200mg tabs/PAC-900,Z01,Yes,1000,PAC,No,--,SHORT_LINE,No,0.0,KGM,0,DMQ,425,HBW,PHARMACEUTICALS,No,--,--,Z1,--
S1300055,"AS100mg+MQ250mg co-bl.,tab/3+3/PAC-1",Z01,Yes,1000,PAC,No,--,SHORT_LINE,No,0.016,KGM,0.09,DMQ,425,HBW,PHARMACEUTICALS,No,--,--,Z1,--
S1300090,"Artesun50mg+Mefloq250mg co-bl.,tabs/6+2",Z01,Yes,1000,EA,No,--,SHORT_LINE,No,0.016,KGM,0.087,DMQ,425,HBW,PHARMACEUTICALS,No,--,--,Z1,--
S1300068,Artemether 20mg/ml injection/1ml/BOX-3,Z01,Yes,1000,BOX,No,--,SHORT_LINE,No,0.0,KGM,0,DMQ,425,HBW,PHARMACEUTICALS,No,--,--,Z1,--
S1300079,Artemeth40mg+Lumefan240mg tabs/12/PAC-1,Z01,Yes,1000,PAC,No,--,SHORT_LINE,No,0.0,KGM,0,DMQ,425,HBW,PHARMACEUTICALS,No,--,--,Z1,--
S1300092,Artesun50mg+Mefloq250mg tabs/12+5,Z01,Yes,1000,EA,No,--,SHORT_LINE,No,0.016,KGM,0.087,DMQ,425,HBW,PHARMACEUTICALS,No,--,--,Z1,--
S1400032,Didanosine 200mg EC caps/PAC-30       gb,Z01,Yes,1000,EA,No,--,SHORT_LINE,No,0.058,KGM,0.3,DMQ,425,HBW,PHARMACEUTICALS,No,--,--,Z1,--
S1400026,Didanosine 250mg EC caps/PAC-30  gb,Z01,Yes,1000,EA,No,--,SHORT_LINE,No,0.047,KGM,0.253,DMQ,425,HBW,PHARMACEUTICALS,No,--,--,Z1,--
S1400030,Didanosine 125mg EC caps/PAC-30       gb,Z01,Yes,1000,EA,No,--,SHORT_LINE,No,0.058,KGM,3,DMQ,425,HBW,PHARMACEUTICALS,No,--,--,Z1,--
S1400125,Nevirapine 200mg tabs,Z01,Yes,1000,EA,No,--,SHORT_LINE,No,0.0,KGM,0,DMQ,425,HBW,PHARMACEUTICALS,No,--,--,Z1,--
S9999138,PP 2/3 (old 2/7)Periphery Renew S9903003,Z02,Yes,1000,EA,No,--,MINILOAD,No,2.6,KGM,0.013,MTQ,425,HBW,PHARMACEUTICALS,No,--,--,Z1,--
S9999139,"PP 3/7 Periphery kit, Renewable S9903003",Z02,Yes,1000,EA,No,--,MINILOAD,No,2.0,KGM,0.013,MTQ,425,HBW,PHARMACEUTICALS,No,--,--,Z1,--
S0782214,"Container,sharps,leak-resistant,w\lid-S",Z01,No,1000,BOX,No,--,SHORT_LINE,Yes,0.122,KGM,1.421,DMQ,--,HBW,--,No,--,--,--,--
S0782215,"Container,sharps,leak-resistant,w\lid-M",Z01,No,1000,BOX,No,--,SHORT_LINE,Yes,0.302,KGM,2.716,DMQ,--,HBW,--,No,--,--,--,--
W9200031,"Plast Tarp, fire retardant 4x5 m",Z11,Yes,1100,EA,No,--,SHORT_LINE,Yes,3.15,KGM,10.402,DMQ,--,HBW,CPH_UNHCR,No,--,--,--,--
S0782325,"Syringe,RUP,SIP,1ml,w/ndl,25G/BOX-100",Z01,Yes,1000,EA,No,--,SHORT_LINE,No,0.454,KGM,4.622,DMQ,425,HBW,MEDICAL,No,--,--,--,--
S1993337,"MSF Clinical Guidelines latest ver, Eng",Z01,No,1000,EA,No,--,SHORT_LINE,No,0.468,KGM,0.957,DMQ,--,HBW,--,No,--,--,--,--
S1993336,"MSF Essential Drugs latest versions, Spa",Z01,No,1000,EA,No,--,SHORT_LINE,No,0.455,KGM,0.933,DMQ,--,HBW,--,No,--,--,--,--
S1993338,"MSF Clinical Guidelines latest ver, Spa",Z01,No,1000,EA,No,--,SHORT_LINE,No,0.468,KGM,0.961,DMQ,--,HBW,--,No,--,--,--,--
S9908300.3,"Obstetric,surgical kit,suppl.1-drugs",Z02,Yes,1000,EA,No,S9999993,LONG_LINE,Yes,23.0,KGM,0.12,MTQ,240,--,PHARMACEUTICALS,No,--,10,Z1,--
S9908300.4,"Obstetric,surgical kit,suppl.1-drugs",Z02,Yes,1000,EA,No,S9999975,SHORT_LINE,Yes,23.0,KGM,0.048,MTQ,240,--,PHARMACEUTICALS,No,--,10,Z1,--
S9908300.5,"Obstetric,surgical kit,suppl.1-drugs",Z02,Yes,1000,EA,No,S9999973,SHORT_LINE,Yes,18.0,KGM,0.036,MTQ,240,--,PHARMACEUTICALS,No,--,10,Z1,--
S9204091,Working black jacket (warehouse) size S,Z01,No,1000,EA,No,--,SHORT_LINE,No,0.48,KGM,0.02,DMQ,--,HBW,--,No,--,--,--,--
S9204085,Fleece/sweat black jacket w/hood size S,Z01,No,1000,EA,No,--,SHORT_LINE,No,0.78,KGM,0.03,DMQ,--,HBW,--,No,--,--,--,--
S9204087,Fleece/sweat black jacket w/hood size L,Z01,No,1000,EA,No,--,SHORT_LINE,No,0.82,KGM,0.03,DMQ,--,HBW,--,No,--,--,--,--
S1514131,Levonorgestrel 1.5mg tab/PAC-1,Z01,Yes,1000,PAC,No,--,SHORT_LINE,No,0.01,KGM,0.01,DMQ,425,HBW,PHARMACEUTICALS,No,--,10,Z1,--
S1802221,Solar Lamp with Phone Charger,Z01,Yes,1000,EA,No,--,SHORT_LINE,Yes,0.927,KGM,0.008,MTQ,240,HBW,MEDICAL,No,--,--,--,3481
S1993901,Poster-Reconstitutn -artesunate inj -Fr,Z01,No,1000,EA,No,--,SHORT_LINE,No,0.009,KGM,0.025,MTQ,--,HBW,--,No,--,--,--,--
S9992442,"SUB 2/3 NBK, Clinic,Module 2,Consumables",Z02,Yes,1000,EA,No,S9902440,LONG_LINE,Yes,21.0,KGM,0.16,MTQ,425,HBW,MEDICAL,No,--,--,--,--
S1552412,Atenolol 50mg tabs/PAC-10x10,Z01,Yes,1000,PAC,No,--,SHORT_LINE,Yes,0.05,KGM,0.303,DMQ,425,HBW,PHARMACEUTICALS,No,--,10,Z1,--
S9901023,"IEHK2017, PEP kit",Z02,Yes,1000,EA,No,--,LONG_LINE,Yes,14.7,KGM,0.12,MTQ,240,HBW,PHARMACEUTICALS,No,--,--,Z1,--
S9901030,"IEHK2017,kit,suppl.3-renewable",Z02,Yes,1000,EA,Yes,--,VIRTUAL_PACKING,Yes,117.0,KGM,0.832,MTQ,240,HBW,PHARMACEUTICALS,No,--,--,--,--
S9901025,"IEHK2017, kit, basic unit malaria",Z02,Yes,1000,EA,No,--,LONG_LINE,Yes,17.0,KGM,0.079,MTQ,425,HBW,PHARMACEUTICALS,No,--,--,Z1,--
S0845177,"Papersheet,crepe,ster.pack. /PAC-250/252",Z01,Yes,1000,EA,No,--,SHORT_LINE,Yes,13.859,KGM,73.546,DMQ,240,HBW,MEDICAL,No,--,--,--,--
S1586074,Fluorouracil 50mg/ml inj 10ml vl/BOX-1,Z01,Yes,1000,BOX,No,--,SHORT_LINE,No,0.2,KGM,0.27,DMQ,425,HBW,PHARMACEUTICALS,No,--,--,Z1,--
S1586000,"Carboplatin 10mg/ml inj, 15ml vl/BOX-1",Z01,Yes,1000,BOX,No,--,SHORT_LINE,No,0.055,KGM,0.12,DMQ,425,HBW,PHARMACEUTICALS,No,--,--,Z1,--
S1586003,Cisplatin 1mg/ml inj 50ml vl/BOX-1,Z01,Yes,1000,BOX,No,--,SHORT_LINE,No,0.121,KGM,0.207,DMQ,425,HBW,PHARMACEUTICALS,No,--,--,Z1,--
S1586002,Cisplatin 1mg/ml inj 10ml vl/BOX-1,Z01,Yes,1000,BOX,No,--,SHORT_LINE,No,0.043,KGM,0.091,DMQ,425,HBW,PHARMACEUTICALS,No,--,--,Z1,--
S1586007,"Doxorubicin HCl 2mg/ml,25ml inj vl/BOX-1",Z01,Yes,1000,BOX,No,--,SHORT_LINE,No,0.062,KGM,0.18,DMQ,425,CLD,PHARMACEUTICALS,No,--,--,Z3,--
W9200052,"Puncher, single hole, round shape",Z11,Yes,1100,EA,No,--,SHORT_LINE,No,0.002,KGM,0,MTQ,--,HBW,CPH_UNHCR,No,--,--,--,--
W9200041,Ration card UNHCR,Z11,Yes,1100,EA,No,--,SHORT_LINE,No,0.002,KGM,0,MTQ,--,HBW,CPH_UNHCR,No,--,--,--,--
W9200048,Uv ink spray,Z11,Yes,1100,EA,No,--,SHORT_LINE,No,0.05,KGM,0,MTQ,--,HBW,CPH_UNHCR,No,--,--,--,--
S0565050,"Sut,nonabs,DEC1,3/8,13-16mm,taper/BOX 36",Z01,Yes,1000,EA,No,--,SHORT_LINE,No,0.18,KGM,1.56,DMQ,425,HBW,MEDICAL,No,--,--,--,--
S1993320,Children w/ Disability Guide SIB Kit,Z01,No,1000,EA,No,--,SHORT_LINE,Yes,0.093,KGM,0.148,DMQ,--,HBW,--,No,--,--,--,--
S5007317,"Bucket, HDPE, w/lid and 10cm cap, 14 l",Z01,No,1000,EA,No,--,SHORT_LINE,No,1.1,KGM,15,DMQ,--,HBW,--,No,--,--,--,--
S0782398,"Needle,disp,23G,SIP,ster/BOX-100",Z01,Yes,1000,BOX,No,--,SHORT_LINE,Yes,0.474,KGM,5.333,DMQ,425,HBW,MEDICAL,No,--,--,--,--
S9903001.1,"AWD Kit, Periphery kit, Logistics Part",Z02,Yes,1000,EA,No,--,VIRTUAL_PACKING,Yes,25.0,KGM,0.06,MTQ,240,--,MEDICAL,No,--,--,--,--
S5006282,"Sanitary pads,female,w/wings,disposables",Z01,No,1000,EA,No,--,SHORT_LINE,Yes,0.211,KGM,2.665,DMQ,--,HBW,--,No,--,--,--,--
S9992482,"SUB 2/17 NBK, Hospital, Module 3, Equ",Z02,Yes,1000,EA,No,--,LONG_LINE,No,22.0,KGM,0.12,MTQ,425,HBW,MEDICAL,No,--,--,--,--
S9903001.2,"AWD Kit, Periphery kit, Logistics Part",Z02,Yes,1000,EA,No,--,VIRTUAL_PACKING,Yes,10.0,KGM,0.106,MTQ,240,--,MEDICAL,No,--,--,--,--
S9903001.3,"AWD Kit, Periphery kit, Logistics Part",Z02,Yes,1000,EA,No,--,VIRTUAL_PACKING,Yes,13.0,KGM,0.16,MTQ,240,--,MEDICAL,No,--,--,--,--
S9903001.4,"AWD Kit, Periphery kit, Logistics Part",Z02,Yes,1000,EA,No,--,VIRTUAL_PACKING,Yes,14.0,KGM,0.106,MTQ,240,--,MEDICAL,No,--,--,--,--
S9903001.5,"AWD Kit, Periphery kit, Logistics Part",Z02,Yes,1000,EA,No,--,VIRTUAL_PACKING,Yes,25.0,KGM,0.06,MTQ,240,--,MEDICAL,No,--,--,--,--
S0782402,"Cannula,IV short,20G,SIP,ster,disp,BOX50",Z01,Yes,1000,BOX,No,--,SHORT_LINE,Yes,0.401,KGM,3.455,DMQ,425,HBW,MEDICAL,No,--,--,--,--
S9992485,"SUB 5/17 NBK, Hospital, Module 3, Equ",Z02,Yes,1000,EA,No,--,SHORT_LINE,No,90.0,KGM,1.224,MTQ,425,HBW,MEDICAL,No,--,--,--,--
S9903001.6,"AWD Kit, Periphery kit, Logistics Part",Z02,Yes,1000,EA,No,--,VIRTUAL_PACKING,Yes,30.0,KGM,0.16,MTQ,240,--,MEDICAL,No,--,--,--,--
S9996751,"Prepack. Nut kit,I Ethiop.Mod F S9906753",Z02,Yes,1000,EA,No,--,SHORT_LINE,No,1.0,KGM,0.04,MTQ,425,HBW,MEDICAL,No,--,--,Z1,--
S9997736,SUB 6/8 SSPHCC2018-Med Dev&Diag S9906737,Z02,Yes,1000,EA,No,S9906737,SHORT_LINE,Yes,12.0,KGM,0.12,MTQ,240,HBW,PHARMACEUTICALS,No,--,--,Z1,--
S9997739,PP 1/2 F SUB 1/8 SSPHCC2018-Med S9906737,Z02,Yes,1000,EA,No,--,MINILOAD,No,0.0,KGM,0,MTQ,240,HBW,PHARMACEUTICALS,No,--,--,Z1,--
S9204094,Working black jacket (warehouse) size XL,Z01,No,1000,EA,No,--,SHORT_LINE,No,0.7,KGM,0.02,DMQ,--,HBW,--,No,--,--,--,--
S9204095,Working black jacket (warehouse) sizeXXL,Z01,No,1000,EA,No,--,SHORT_LINE,No,0.78,KGM,0.02,DMQ,--,HBW,--,No,--,--,--,--
S0709232,"Cannula IV short 20G, ster, disp, BOX-50",Z01,Yes,1000,EA,No,--,SHORT_LINE,Yes,0.36,KGM,3.016,DMQ,425,HBW,MEDICAL,No,--,--,--,--
S0709234,"Cannula IV short 24G, ster, disp, BOX-50",Z01,Yes,1000,EA,No,--,SHORT_LINE,Yes,0.358,KGM,3.094,DMQ,425,HBW,MEDICAL,No,--,--,--,--
S0709240,"Three-way valve, Luer, w/caps/BOX-50",Z01,Yes,1000,EA,No,--,SHORT_LINE,Yes,0.446,KGM,4.487,DMQ,425,HBW,MEDICAL,No,--,--,--,--
S0709238,"NeedleSpinal22G(0.7x90mm)Ster,disp,BOX50",Z01,Yes,1000,EA,No,--,SHORT_LINE,Yes,0.535,KGM,1.225,DMQ,425,HBW,MEDICAL,No,--,--,--,--
S0747996,"NeedleSpinal22G(0.7x40mm)Ster,disp,BOX50",Z01,Yes,1000,EA,No,--,SHORT_LINE,Yes,0.525,KGM,1.225,DMQ,425,HBW,MEDICAL,No,--,--,--,--
S9901027,"IEHK2017,kit,suppl.1a-medicines",Z02,Yes,1000,EA,No,--,SHORT_LINE,No,4.25,KGM,0.032,MTQ,425,HBW,PHARMACEUTICALS,No,--,--,Z1,EX1-NARC.EXP.LIC.
S9901024,"IEHK2017, kit, basic unit",Z02,Yes,1000,EA,Yes,--,VIRTUAL_PACKING,Yes,48.812,KGM,0.28,MTQ,425,HBW,PHARMACEUTICALS,No,--,--,Z1,9000
S9901028,"IEHK2017,kit,suppl.1b-malaria",Z02,Yes,1000,EA,Yes,--,VIRTUAL_PACKING,Yes,32.7,KGM,0.352,MTQ,425,HBW,PHARMACEUTICALS,No,--,--,Z1,--
S9996712,SUB 3/7 Ethiopia Emerg. kit2019 S9906710,Z02,Yes,1000,EA,No,S9906710,LONG_LINE,Yes,20.0,KGM,0.12,MTQ,425,HBW,MEDICAL,No,--,--,Z1,--
S9996714,SUB 5/7 Ethiopia Emerg. kit2019 S9906710,Z02,Yes,1000,EA,No,S9906710,SHORT_LINE,Yes,13.0,KGM,0.028,MTQ,425,HBW,MEDICAL,No,--,--,--,--
S9999976,Sub 7/10 Obstetric S9908300(i) part 7,Z02,Yes,1000,EA,No,S9908300,LONG_LINE,No,22.0,KGM,0.106,MTQ,425,HBW,PHARMACEUTICALS,No,--,--,--,--
S9994735,"PP1/4 f Sub2/4 S.Sudan,PHCU Kit S9906734",Z02,Yes,1000,EA,No,--,MINILOAD,No,0.0,KGM,0,MTQ,240,HBW,PHARMACEUTICALS,No,--,--,Z1,--
S9994734,"Sub4/8 South Sudan,PHCU Kit2018 S9906734",Z02,Yes,1000,EA,No,S9906734,LONG_LINE,Yes,36.0,KGM,0.16,MTQ,240,HBW,PHARMACEUTICALS,No,--,--,Z1,--
S1185023,Mains Ref. Haier HBC-150 E003/088,Z01,No,1000,EA,No,--,SHORT_LINE,No,85.0,KGM,0.61,MTQ,--,HBW,--,No,--,--,--,--
S1583020,"Retinol 100,000IU soft gel.caps/PAC-100",Z01,Yes,1000,PAC,No,--,SHORT_LINE,Yes,0.063,KGM,0.306,DMQ,425,HBW,PHARMACEUTICALS,No,--,10,Z1,--
S0782308,"Syringe,RUPw/SIP,3ml,w/fixed ndl/BOX-100",Z01,Yes,1000,BOX,No,--,SHORT_LINE,No,0.67,KGM,6,DMQ,425,HBW,MEDICAL,No,--,--,--,--
S0845002,"Resuscitator,hand-oper.,neonate,set",Z01,No,1000,EA,No,--,SHORT_LINE,No,1.194,KGM,9.102,DMQ,--,HBW,--,No,--,--,--,--
S0845001,"Resuscitator,hand-oper.,adult,set",Z01,No,1000,EA,No,--,SHORT_LINE,No,3.474,KGM,32.886,DMQ,--,HBW,--,No,--,--,--,--
W9200043,"Lamp, ultra violet",Z11,Yes,1100,EA,No,--,SHORT_LINE,No,0.01,KGM,0,MTQ,--,HBW,CPH_UNHCR,No,--,--,--,--
S0910830,"Weights,balance,1-1000g,set of 13",Z01,No,1000,SET,No,--,SHORT_LINE,No,3.52,KGM,2.1,DMQ,--,HBW,--,No,--,--,--,--
S0934001,"Cover glass,microscope slides/BOX-100",Z01,No,1000,BOX,No,--,SHORT_LINE,No,0.027,KGM,0.027,DMQ,--,HBW,--,No,--,--,--,--
S0969011,"Lancet,2.0 mm, disp, box/200",Z01,No,1000,BOX,No,--,SHORT_LINE,No,0.7,KGM,0.004,MTQ,--,HBW,--,No,--,--,--,--
S9996734,S. Sudan PHCC 2018 I sub 4/8 f S9906736,Z02,Yes,1000,EA,No,S9906736,SHORT_LINE,Yes,12.0,KGM,0.031,MTQ,425,HBW,MEDICAL,No,--,--,Z1,--
S0969012,"Lancet,2.4 mm, disp, box/200",Z01,No,1000,BOX,No,--,SHORT_LINE,No,0.7,KGM,0.004,MTQ,--,HBW,--,No,--,--,--,--
S9996736,S. Sudan PHCC 2018 I sub 6/8 f S9906736,Z02,Yes,1000,EA,No,S9906736,SHORT_LINE,Yes,12.0,KGM,0.031,MTQ,425,HBW,MEDICAL,No,--,--,Z1,--
S1300002,Amod 153mg+Arte 50mg tabs/12+12/PAC-1,Z01,Yes,1000,EA,No,--,SHORT_LINE,No,0.022,KGM,0.01,DMQ,425,HBW,PHARMACEUTICALS,No,--,--,Z1,--
S1300010,Amod 153mg+Arte 50mg tabs/3+3/PAC-25,Z01,Yes,1000,PAC,No,--,SHORT_LINE,No,0.13,KGM,0.645,DMQ,425,HBW,PHARMACEUTICALS,No,--,--,Z1,--
S0969013,"Compress,gauze,10cmx10cm,n/ster,box/100",Z01,No,1000,BOX,No,--,SHORT_LINE,No,0.15,KGM,0.001,MTQ,--,HBW,--,No,--,--,--,--
S9996733,S. Sudan PHCC 2018 I sub 3/8 f S9906736,Z02,Yes,1000,EA,No,S9906736,SHORT_LINE,Yes,12.0,KGM,0.031,MTQ,425,HBW,MEDICAL,No,--,--,Z1,--
W9200049,"Token, fixing, pink",Z11,Yes,1100,EA,No,--,SHORT_LINE,Yes,0.002,KGM,0,MTQ,--,HBW,CPH_UNHCR,No,--,--,--,--
S9990037,"Sub 2/2 F S9901029 IEHK2017, suppl.2 ren",Z02,No,1000,EA,No,S9901029,SHORT_LINE,No,13.0,KGM,0.076,MTQ,--,HBW,--,No,--,--,--,--
S9906735,South Sudan PHCC Kit 2018-Injectables,Z02,Yes,1000,EA,Yes,--,VIRTUAL_PACKING,Yes,191.0,KGM,0.694,MTQ,425,HBW,PHARMACEUTICALS,No,--,--,Z1,--
S9999045,Sub 5/5 (part 5-19)IEHK2011 Med.S9901006,Z02,Yes,1000,EA,No,--,SHORT_LINE,No,196.984,KGM,0.795,MTQ,425,HBW,PHARMACEUTICALS,No,--,--,Z1,--
S9992432,"SUB 2/8 NBK, Clinic, Module 1, Medicines",Z02,Yes,1000,EA,No,S9902430,LONG_LINE,Yes,38.0,KGM,0.16,MTQ,425,HBW,PHARMACEUTICALS,No,--,--,--,--
S0305046,"Bootcover,antiskid,elasticated,pair-25",Z01,Yes,1000,PR,No,--,SHORT_LINE,No,0.104,KGM,0.984,DMQ,425,HBW,MEDICAL,No,--,--,--,--
W9200057,"Wristband, pvc, blue, with barcode",Z11,Yes,1100,EA,No,--,SHORT_LINE,No,0.003,KGM,0,MTQ,--,HBW,CPH_UNHCR,No,--,--,--,--
W9200050,"Token, fixing, yellow",Z11,Yes,1100,EA,No,--,SHORT_LINE,No,0.002,KGM,0,MTQ,--,HBW,CPH_UNHCR,No,--,--,--,--
W9200059,Fargo transfer film HDP5000,Z11,Yes,1100,EA,No,--,SHORT_LINE,No,0.05,KGM,0,MTQ,--,HBW,CPH_UNHCR,No,--,--,--,--
S5033101,"Recreation Kit-in-a-carton, Ready-Made",Z01,No,1000,EA,No,--,SHORT_LINE,No,18.0,KGM,79,DMQ,--,HBW,--,No,--,--,--,--
W9200051,"Token, fixing, green",Z11,Yes,1100,EA,No,--,SHORT_LINE,Yes,0.002,KGM,0,MTQ,--,HBW,CPH_UNHCR,No,--,--,--,--
W9200056,"Wristband, pvc, yellow, with barcode",Z11,Yes,1100,EA,No,--,SHORT_LINE,No,0.003,KGM,0,MTQ,--,HBW,CPH_UNHCR,No,--,--,--,--
W9200060,Fargo cleaning kit HDP5000,Z11,Yes,1100,EA,No,--,SHORT_LINE,No,0.31,KGM,0,MTQ,--,HBW,CPH_UNHCR,No,--,--,--,--
W9200061,Fargo cleaning card HDP5000 (00006187),Z11,Yes,1100,EA,No,--,SHORT_LINE,No,0.45,KGM,0,MTQ,--,HBW,CPH_UNHCR,No,--,--,--,--
W9200062,"Fargo ymckk ribbon,dual-sided,HDP5000",Z11,Yes,1100,EA,No,--,SHORT_LINE,No,0.25,KGM,0,MTQ,--,HBW,CPH_UNHCR,No,--,--,--,--
S5033103,"School-in-a-carton, 40 students TK",Z01,No,1000,CAR,No,--,SHORT_LINE,No,43.0,KGM,120,DMQ,--,HBW,--,No,--,--,--,--
W9200058,Polyguard 0.6mil overlaminate,Z11,Yes,1100,EA,No,--,SHORT_LINE,No,0.003,KGM,0,MTQ,--,HBW,CPH_UNHCR,No,--,--,--,--
W9200063,Fargo polygard overlaminate 1.0 mil w,Z11,Yes,1100,EA,No,--,SHORT_LINE,No,0.283,KGM,0.002,MTQ,--,HBW,CPH_UNHCR,No,--,--,--,--
S0305031,"Coat, laboratory, nonwowen, disp, S",Z01,Yes,1000,EA,No,--,SHORT_LINE,No,0.568,KGM,4.414,DMQ,425,HBW,MEDICAL,No,--,--,--,--
S0305032,"Coat, laboratory, nonwowen, disp, M",Z01,Yes,1000,EA,No,--,SHORT_LINE,No,0.568,KGM,4.414,DMQ,425,HBW,MEDICAL,No,--,--,--,--
S9207083,Hi-Vis jacket yellow outdoor size XL,Z04,No,1000,EA,No,--,SHORT_LINE,No,500.0,GRM,0,DMQ,--,HBW,--,Yes,--,--,--,--
S5031030,Staff Deployment Kit,Z01,Yes,1000,EA,No,--,SHORT_LINE,Yes,10.176,KGM,0.111,MTQ,425,HBW,MEDICAL,No,--,--,--,--
S9999603,"Ethiopia Surg.inst.,delivery /SET",Z02,No,1000,SET,No,--,BAGGING_LINE,No,0.215,KGM,1.125,DMQ,--,HBW,--,No,--,--,--,--
S9999742,Subkit 2/2 Ethiopia Ster. kit C S9906700,Z02,No,1000,EA,No,S9906700,SHORT_LINE,Yes,22.0,KGM,148.257,DMQ,--,HBW,--,No,--,--,--,--
S9999761,Prepack1/1 Ethiopia Mid.2-Equip.S9906718,Z02,Yes,1000,EA,No,--,MINILOAD,No,4.0,KGM,22.04,DMQ,425,HBW,CPH_UNHCR,No,--,--,--,--
S0141020,"Scale,electronic,mother/child,150kgx100g",Z01,Yes,1000,EA,No,--,SHORT_LINE,No,4.2,KGM,7.293,DMQ,425,HBW,PHARMACEUTICALS,No,--,--,--,--
S0114005,Nutrition Kit 1 (Anthropometric),Z01,No,1000,EA,No,--,SHORT_LINE,No,26.0,KGM,219,DMQ,--,HBW,--,No,--,--,--,--
S9994738,"PP4/4 f Sub4/4 S.Sudan,PHCU Kit S9906734",Z02,Yes,1000,EA,No,--,MINILOAD,No,0.0,KGM,0,MTQ,240,HBW,PHARMACEUTICALS,No,--,--,Z1,--
S9999975,Sub 4/10 Obstetric S9908300(i) part 4,Z02,Yes,1000,EA,No,S9908300,SHORT_LINE,Yes,18.0,KGM,0.035,MTQ,240,HBW,PHARMACEUTICALS,No,--,--,Z1,--
S9906733.1,South Sudan PHCC Kit 2018 Basic Medicin,Z02,Yes,1000,EA,No,S9993731,LONG_LINE,Yes,19.0,KGM,0.12,MTQ,240,--,PHARMACEUTICALS,No,--,--,Z1,--
S9906733.2,South Sudan PHCC Kit 2018 Basic Medicin,Z02,Yes,1000,EA,No,S9993732,LONG_LINE,Yes,19.0,KGM,0.12,MTQ,240,--,PHARMACEUTICALS,No,--,--,Z1,--
S9906733.3,South Sudan PHCC Kit 2018 Basic Medicin,Z02,Yes,1000,EA,No,S9993733,LONG_LINE,Yes,19.0,KGM,0.12,MTQ,240,--,PHARMACEUTICALS,No,--,--,Z1,--
S9906733.4,South Sudan PHCC Kit 2018 Basic Medicin,Z02,Yes,1000,EA,No,S9993734,LONG_LINE,Yes,35.0,KGM,0.12,MTQ,240,--,PHARMACEUTICALS,No,--,--,Z1,--
S9906733.5,South Sudan PHCC Kit 2018 Basic Medicin,Z02,Yes,1000,EA,No,S9993735,LONG_LINE,Yes,25.0,KGM,0.072,MTQ,240,--,PHARMACEUTICALS,No,--,--,Z1,--
S1552417,Propranolol HCl 40mg tabs/PAC-10X10,Z01,Yes,1000,PAC,No,--,SHORT_LINE,No,0.041,KGM,0.251,DMQ,425,HBW,PHARMACEUTICALS,No,--,--,Z1,--
S2731223,Football PU hand stitched size 3,Z01,No,1000,EA,No,--,SHORT_LINE,No,0.337,KGM,2.171,DMQ,--,HBW,--,No,--,--,--,--
S2731226,Football rubber machine stitched size 4,Z01,No,1000,EA,No,--,SHORT_LINE,No,0.441,KGM,3.385,DMQ,--,HBW,--,No,--,--,--,--
S2731225,Football rubber machine stitched size 3,Z01,No,1000,EA,No,--,SHORT_LINE,No,0.337,KGM,2.171,DMQ,--,HBW,--,No,--,--,--,--
S1560822,Compound Sodium Lactate 1L bag/BOX-10,Z01,Yes,1000,EA,No,--,SHORT_LINE,Yes,11.82,KGM,32.849,DMQ,425,HBW,PHARMACEUTICALS,No,--,10,Z1,--
S1300148,DHA 40mg +Piperaq320mg tabs/9/PAC -25,Z01,Yes,1000,EA,No,--,SHORT_LINE,No,0.25,KGM,0.125,DMQ,425,HBW,PHARMACEUTICALS,No,--,--,Z1,--
S1560824,Compound Sodium Lactate 1L bot GS/BOX-10,Z01,Yes,1000,EA,No,--,SHORT_LINE,Yes,12.69,KGM,44.343,DMQ,425,HBW,PHARMACEUTICALS,No,--,10,Z1,--
S1543223,Diphtheria antitox. 1000IU/ml 10ml/BOX-5,Z01,Yes,1000,BOX,No,--,SHORT_LINE,No,0.15,KGM,0.528,DMQ,425,HBW,PHARMACEUTICALS,No,--,--,Z1,--
S1560830,Sodium Chloride 0.9% 500ml bot GS/BOX-20,Z01,Yes,1000,EA,No,--,SHORT_LINE,Yes,12.944,KGM,38.316,DMQ,425,HBW,PHARMACEUTICALS,No,--,10,Z1,--
S1560832,Water for injection 10ml amp/BOX-50,Z01,Yes,1000,EA,No,--,SHORT_LINE,Yes,0.85,KGM,3.709,DMQ,425,HBW,PHARMACEUTICALS,No,--,10,Z1,--
S1580101,"Micronutrient tabs, pregnancy/BOT-100",Z01,Yes,1000,EA,No,--,SHORT_LINE,Yes,0.083,KGM,0.269,DMQ,425,HBW,PHARMACEUTICALS,No,--,10,Z1,--
S0558101,Indicator TST Control,Z01,Yes,1000,EA,No,--,SHORT_LINE,No,0.061,KGM,0.312,DMQ,425,HBW,MEDICAL,No,--,--,--,--
S0584502,"HCG Pregnancy rapid Test, kit/50",Z01,Yes,1000,EA,No,--,SHORT_LINE,Yes,0.18,KGM,2.181,DMQ,425,HBW,MEDICAL,No,--,--,Z1,--
S8794306,"UNICEF T-shirt, long, Female, L",Z01,No,1000,EA,No,--,SHORT_LINE,Yes,0.267,KGM,1.075,DMQ,--,HBW,--,No,--,--,--,--
S8794313,"UNICEF T-shirt, long, Male, M",Z01,No,1000,EA,No,--,SHORT_LINE,Yes,0.277,KGM,1.6,DMQ,--,HBW,--,No,--,--,--,--
S8794307,"UNICEF T-shirt, long, Female, XL",Z01,No,1000,EA,No,--,SHORT_LINE,Yes,0.274,KGM,1.075,DMQ,--,HBW,--,No,--,--,--,--
S1586069,Prednisolone 25mg tab/PAC-10x10,Z01,Yes,1000,PAC,No,--,SHORT_LINE,No,0.04,KGM,0.197,DMQ,425,HBW,PHARMACEUTICALS,No,--,--,Z1,--
S8794310,"UNICEF T-shirt, Female, V-neck, L",Z01,No,1000,EA,No,--,SHORT_LINE,Yes,0.23,KGM,1.282,DMQ,--,HBW,--,No,--,--,--,--
S8794311,"UNICEF T-shirt, Female, V-neck, XL",Z01,No,1000,EA,No,--,SHORT_LINE,Yes,0.232,KGM,1.264,DMQ,--,HBW,--,No,--,--,--,--
S8794314,"UNICEF T-shirt, long, Male, L",Z01,No,1000,EA,No,--,SHORT_LINE,Yes,0.256,KGM,1.551,DMQ,--,HBW,--,No,--,--,--,--
S5031015,Kit for Emergency Repairs,Z01,No,1000,EA,No,--,SHORT_LINE,No,0.055,KGM,0.13,MTQ,--,HBW,--,No,--,--,--,--
S1505116,Co-amoxiclav 500mg+125mg tabs/PAC-10x10,Z01,Yes,1000,EA,No,--,SHORT_LINE,No,0.302,KGM,1.826,DMQ,425,HBW,PHARMACEUTICALS,No,--,10,Z1,--
S9009000,Carton non-standard,Z04,No,1000,EA,No,--,SHORT_LINE,No,0.0,KGM,0,MTQ,--,HBW,--,Yes,0,--,--,--
S1300146,Arte20+Pyro60mg gran. sus. sach/PAC-3x30,Z01,Yes,1000,EA,No,--,SHORT_LINE,No,0.064,KGM,0.306,DMQ,425,HBW,PHARMACEUTICALS,No,--,--,Z1,--
S1552226,Betamethasone 0.1% cream/TBE-15g,Z01,Yes,1000,EA,No,--,SHORT_LINE,Yes,0.032,KGM,0.199,DMQ,425,HBW,PHARMACEUTICALS,No,--,--,Z1,--
S1300147,Artesun60 + Pyronarid180mg tab/PAC-9x10,Z01,Yes,1000,EA,No,--,SHORT_LINE,No,0.102,KGM,0.494,DMQ,425,HBW,PHARMACEUTICALS,No,--,--,Z1,--
S1300149,DHA 80mg +Piperaq640mg tabs/6/PAC -25,Z01,Yes,1000,EA,No,--,SHORT_LINE,No,0.267,KGM,0.17,DMQ,425,HBW,PHARMACEUTICALS,No,--,--,Z1,--
S7800004,"Retinol 200,000IU gel.caps/PAC-100, CIK",Z01,Yes,1000,PAC,No,--,SHORT_LINE,No,0.063,KGM,0.212,DMQ,425,HBW,PHARMACEUTICALS,No,--,--,Z1,--
S4410003,"A4 Bristol paper,assorted colors/PAC-100",Z01,No,1000,EA,No,--,SHORT_LINE,Yes,1.128,KGM,2.339,DMQ,--,HBW,--,No,--,--,--,--
S9996753,"SUB2/2 Nut kit,I Ethiop.Mod F S9906753",Z02,Yes,1000,EA,No,S9906753,LONG_LINE,Yes,25.0,KGM,0.12,MTQ,425,HBW,MEDICAL,No,--,--,Z1,--
S9209081,"Soles for safety shoes, various sizes",Z04,No,1000,EA,No,--,SHORT_LINE,No,30.0,GRM,0,DMQ,--,HBW,--,Yes,--,--,--,--
S9207085,Hi-Vis jacket yellow outdoor size XXXL,Z04,No,1000,EA,No,--,SHORT_LINE,No,200.0,GRM,0.028,DMQ,--,HBW,--,Yes,--,--,--,--
S1505076,Ampicillin pdr/inj 500mg vial/BOX-100,Z01,Yes,1000,BOX,No,--,SHORT_LINE,Yes,1.832,KGM,4.785,DMQ,425,HBW,MEDICAL,No,--,10,Z1,--
S9903003,"AWD, Periphery kit, Renewable",Z02,Yes,1000,EA,Yes,--,VIRTUAL_PACKING,No,80.0,KGM,0.48,MTQ,240,HBW,MEDICAL,No,--,--,--,--
S0501050,"Tape,adhesive,2.5cmx10m",Z01,No,1000,EA,No,--,SHORT_LINE,No,0.028,KGM,0.091,DMQ,--,HBW,--,No,--,--,--,--
S0305096,"Gown,patient,woven,adult size",Z01,No,1000,EA,No,--,SHORT_LINE,Yes,0.652,KGM,7.957,DMQ,--,HBW,--,No,--,10,--,--
S9903004,AWD Periphery kit Drug,Z02,Yes,1000,EA,Yes,--,VIRTUAL_PACKING,Yes,457.0,KGM,1.468,MTQ,425,HBW,MEDICAL,No,--,--,Z1,--
S0305095,"Drape, surgical, woven",Z01,No,1000,EA,No,--,SHORT_LINE,Yes,0.407,KGM,4.253,DMQ,--,HBW,--,No,--,10,--,--
S0390010,"Airway,Guedel,size 00",Z01,No,1000,EA,No,--,SHORT_LINE,No,0.017,KGM,0.187,DMQ,--,HBW,--,No,--,--,--,--
S0512200,"Bandage,tricot,tubular,5cmx25m",Z01,No,1000,EA,No,--,SHORT_LINE,No,0.55,KGM,2,DMQ,--,HBW,--,No,--,--,--,--
S0969021,"Gloves,exam,nitrile,pwdfree,S,BOX-100",Z01,Yes,1000,EA,No,--,SHORT_LINE,Yes,0.466,KGM,0.003,MTQ,425,HBW,MEDICAL,No,--,--,--,--
W9200065,Fargo HDP5000 printer (combined),Z11,Yes,1100,EA,No,--,SHORT_LINE,No,27.7,KGM,0,MTQ,--,HBW,CPH_UNHCR,No,--,--,--,--
W9200066,"Fingerprint scanner, dactyscan 84c",Z11,Yes,1100,EA,No,--,SHORT_LINE,No,1.4,KGM,0,MTQ,--,HBW,CPH_UNHCR,No,--,--,--,--
S1521007,Oseltamivir pdr. o.s. 30mg/5ml BOT/60ml,Z01,Yes,1000,BOT,No,--,SHORT_LINE,Yes,0.165,KGM,0.85,DMQ,240,HBW,PHARMACEUTICALS,No,--,10,Z1,--
S1560831,Water for injection 5ml amp/BOX-20,Z01,Yes,1000,EA,No,--,SHORT_LINE,No,0.194,KGM,0.84,DMQ,425,HBW,PHARMACEUTICALS,No,--,10,Z1,--
S1560827,Glucose 5% 500ml bot GS/BOX-20,Z01,Yes,1000,EA,No,--,SHORT_LINE,Yes,13.002,KGM,39.012,DMQ,425,HBW,PHARMACEUTICALS,No,--,10,Z1,--
S1993516,"Puppet,hand,diff characters/PAC-6",Z01,No,1000,PAC,No,--,SHORT_LINE,No,0.0,KGM,0,DMQ,--,HBW,--,No,--,--,--,--
W9200070,"Iris scanner, IriShield MK2120U, mono",Z11,Yes,1100,EA,No,--,SHORT_LINE,No,0.0,KGM,0,MTQ,--,HBW,CPH_UNHCR,No,--,--,--,--
S1993512,"Chain Puzzle, wood/ PAC-8-12 pcs",Z01,No,1000,PAC,No,--,SHORT_LINE,No,0.0,KGM,0,DMQ,--,HBW,--,No,--,--,--,--
S9994831,"Sub7/8 South Sudan,PHCU Kit2018 S9906734",Z02,Yes,1000,EA,No,S9906734,SHORT_LINE,No,19.0,KGM,0.06,MTQ,425,HBW,PHARMACEUTICALS,No,--,--,--,--
W9200071,"Computer accessories, hand scanner",Z11,Yes,1100,EA,No,--,SHORT_LINE,No,0.0,KGM,0,MTQ,--,HBW,CPH_UNHCR,No,--,--,--,--
S9994832,"Sub8/8 South Sudan,PHCU Kit2018 S9906734",Z02,Yes,1000,EA,No,S9906734,LONG_LINE,Yes,4.0,KGM,0.03,MTQ,425,HBW,PHARMACEUTICALS,No,--,--,--,--
W9200073,"Barcode scanner, Honeywell, 1300G P/N",Z11,Yes,1100,EA,No,--,SHORT_LINE,No,0.16,KGM,0,MTQ,--,HBW,CPH_UNHCR,No,--,--,--,--
S1993514,"Geometric stacking & sorting board, wood",Z01,No,1000,PAC,No,--,SHORT_LINE,No,0.0,KGM,0,DMQ,--,HBW,--,No,--,--,--,--
S1993517,"Sort & Stack Set,plastic,PAC-app.19pcs",Z01,No,1000,PAC,No,--,SHORT_LINE,No,0.0,KGM,0,DMQ,--,HBW,--,No,--,--,--,--
S0845178,"Pump,breast,manual,w/access",Z01,Yes,1000,EA,No,--,SHORT_LINE,No,0.48,KGM,0.03,MTQ,240,HBW,--,No,--,--,--,--
S9203384,"Working trousers, khaki/beige size 54",Z01,No,1000,EA,No,--,SHORT_LINE,No,0.2,KGM,0.028,DMQ,--,HBW,--,No,--,--,--,--
S9203385,"Working trousers, khaki/beige size 56",Z01,No,1000,EA,No,--,SHORT_LINE,No,0.2,KGM,0.028,DMQ,--,HBW,--,No,--,--,--,--
S1532008,Amod76.5mg+SP262.5mg disp tab/3+1/PAC-50,Z01,Yes,1000,EA,No,--,SHORT_LINE,No,0.21,KGM,1.3,DMQ,425,HBW,PHARMACEUTICALS,No,--,10,Z1,--
S0845013,"Pulseoximeter,spot-check,w/accessories",Z01,Yes,1000,EA,No,--,SHORT_LINE,No,0.102,KGM,0.33,DMQ,425,HBW,MEDICAL,No,--,--,--,9000
S9906707.1,"Ethiopia Obstet.,surg. kit,suppl.3-renew",Z02,Yes,1000,EA,No,--,VIRTUAL_PACKING,Yes,21.0,KGM,0.16,MTQ,425,--,MEDICAL,No,--,--,--,--
S9203386,"Working trousers, khaki/beige size 58",Z01,No,1000,EA,No,--,SHORT_LINE,No,0.2,KGM,0.028,DMQ,--,HBW,--,No,--,--,--,--
S5033105,"School-in-a-box, 40 students, Ready-Made",Z01,No,1000,EA,No,--,SHORT_LINE,No,47.0,KGM,120,DMQ,--,HBW,--,No,--,--,--,--
S9906707.2,"Ethiopia Obstet.,surg. kit,suppl.3-renew",Z02,Yes,1000,EA,No,--,VIRTUAL_PACKING,Yes,33.0,KGM,0.16,MTQ,425,--,MEDICAL,No,--,--,--,--
S8513903,"PE bag,600/200 x 1100 x 010 mm",Z04,No,1000,EA,No,--,SHORT_LINE,No,0.0,KGM,0,MTQ,--,HBW,--,Yes,--,--,--,--
S9906707.3,"Ethiopia Obstet.,surg. kit,suppl.3-renew",Z02,Yes,1000,EA,No,--,VIRTUAL_PACKING,Yes,22.0,KGM,0.16,MTQ,425,--,MEDICAL,No,--,--,--,--
S9906707.4,"Ethiopia Obstet.,surg. kit,suppl.3-renew",Z02,Yes,1000,EA,No,--,VIRTUAL_PACKING,Yes,19.0,KGM,0.106,MTQ,425,--,MEDICAL,No,--,--,--,--
S9906707.5,"Ethiopia Obstet.,surg. kit,suppl.3-renew",Z02,Yes,1000,EA,No,--,VIRTUAL_PACKING,Yes,11.0,KGM,0.106,MTQ,425,--,MEDICAL,No,--,--,--,--
S9906707.6,"Ethiopia Obstet.,surg. kit,suppl.3-renew",Z02,Yes,1000,EA,No,--,VIRTUAL_PACKING,Yes,17.0,KGM,0.106,MTQ,425,--,MEDICAL,No,--,--,--,--
S9207183,"Hi-Vis Jacket, Pilot model size XL",Z04,No,1000,EA,No,--,SHORT_LINE,Yes,300.0,GRM,0.043,DMQ,--,HBW,--,Yes,--,--,--,--
S9207084,Hi-Vis jacket yellow outdoor size XXL,Z04,No,1000,EA,No,--,SHORT_LINE,No,200.0,GRM,0.028,DMQ,--,HBW,--,Yes,--,--,--,--
S9908300.7,"Obstetric,surgical kit,suppl.1-drugs",Z02,Yes,1000,EA,No,S9999976,LONG_LINE,Yes,20.0,KGM,0.192,MTQ,425,--,PHARMACEUTICALS,No,--,10,Z1,--
S1532009,Amod 153mg+ SP 525mg disp tab/3+1/PAC-50,Z01,Yes,1000,EA,No,--,SHORT_LINE,No,0.242,KGM,1.5,DMQ,425,HBW,PHARMACEUTICALS,No,--,10,Z1,--
S1559331,Trihexyphenidyl HCl 5mg tab/PAC-100,Z01,Yes,1000,PAC,No,--,SHORT_LINE,No,0.027,KGM,0.17,DMQ,425,HBW,PHARMACEUTICALS,No,--,--,Z1,--
S9204096,Working black jacket (warehouse) XXXL,Z01,No,1000,EA,No,--,SHORT_LINE,No,0.84,KGM,0.02,DMQ,--,HBW,--,No,--,--,--,--
S9204092,Working black jacket (warehouse) size M,Z01,No,1000,EA,No,--,SHORT_LINE,No,0.55,KGM,0.02,DMQ,--,HBW,--,No,--,--,--,--
S9204093,Working black jacket (warehouse) size L,Z01,No,1000,EA,No,--,SHORT_LINE,No,0.6,KGM,0.02,DMQ,--,HBW,--,No,--,--,--,--
S0000062,"UNICEF T-shirt, long, Female, L",Z01,No,1000,EA,No,--,SHORT_LINE,No,256.0,GRM,0.5,DMQ,--,HBW,--,No,--,--,--,--
S0000069,"UNICEF T-shirt, long, Male, M",Z01,No,1000,EA,No,--,SHORT_LINE,No,256.0,GRM,1.551,DMQ,--,HBW,--,No,--,--,--,--
S0584612,"FirstResponse MalAgpLDH/HRP2Combo,kit/25",Z01,Yes,1000,EA,No,--,SHORT_LINE,No,0.265,KGM,1.292,DMQ,240,HBW,MEDICAL,No,--,--,--,--
S0782328,"Syringe,RUP,2ml,BiPackNdl,Anhui/BOX-100",Z01,Yes,1000,BOX,No,--,SHORT_LINE,Yes,0.589,KGM,4.831,DMQ,425,HBW,MEDICAL,No,--,--,--,--
S7901024.1,"ECHO IEHK2017, kit, basic unit",Z02,Yes,1000,EA,No,--,SHORT_LINE,No,26.0,KGM,0.16,MTQ,--,--,PHARMACEUTICALS,No,--,--,Z1,9000
S1504002,Alu.hydrox.oral sus 320mg/5ml/BOT-500ml,Z01,Yes,1000,BOT,No,--,SHORT_LINE,No,0.666,KGM,1.378,DMQ,425,HBW,PHARMACEUTICALS,No,--,10,Z1,--
S1504005,Bisacodyl 5mg ent. coated tabs/PAC-1000,Z01,Yes,1000,PAC,No,--,SHORT_LINE,No,0.022,KGM,0.1,DMQ,425,HBW,PHARMACEUTICALS,No,--,10,Z1,--
S7901024.2,"ECHO IEHK2017, kit, basic unit",Z02,Yes,1000,EA,No,--,SHORT_LINE,No,24.0,KGM,0.12,MTQ,--,--,PHARMACEUTICALS,No,--,--,Z1,9000
S7901028.1,"ECHO IEHK2017,kit,suppl.1b-malaria",Z02,Yes,1000,EA,No,--,SHORT_LINE,No,17.0,KGM,0.192,MTQ,--,--,PHARMACEUTICALS,No,--,--,Z1,--
S7901028.2,"ECHO IEHK2017,kit,suppl.1b-malaria",Z02,Yes,1000,EA,No,--,SHORT_LINE,Yes,15.0,KGM,0.16,MTQ,--,--,PHARMACEUTICALS,No,--,--,Z1,--
S9901004,"IEHK2011,kit,basic unit",Z02,Yes,1000,EA,No,--,SHORT_LINE,No,0.0,KGM,0,MTQ,425,HBW,PHARMACEUTICALS,No,--,--,Z1,--
W9200044,"Registration form, english",Z11,Yes,1100,EA,No,--,SHORT_LINE,No,0.002,KGM,0,MTQ,--,HBW,CPH_UNHCR,No,--,--,--,--
S0000061,"UNICEF T-shirt, long, Female, M",Z01,No,1000,EA,No,--,SHORT_LINE,No,256.0,GRM,0.5,DMQ,--,HBW,--,No,--,--,--,--
W9200042,Control sheet/ passenger manifest,Z11,Yes,1100,EA,No,--,SHORT_LINE,No,0.002,KGM,0,MTQ,--,HBW,CPH_UNHCR,No,--,--,--,--
S0584600,"Paracheck pf RT Device,kit/25",Z01,Yes,1000,EA,No,--,SHORT_LINE,No,0.35,KGM,1.8,DMQ,425,HBW,MEDICAL,No,--,--,Z1,--
S0584630,"SD Bioline, syphilis, 3.0, kit/100",Z01,Yes,1000,EA,No,--,SHORT_LINE,No,0.535,KGM,0.002,DMQ,425,HBW,MEDICAL,No,--,--,Z1,--
S6780343,"Mask,high-fil,FFP2/N95,no valve,PAC-50",Z01,Yes,1000,EA,No,--,SHORT_LINE,No,0.415,KGM,4.906,DMQ,425,HBW,MEDICAL,No,--,--,--,--
S9906710.7,Ethiopia Emergency Drug kit 2019,Z02,Yes,1000,EA,No,--,SHORT_LINE,Yes,29.0,KGM,0.005,MTQ,425,--,MEDICAL,No,--,--,Z1,--
S1552422,Acetylsalicylic acid 100mg tab/PAC-10x10,Z01,Yes,1000,EA,No,--,SHORT_LINE,No,0.01,KGM,0.05,DMQ,425,HBW,PHARMACEUTICALS,No,--,10,Z1,--
S1505100,Amoxicillin 500mg disp.tab/PAC 1x10,Z01,Yes,1000,EA,No,--,SHORT_LINE,No,0.108,KGM,0.563,DMQ,425,HBW,PHARMACEUTICALS,No,--,10,Z1,--
S1505101,Amoxicillin 500mg disp. tablets PAC/2x10,Z01,Yes,1000,EA,No,--,SHORT_LINE,No,0.056,KGM,0.05,DMQ,425,HBW,PHARMACEUTICALS,No,--,10,Z1,--
S6780344,"Coverall,protect,CatIII,type 6bXL,PAC-25",Z01,Yes,1000,EA,No,--,SHORT_LINE,No,7.0,KGM,0.063,DMQ,425,HBW,MEDICAL,No,--,--,--,--
S9999506,"Subkit 2/7 Sudan IMCI Med. kit, 2016",Z02,Yes,1000,EA,No,S9906713,LONG_LINE,Yes,27.51,KGM,0.082,MTQ,425,HBW,PHARMACEUTICALS,No,--,--,Z1,--
S9999504,"Prepack 1/1 Sudan IMCI Med. kit, 2016",Z02,Yes,1000,EA,No,--,MINILOAD,No,5.3,KGM,0.003,MTQ,425,HBW,PHARMACEUTICALS,No,--,--,Z1,--
S9999146,"AWD SUB 3/3 Periphery,Renewable",Z02,Yes,1000,EA,No,S9903003,LONG_LINE,Yes,24.0,KGM,0.16,MTQ,240,HBW,PHARMACEUTICALS,No,--,--,Z1,--
S9999142,"PP 6/7 Periphery kit, Renewable S9903003",Z02,Yes,1000,EA,No,--,MINILOAD,No,1.6,KGM,0.013,MTQ,425,HBW,PHARMACEUTICALS,No,--,--,Z1,--
S9999145,"AWD SUB 2/3 Periphery,Renewable",Z02,Yes,1000,EA,No,S9903003,LONG_LINE,Yes,33.0,KGM,0.16,MTQ,240,HBW,PHARMACEUTICALS,No,--,--,Z1,--
S0566014,"Infusion Arm Splint, Foldable, Adult",Z01,No,1000,EA,No,--,SHORT_LINE,Yes,0.375,KGM,1.268,DMQ,--,HBW,--,No,--,--,--,--
S9990035,"Sub 5/6 F S9901030 IEHK2017, suppl.3 ren",Z02,Yes,1000,EA,No,S9901030,LONG_LINE,Yes,18.6,KGM,0.12,MTQ,240,HBW,PHARMACEUTICALS,No,--,--,--,--
S9990032,"Sub 2/6 F S9901030 IEHK2017, suppl.3 ren",Z02,Yes,1000,EA,No,S9901030,LONG_LINE,Yes,15.0,KGM,0.12,MTQ,240,HBW,PHARMACEUTICALS,No,--,--,--,--
S9990036,"Sub 6/6 F S9901030 IEHK2017, suppl.3 ren",Z02,Yes,1000,EA,No,S9901030,LONG_LINE,Yes,17.1,KGM,0.16,MTQ,240,HBW,PHARMACEUTICALS,No,--,--,--,--
S0519005,Mepilex Ag 20 x 50 cm sterile/ BOX-2,Z01,Yes,1000,EA,No,--,SHORT_LINE,Yes,0.369,KGM,0.004,MTQ,425,HBW,MEDICAL,No,--,--,--,--
S9998832,"PP  2/2 IEHK2017,kit,suppl.3-renewable",Z02,Yes,1000,EA,No,--,MINILOAD,No,3.7,KGM,0.025,MTQ,240,HBW,PHARMACEUTICALS,No,--,--,--,--
S0519007,"MepitelOne,10x18cm,cont.layer,st/BOX-10",Z01,Yes,1000,EA,No,--,SHORT_LINE,Yes,0.339,KGM,0.001,MTQ,425,HBW,MEDICAL,No,--,--,--,--
S0519006,"MepilexSoft,silicone,10x10cm,ster./BOX-5",Z01,Yes,1000,EA,No,--,SHORT_LINE,Yes,0.175,KGM,0.002,MTQ,425,HBW,MEDICAL,No,--,--,--,--
S0519014,Mepitac Fixing Tape 2 x 300 cm,Z01,Yes,1000,EA,No,--,SHORT_LINE,No,0.041,KGM,0.2,DMQ,425,HBW,MEDICAL,No,--,--,--,--
S1185024,Mains Ref. Haier HBC-260 E003/087,Z01,No,1000,EA,No,--,SHORT_LINE,No,132.0,KGM,0.91,MTQ,--,HBW,--,No,--,--,--,--
S0519009,"Tubifast 2-Way Stretch, Blue 1m/ BOX-12",Z01,Yes,1000,EA,No,--,SHORT_LINE,Yes,0.547,KGM,0.006,DMQ,425,HBW,MEDICAL,No,--,--,--,--
S9991221,"PP 1/9 F. SUB 4/5 F.  IEHK2017,medicines",Z02,Yes,1000,EA,No,--,MINILOAD,No,0.0,KGM,0,MTQ,240,HBW,PHARMACEUTICALS,No,--,--,Z1,--
S9991122,SUB 2/5 f.S9901026 IEHK2017 part 2,Z02,Yes,1000,EA,No,S9901026,LONG_LINE,Yes,30.5,KGM,0.16,MTQ,240,HBW,PHARMACEUTICALS,No,--,--,Z1,--
S9991222,"PP 2/9 F. SUB 2/5 F.IEHK2017,medicines",Z02,Yes,1000,EA,No,--,MINILOAD,No,0.0,KGM,0,MTQ,425,HBW,PHARMACEUTICALS,No,--,--,Z1,--
S9991224,"PP 4/9 F. SUB 1/5 F.  IEHK2017,medicines",Z02,Yes,1000,EA,No,--,MINILOAD,No,2.5,KGM,0.021,MTQ,240,HBW,PHARMACEUTICALS,No,--,--,Z1,--
S9991226,"PP 6/9 F. SUB 1/5 F. IEHK2017,medicines",Z02,Yes,1000,EA,No,--,MINILOAD,No,0.0,KGM,0,MTQ,240,HBW,PHARMACEUTICALS,No,--,--,Z1,--
S9999521,Subkit 1/4 Pakistan HK S9906794 V2,Z02,Yes,1000,EA,No,S9906794,LONG_LINE,No,20.22,KGM,0.12,MTQ,425,HBW,PHARMACEUTICALS,No,--,--,Z1,--
S9999524,Subkit 4/4 Pakistan HK S9906794 V2,Z02,Yes,1000,EA,No,S9906794,LONG_LINE,No,27.36,KGM,0.12,MTQ,425,HBW,PHARMACEUTICALS,No,--,--,Z1,--
S1400190,Zidovudine 250mg caps,Z01,Yes,1000,EA,No,--,SHORT_LINE,No,0.0,KGM,0,DMQ,425,HBW,PHARMACEUTICALS,No,--,--,Z1,--
S1400507,3TC150mg+d4T30mg tabs,Z01,Yes,1000,EA,No,--,SHORT_LINE,No,0.0,KGM,0,DMQ,425,HBW,PHARMACEUTICALS,No,--,--,Z1,--
S1400501,ABC300mg+3TC150mg+AZT300mg tabs/PAC-60pb,Z01,Yes,1000,EA,No,--,SHORT_LINE,No,0.128,KGM,0.6,DMQ,425,HBW,PHARMACEUTICALS,No,--,--,Z1,--
S1400526,3TC150mg+NVP200mg+AZT300mg tb/PAC-60gpco,Z01,Yes,1000,EA,No,--,SHORT_LINE,No,0.143,KGM,0.51,DMQ,425,HBW,PHARMACEUTICALS,No,--,--,Z1,--
S9202084,"Working trousers cotton, black size 54",Z01,No,1000,EA,No,--,SHORT_LINE,No,0.2,KGM,0.028,DMQ,--,HBW,--,No,--,--,--,--
S1400517,3TC150mg+NVP200mg+d4T40mg tabs/PAC-60 gb,Z01,Yes,1000,EA,No,--,SHORT_LINE,No,0.091,KGM,0.249,DMQ,425,HBW,PHARMACEUTICALS,No,--,--,Z1,--
S5031027,Freeze Dried Meal Kit for 1 Day Non Veg,Z01,Yes,1000,EA,No,--,SHORT_LINE,No,0.48,KGM,0.06,MTQ,425,HBW,PHARMACEUTICALS,No,--,--,--,--
S9999522,Subkit 2/4 Pakistan HK S9906794 V2,Z02,Yes,1000,EA,No,S9906794,LONG_LINE,No,17.78,KGM,0.079,MTQ,425,HBW,PHARMACEUTICALS,No,--,--,Z1,--
S1400536,LPV/r 133.3+33.3 mg caps/PAC-2x90     pb,Z01,Yes,1000,EA,No,--,SHORT_LINE,No,1.958,KGM,0,DMQ,425,HBW,PHARMACEUTICALS,No,--,--,Z1,--
S1568048,Sulfadox500mg +Pyrimeth25mg tabs/PAC-500,Z01,Yes,1000,EA,No,--,SHORT_LINE,No,0.146,KGM,20,DMQ,425,HBW,PHARMACEUTICALS,No,--,10,Z1,--
S9906762.1,"Zimbabwe,PHC package,version 2016",Z02,Yes,1000,EA,No,--,VIRTUAL_PACKING,Yes,21.0,KGM,0.12,MTQ,425,--,PHARMACEUTICALS,No,--,--,Z1,--
S9906762.2,"Zimbabwe,PHC package,version 2016",Z02,Yes,1000,EA,No,--,VIRTUAL_PACKING,Yes,28.0,KGM,0.12,MTQ,425,--,PHARMACEUTICALS,No,--,--,Z1,--
S1531003,Cefixime 200mg tabs/PAC-10x10,Z01,Yes,1000,PAC,No,--,SHORT_LINE,Yes,0.108,KGM,0.707,DMQ,425,HBW,PHARMACEUTICALS,No,--,--,Z1,--
S0305071,"Gown,surgic,nonsterile,nonwoven,disp,L",Z01,No,1000,EA,No,--,SHORT_LINE,No,0.209,KGM,0.002,MTQ,--,HBW,--,No,--,--,--,--
S0305088,"Clogs,plastic,size L",Z01,No,1000,EA,No,--,SHORT_LINE,No,7.3,KGM,0.45,MTQ,--,HBW,--,No,--,--,--,--
W9200076,Lenovo Thinkpad T14S G2,Z11,Yes,1100,EA,No,--,SHORT_LINE,No,0.0,KGM,0,MTQ,--,HBW,CPH_UNHCR,No,--,--,--,--
W9200075,"Cisco, meraki, Z3C LTE telewor",Z11,Yes,1100,EA,No,--,SHORT_LINE,No,0.96,KGM,0,MTQ,--,HBW,CPH_UNHCR,No,--,--,--,--
S0305033,"Coat, laboratory, nonwowen, disp, L",Z01,Yes,1000,EA,No,--,SHORT_LINE,No,0.568,KGM,4.414,DMQ,425,HBW,MEDICAL,No,--,--,--,--
S7901022,"ECHO IEHK2017,kit,suppl.1c-cold chain",Z02,Yes,1000,EA,No,--,SHORT_LINE,No,14.0,KGM,0.115,MTQ,425,CLD,PHARMACEUTICALS,No,--,--,Z3,--
S7901023,"ECHO IEHK2017, PEP kit",Z02,Yes,1000,EA,No,--,SHORT_LINE,Yes,18.0,KGM,0.12,MTQ,425,HBW,PHARMACEUTICALS,No,--,--,Z1,--
S7901026,"ECHO IEHK2017,kit,suppl.1-medicines",Z02,Yes,1000,EA,Yes,--,SHORT_LINE,No,345.883,KGM,1.426,MTQ,240,HBW,PHARMACEUTICALS,No,--,--,Z1,9001
S7901028,"ECHO IEHK2017,kit,suppl.1b-malaria",Z02,Yes,1000,EA,Yes,--,VIRTUAL_PACKING,No,32.0,KGM,0.352,MTQ,425,HBW,PHARMACEUTICALS,No,--,--,Z1,--
S7901030,"ECHO IEHK2017,kit,suppl.3-renewable",Z02,Yes,1000,EA,Yes,--,VIRTUAL_PACKING,No,117.0,KGM,0.832,MTQ,240,HBW,PHARMACEUTICALS,No,--,--,--,--
S7903003,"ECHO AWD, Periphery kit, Renewable",Z02,Yes,1000,EA,Yes,--,SHORT_LINE,No,80.0,KGM,0.48,MTQ,240,HBW,MEDICAL,No,--,--,--,--
S7903002,"ECHO AWD, Periphery kit, Equipment",Z02,Yes,1000,EA,No,--,SHORT_LINE,No,16.0,KGM,0.08,MTQ,425,HBW,MEDICAL,No,--,--,--,9000
S9906700,"Ethiopia Sterilization, kit C",Z02,Yes,1000,EA,Yes,--,VIRTUAL_PACKING,No,34.0,KGM,0.308,MTQ,425,HBW,MEDICAL,No,--,--,--,--
S9999604,"Ethiopia Surg.inst.,suture /SET",Z02,No,1000,SET,No,--,BAGGING_LINE,No,0.217,KGM,0.3,DMQ,--,HBW,--,No,--,--,--,--
S9999732,Bag 2/2 Ethiopia for S9906704 Res.kit,Z02,No,1000,EA,No,--,BAGGING_LINE,No,1.0,KGM,0.45,DMQ,--,HBW,--,No,--,--,--,--
S9999741,Subkit 1/2 Ethiopia Ster. kit C S9906700,Z02,Yes,1000,EA,No,S9906700,LONG_LINE,No,12.0,KGM,0.16,MTQ,425,HBW,MEDICAL,No,--,--,--,--
S1552116,Glucose hyperton.inj 50% 50mL vl/BOX-25,Z01,Yes,1000,BOX,No,--,SHORT_LINE,Yes,3.269,KGM,8,DMQ,425,HBW,PHARMACEUTICALS,No,--,10,Z1,--
S1400625,ABC600mg+3TC300mg tabs/PAC-30 pp,Z01,Yes,1000,EA,No,--,SHORT_LINE,No,0.081,KGM,0.57,DMQ,425,HBW,PHARMACEUTICALS,No,--,--,Z1,--
S0305153,"Mask,high-fil,FFP2/N95/KN95,no valve",Z01,Yes,1000,EA,No,--,SHORT_LINE,No,0.01,KGM,0.139,DMQ,425,HBW,MEDICAL,No,--,--,--,--
S9999503,"Bag 1/1 Sudan, IMCI Med. kit, 2016",Z02,Yes,1000,EA,No,--,SHORT_LINE,No,1.0,KGM,0.006,MTQ,425,HBW,PHARMACEUTICALS,No,--,--,Z1,--
S9991124,SUB 4/5 f.S9901026 IEHK2017 part 4,Z02,Yes,1000,EA,No,S9901026,LONG_LINE,Yes,24.5,KGM,0.12,MTQ,240,HBW,PHARMACEUTICALS,No,--,--,Z1,--
S0845033,"Oxygen concentrator, 10 LPM, dual flow",Z01,Yes,1000,EA,No,--,SHORT_LINE,No,29.0,KGM,108,DMQ,425,HBW,MEDICAL,No,--,--,--,--
S9999502,"Prepack 2/2 Sudan Co. Midwife kit, 2016",Z02,Yes,1000,EA,No,--,MINILOAD,No,5.3,KGM,0.003,MTQ,425,HBW,PHARMACEUTICALS,No,--,--,Z1,--
S1537075,Cloxacillin 250mg disp.tab/PAC-100,Z01,Yes,1000,PAC,No,--,SHORT_LINE,No,0.05,KGM,0.17,DMQ,425,HBW,PHARMACEUTICALS,No,--,10,Z1,--
S9935034,"Recreation kit-in-a-carton, 2016",Z02,No,1000,EA,No,--,LONG_LINE,Yes,18.0,KGM,0.079,MTQ,--,HBW,--,No,--,--,--,--
S9935024,"Recreation kit, 2016",Z02,No,1000,EA,No,--,SHORT_LINE,Yes,24.0,KGM,0.12,MTQ,--,HBW,--,No,--,--,--,--
S1993515,"Puppet,finger,diff characters/PAC-6",Z01,No,1000,PAC,No,--,SHORT_LINE,No,0.0,KGM,0,DMQ,--,HBW,--,No,--,--,--,--
S1993518,"Animal counters, rubber, PAC-app.100pcs",Z01,No,1000,PAC,No,--,SHORT_LINE,No,0.0,KGM,0,DMQ,--,HBW,--,No,--,--,--,--
S1560833,Water for injection 5ml amp/BOX-50,Z01,Yes,1000,EA,No,--,SHORT_LINE,Yes,0.493,KGM,1.978,DMQ,425,HBW,PHARMACEUTICALS,No,--,10,Z1,--
S5088024,High Performance Tent - 24M2,Z01,No,1000,EA,No,--,SHORT_LINE,Yes,250.0,KGM,1.152,MTQ,--,BLK,--,No,--,--,--,--
S9991227,"PP 7/9 F. SUB 1/5 F. IEHK2017,medicines",Z02,Yes,1000,EA,No,--,MINILOAD,No,0.0,KGM,0,MTQ,240,HBW,PHARMACEUTICALS,No,--,--,Z1,--
S1993519,"Building blocks,wood,coloured /PAC-50pcs",Z01,No,1000,PAC,No,--,SHORT_LINE,No,0.0,KGM,0,DMQ,--,HBW,--,No,--,--,--,--
S9997732,SUB 2/8 SSPHCC2018-Med Dev&Diag S9906737,Z02,Yes,1000,EA,No,S9906737,LONG_LINE,No,16.0,KGM,0.16,MTQ,240,HBW,PHARMACEUTICALS,No,--,--,Z1,--
S9997734,SUB 4/8 SSPHCC2018-Med Dev&Diag S9906737,Z02,Yes,1000,EA,No,S9906737,LONG_LINE,No,17.0,KGM,0.12,MTQ,240,HBW,PHARMACEUTICALS,No,--,--,Z1,--
S9999971,Sub 9/10 Obstetric S9908300(i) part 9,Z02,Yes,1000,EA,No,S9908300,LONG_LINE,No,27.0,KGM,0.12,MTQ,240,HBW,PHARMACEUTICALS,No,--,--,--,--
S9901020,Simulation kit for PPE education,Z02,Yes,1000,EA,No,--,SHORT_LINE,No,0.0,KGM,0,MTQ,425,HBW,MEDICAL,No,--,--,--,--
S0845171,"Container,sharps,leak-resistant,w\lid-S",Z01,Yes,1000,BOX,No,--,SHORT_LINE,No,0.166,KGM,2.007,DMQ,240,HBW,--,No,--,--,--,--
S9901040,"IEHK 2024,Basic Medicine&Renewable UNIT",Z02,Yes,1000,EA,Yes,--,VIRTUAL_PACKING,Yes,64.3,KGM,0.291,MTQ,240,HBW,PHARMACEUTICALS,No,--,--,Z1,9000
S0538204,Set Winter clothes-severe winter 12month,Z01,No,1000,EA,No,--,SHORT_LINE,No,1.6,KGM,12.47,DMQ,--,HBW,--,No,--,--,--,--
S9935066,"ECD kit (IKA), 2016",Z02,No,1000,EA,No,--,LONG_LINE,Yes,39.107,KGM,0.131,MTQ,--,HBW,--,No,--,--,--,--
S1400593,Atazanavir 150mg caps/PAC-30          gb,Z01,Yes,1000,EA,No,--,SHORT_LINE,No,0.0,KGM,0,DMQ,425,HBW,PHARMACEUTICALS,No,--,--,Z1,--
S1400610,3TC30mg+AZT60mg tabs/PAC-60           gb,Z01,Yes,1000,EA,No,--,SHORT_LINE,No,0.043,KGM,0.3,DMQ,425,HBW,PHARMACEUTICALS,No,--,--,Z1,--
S1400600,Efavirenz 50mg tabs/PAC-30            pb,Z01,Yes,1000,EA,No,--,SHORT_LINE,No,0.124,KGM,0.385,DMQ,425,HBW,PHARMACEUTICALS,No,--,--,Z1,--
S9901152,"WASH&DignityKit,firstResp,1HH,w PurifTab",Z02,Yes,1000,EA,No,--,LONG_LINE,Yes,8.25,KGM,0.053,MTQ,425,HBW,PHARMACEUTICALS,No,--,--,Z1,--
S1300013,Artesunate pdr./inj. 30mg vial/BOX-1,Z01,Yes,1000,EA,No,--,SHORT_LINE,No,0.045,KGM,0.26,DMQ,425,HBW,PHARMACEUTICALS,No,--,--,Z1,--
S9203380,"Working trousers, khaki/beige size 46",Z01,No,1000,EA,No,--,SHORT_LINE,No,0.2,KGM,0.028,DMQ,--,HBW,--,No,--,--,--,--
S9202083,"Working trousers cotton, black size 52",Z01,No,1000,EA,No,--,SHORT_LINE,No,0.333,KGM,0,DMQ,--,HBW,--,No,--,--,--,--
S9202081,"Working trousers cotton, black size 48",Z01,No,1000,EA,No,--,SHORT_LINE,No,0.333,KGM,0,DMQ,--,HBW,--,No,--,--,--,--
S9203381,"Working trousers, khaki/beige size 48",Z01,No,1000,EA,No,--,SHORT_LINE,No,0.2,KGM,0.028,DMQ,--,HBW,--,No,--,--,--,--
S9203382,"Working trousers, khaki/beige size 50",Z01,No,1000,EA,No,--,SHORT_LINE,No,0.2,KGM,0.028,DMQ,--,HBW,--,No,--,--,--,--
S5031024,Sleeping Bag Voyager,Z01,No,1000,EA,No,--,SHORT_LINE,No,1.2,KGM,0.03,MTQ,--,HBW,--,No,--,--,--,--
S2795806,"Colourful Cloth with Bag, 3.65 meters",Z01,No,1000,EA,No,--,SHORT_LINE,No,0.952,KGM,4.642,DMQ,--,HBW,--,No,--,--,--,--
S1552424,Acetylsalicylic acid 75mg tabs/PAC-56,Z01,Yes,1000,EA,No,--,SHORT_LINE,No,0.036,KGM,0.15,DMQ,425,HBW,PHARMACEUTICALS,No,--,10,Z1,--
S5031023,Field Bag Water Resistant,Z01,No,1000,EA,No,--,SHORT_LINE,Yes,7.908,KGM,0.102,MTQ,--,HBW,--,No,--,--,--,--
S0565051,"Sut,Nonabs,DEC1,Ndl:3/8,16mm,RB,Tp,Box36",Z01,Yes,1000,BOX,No,--,SHORT_LINE,No,0.18,KGM,1.56,DMQ,425,HBW,MEDICAL,No,--,--,--,--
S1564343,Compound Sodium Lactate 1L bag/BOX-12,Z01,Yes,1000,BOX,No,--,SHORT_LINE,No,11.5,KGM,22,DMQ,425,HBW,PHARMACEUTICALS,No,--,--,--,--
S1543671,Haloperidol decanoate 50mg/ml amp/BOX-5,Z01,Yes,1000,BOX,No,--,SHORT_LINE,No,0.033,KGM,0.189,DMQ,425,HBW,PHARMACEUTICALS,No,--,--,--,--
S1564342,Sodium Chloride 0.9% 500ml bot/BOX-10,Z01,Yes,1000,BOX,No,--,SHORT_LINE,No,0.0,KGM,34.104,DMQ,425,HBW,PHARMACEUTICALS,No,--,--,--,--
S0845014,"Pulse oximeter,portable,w/access",Z01,Yes,1000,EA,No,--,SHORT_LINE,Yes,0.99,KGM,4.8,DMQ,425,HBW,MEDICAL,No,--,--,--,3481
S8799101,UNICEF ID cardholder-lanyard Bag/50,Z01,No,1000,BAG,No,--,SHORT_LINE,No,0.979,KGM,5.39,DMQ,--,HBW,--,No,--,--,--,--
S1400062,Efavirenz 200mg caps/PAC-90 gb,Z01,Yes,1000,EA,No,--,SHORT_LINE,No,0.17,KGM,0.45,DMQ,425,HBW,PHARMACEUTICALS,No,--,--,Z1,--
S0305144,"Goggles,protective,indirect-side-venti",Z01,Yes,1000,EA,No,--,SHORT_LINE,Yes,0.132,KGM,1.384,DMQ,240,HBW,MEDICAL,No,--,--,--,--
S0709231,"Cannula IV short 18G, ster, disp, BOX-50",Z01,Yes,1000,EA,No,--,SHORT_LINE,Yes,0.372,KGM,3.064,DMQ,425,HBW,MEDICAL,No,--,--,--,--
S0709233,"Cannula IV short 22G, ster, disp, BOX-50",Z01,Yes,1000,EA,No,--,SHORT_LINE,Yes,0.356,KGM,3.042,DMQ,425,HBW,MEDICAL,No,--,--,--,--
S0709235,"Cannula,IV short,16G,ster,disp, BOX-50",Z01,Yes,1000,EA,No,--,SHORT_LINE,Yes,0.37,KGM,2.866,DMQ,425,HBW,MEDICAL,No,--,--,--,--
S0305107,"Faceshield,fog-resistant,reusable",Z01,No,1000,EA,No,--,SHORT_LINE,Yes,0.173,KGM,0.002,MTQ,--,HBW,--,No,--,10,--,--
S0709239,"NeedleSpinal20G(0.9x90mm)Ster,disp,BOX50",Z01,Yes,1000,EA,No,--,SHORT_LINE,Yes,0.57,KGM,1.225,DMQ,425,HBW,MEDICAL,No,--,--,--,--
S1600006,Molnupiravir 200mg caps/PAC-40 gb,Z01,Yes,1000,PAC,No,--,SHORT_LINE,No,0.045,KGM,0.76,DMQ,425,HBW,PHARMACEUTICALS,No,--,--,Z1,--
S8902063,Label-Sticker for Yemen SIC/SIB,Z04,No,1000,ROL,No,--,SHORT_LINE,No,3.016,KGM,8.95,DMQ,--,HBW,--,Yes,--,--,--,--
S0305147,"Bootcover,antiskid,elasticated,pair",Z01,Yes,1000,PR,No,--,SHORT_LINE,Yes,0.104,KGM,0.984,DMQ,240,HBW,MEDICAL,No,--,--,--,--
S9990041,"Sub 1/2 IEHK2017,kit,basic module",Z02,Yes,1000,EA,No,S9901024,LONG_LINE,No,25.8,KGM,0.12,MTQ,425,HBW,PHARMACEUTICALS,No,--,--,Z1,--
S9998835,Prepack  2/4 f S9990042 - (S9901024)IEHK,Z02,Yes,1000,EA,No,--,MINILOAD,No,0.6,KGM,0.014,MTQ,425,HBW,PHARMACEUTICALS,No,--,--,Z1,--
S9998837,Prepack  3/4 f S9990042 - (S9901024)IEHK,Z02,Yes,1000,EA,No,--,MINILOAD,No,0.6,KGM,0.014,MTQ,425,HBW,PHARMACEUTICALS,No,--,--,Z1,--
S0782436,Tropis Ndl-free Syringe/BOX-200,Z01,Yes,1000,BOX,No,--,SHORT_LINE,No,0.725,KGM,3.553,DMQ,425,HBW,MEDICAL,No,--,--,--,--
S0782437,Tropis Filling Adapter/BOX-50,Z01,Yes,1000,BOX,No,--,SHORT_LINE,No,0.4,KGM,3.553,DMQ,425,HBW,MEDICAL,No,--,--,--,--
S7911030,"SUB 1/6 IEHK2017,kit,suppl.3-ren ECHO",Z02,Yes,1000,EA,No,S7901030,SHORT_LINE,No,20.0,KGM,0.12,MTQ,425,HBW,PHARMACEUTICALS,No,--,--,--,--
S0846020,Depleted material no longer required,Z01,No,1000,EA,No,--,SHORT_LINE,No,0.0,KGM,0,DMQ,--,HBW,--,No,--,--,--,--
S1521033,Daclatasvir 60+Sofosbuvir 400 tab/PAC-28,Z01,Yes,1000,PAC,No,--,SHORT_LINE,No,0.083,KGM,0.24,DMQ,425,HBW,PHARMACEUTICALS,No,--,--,Z1,--
S0845201,"Coverall,protection,CatIII,type 4b,M",Z01,Yes,1000,EA,No,--,SHORT_LINE,No,0.319,KGM,2.77,DMQ,425,HBW,MEDICAL,No,--,--,--,--
S9999611,"Bag1/3 Ethiopia Surg.inst.,abdo.S9999600",Z02,No,1000,EA,No,--,BAGGING_LINE,No,0.5,KGM,2.25,DMQ,--,HBW,--,No,--,--,--,--
S9999612,"Bag2/3 Ethiopia Surg.inst.,abdo.S9999600",Z02,No,1000,EA,No,--,BAGGING_LINE,No,0.5,KGM,2.25,DMQ,--,HBW,--,No,--,--,--,--
S0969025,"Gloves,exam,nitrile,pwdfree,M,BOX-100",Z01,Yes,1000,EA,No,--,SHORT_LINE,Yes,0.533,KGM,7.448,DMQ,425,HBW,MEDICAL,No,--,--,--,--
S1993322,Children w/ Disability Guide REC Kit,Z01,No,1000,EA,No,--,SHORT_LINE,Yes,0.166,KGM,0.122,DMQ,--,HBW,--,No,--,--,--,--
S0327551,"HE*Gloves,heavy-duty,rubber/nitrile,M",Z01,No,1000,EA,No,--,SHORT_LINE,Yes,0.091,KGM,0.3,DMQ,--,HBW,--,No,--,--,--,--
S1802218,Solar Lamp w/ Phone Charger,Z01,No,1000,EA,No,--,SHORT_LINE,Yes,0.867,KGM,0.006,MTQ,--,HBW,--,No,--,--,--,3481
S6780200,Sulf.400mg+Trimet.80mg tabs/PAC-1000,Z01,Yes,1000,PAC,No,--,SHORT_LINE,No,0.765,KGM,1.95,DMQ,425,HBW,PHARMACEUTICALS,No,--,--,Z1,--
S6780201,Azithromycin 500mg tablets/PAC-3,Z01,Yes,1000,PAC,No,--,SHORT_LINE,No,0.001,KGM,0.113,DMQ,425,HBW,PHARMACEUTICALS,No,--,--,Z1,--
S6780209,Neo.+bac.oint.5mg+500IU/g/TBE-15g/PAC-10,Z01,Yes,1000,PAC,No,--,SHORT_LINE,No,0.166,KGM,0.879,DMQ,425,HBW,PHARMACEUTICALS,No,--,--,Z1,--
S6780211,"Oral reh.salts,750ml sachet/CAR-1000",Z01,Yes,1000,CAR,No,--,SHORT_LINE,No,0.0,KGM,0,DMQ,425,HBW,PHARMACEUTICALS,No,--,--,Z1,--
S1993321,Children w/ Disability Guide ECD Kit,Z01,No,1000,EA,No,--,SHORT_LINE,Yes,0.091,KGM,0.15,DMQ,--,HBW,--,No,--,--,--,--
S5005860,"Bucket,HDPE,with lid and tap,14 l",Z01,No,1000,EA,No,--,SHORT_LINE,Yes,1.059,KGM,11.04,DMQ,--,HBW,--,No,--,--,--,--
S0305034,"Clogs,hospital,reusable,pair,38-39",Z01,Yes,1000,EA,No,--,SHORT_LINE,No,0.0,KGM,0,DMQ,425,HBW,MEDICAL,No,--,--,--,--
S0305036,"Clogs,hospital,reusable,pair,42-43",Z01,Yes,1000,EA,No,--,SHORT_LINE,No,0.0,KGM,0,DMQ,425,HBW,MEDICAL,No,--,--,--,--
S0305037,"Clogs,hospital,reusable,pair,44-45",Z01,Yes,1000,EA,No,--,SHORT_LINE,Yes,0.764,KGM,8.571,DMQ,425,HBW,MEDICAL,No,--,--,--,--
S0330124,"Gloves,exam,nitrile,ext cuff,S,BOX-100",Z01,Yes,1000,EA,No,--,SHORT_LINE,Yes,0.743,KGM,0.004,MTQ,425,HBW,MEDICAL,No,--,--,--,--
S0330126,"Gloves,exam,nitrile,ext cuff,L,BOX-100",Z01,Yes,1000,EA,No,--,SHORT_LINE,Yes,0.813,KGM,0.004,MTQ,425,HBW,MEDICAL,No,--,--,--,--
S1586040,Dexamethasone 2mg tabs/PAC-5x10,Z01,Yes,1000,PAC,No,--,SHORT_LINE,No,0.2,KGM,7,DMQ,425,HBW,PHARMACEUTICALS,No,--,--,Z1,--
S1586037,Methotrexate 2.5mg tabs/PAC-10x10,Z01,Yes,1000,PAC,No,--,SHORT_LINE,No,0.42,KGM,0.209,DMQ,425,HBW,PHARMACEUTICALS,No,--,--,Z1,--
S1586039,Vincristine 1mg/ml inj 1ml vl/BOX-1,Z01,Yes,1000,BOX,No,--,SHORT_LINE,No,0.018,KGM,0.21,DMQ,425,CLD,PHARMACEUTICALS,No,--,--,Z3,--
S1586041,Dexamethasone 2mg tabs/PAC-2x14,Z01,Yes,1000,PAC,No,--,SHORT_LINE,No,0.2,KGM,0.129,DMQ,425,HBW,PHARMACEUTICALS,No,--,--,Z1,--
S9986717,PP 2/3 F Sub 2/3 Yemen PHK S9906800,Z02,Yes,1000,EA,No,--,MINILOAD,No,5.0,KGM,22,DMQ,425,HBW,PHARMACEUTICALS,No,--,--,Z1,--
S1586061,Cytarabine 20mg/ml inj 5ml vl/BOX-1,Z01,Yes,1000,BOX,No,--,SHORT_LINE,No,0.13,KGM,0.059,DMQ,425,HBW,PHARMACEUTICALS,No,--,--,--,--
S7980124,"SUB 2/2 IEHK2017, kit, basic unit ECHO",Z02,Yes,1000,EA,No,S7901024,LONG_LINE,No,24.0,KGM,0.12,MTQ,425,HBW,PHARMACEUTICALS,No,--,--,--,--
S9992588,"SUB 7/17 NBK, Hospital, Module 3, Equ",Z02,No,1000,EA,No,S9902480,SHORT_LINE,No,55.0,KGM,0.912,MTQ,--,HBW,--,No,--,--,--,--
S7981028,"sub 1/2 IEHK2017,kit,suppl.1b-malar ECHO",Z02,Yes,1000,EA,No,S7901028,LONG_LINE,No,16.0,KGM,0.12,MTQ,425,HBW,PHARMACEUTICALS,No,--,--,--,--
S7911023,"SUB 1/3 IEHK2017, PEP kit CHILD ECHO",Z02,Yes,1000,EA,No,--,SHORT_LINE,No,6.0,KGM,0.03,MTQ,425,HBW,PHARMACEUTICALS,No,--,--,--,--
S7912023,"SUB 2/3 IEHK2017, PEP kit ADULT ECHO",Z02,Yes,1000,EA,No,--,SHORT_LINE,No,6.0,KGM,0.03,MTQ,425,HBW,PHARMACEUTICALS,No,--,--,--,--
S7911026,"ECHO sub 1/5 IEHK2017,kit,suppl.1-medici",Z02,Yes,1000,EA,No,S7901026,LONG_LINE,No,30.0,KGM,0.12,MTQ,425,HBW,PHARMACEUTICALS,No,--,--,--,--
S7913023,"SUB 3/3 IEHK2017, PEP kit ADULT ECHO",Z02,Yes,1000,EA,No,--,SHORT_LINE,No,6.0,KGM,0.03,MTQ,425,HBW,PHARMACEUTICALS,No,--,--,--,--
S7924026,"sub 4/5 IEHK2017,kit,suppl.1-medici ECHO",Z02,Yes,1000,EA,No,S7901026,LONG_LINE,No,30.0,KGM,0.12,MTQ,425,HBW,PHARMACEUTICALS,No,--,--,--,--
S7913030,"SUB 3/6 IEHK2017,kit,suppl.3-ren ECHO",Z02,Yes,1000,EA,No,S7901030,LONG_LINE,No,20.0,KGM,0.12,MTQ,425,HBW,PHARMACEUTICALS,No,--,--,--,--
S7916030,"SUB 6/6 IEHK2017,kit,suppl.3-ren ECHO",Z02,Yes,1000,EA,No,S7901030,LONG_LINE,No,20.0,KGM,0.12,MTQ,425,HBW,PHARMACEUTICALS,No,--,--,--,--
S7923026,"sub 3/5 IEHK2017,kit,suppl.1-medici ECHO",Z02,Yes,1000,EA,No,S7901026,LONG_LINE,No,30.0,KGM,0.12,MTQ,425,HBW,PHARMACEUTICALS,No,--,--,--,--
S1586073,Etoposide 50mg soft caps/PAC-2x10,Z01,Yes,1000,PAC,No,--,SHORT_LINE,No,0.035,KGM,0.22,DMQ,425,HBW,PHARMACEUTICALS,No,--,--,Z1,--
S1586043,Prednisolone 5mg sol.tabs/PAC-3x10,Z01,Yes,1000,PAC,No,--,SHORT_LINE,No,0.017,KGM,0.12,DMQ,425,HBW,PHARMACEUTICALS,No,--,--,Z1,--
S0921601,"Cutter, tablets, plastic",Z01,No,1000,EA,No,--,SHORT_LINE,No,0.01,KGM,0.14,DMQ,--,HBW,--,No,--,--,--,--
S1559306,Phenobarb 15mg/5ml elixir 500ml/BOX12 pt,Z01,Yes,1000,BOX,No,--,SHORT_LINE,No,10.08,KGM,188.35,DMQ,425,HBW,PHARMACEUTICALS,No,--,--,Z1,--
S1514137,Metronidazole or.sus 200mg/5ml/BOT-100ml,Z01,Yes,1000,PAC,No,--,SHORT_LINE,Yes,0.257,KGM,0.394,DMQ,425,HBW,PHARMACEUTICALS,No,--,--,Z1,--
W9200011,HCR Registration materials,Z11,Yes,1100,EA,No,--,SHORT_LINE,Yes,1.054,KGM,0.009,MTQ,--,HBW,CPH_UNHCR,No,--,--,--,--
W9200017,"UNHCR, Pilow Tank",Z11,Yes,1100,EA,No,--,SHORT_LINE,No,0.0,KGM,0,MTQ,--,HBW,CPH_UNHCR,No,--,--,--,--
S1562046,Caffeine Cit 10mg/ml or sol 5ml vl/PAC-1,Z01,Yes,1000,PAC,No,--,SHORT_LINE,Yes,0.047,KGM,0.264,DMQ,425,HBW,PHARMACEUTICALS,No,--,--,Z1,--
W9200019,"UNHCR Pallet, EU size, disposable",Z11,Yes,1100,EA,No,--,SHORT_LINE,No,0.0,KGM,0,MTQ,--,HBW,CPH_UNHCR,No,--,--,--,--
W9200026,"Generator, 40KVA",Z11,Yes,1100,EA,No,--,SHORT_LINE,No,0.0,KGM,0,MTQ,--,HBW,CPH_UNHCR,No,--,--,--,--
W9200020,"UNHCR Stretchfoil, 23my, std. grade",Z11,Yes,1100,ROL,No,--,SHORT_LINE,No,0.0,KGM,0,MTQ,--,HBW,CPH_UNHCR,No,--,--,--,--
W9200035,Family Tents Fire Retardant,Z11,Yes,1100,EA,No,--,SHORT_LINE,No,56.0,KGM,0.082,MTQ,--,HBW,CPH_UNHCR,No,--,--,--,--
S9906733.9,South Sudan PHCC Kit 2018 Basic Medicin,Z02,Yes,1000,EA,No,--,LONG_LINE,Yes,25.0,KGM,0.12,MTQ,240,--,PHARMACEUTICALS,No,--,--,Z1,9001
S5086018,"Blanket high thermal recycled,BALE-15",Z01,No,1000,EA,No,--,SHORT_LINE,No,0.7,KGM,0.019,MTQ,--,HBW,--,No,--,--,--,--
S0565851,"Razor, single edge, plastic,s.u./PAC-100",Z01,No,1000,PAC,No,--,SHORT_LINE,Yes,0.349,KGM,3.259,DMQ,--,HBW,--,No,--,--,--,--
S5034002,Science teaching kit in a carton,Z01,No,1000,EA,No,--,SHORT_LINE,No,11.5,KGM,60,DMQ,--,HBW,--,No,--,--,--,--
S1585002,Activ. charcoal 50g gran.or.susp/BOT-1,Z01,Yes,1000,BOT,No,--,SHORT_LINE,No,0.3,KGM,1.044,DMQ,425,HBW,PHARMACEUTICALS,No,--,--,Z1,--
S5033108,"ECD kit in-a-carton, ready-made",Z01,No,1000,EA,No,--,SHORT_LINE,No,37.103,KGM,120,DMQ,--,HBW,--,No,--,--,--,--
S1585010,Diclofenac Sodium 25mg tabs/PAC-10x10,Z01,Yes,1000,PAC,No,--,SHORT_LINE,No,0.025,KGM,0.113,DMQ,425,HBW,PHARMACEUTICALS,No,--,--,Z1,--
S5033109,"Arabic student kit grade 1-4, ready-made",Z01,No,1000,EA,No,--,SHORT_LINE,No,19.44,KGM,107,DMQ,--,HBW,--,No,--,--,--,--
S1514144,Dexamethasone 6mg tabs/PAC-10x10,Z01,Yes,1000,PAC,No,--,SHORT_LINE,Yes,0.06,KGM,0.19,DMQ,425,HBW,MEDICAL,No,--,--,Z1,--
S5033111,"Arabic teacher's kit, ready-made",Z01,No,1000,EA,No,--,SHORT_LINE,No,17.0,KGM,80,DMQ,--,HBW,--,No,--,--,--,--
S1586018,Daunorubicin 20mg pdr.inj vl/BOX-10,Z01,Yes,1000,BOX,No,--,SHORT_LINE,No,0.205,KGM,1,DMQ,425,HBW,PHARMACEUTICALS,No,--,--,Z1,--
S1586017,Dactinomycin 500mcg pdr.inj vl/BOX-1,Z01,Yes,1000,BOX,No,--,SHORT_LINE,No,0.016,KGM,0.1,DMQ,425,HBW,PHARMACEUTICALS,No,--,--,Z1,--
S1586013,Allopurinol 300mg tabs/PAC-3x10,Z01,Yes,1000,PAC,No,--,SHORT_LINE,No,0.05,KGM,0.64,DMQ,425,HBW,PHARMACEUTICALS,No,--,--,Z1,--
S0782360,"Syringe,A-D,BCG,0.1ml,SIP,w/ndl/BOX-100",Z01,Yes,1000,BOX,No,--,SHORT_LINE,No,0.349,KGM,3.5,DMQ,425,HBW,MEDICAL,No,--,--,--,--
S6780383,Soloshot BOX-100,Z01,Yes,1000,BOX,No,--,SHORT_LINE,No,0.586,KGM,0.54,DMQ,425,HBW,MEDICAL,No,--,--,--,--
S0305151,"Gown,isolation,nonwoven,disp,L",Z01,Yes,1000,EA,No,--,SHORT_LINE,Yes,0.181,KGM,0.002,MTQ,240,HBW,MEDICAL,No,--,--,--,--
S1993546,"Brochures, Arabic for REC Kit",Z01,No,1000,EA,No,--,SHORT_LINE,No,0.05,KGM,0.148,DMQ,--,HBW,--,No,--,--,--,--
S1586055,Methotrexate 25mg/ml inj 2ml vl/BOX-1,Z01,Yes,1000,BOX,No,--,SHORT_LINE,No,0.023,KGM,0.1,DMQ,425,HBW,PHARMACEUTICALS,No,--,--,Z1,--
S1586056,Methotrexate 25mg/ml inj 10ml vl/BOX-1,Z01,Yes,1000,BOX,No,--,SHORT_LINE,No,0.047,KGM,0.1,DMQ,--,HBW,PHARMACEUTICALS,No,--,--,Z1,--
S5088074.1,Hard flooring - for HPT 48m2,Z01,No,1000,EA,No,--,SHORT_LINE,Yes,106.0,KGM,0.64,MTQ,--,HBW,--,No,--,--,--,--
S5088074.2,Hard flooring - for HPT 48m2,Z01,No,1000,EA,No,--,SHORT_LINE,Yes,106.0,KGM,0.64,MTQ,--,HBW,--,No,--,--,--,--
S5088075.1,Hard flooring - for HPT 72m2,Z01,No,1000,EA,No,--,SHORT_LINE,Yes,106.0,KGM,0.64,MTQ,--,--,--,No,--,--,--,--
S5088075.2,Hard flooring - for HPT 72m2,Z01,No,1000,EA,No,--,SHORT_LINE,Yes,107.0,KGM,0.64,MTQ,--,--,--,No,--,--,--,--
S5088075.3,Hard flooring - for HPT 72m2,Z01,No,1000,EA,No,--,SHORT_LINE,Yes,107.0,KGM,0.64,MTQ,--,--,--,No,--,--,--,--
S0846019,"Module,replenish,ETB,UNDSS,outside kit",Z01,No,1000,EA,No,--,SHORT_LINE,No,0.0,KGM,0,DMQ,--,HBW,--,No,--,--,--,--
S1586019,Etoposide 20mg/ml inj 5ml vl/BOX-1,Z01,Yes,1000,BOX,No,--,SHORT_LINE,No,0.038,KGM,0.21,DMQ,425,HBW,PHARMACEUTICALS,No,--,--,Z1,--
S1586001,"Carboplatin 10mg/ml inj, 45ml vl/BOX-1",Z01,Yes,1000,BOX,No,--,SHORT_LINE,No,0.1,KGM,0.21,DMQ,425,HBW,PHARMACEUTICALS,No,--,--,Z1,--
S1586004,Cyclophosphamide 1g pdr.inj vl/BOX-1,Z01,Yes,1000,BOX,No,--,SHORT_LINE,No,0.104,KGM,0.3,DMQ,425,HBW,PHARMACEUTICALS,No,--,--,Z1,--
S1586005,Cyclophosphamide 500mg pdr.inj vl/BOX-1,Z01,Yes,1000,BOX,No,--,SHORT_LINE,No,0.068,KGM,0.25,DMQ,425,HBW,PHARMACEUTICALS,No,--,--,Z1,--
S1586006,"Doxorubicin HCl 2mg/ml, 5ml inj vl/BOX-1",Z01,Yes,1000,BOX,No,--,SHORT_LINE,No,0.145,KGM,0.41,DMQ,425,CLD,PHARMACEUTICALS,No,--,--,Z3,--
S1586016,Dacarbazine 100mg pdr.inj vl/BOX-10,Z01,Yes,1000,BOX,No,--,SHORT_LINE,No,0.256,KGM,1.02,DMQ,425,HBW,PHARMACEUTICALS,No,--,--,Z1,--
S1586022,Ifosfamide 500mg pdr.inj vl/BOX-1,Z01,Yes,1000,BOX,No,--,SHORT_LINE,No,0.042,KGM,0.16,DMQ,425,HBW,PHARMACEUTICALS,No,--,--,Z1,--
S1586021,Ifosfamide 2g pdr.inj vl/BOX-1,Z01,Yes,1000,BOX,No,--,SHORT_LINE,No,0.051,KGM,0.22,DMQ,425,HBW,PHARMACEUTICALS,No,--,--,Z1,--
S1586023,Irinotecan HCI 20mg/ml inj 2ml vl/BOX-1,Z01,Yes,1000,BOX,No,--,SHORT_LINE,No,0.049,KGM,0.35,DMQ,425,HBW,PHARMACEUTICALS,No,--,--,Z1,--
S1586028,Cytarabine 20mg/ml inj 5ml vl/BOX-5,Z01,Yes,1000,BOX,No,--,SHORT_LINE,No,0.039,KGM,0.147,DMQ,425,HBW,PHARMACEUTICALS,No,--,--,Z1,--
S1586027,Tretinoin 10mg caps/PAC-100,Z01,Yes,1000,PAC,No,--,SHORT_LINE,No,0.145,KGM,0.37,DMQ,425,HBW,PHARMACEUTICALS,No,--,--,Z1,--
S1586032,Dasatinib 70mg tabs/PAC-5x12,Z01,Yes,1000,PAC,No,--,SHORT_LINE,No,0.05,KGM,0.64,DMQ,425,HBW,PHARMACEUTICALS,No,--,--,Z1,--
S1586034,Imatinib 100mg tabs/PAC-6x10,Z01,Yes,1000,PAC,No,--,SHORT_LINE,No,0.092,KGM,0.64,DMQ,425,HBW,PHARMACEUTICALS,No,--,--,Z1,--
S1564339,Glucose 10% 500ml bot GS/BOX-20,Z01,Yes,1000,BOX,No,--,SHORT_LINE,Yes,12.665,KGM,29.509,DMQ,425,HBW,PHARMACEUTICALS,No,--,--,Z1,--
S1521022,Aciclovir pdr.inj 250mg vial/BOX-5,Z01,Yes,1000,BOX,No,--,SHORT_LINE,Yes,0.061,KGM,0.21,DMQ,425,HBW,PHARMACEUTICALS,No,--,--,Z1,--
S0330122,"Gloves,exam,nitrile,pwdfree,M,BOX-200",Z01,Yes,1000,EA,No,--,SHORT_LINE,No,0.918,KGM,3.927,DMQ,425,HBW,MEDICAL,No,--,--,--,--
S1555209,Ephedrine HCL 30mg/ml inj 1ml amp/BOX-10,Z01,Yes,1000,BOX,No,--,SHORT_LINE,No,0.05,KGM,0.45,DMQ,425,HBW,PHARMACEUTICALS,No,--,--,Z1,--
S9999148,"AWD BAG 1/2 Periphery,Renewable S9903003",Z02,Yes,1000,EA,No,--,SHORT_LINE,No,0.2,KGM,0.01,MTQ,425,HBW,--,No,--,--,--,--
S9992460,"SUB 10/11 NBK,Hospital, Module 1,Medicin",Z02,Yes,1000,EA,No,S9902460,SHORT_LINE,No,21.0,KGM,0.12,MTQ,240,HBW,PHARMACEUTICALS,No,--,--,--,--
S9992464,"SUB 4/11 NBK,Hospital, Module 1, Medicin",Z02,Yes,1000,EA,No,S9902460,SHORT_LINE,No,43.5,KGM,0.192,MTQ,425,HBW,PHARMACEUTICALS,No,--,--,--,--
S9992469,"SUB 9/11 NBK,Hospital, Module 1, Medicin",Z02,Yes,1000,EA,No,S9902460,SHORT_LINE,No,36.4,KGM,0.16,MTQ,425,HBW,PHARMACEUTICALS,No,--,--,--,--
S9992466,"SUB 6/11 NBK,Hospital, Module 1, Medicin",Z02,Yes,1000,EA,No,S9902460,SHORT_LINE,No,34.0,KGM,0.192,MTQ,425,HBW,PHARMACEUTICALS,No,--,--,--,--
S9992468,"SUB 8/11 NBK,Hospital, Module 1, Medicin",Z02,Yes,1000,EA,No,S9902460,SHORT_LINE,No,24.0,KGM,0.12,MTQ,425,HBW,PHARMACEUTICALS,No,--,--,--,--
S8794305,"UNICEF T-shirt, long, Female, M",Z01,No,1000,EA,No,--,SHORT_LINE,Yes,0.259,KGM,1.075,DMQ,--,HBW,--,No,--,--,--,--
S9902410,"NBK,Community,Part B, Module 1,Medicines",Z02,Yes,1000,EA,Yes,--,VIRTUAL_PACKING,Yes,95.0,KGM,0.371,MTQ,240,HBW,PHARMACEUTICALS,No,--,--,Z1,--
S8794304,"UNICEF T-shirt, long, Female, S",Z01,No,1000,EA,No,--,SHORT_LINE,Yes,0.25,KGM,1.075,DMQ,--,HBW,--,No,--,--,--,--
S8794308,"UNICEF T-shirt, Female, V-neck, S",Z01,No,1000,EA,No,--,SHORT_LINE,Yes,0.212,KGM,1.352,DMQ,--,HBW,--,No,--,--,--,--
S8794315,"UNICEF T-shirt, long, Male, XL",Z01,No,1000,EA,No,--,SHORT_LINE,Yes,0.256,KGM,1.551,DMQ,--,HBW,--,No,--,--,--,--
S9902430,"NBK, Clinic, Module 1, Medicines",Z02,Yes,1000,EA,Yes,--,VIRTUAL_PACKING,Yes,626.0,KGM,2.36,MTQ,425,HBW,PHARMACEUTICALS,No,--,--,Z1,--
S8794309,"UNICEF T-shirt, Female, V-neck, M",Z01,No,1000,EA,No,--,SHORT_LINE,Yes,0.224,KGM,1.607,DMQ,--,HBW,--,No,--,--,--,--
S0481057,"Thermometer,clinical,non-cntct,incl bat",Z01,Yes,1000,EA,No,--,SHORT_LINE,Yes,0.328,KGM,2.474,DMQ,425,HBW,MEDICAL,No,--,--,--,9000
S8794312,"UNICEF T-shirt, long, Male, S",Z01,No,1000,EA,No,--,SHORT_LINE,Yes,0.269,KGM,1.6,DMQ,--,HBW,--,No,--,--,--,--
S9902450,"NBK, Clinic, Module 3, Equipment",Z02,Yes,1000,EA,Yes,--,VIRTUAL_PACKING,Yes,52.0,KGM,0.165,MTQ,425,HBW,MEDICAL,No,--,--,--,3091
S1586030,Fluorouracil 25mg/ml inj 20ml vl/BOX-10,Z01,Yes,1000,BOX,No,--,SHORT_LINE,No,0.034,KGM,27.35,DMQ,425,HBW,PHARMACEUTICALS,No,--,--,Z1,--
S0782343,"Syringe,RUP,2ml,ndl23G,BD/BOX-100",Z01,Yes,1000,BOX,No,--,SHORT_LINE,No,0.513,KGM,4.817,DMQ,425,HBW,MEDICAL,No,--,--,--,--
S8903011,UN Labels for batteries UN 3091 EA,Z04,No,1000,EA,No,--,SHORT_LINE,No,0.421,KGM,5.61,DMQ,--,HBW,--,Yes,--,--,--,--
S0990030,"Body bag,infection control,adult",Z01,Yes,1000,EA,No,--,SHORT_LINE,Yes,2.36,KGM,10.967,DMQ,425,HBW,MEDICAL,No,--,--,--,--
S1505104,Amoxicillin 500mg caps/PAC-10x10,Z01,Yes,1000,PAC,No,--,SHORT_LINE,Yes,0.133,KGM,0.76,DMQ,425,HBW,PHARMACEUTICALS,No,--,--,Z1,--
S1505103,Amoxicillin 250mg caps/PAC-10x10,Z01,Yes,1000,PAC,No,--,SHORT_LINE,No,0.07,KGM,0.36,DMQ,425,HBW,PHARMACEUTICALS,No,--,--,Z1,--
S9992462,"SUB 2/11 NBK,Hospital, Module 1, Medicin",Z02,Yes,1000,EA,No,S9902460,SHORT_LINE,No,26.0,KGM,0.192,MTQ,425,HBW,PHARMACEUTICALS,No,--,--,--,--
S0782186,"Syringe,A-D,0.5ml,Sanavita/BOX-200",Z01,Yes,1000,BOX,No,--,SHORT_LINE,Yes,0.433,KGM,3.5,DMQ,425,HBW,MEDICAL,No,--,--,--,--
S9992465,"SUB 5/11 NBK,Hospital, Module 1, Medicin",Z02,Yes,1000,EA,No,S9902460,SHORT_LINE,No,34.0,KGM,0.192,MTQ,425,HBW,PHARMACEUTICALS,No,--,--,--,--
S9992467,"SUB 7/11 NBK,Hospital, Module 1, Medicin",Z02,Yes,1000,EA,No,S9902460,SHORT_LINE,No,24.0,KGM,0.12,MTQ,425,HBW,PHARMACEUTICALS,No,--,--,--,--
S9992463,"SUB 3/11 NBK,Hospital, Module 1, Medicin",Z02,Yes,1000,EA,No,S9902460,SHORT_LINE,No,26.0,KGM,0.192,MTQ,425,HBW,PHARMACEUTICALS,No,--,--,--,--
S0845168,"Bracelet,identification,newborn/BOX-50",Z01,Yes,1000,BOX,No,--,SHORT_LINE,No,0.2,KGM,0.64,DMQ,425,HBW,--,No,--,--,--,--
S9906734.6,"South Sudan, PHCU Kit 2018",Z02,Yes,1000,EA,No,--,SHORT_LINE,Yes,16.0,KGM,0.12,MTQ,425,--,PHARMACEUTICALS,No,--,--,Z1,--
S9906734.7,"South Sudan, PHCU Kit 2018",Z02,Yes,1000,EA,No,--,SHORT_LINE,Yes,16.0,KGM,0.12,MTQ,425,--,PHARMACEUTICALS,No,--,--,Z1,--
S9906734.8,"South Sudan, PHCU Kit 2018",Z02,Yes,1000,EA,No,--,LONG_LINE,Yes,16.0,KGM,0.12,MTQ,425,--,PHARMACEUTICALS,No,--,--,Z1,--
S1523091,USB flash drive -IEHK 2024 documentation,Z01,No,1000,BOX,No,--,SHORT_LINE,No,0.01,KGM,0.021,DMQ,--,HBW,--,No,--,--,--,--
S8794320,"UNICEF T-shirt, long, Female, R-neck, S",Z01,No,1000,EA,No,--,SHORT_LINE,No,0.25,KGM,1.075,DMQ,--,HBW,--,No,--,--,--,--
S9902480,"NBK, Hospital, Module 3, Equipment",Z02,Yes,1000,EA,Yes,--,VIRTUAL_PACKING,Yes,497.0,KGM,8.135,MTQ,240,HBW,MEDICAL,No,--,--,--,3091
S0845123,"Scalpel blade, ster, disp, no.15",Z01,Yes,1000,EA,No,--,SHORT_LINE,No,0.001,KGM,0.012,DMQ,425,HBW,MEDICAL,No,--,--,--,--
S8794321,"UNICEF T-shirt, long, Female, R-neck, M",Z01,No,1000,EA,No,--,SHORT_LINE,No,0.259,KGM,1.075,DMQ,--,HBW,--,No,--,--,--,--
S8794322,"UNICEF T-shirt, long, Female, R-neck, L",Z01,No,1000,EA,No,--,SHORT_LINE,No,0.267,KGM,1.075,DMQ,--,HBW,--,No,--,--,--,--
S9992450,"PP 1/1 NBK, Clinic, Module 3, Equipment",Z02,Yes,1000,EA,No,--,SHORT_LINE,No,1.5,KGM,0.012,MTQ,425,HBW,MEDICAL,No,--,--,--,--
S9994923,"IEHK 2024,Suppl. PEP Unit sub3/3 Adult",Z02,Yes,1000,EA,No,--,SHORT_LINE,No,3.0,KGM,0.024,MTQ,425,HBW,PHARMACEUTICALS,No,--,--,--,--
S9992456,"SUB 6/6 NBK, Clinic, Module 3, Equipment",Z02,Yes,1000,EA,No,--,SHORT_LINE,Yes,15.0,KGM,0.198,MTQ,425,HBW,MEDICAL,No,--,--,--,--
S9992455,"SUB 5/6 NBK, Clinic, Module 3, Equipment",Z02,Yes,1000,EA,No,--,SHORT_LINE,Yes,15.0,KGM,0.208,MTQ,425,HBW,MEDICAL,No,--,--,--,--
S9994921,"IEHK 2024,Suppl. PEP Unit sub1/3 Child",Z02,Yes,1000,EA,No,--,SHORT_LINE,No,3.2,KGM,0.024,MTQ,425,HBW,PHARMACEUTICALS,No,--,--,--,--
S5088076,Electrical Lighting Kit# for HPT 24m2,Z01,No,1000,EA,No,--,SHORT_LINE,Yes,197.0,KGM,1.094,MTQ,--,HBW,--,No,--,--,--,--
S0305164,"Mask,transparent,typeIIR,disp/PAC-50",Z01,Yes,1000,PAC,No,--,SHORT_LINE,No,0.29,KGM,3.417,DMQ,425,HBW,MEDICAL,No,--,--,--,--
S5088074,Hard flooring - for HPT 48m2,Z01,No,1000,EA,Yes,--,SHORT_LINE,No,212.0,KGM,1.28,MTQ,--,HBW,--,No,--,--,--,--
S7800049,Mebendazole500mg chew tabs/PAC-200 CIK,Z01,Yes,1000,PAC,No,--,SHORT_LINE,Yes,0.265,KGM,1.132,DMQ,425,HBW,PHARMACEUTICALS,No,--,--,Z1,--
S0990040,"Body bag,infection control,child",Z01,Yes,1000,EA,No,--,SHORT_LINE,Yes,1.165,KGM,6.024,DMQ,425,HBW,MEDICAL,No,--,--,--,--
S1586064,Calcium folinate 15mg tab/PAC-1x10,Z01,Yes,1000,PAC,No,--,SHORT_LINE,No,0.069,KGM,0.723,DMQ,425,HBW,PHARMACEUTICALS,No,--,--,Z1,--
S1586065,Hydroxycarbamide 100mg tabs/PAC-200,Z01,Yes,1000,PAC,No,--,SHORT_LINE,No,0.1,KGM,0.3,DMQ,425,HBW,PHARMACEUTICALS,No,--,--,Z1,--
S1586067,Methotrexate 25mg/ml inj 40ml vl/BOX-1,Z01,Yes,1000,BOX,No,--,SHORT_LINE,No,0.11,KGM,0.2,DMQ,425,HBW,PHARMACEUTICALS,No,--,--,Z1,--
S7903004.1,ECHO AWD Periphery kit Drug,Z02,Yes,1000,EA,No,--,SHORT_LINE,No,480.0,KGM,1.392,MTQ,--,--,MEDICAL,No,--,--,Z1,--
S7903004.2,ECHO AWD Periphery kit Drug,Z02,Yes,1000,EA,No,--,SHORT_LINE,No,25.0,KGM,0.056,MTQ,--,--,MEDICAL,No,--,--,Z1,--
S5007314,"Water-cont,LDPE,20l,collapsibl.,w/o logo",Z01,No,1000,EA,No,--,SHORT_LINE,No,0.45,KGM,4.84,DMQ,--,HBW,--,No,--,--,--,--
S7903004.3,ECHO AWD Periphery kit Drug,Z02,Yes,1000,EA,No,--,SHORT_LINE,No,12.0,KGM,0.106,MTQ,--,--,MEDICAL,No,--,--,Z1,--
S1560721,Benzabenzylpen pdr.inj 1.2MIUvl/BOX-1,Z01,Yes,1000,BOX,No,--,SHORT_LINE,No,0.035,KGM,54,DMQ,425,HBW,PHARMACEUTICALS,No,--,--,Z1,--
S7903004.4,ECHO AWD Periphery kit Drug,Z02,Yes,1000,EA,No,--,SHORT_LINE,No,20.0,KGM,0.192,MTQ,--,--,MEDICAL,No,--,--,Z1,--
S1586071,Fluorouracil 50mg/ml inj 20ml vl/BOX-1,Z01,Yes,1000,BOX,No,--,SHORT_LINE,No,0.2,KGM,0.27,DMQ,425,HBW,PHARMACEUTICALS,No,--,--,Z1,--
S9901048.4,"IEHK 2024,Suppl. Malaria UNIT",Z02,Yes,1000,EA,No,--,SHORT_LINE,No,20.0,KGM,0.12,MTQ,--,--,PHARMACEUTICALS,No,--,--,Z1,--
S0845220,"Bag,biohazard,yellow,20L,BOX-100",Z01,Yes,1000,BOX,No,--,SHORT_LINE,Yes,2.162,KGM,7.937,DMQ,425,HBW,MEDICAL,No,--,--,--,--
S0584635,"Bioline Syphilis 3.0, kit/30",Z01,Yes,1000,EA,No,--,SHORT_LINE,Yes,0.367,KGM,2.731,DMQ,240,CLD,MEDICAL,No,--,--,Z1,--
S0782391,"Syringe,A-D,0.25ml,Medico Inject/BOX-100",Z01,Yes,1000,BOX,No,--,SHORT_LINE,No,0.349,KGM,3.18,DMQ,425,HBW,MEDICAL,No,--,--,--,--
S9902410.1,"NBK,Community,Part B, Module 1,Medicines",Z02,Yes,1000,EA,No,--,LONG_LINE,Yes,35.0,KGM,0.16,MTQ,425,--,PHARMACEUTICALS,No,--,--,Z1,--
S9902410.2,"NBK,Community,Part B, Module 1,Medicines",Z02,Yes,1000,EA,No,--,SHORT_LINE,Yes,30.0,KGM,0.106,MTQ,425,--,PHARMACEUTICALS,No,--,--,Z1,--
S9902410.3,"NBK,Community,Part B, Module 1,Medicines",Z02,Yes,1000,EA,No,--,SHORT_LINE,Yes,30.0,KGM,0.106,MTQ,425,--,PHARMACEUTICALS,No,--,--,Z1,--
S9998506,"Subkit 5/7 Sudan IMCI Med. kit, 2016",Z02,Yes,1000,EA,No,S9906713,SHORT_LINE,No,20.0,KGM,0.048,MTQ,425,HBW,PHARMACEUTICALS,No,--,--,--,--
S5006032,"Sprayer, compression type, approx. 7 L",Z01,No,1000,EA,No,--,SHORT_LINE,No,4.0,KGM,300,DMQ,--,HBW,--,No,--,--,--,--
S0305027,"Gown,surg,nonsterile,nonwoven,HP,disp,XL",Z01,Yes,1000,EA,No,--,SHORT_LINE,No,0.215,KGM,2.33,DMQ,425,HBW,MEDICAL,No,--,--,--,--
S0845063,"Spares kit, Nidek 10LPM oxygen concentr",Z01,No,1000,EA,No,--,SHORT_LINE,No,14.5,KGM,120,DMQ,--,HBW,--,No,--,--,--,--
S9902470.1,"NBK, Hospital, Module 2, Consumables",Z02,Yes,1000,EA,No,--,VIRTUAL_PACKING,No,20.0,KGM,0.192,MTQ,240,--,MEDICAL,No,--,--,--,--
S1510002,Aciclovir 3% eye ointment/TBE-5g,Z01,Yes,1000,TBE,No,--,SHORT_LINE,No,0.014,KGM,0.065,DMQ,425,HBW,PHARMACEUTICALS,No,--,--,Z1,--
S9902470.2,"NBK, Hospital, Module 2, Consumables",Z02,Yes,1000,EA,No,--,VIRTUAL_PACKING,No,12.0,KGM,0.12,MTQ,425,--,MEDICAL,No,--,--,--,--
S9902470.3,"NBK, Hospital, Module 2, Consumables",Z02,Yes,1000,EA,No,--,VIRTUAL_PACKING,No,30.0,KGM,0.192,MTQ,425,--,MEDICAL,No,--,--,--,--
S9902470.4,"NBK, Hospital, Module 2, Consumables",Z02,Yes,1000,EA,No,--,VIRTUAL_PACKING,No,20.0,KGM,0.01,MTQ,425,--,MEDICAL,No,--,--,--,--
S9902470.5,"NBK, Hospital, Module 2, Consumables",Z02,Yes,1000,EA,No,--,VIRTUAL_PACKING,No,20.0,KGM,0.01,MTQ,425,--,MEDICAL,No,--,--,--,--
S9902470.6,"NBK, Hospital, Module 2, Consumables",Z02,Yes,1000,EA,No,--,VIRTUAL_PACKING,No,20.0,KGM,0.01,MTQ,425,--,MEDICAL,No,--,--,--,--
S9902470.7,"NBK, Hospital, Module 2, Consumables",Z02,Yes,1000,EA,No,--,VIRTUAL_PACKING,No,20.0,KGM,0.01,MTQ,425,--,MEDICAL,No,--,--,--,--
S9902470.8,"NBK, Hospital, Module 2, Consumables",Z02,Yes,1000,EA,No,--,VIRTUAL_PACKING,No,20.0,KGM,0.01,MTQ,425,--,MEDICAL,No,--,--,--,--
S9902470.9,"NBK, Hospital, Module 2, Consumables",Z02,Yes,1000,EA,No,--,VIRTUAL_PACKING,No,17.0,KGM,0.006,MTQ,425,--,MEDICAL,No,--,--,--,--
S9902470.10,"NBK, Hospital, Module 2, Consumables",Z02,Yes,1000,EA,No,--,VIRTUAL_PACKING,No,2.0,KGM,0.001,MTQ,425,--,MEDICAL,No,--,--,--,--
S0145642,"MUAC,Child 11.5, 4 colors,English,PAC-50",Z01,No,1000,PAC,No,--,SHORT_LINE,No,0.116,KGM,0.27,DMQ,--,HBW,--,No,--,--,--,--
S0000060,"UNICEF T-shirt, long, Female, S",Z01,No,1000,EA,No,--,SHORT_LINE,No,256.0,GRM,0.5,DMQ,--,HBW,--,No,--,--,--,--
S0503016,"Tape, medical, paper, 2.5cm x 5m, roll",Z01,Yes,1000,EA,No,--,SHORT_LINE,Yes,0.022,KGM,0.218,DMQ,425,HBW,MEDICAL,No,--,--,--,--
S0000063,"UNICEF T-shirt, long, Female, XL",Z01,No,1000,EA,No,--,SHORT_LINE,No,256.0,GRM,0.5,DMQ,--,HBW,--,No,--,--,--,--
S7993014,AWD Periphery kit Drug S7993014 ECHO,Z02,Yes,1000,EA,No,S7903004,SHORT_LINE,No,433.0,KGM,1392,MTQ,425,HBW,MEDICAL,No,--,--,--,--
S7993034 ,AWD Periphery kit Drug S7993014 SUB 3/4,Z02,Yes,1000,EA,No,S7903004,LONG_LINE,No,20.0,KGM,240,MTQ,425,HBW,MEDICAL,No,--,--,--,--
S0845202,"Coverall,protection,CatIII,type 4b,L",Z01,Yes,1000,EA,No,--,SHORT_LINE,Yes,0.322,KGM,2.841,DMQ,425,HBW,MEDICAL,No,--,--,--,--
S1586062,Cyclophosphamide 50mg tabs/PAC-10x10,Z01,Yes,1000,PAC,No,--,SHORT_LINE,No,0.05,KGM,0.2,DMQ,425,HBW,PHARMACEUTICALS,No,--,--,--,--
S0782145,"Syringe,RUP,1ml,ndl,fixed,RTI,CH/BOX-100",Z01,Yes,1000,BOX,No,--,SHORT_LINE,No,0.454,KGM,0.005,DMQ,425,HBW,MEDICAL,No,--,--,--,--
S4420002,A3 Ukrainian Alphabet Posters,Z01,No,1000,EA,No,--,SHORT_LINE,No,0.009,KGM,0.025,DMQ,--,HBW,--,No,--,--,--,--
S0782147,"Syringe,RUP,1ml,ndl,fixed,Wuxi/BOX-200",Z01,Yes,1000,BOX,No,--,SHORT_LINE,No,0.98,KGM,5.46,DMQ,425,HBW,MEDICAL,No,--,--,--,--
S8942500,CRYO-BOX 43-60 PU packaging,Z04,Yes,1000,EA,No,--,SHORT_LINE,No,8.6,KGM,306,DMQ,240,HBW,MEDICAL,Yes,--,--,--,--
S1564344,Glucose 5% 500ml bot/BOX-10,Z01,Yes,1000,BOX,No,--,SHORT_LINE,No,5.69,KGM,11.135,DMQ,425,HBW,PHARMACEUTICALS,No,--,--,--,--
S9906733.6,South Sudan PHCC Kit 2018 Basic Medicin,Z02,Yes,1000,EA,No,--,LONG_LINE,Yes,25.0,KGM,0.119,MTQ,425,--,PHARMACEUTICALS,No,--,--,Z1,9001
S0523052,"Compress, Non-woven, 10x10cm,Ster./PAC-5",Z01,Yes,1000,PAC,No,--,SHORT_LINE,Yes,0.024,KGM,0.41,DMQ,425,HBW,MEDICAL,No,--,--,--,--
S9986710,PP 3/3 F Sub 2/3 Yemen PHK S9906800,Z02,Yes,1000,EA,No,--,MINILOAD,No,5.0,KGM,22,DMQ,425,HBW,PHARMACEUTICALS,No,--,--,Z1,--
S1560206,Tranexamic acid 100mg/ml inj 5ml/BOX-10,Z01,Yes,1000,BOX,No,--,SHORT_LINE,No,0.116,KGM,0.523,DMQ,425,HBW,PHARMACEUTICALS,No,--,--,--,--
S1586063,Hydrocort 100mg pdr/inj vl+sol amp/BOX-1,Z01,Yes,1000,BOX,No,--,SHORT_LINE,No,0.024,KGM,0.143,DMQ,425,HBW,PHARMACEUTICALS,No,--,--,Z1,--
S0000068,"UNICEF T-shirt, long, Male, S",Z01,No,1000,EA,No,--,SHORT_LINE,No,256.0,GRM,1.551,DMQ,--,HBW,--,No,--,--,--,--
S0000070,"UNICEF T-shirt, long, Male, L",Z01,No,1000,EA,No,--,SHORT_LINE,No,256.0,GRM,1.551,DMQ,--,HBW,--,No,--,--,--,--
S0747997,"NeedleSpinal22G(0.7x40mm)Ster,disp,BOX25",Z01,Yes,1000,BOX,No,--,SHORT_LINE,No,0.575,KGM,0.03,DMQ,425,HBW,MEDICAL,No,--,--,--,--
S9906800.2,Yemen Primary Health Kit 2021-Basic meds,Z02,Yes,1000,EA,No,--,VIRTUAL_PACKING,Yes,30.0,KGM,0.16,MTQ,425,--,PHARMACEUTICALS,No,--,--,Z1,--
S9906800.3,Yemen Primary Health Kit 2021-Basic meds,Z02,Yes,1000,EA,No,--,VIRTUAL_PACKING,Yes,26.0,KGM,0.079,MTQ,425,--,PHARMACEUTICALS,No,--,--,Z1,--
S7800051,"Heater, Accutemp, for Warmpack CIK",Z01,No,1000,EA,No,--,SHORT_LINE,No,2.5,KGM,0.009,DMQ,--,HBW,--,No,--,--,--,--
S9996700,PP1/4  SUB2 S.Sudan HealthEmerg S9906739,Z02,Yes,1000,EA,No,--,SHORT_LINE,No,0.0,KGM,0,MTQ,425,HBW,--,No,--,--,--,--
S9906800.1,Yemen Primary Health Kit 2021-Basic meds,Z02,Yes,1000,EA,No,--,VIRTUAL_PACKING,Yes,23.6,KGM,0.079,MTQ,425,--,PHARMACEUTICALS,No,--,--,Z1,--
S1561134,ORS low osm. flavour 10.2g/0.5L/CAR10x10,Z01,Yes,1000,CAR,No,--,SHORT_LINE,No,0.235,KGM,6.77,DMQ,425,HBW,PHARMACEUTICALS,No,--,--,Z1,--
S0145631,"MUAC,Adult,w/o color code,PAC-50,Arabic",Z01,No,1000,PAC,No,--,SHORT_LINE,Yes,0.186,KGM,0.393,DMQ,--,HBW,--,No,--,--,--,--
S0782349,"Syringe,RUP,3ml,24G/PTOneject/BOX-100",Z01,Yes,1000,BOX,No,--,SHORT_LINE,No,0.833,KGM,6.2,DMQ,425,HBW,MEDICAL,No,--,--,--,--
S1519501,Benzyl benzoate 25% lotion /BOT-100ml,Z01,Yes,1000,BOT,No,--,SHORT_LINE,No,0.144,KGM,0.263,DMQ,425,HBW,PHARMACEUTICALS,No,--,--,Z1,--
S0845224,"Reusable wraps,for YI sensor,Rad-G/PAC-3",Z01,No,1000,PAC,No,--,SHORT_LINE,No,0.0,KGM,0,DMQ,--,HBW,--,No,--,--,--,--
S1993504,"ECD Kit Activity Guide BOOKLET, English",Z01,No,1000,EA,No,--,SHORT_LINE,No,0.0,KGM,0,DMQ,--,HBW,--,No,--,--,--,--
S1993502,"ECD Kit Activity Guide BOOKLET, French",Z01,No,1000,EA,No,--,SHORT_LINE,No,0.0,KGM,0,DMQ,--,HBW,--,No,--,--,--,--
S1993506,"ECD Kit Activity Guide BOOKLET, Spanish",Z01,No,1000,EA,No,--,SHORT_LINE,No,0.0,KGM,0,DMQ,--,HBW,--,No,--,--,--,--
S0145636,"MUAC,Child 11.5 Red,PAC-50,Spanish",Z01,No,1000,PAC,No,--,SHORT_LINE,Yes,0.114,KGM,0.235,DMQ,--,HBW,--,No,--,--,--,--
S0145635,"MUAC,Child 11.5 Red,PAC-50,French",Z01,No,1000,PAC,No,--,SHORT_LINE,Yes,0.114,KGM,0.228,DMQ,--,HBW,--,No,--,--,--,--
S1531703,Metoclopramide 10mg tabs/PAC-10x10,Z01,Yes,1000,PAC,No,--,SHORT_LINE,Yes,0.02,KGM,0.257,DMQ,425,HBW,PHARMACEUTICALS,No,--,--,Z1,--
S1531704,Chlorphenamine maleate 4mg tabs/PAC-100,Z01,Yes,1000,PAC,No,--,SHORT_LINE,Yes,0.045,KGM,0.516,DMQ,425,HBW,PHARMACEUTICALS,No,--,--,Z1,--
S1564340,Sodium Chloride 0.9% inj 10ml amp/BOX-50,Z01,Yes,1000,EA,No,--,SHORT_LINE,No,0.73,KGM,1.6,DMQ,425,HBW,PHARMACEUTICALS,No,--,--,--,--
S1562045,Caffeine Citr 10mg/ml inj 1ml amp/BOX-10,Z01,Yes,1000,BOX,No,--,SHORT_LINE,No,0.047,KGM,0.264,DMQ,425,HBW,PHARMACEUTICALS,No,--,--,--,--
S0782434,"Syringe,A-D,0.5ml,AF Medical,LA/BOX-100",Z01,Yes,1000,BOX,No,--,SHORT_LINE,No,0.43,KGM,2.615,DMQ,425,HBW,MEDICAL,No,--,--,--,--
S9996725,DRC Measles Kit 2021 SUB 5/5,Z02,Yes,1000,EA,No,S9906729,SHORT_LINE,Yes,15.0,KGM,0.069,MTQ,425,HBW,PHARMACEUTICALS,No,--,--,Z1,--
S0845064,"Spares kit, Canta 8LPM, oxygen concentr",Z01,No,1000,EA,No,--,SHORT_LINE,No,24.0,KGM,100,DMQ,--,HBW,--,No,--,--,--,--
S9996722,DRC Measles Kit 2021 SUB 2/5,Z02,Yes,1000,EA,No,S9906729,LONG_LINE,Yes,19.0,KGM,0.079,MTQ,425,HBW,PHARMACEUTICALS,No,--,--,--,--
S9996724,DRC Measles Kit 2021 SUB 4/5,Z02,Yes,1000,EA,No,S9906729,SHORT_LINE,Yes,15.0,KGM,0.069,MTQ,425,HBW,PHARMACEUTICALS,No,--,--,--,--
S5034007,Public School Stationary Pac,Z01,No,1000,EA,No,--,SHORT_LINE,No,67.358,KGM,178.212,DMQ,--,HBW,--,No,--,--,--,--
S9999120,AWD Periphery kit Drug S9903004 sub 5/5,Z02,Yes,1000,EA,No,--,SHORT_LINE,No,13.0,KGM,0.036,MTQ,425,HBW,PHARMACEUTICALS,No,--,--,--,--
S1561145,ORS low osm. 4.1g/0.2L/PAC-10,Z01,Yes,1000,PAC,No,--,SHORT_LINE,No,0.068,KGM,0.28,DMQ,425,HBW,PHARMACEUTICALS,No,--,--,Z1,--
S1561146,ORS low osm. flavour 4.1g/0.2L/PAC-10,Z01,Yes,1000,PAC,No,--,SHORT_LINE,No,0.068,KGM,0.28,DMQ,425,HBW,PHARMACEUTICALS,No,--,--,Z1,--
S5034005,Teacher kit G 1-3 / 2-6,Z01,No,1000,EA,No,--,SHORT_LINE,No,3.651,KGM,6.505,DMQ,--,HBW,--,No,--,--,--,--
S5034004,Student Kit Grade 1 -3 / 2-6,Z01,No,1000,EA,No,--,SHORT_LINE,No,69.084,KGM,128.372,DMQ,--,HBW,--,No,--,--,--,--
S5007337,"Self-closing mechanism, for 5007335",Z01,No,1000,EA,No,--,SHORT_LINE,No,0.0,KGM,0,DMQ,--,HBW,--,No,--,--,--,--
S5007336,Accessibility add-on for emerg. sanit.,Z01,No,1000,EA,No,--,SHORT_LINE,Yes,11.611,KGM,663,DMQ,--,HBW,--,No,--,--,--,--
S1400730,ABC60+DTG5+3TC30mg disp.tab/PAC180 NoCTN,Z01,Yes,1000,PAC,No,--,SHORT_LINE,No,0.11,KGM,0.221,DMQ,425,HBW,PHARMACEUTICALS,No,--,--,Z1,--
S0538203,Set Winter clothes-severe winter 3month,Z01,No,1000,EA,No,--,SHORT_LINE,No,1.6,KGM,12.47,DMQ,--,HBW,--,No,--,--,--,--
S0538205,Set Winter clothes-severe winter 2yrs,Z01,No,1000,EA,No,--,SHORT_LINE,No,1.7,KGM,22.44,DMQ,--,HBW,--,No,--,--,--,--
S0538206,Set Winter clothes-severe winter 3yrs,Z01,No,1000,EA,No,--,SHORT_LINE,No,1.7,KGM,22.44,DMQ,--,HBW,--,No,--,--,--,--
S0538209,Set Winter clothes-severe winter 9yrs,Z01,No,1000,EA,No,--,SHORT_LINE,No,4.0,KGM,35,DMQ,--,HBW,--,No,--,--,--,--
S0538211,Set Winter clothes-severe winter 14yrs,Z01,No,1000,EA,No,--,SHORT_LINE,No,4.0,KGM,35,DMQ,--,HBW,--,No,--,--,--,--
S9992433,"SUB 3/8 NBK, Clinic, Module 1, Medicines",Z02,Yes,1000,EA,No,S9902430,LONG_LINE,Yes,21.0,KGM,0.12,MTQ,425,HBW,PHARMACEUTICALS,No,--,--,Z1,--
S9992437,"SUB 7/8 NBK, Clinic, Module 1, Medicines",Z02,Yes,1000,EA,No,S9902430,SHORT_LINE,Yes,23.4,KGM,0.16,MTQ,425,HBW,PHARMACEUTICALS,No,--,--,--,--
S9992438,"S9902430  8/8 NBK,Clinic,Mod part 8-40",Z02,Yes,1000,EA,No,S9902430,SHORT_LINE,Yes,300.0,KGM,1.44,MTQ,425,HBW,PHARMACEUTICALS,No,--,--,--,--
S9992435,"SUB 5/8 NBK, Clinic, Module 1, Medicines",Z02,Yes,1000,EA,No,S9902430,LONG_LINE,Yes,25.1,KGM,0.12,MTQ,425,HBW,PHARMACEUTICALS,No,--,--,--,--
S9992434,"SUB 4/8 NBK, Clinic, Module 1, Medicines",Z02,Yes,1000,EA,No,S9902430,LONG_LINE,Yes,24.3,KGM,0.12,MTQ,425,HBW,PHARMACEUTICALS,No,--,--,--,--
S0521427,"Sachet,tablet,plastic,6x8cm/PAC-500",Z01,No,1000,EA,No,--,SHORT_LINE,No,0.161,KGM,0.508,DMQ,--,HBW,--,No,--,--,--,--
S1400692,ABC120mg+3TC60mg disp. tab/PAC-30 No CTN,Z01,Yes,1000,PAC,No,--,SHORT_LINE,No,0.054,KGM,2.65,DMQ,425,HBW,PHARMACEUTICALS,No,--,--,Z1,--
S0845205,"Gloves,heavy-duty,rubber/nitrile,M,pair",Z01,Yes,1000,EA,No,--,SHORT_LINE,Yes,0.081,KGM,0.337,DMQ,425,HBW,MEDICAL,No,--,--,--,--
S0845206,"Gloves,heavy-duty,rubber/nitrile,L,pair",Z01,Yes,1000,EA,No,--,SHORT_LINE,Yes,0.085,KGM,0.337,DMQ,240,HBW,MEDICAL,No,--,--,--,--
S0845208,"Tubing, oxygen supply, 7.6 mtr",Z01,Yes,1000,EA,No,--,SHORT_LINE,No,0.194,KGM,1.9,DMQ,425,HBW,MEDICAL,No,--,--,--,--
S1400700,EFV400+3TC300+TDF300mg tab/PAC-30 No CTN,Z01,Yes,1000,PAC,No,--,SHORT_LINE,No,0.089,KGM,0.15,DMQ,425,HBW,PHARMACEUTICALS,No,--,--,Z1,--
S1400698,Dolutegravir 50mg tabs/PAC-30 No CTN,Z01,Yes,1000,PAC,No,--,SHORT_LINE,No,0.207,KGM,0.1,DMQ,425,HBW,PHARMACEUTICALS,No,--,--,Z1,--
S1400695,3TC150mg+AZT300mg tabs/PAC-60 No CTN,Z01,Yes,1000,PAC,No,--,SHORT_LINE,No,0.079,KGM,2.38,DMQ,425,HBW,PHARMACEUTICALS,No,--,--,Z1,--
S8794301,"Sweatshirt,UNICEF,blue,poly/cotton,M",Z01,No,1000,EA,No,--,SHORT_LINE,No,0.5,KGM,4.5,DMQ,--,HBW,--,No,--,--,--,--
S0846021,"Bag,drugs,plastic,with pictogram,ziplock",Z01,No,1000,EA,No,--,SHORT_LINE,No,0.0,KGM,0,DMQ,--,HBW,--,No,--,--,--,--
S0921602,"Counting tray, triangular, round tablets",Z01,No,1000,EA,No,--,SHORT_LINE,No,0.149,KGM,0.14,DMQ,--,HBW,--,No,--,--,--,--
S5088080,Solar Lighting Kit# for HPT 48m2,Z01,No,1000,EA,No,--,SHORT_LINE,No,111.0,KGM,0.69,DMQ,--,HBW,--,No,--,--,--,--
S9995739,SUB 9/9 SSPHCC Kit 2018-Injecta S9906735,Z02,Yes,1000,EA,No,--,LONG_LINE,No,26.0,KGM,0.079,MTQ,425,HBW,PHARMACEUTICALS,No,--,--,--,--
S9995737,SUB 7/9 SSPHCC Kit 2018-Injecta S9906735,Z02,Yes,1000,EA,No,--,LONG_LINE,No,26.0,KGM,0.079,MTQ,425,HBW,PHARMACEUTICALS,No,--,--,--,--
S0748101,"Needle,disp,ster, bifurcated/BOX-100",Z01,Yes,1000,BOX,No,--,SHORT_LINE,Yes,0.1,KGM,0.4,DMQ,425,HBW,MEDICAL,No,--,--,--,--
S5006121,"Chlorine/pH, Test Kit for Diarrhoea Kit",Z01,No,1000,CAR,No,--,SHORT_LINE,No,0.337,KGM,2.53,DMQ,425,HBW,PHARMACEUTICALS,No,--,--,--,--
S0845169,"Container,sharps,leak-resistant,w\lid-L",Z01,Yes,1000,BOX,No,--,SHORT_LINE,No,0.418,KGM,3.559,DMQ,240,HBW,--,No,--,--,--,--
S1183007,Sensitech TTUltra Singleuse PQS E006/046,Z01,Yes,1000,EA,No,--,SHORT_LINE,No,0.051,KGM,0.067,DMQ,425,HBW,MEDICAL,No,--,--,--,3091
S0845170,"Container,sharps,leak-resistant,w\lid-M",Z01,Yes,1000,BOX,No,--,SHORT_LINE,No,0.314,KGM,2.869,DMQ,240,HBW,--,No,--,--,--,--
S1185089,ULF Stirling SU780XLE,Z01,No,1000,EA,No,--,SHORT_LINE,No,325.0,KGM,2660,DMQ,--,HBW,--,No,--,--,--,--
S9992436,"SUB 6/8 NBK, Clinic, Module 1, Medicines",Z02,Yes,1000,EA,No,S9902430,LONG_LINE,Yes,23.4,KGM,0.16,MTQ,425,HBW,PHARMACEUTICALS,No,--,--,--,--
S0845119,"Forceps, Magill, paediatric",Z01,No,1000,EA,No,--,SHORT_LINE,No,0.105,KGM,0.375,DMQ,--,HBW,--,No,--,--,--,--
S9994739,"Sub6/8 South Sudan,PHCU Kit2018 S9906734",Z02,Yes,1000,EA,No,S9906734,SHORT_LINE,No,19.0,KGM,0.06,MTQ,425,HBW,PHARMACEUTICALS,No,--,--,--,--
S2731224,Football PU hand stitched size 4,Z01,No,1000,EA,No,--,SHORT_LINE,No,0.441,KGM,3.385,DMQ,--,HBW,--,No,--,--,--,--
S0538210,Set Winter clothes-severe winter 12yrs,Z01,No,1000,EA,No,--,SHORT_LINE,No,4.0,KGM,35,DMQ,--,HBW,--,No,--,--,--,--
S0305045,"Bootcover,antiskid,elasticated,pair-10",Z01,Yes,1000,PR,No,--,SHORT_LINE,No,0.104,KGM,0.984,DMQ,425,HBW,MEDICAL,No,--,--,--,--
S1521011,Erythromycin 0.5% eye ointment/TBE-5g,Z01,Yes,1000,TBE,No,--,SHORT_LINE,No,0.015,KGM,0.04,DMQ,425,HBW,PHARMACEUTICALS,No,--,--,Z1,--
S0782364,"Syringe,A-D,1ml,SIP/BOX-100",Z01,Yes,1000,BOX,No,--,SHORT_LINE,No,0.71,KGM,3.984,DMQ,425,HBW,MEDICAL,No,--,--,--,--
S9992430,"SUB 11/11 NBK,Hospital, Module 1,Medicin",Z02,Yes,1000,EA,No,S9902460,SHORT_LINE,No,413.0,KGM,1.452,MTQ,425,HBW,PHARMACEUTICALS,No,--,--,--,--
S1552120,Glucose 10% 500ml bag/BOX-20,Z01,Yes,1000,BOX,No,--,SHORT_LINE,No,11.13,KGM,5,DMQ,425,HBW,PHARMACEUTICALS,No,--,--,Z1,--
S9906713.4,"Sudan, IMCI Medicine kit, 2016",Z02,Yes,1000,EA,No,--,VIRTUAL_PACKING,Yes,15.0,KGM,0.12,MTQ,--,--,PHARMACEUTICALS,No,--,--,Z1,9001
S9906713.5,"Sudan, IMCI Medicine kit, 2016",Z02,Yes,1000,EA,No,--,VIRTUAL_PACKING,Yes,10.0,KGM,0.012,MTQ,--,--,PHARMACEUTICALS,No,--,--,Z1,9001
S9906713.6,"Sudan, IMCI Medicine kit, 2016",Z02,Yes,1000,EA,No,--,VIRTUAL_PACKING,Yes,10.0,KGM,0.012,MTQ,--,--,PHARMACEUTICALS,No,--,--,Z1,9001
S9906713.7,"Sudan, IMCI Medicine kit, 2016",Z02,Yes,1000,EA,No,--,VIRTUAL_PACKING,Yes,12.0,KGM,0.042,MTQ,--,--,PHARMACEUTICALS,No,--,--,Z1,9001
S9992415,"PP 2/2 NBK, Hospital,Module 2,Consum",Z02,Yes,1000,EA,No,--,MINILOAD,No,2.7,KGM,0.022,MTQ,425,HBW,MEDICAL,No,--,--,--,--
S9992479,"SUB 10/10 NBK, Hospital,Module 2,Consum",Z02,Yes,1000,EA,No,S9902470,SHORT_LINE,No,11.4,KGM,0.106,MTQ,425,HBW,MEDICAL,No,--,--,--,--
S4419002,"Board marker, refillable",Z01,No,1000,EA,No,--,SHORT_LINE,No,1.0,KGM,0.002,DMQ,--,HBW,--,No,--,--,--,--
S4419004,"Whiteboard, classroom",Z01,No,1000,EA,No,--,SHORT_LINE,No,3.35,KGM,0.022,DMQ,--,HBW,--,No,--,--,--,--
S2584011,"Crayon,wax,jumbo,ass. colours/BOX-6",Z01,No,1000,BOX,No,--,SHORT_LINE,No,0.146,KGM,0.777,DMQ,--,HBW,--,No,--,--,--,--
S9009007,Truck,Z04,No,1000,EA,No,--,SHORT_LINE,No,0.0,KGM,0.03,MTQ,--,HBW,--,Yes,--,--,--,--
S9009004,20 ft. Container,Z04,No,1000,EA,No,--,SHORT_LINE,No,0.0,KGM,0.03,MTQ,--,HBW,--,Yes,--,--,--,--
S1561133,ORS low osm. 20.5g/1L/PAC-10,Z01,Yes,1000,PAC,No,--,SHORT_LINE,No,0.255,KGM,0.579,DMQ,425,HBW,PHARMACEUTICALS,No,--,--,Z1,--
S1561135,ORS low osm. flavour 20.5/1L/CAR10x10,Z01,Yes,1000,CAR,No,--,SHORT_LINE,Yes,2.988,KGM,11.422,DMQ,425,HBW,PHARMACEUTICALS,No,--,--,Z1,--
S1561136,ORS low osm.10.2g/0.5L/CAR-10x10,Z01,Yes,1000,CAR,No,--,SHORT_LINE,No,0.135,KGM,0.638,DMQ,425,HBW,PHARMACEUTICALS,No,--,--,Z1,--
S0782341,"Syringe,A-D,0.5ml,Revital/BOX-100",Z01,Yes,1000,BOX,No,--,SHORT_LINE,No,0.255,KGM,3,DMQ,425,HBW,MEDICAL,No,--,--,--,--
S7903001.1,"ECHO AWD Kit, Periphery , Logistics Part",Z02,Yes,1000,EA,No,--,SHORT_LINE,No,10.0,KGM,0.106,MTQ,--,--,MEDICAL,No,--,--,--,3481
S7903001.2,"ECHO AWD Kit, Periphery , Logistics Part",Z02,Yes,1000,EA,No,--,SHORT_LINE,No,10.0,KGM,0.106,MTQ,--,--,MEDICAL,No,--,--,--,3481
S7903001.3,"ECHO AWD Kit, Periphery , Logistics Part",Z02,Yes,1000,EA,No,--,SHORT_LINE,No,13.0,KGM,0.16,MTQ,--,--,MEDICAL,No,--,--,--,3481
S7903001.4,"ECHO AWD Kit, Periphery , Logistics Part",Z02,Yes,1000,EA,No,--,SHORT_LINE,No,14.0,KGM,0.106,MTQ,--,--,MEDICAL,No,--,--,--,3481
S7903001.5,"ECHO AWD Kit, Periphery , Logistics Part",Z02,Yes,1000,EA,No,--,SHORT_LINE,No,21.0,KGM,0.106,MTQ,--,--,MEDICAL,No,--,--,--,3481
S7903001.6,"ECHO AWD Kit, Periphery , Logistics Part",Z02,Yes,1000,EA,No,--,SHORT_LINE,No,30.0,KGM,0.16,MTQ,--,--,MEDICAL,No,--,--,--,3481
S9901006,"IEHK2011,kit,suppl.1-medicines",Z02,Yes,1000,EA,No,--,SHORT_LINE,No,0.0,KGM,0,MTQ,425,HBW,PHARMACEUTICALS,No,--,--,Z1,9001
S0782342,"Syringe,A-D,0.5ml,Sanxin/BOX-100",Z01,Yes,1000,BOX,No,--,SHORT_LINE,Yes,0.473,KGM,3.814,DMQ,425,HBW,MEDICAL,No,--,--,--,--
S1521032,Velpatasvir100+Sofosbuvir400 tabs/PAC-28,Z01,Yes,1000,PAC,No,--,SHORT_LINE,No,0.084,KGM,0.24,DMQ,425,HBW,PHARMACEUTICALS,No,--,--,Z1,--
S0845218,"Sensor, reusable, pulse ox., pediatric",Z01,Yes,1000,EA,No,--,SHORT_LINE,No,0.081,KGM,0.034,DMQ,425,HBW,MEDICAL,No,--,--,--,--
S9991051,"IEHK 2024,Suppl. Malaria UNIT SUB 4/4",Z02,Yes,1000,EA,No,S9901048,SHORT_LINE,No,15.2,KGM,0.12,MTQ,425,HBW,PHARMACEUTICALS,No,--,--,--,--
S0845219,"Sensor, reusable, pulse ox., neonate",Z01,Yes,1000,EA,No,--,SHORT_LINE,No,0.073,KGM,0.034,DMQ,425,HBW,MEDICAL,No,--,--,--,--
S1506004,Acetylsalicylic acid 300mg tabs/PAC-32,Z01,Yes,1000,PAC,No,--,SHORT_LINE,No,0.026,KGM,0.138,DMQ,425,HBW,PHARMACEUTICALS,No,--,--,Z1,--
S1600005,Molnupiravir 200mg caps/PAC-40 pb,Z01,Yes,1000,PAC,No,--,SHORT_LINE,No,0.045,KGM,0.76,DMQ,425,HBW,PHARMACEUTICALS,No,--,--,Z1,--
S9992441,"SUB 1/3 NBK, Clinic,Module 2,Consumables",Z02,Yes,1000,EA,No,S9902440,LONG_LINE,Yes,23.0,KGM,0.192,MTQ,425,HBW,MEDICAL,No,--,--,--,--
S9935012,"School-in-a-carton,40 students",Z02,No,1000,EA,No,--,SHORT_LINE,No,42.183,KGM,0.125,MTQ,--,HBW,--,No,--,--,--,--
S7991024,"SUB 1/2 IEHK2017, kit, basic unit ECHO",Z02,Yes,1000,EA,No,S7901024,LONG_LINE,No,24.0,KGM,0.12,MTQ,425,HBW,PHARMACEUTICALS,No,--,--,--,--
S0846001,"Individual First Aid Kit, (IFAK), UNDSS",Z01,Yes,1000,EA,No,--,SHORT_LINE,No,0.0,KGM,0,DMQ,425,HBW,MEDICAL,No,--,--,--,--
S1552427,Warfarin sodium 5mg tabs/PAC-2x14,Z01,Yes,1000,PAC,No,--,SHORT_LINE,No,0.02,KGM,0.16,DMQ,425,HBW,PHARMACEUTICALS,No,--,--,Z1,--
S1552431,Atenolol 25mg tabs/PAC-2x14,Z01,Yes,1000,PAC,No,--,SHORT_LINE,No,0.017,KGM,0.098,DMQ,425,HBW,PHARMACEUTICALS,No,--,--,Z1,--
S9991999,Education prepack for Ukraine,Z02,No,1000,EA,No,--,SHORT_LINE,No,7.566,KGM,17.326,DMQ,--,HBW,--,No,--,--,--,--
S1552435,Bisoprolol fumarate 1.25mg tabs/PAC-2x14,Z01,Yes,1000,PAC,No,--,SHORT_LINE,No,0.014,KGM,0.129,DMQ,425,HBW,PHARMACEUTICALS,No,--,--,Z1,--
S1552438,Carvedilol 6.25mg tabs/PAC-2x14,Z01,Yes,1000,PAC,No,--,SHORT_LINE,No,0.017,KGM,0.104,DMQ,425,HBW,PHARMACEUTICALS,No,--,--,Z1,--
S1552445,Dopamine HCl 40mg/ml inj 5ml amp/BOX-10,Z01,Yes,1000,BOX,No,--,SHORT_LINE,No,0.12,KGM,0.45,DMQ,425,HBW,PHARMACEUTICALS,No,--,--,Z1,--
S1552449,Hydralazine HCl 25mg tabs/PAC-4x14,Z01,Yes,1000,PAC,No,--,SHORT_LINE,No,0.024,KGM,0.176,DMQ,425,HBW,PHARMACEUTICALS,No,--,--,Z1,--
S9991126,P 1/2 80 x S1531005 f IEHK2017,Z02,Yes,1000,EA,No,S9991125,LONG_LINE,No,27.5,KGM,0.08,MTQ,425,HBW,PHARMACEUTICALS,No,--,--,--,--
S0552003,Soap box,Z01,No,1000,EA,No,--,SHORT_LINE,Yes,0.072,KGM,0.356,DMQ,--,HBW,--,No,--,--,--,--
S0845199,"Faceshield,fog-resistant,disposable",Z01,Yes,1000,EA,No,--,SHORT_LINE,Yes,0.078,KGM,0.545,DMQ,425,HBW,MEDICAL,No,--,--,--,--
S1551981,Gentamicin 0.3% eye/ear drops/BOT-10ml,Z01,Yes,1000,BOT,No,--,SHORT_LINE,Yes,0.027,KGM,0.249,DMQ,425,HBW,PHARMACEUTICALS,No,--,--,Z1,--
S0990006,"Body bag,child",Z01,Yes,1000,EA,No,--,SHORT_LINE,No,3608.0,KGM,119,DMQ,425,HBW,MEDICAL,No,--,--,--,--
S1560722,Benzabenzylpen pdr.inj 2.4MIUvl/BOX-1,Z01,Yes,1000,BOX,No,--,SHORT_LINE,No,0.04,KGM,56,DMQ,425,HBW,PHARMACEUTICALS,No,--,--,--,--
S9992457,"SUB 6/6 NBK, Clinic, Module 3, Equipment",Z02,No,1000,EA,No,S9902450,SHORT_LINE,No,15.0,KGM,0.198,MTQ,--,HBW,--,No,--,--,--,--
S0845216,"Laryngoscope,adult,child,set",Z01,Yes,1000,EA,No,--,SHORT_LINE,No,0.92,KGM,8.5,DMQ,425,HBW,MEDICAL,No,--,--,--,9000
S1183006,Sensitech TTUltra Multiuse PQS E006/046,Z01,Yes,1000,EA,No,--,SHORT_LINE,No,0.051,KGM,0.067,DMQ,425,HBW,MEDICAL,No,--,--,--,3091
S8903012,PE Label A6-Turquoise-autoprint-portrait,Z04,No,1000,EA,No,--,SHORT_LINE,No,12.0,KGM,52,DMQ,--,HBW,--,Yes,--,--,--,--
S1552413,Nifedipine Retard 20mg tabs/PAC-10x10,Z01,Yes,1000,PAC,No,--,SHORT_LINE,No,0.04,KGM,0.251,DMQ,425,HBW,PHARMACEUTICALS,No,--,--,Z1,--
S9998505,"Subkit 4/7 Sudan IMCI Med. kit, 2016",Z02,Yes,1000,EA,No,S9906713,SHORT_LINE,No,20.0,KGM,0.12,MTQ,425,HBW,PHARMACEUTICALS,No,--,--,--,--
S1586045,Dasatinib 70mg tabs/PAC-6x10,Z01,Yes,1000,PAC,No,--,SHORT_LINE,No,0.05,KGM,0.64,DMQ,425,HBW,PHARMACEUTICALS,No,--,--,Z1,--
S0782350,"Syringe,A-D,0.3ml Vanish RTI/BOX-100",Z01,Yes,1000,BOX,No,--,SHORT_LINE,No,0.6,KGM,3.84,DMQ,425,HBW,MEDICAL,No,--,--,--,--
S9992496,"SUB 16/17 NBK, Hospital, Module 3, Equ",Z02,Yes,1000,EA,No,S9902480,SHORT_LINE,No,5.4,KGM,0.057,MTQ,240,HBW,MEDICAL,No,--,--,--,--
S5006127,"Phenol Red,Rapid dissolv.tablets/PAC-250",Z01,Yes,1000,PAC,No,--,SHORT_LINE,No,0.065,KGM,0.342,DMQ,425,HBW,MEDICAL,No,--,--,--,--
S9986719, P 2/2 F Yemen PHK-Suppl meds S9906802,Z02,Yes,1000,EA,No,--,MINILOAD,No,5.2,KGM,22,DMQ,425,HBW,PHARMACEUTICALS,No,--,--,Z1,--
S6780386,"Haemostatic, gauze, fast-acting, sterile",Z01,Yes,1000,EA,No,--,SHORT_LINE,No,0.033,KGM,0.273,DMQ,425,HBW,MEDICAL,No,--,--,Z1,--
S7800241,"Micronutrients tab,pregnancy/BOT-180,CIK",Z01,Yes,1000,BOT,No,--,SHORT_LINE,No,0.109,KGM,0.3,DMQ,425,HBW,PHARMACEUTICALS,No,--,--,Z1,--
S0000065,"UNICEF T-shirt, Female, V-neck, M",Z01,No,1000,EA,No,--,SHORT_LINE,No,256.0,GRM,1.551,DMQ,--,HBW,--,No,--,--,--,--
S0845019,"Pulse oximeter, tabletop ",Z01,Yes,1000,EA,No,--,SHORT_LINE,No,0.0,KGM,0,MTQ,425,HBW,MEDICAL,No,--,--,--,--
S0000067,"UNICEF T-shirt, Female, V-neck, XL",Z01,No,1000,EA,No,--,SHORT_LINE,No,256.0,GRM,1.551,DMQ,--,HBW,--,No,--,--,--,--
S9908305,"Obstetric,surgical kit,suppl.2-equipment",Z02,Yes,1000,EA,No,--,LONG_LINE,Yes,17.0,KGM,120,DMQ,425,HBW,MEDICAL,No,--,--,--,9000
S1506011,Amitriptyline HCl 25mg tabs/PAC-2x14,Z01,Yes,1000,PAC,No,--,SHORT_LINE,No,0.017,KGM,0.12,DMQ,425,HBW,PHARMACEUTICALS,No,--,--,Z1,--
S8902068,Paper roll 250/580mm x 300m,Z04,No,1000,ROL,No,--,SHORT_LINE,No,14.8,KGM,30,DMQ,--,HBW,--,Yes,--,--,--,--
S1185087,ULF Haier DW-86L828J,Z01,Yes,1000,EA,No,--,SHORT_LINE,No,420.0,KGM,2700,DMQ,425,HBW,MEDICAL,No,--,--,--,3337
S8902064,Missing item X label,Z04,No,1000,ROL,No,--,SHORT_LINE,No,3.016,KGM,8.95,DMQ,--,HBW,--,Yes,--,--,--,--
S1561137,ORS low osm.10.2g/0.5L/CAR-100,Z01,Yes,1000,CAR,No,--,SHORT_LINE,No,0.13,KGM,0.41,DMQ,425,HBW,PHARMACEUTICALS,No,--,--,Z1,--
S5088085.1,Winter liner kit - for HPT 24m2,Z01,No,1000,EA,No,--,SHORT_LINE,Yes,42.0,KGM,0.525,MTQ,--,BLK,--,No,--,--,--,--
S5088085.2,Winter liner kit - for HPT 24m2,Z01,No,1000,EA,No,--,SHORT_LINE,Yes,32.0,KGM,0.399,MTQ,--,HBW,--,No,--,--,--,--
S5088086.1,Winter liner kit - for HPT 48m2,Z01,No,1000,EA,No,--,SHORT_LINE,Yes,62.0,KGM,0.537,MTQ,--,BLK,--,No,--,--,--,--
S5088086.2,Winter liner kit - for HPT 48m2,Z01,No,1000,EA,No,--,SHORT_LINE,Yes,51.642,KGM,0.653,MTQ,--,--,--,No,--,--,--,--
S5088087.1,Winter liner kit - for HPT 72m2,Z01,No,1000,EA,No,--,SHORT_LINE,Yes,77.0,KGM,0.81,MTQ,--,BLK,--,No,--,--,--,--
S5088087.2,Winter liner kit - for HPT 72m2,Z01,No,1000,EA,No,--,SHORT_LINE,Yes,70.0,KGM,0.787,MTQ,--,--,--,No,--,--,--,--
S0782355,"Syringe,A-D,0.3ml,/Oneject/BOX-100",Z01,Yes,1000,BOX,No,--,SHORT_LINE,No,0.43,KGM,2.615,DMQ,425,HBW,MEDICAL,No,--,--,--,--
S1514132,Clarithromycin 500mg tabs/PAC-14,Z01,Yes,1000,PAC,No,--,SHORT_LINE,Yes,0.068,KGM,0.532,DMQ,425,HBW,PHARMACEUTICALS,No,--,10,Z1,--
S1521012,Erythromycin 0.5% eye ointment/TBE-3.5g,Z01,Yes,1000,TBE,No,--,SHORT_LINE,Yes,0.012,KGM,0.099,DMQ,240,HBW,PHARMACEUTICALS,No,--,--,Z1,--
S1511503,Biperiden 2mg tabs/PAC-5x20,Z01,Yes,1000,PAC,No,--,SHORT_LINE,Yes,0.057,KGM,0.575,DMQ,425,HBW,PHARMACEUTICALS,No,--,--,Z1,--
S0538201,"T-shirt, Child 8-10yrs,cols/PAC-4",Z01,No,1000,PAC,No,--,SHORT_LINE,Yes,0.404,KGM,3.334,DMQ,--,HBW,--,No,--,--,--,--
S5086017,"Blanket medium thermal recycled,BALE-20",Z01,No,1000,EA,No,--,SHORT_LINE,No,0.7,KGM,0.019,MTQ,--,HBW,--,No,--,--,--,--
S0782354,"Syringe,RUP,5ml,mounted ndl,PT/BOX-100",Z01,Yes,1000,BOX,No,--,SHORT_LINE,No,0.882,KGM,6.35,DMQ,425,HBW,MEDICAL,No,--,--,--,--
S8903004,Label - T&T Sensitive (+2 to +8),Z04,No,1000,ROL,No,--,SHORT_LINE,Yes,0.4,KGM,0.56,DMQ,--,HBW,--,Yes,--,--,--,--
S0145651,"MUAC,Mother Infant,21cm,Spanish,PAC-50",Z01,No,1000,PAC,No,--,SHORT_LINE,No,0.12,KGM,0.23,DMQ,--,HBW,--,No,--,--,--,--
S5006128,"Chlorine test,DPD Nº1,Rapid,tabs/PAC-250",Z01,Yes,1000,PAC,No,--,SHORT_LINE,No,0.065,KGM,0.342,DMQ,425,HBW,MEDICAL,No,--,--,--,--
S1514140,Dexamethasone Phos 4mg/ml 1ml amp/BOX-10,Z01,Yes,1000,BOX,No,--,SHORT_LINE,No,0.05,KGM,0.45,DMQ,240,HBW,PHARMACEUTICALS,No,--,--,Z1,--
S6780210,Hydrocortisone pdr/inj 100mg vl/BOX-100,Z01,Yes,1000,BOX,No,--,SHORT_LINE,No,2.151,KGM,6.69,DMQ,425,HBW,PHARMACEUTICALS,No,--,--,Z1,--
S1585003,Diclofenac Sodium 25mg tabs/PAC-3x10,Z01,Yes,1000,PAC,No,--,SHORT_LINE,No,0.14,KGM,0.086,DMQ,425,HBW,PHARMACEUTICALS,No,--,--,Z1,--
S1586008,Allopurinol 100mg tabs/PAC-2x14,Z01,Yes,1000,PAC,No,--,SHORT_LINE,No,0.02,KGM,0.139,DMQ,425,HBW,PHARMACEUTICALS,No,--,--,Z1,--
S0782426,"Syringe,disp,1ml,ster/BOX-120",Z01,Yes,1000,BOX,No,--,SHORT_LINE,No,0.435,KGM,3.594,DMQ,425,HBW,MEDICAL,No,--,--,--,--
S8903010,Overpack,Z04,No,1000,EA,No,--,SHORT_LINE,No,0.0,KGM,0,DMQ,--,HBW,--,Yes,--,--,--,--
S9994922,"IEHK 2024,Suppl. PEP Unit sub2/3 Adult",Z02,Yes,1000,EA,No,--,SHORT_LINE,No,3.0,KGM,24,MTQ,425,HBW,PHARMACEUTICALS,No,--,--,--,--
S1600001,Nirmatrelvir150+RTV100mg tab/4+2/PAC-5gp,Z01,Yes,1000,PAC,No,--,SHORT_LINE,No,0.05,KGM,0.356,DMQ,425,HBW,PHARMACEUTICALS,No,--,--,Z1,--
S0747453,"Needle,disp,30G(0.3x13mm),ster/BOX-100",Z01,Yes,1000,BOX,No,--,SHORT_LINE,No,0.155,KGM,0.77,DMQ,425,HBW,MEDICAL,No,--,--,--,--
S0747454,"Syringe,disp,20ml,w/ndl,21G/BOX-100",Z01,Yes,1000,BOX,No,--,SHORT_LINE,No,0.64,KGM,4.7,DMQ,425,HBW,MEDICAL,No,--,--,--,--
S1580006,Ascorbic acid 250mg tabs/100x10BLIS,Z01,Yes,1000,EA,No,--,SHORT_LINE,Yes,0.869,KGM,6.805,DMQ,425,HBW,PHARMACEUTICALS,No,--,--,Z1,--
S8901002,"2A5Laser/copy lab/self adA4/A5,box of 1",Z04,No,1000,BOX,No,--,SHORT_LINE,No,5.016,KGM,7.662,DMQ,--,HBW,--,Yes,--,--,--,--
S0845244,"Lubricant,water-based,sterile,5g sachet",Z01,Yes,1000,EA,No,--,SHORT_LINE,No,0.007,KGM,0.018,DMQ,425,HBW,MEDICAL,No,--,--,--,--
S1523090,Lubricant water-based 5g sachet/BOX-150,Z01,Yes,1000,BOX,No,--,SHORT_LINE,No,1.01,KGM,2.64,DMQ,425,HBW,PHARMACEUTICALS,No,--,--,--,--
S9992492,"SUB 11/17 NBK, Hospital, Module 3, Equ",Z02,Yes,1000,EA,No,--,SHORT_LINE,No,4.6,KGM,0.055,MTQ,425,HBW,MEDICAL,No,--,--,--,--
S9992493,"SUB 13/17 NBK, Hospital, Module 3, Equ",Z02,Yes,1000,EA,No,S9902480,SHORT_LINE,No,5.2,KGM,0.057,MTQ,240,HBW,MEDICAL,No,--,--,--,--
S9992495,"SUB 15/17 NBK, Hospital, Module 3, Equ",Z02,Yes,1000,EA,No,S9902480,SHORT_LINE,No,5.4,KGM,0.057,MTQ,240,HBW,MEDICAL,No,--,--,--,--
S1586059,Fluorouracil 50mg/ml inj 10ml vl/BOX-10,Z01,Yes,1000,BOX,No,--,SHORT_LINE,No,0.04,KGM,0.1,DMQ,425,HBW,PHARMACEUTICALS,No,--,--,Z1,--
S1586057,Etoposide 20mg/ml inj 5ml vl/BOX-10,Z01,Yes,1000,BOX,No,--,SHORT_LINE,No,0.03,KGM,0.1,DMQ,425,HBW,PHARMACEUTICALS,No,--,--,Z1,--
S6780357,"Thermometer,clinical,IR,non-contact",Z01,Yes,1000,EA,No,--,SHORT_LINE,Yes,0.146,KGM,1.278,DMQ,425,HBW,MEDICAL,No,--,--,--,--
S8794213,"Adult Polo-shirt, cyan blue,S",Z01,No,1000,EA,No,--,SHORT_LINE,No,0.3,KGM,2,DMQ,--,HBW,--,No,--,--,--,--
S8794318," UNICEF T-shirt, long, Female, XXL",Z01,No,1000,EA,No,--,SHORT_LINE,No,0.27,KGM,1.075,DMQ,--,HBW,--,No,--,--,--,--
S9998811,Emergency reservation - Dubai DLC,Z02,No,1000,EA,No,--,SHORT_LINE,No,0.002,KGM,0,DMQ,--,HBW,--,No,--,--,--,--
S8794300,"Sweatshirt,UNICEF,blue,poly/cotton,S",Z01,No,1000,EA,No,--,SHORT_LINE,No,0.5,KGM,4.5,DMQ,--,HBW,--,No,--,--,--,--
S8794316,"UNICEF T-shirt, long, Male, XXL",Z01,No,1000,EA,No,--,SHORT_LINE,No,0.25,KGM,1.55,DMQ,--,HBW,--,No,--,--,--,--
S8794317,"Sweatshirt,UNICEF,blue,poly/cotton,XXL",Z01,No,1000,EA,No,--,SHORT_LINE,No,0.5,KGM,4.5,DMQ,--,HBW,--,No,--,--,--,--
S8794449,"Safari Vest,100% cotton,w/logo,size XXL",Z01,No,1000,EA,No,--,SHORT_LINE,No,0.8,KGM,3.595,DMQ,--,HBW,--,No,--,--,--,--
S8903013,UN Labels for batteries UN 3480,Z04,No,1000,ROL,No,--,SHORT_LINE,No,1.527,KGM,18.04,DMQ,--,HBW,--,Yes,--,--,--,--
S1514150,Glibenclamide 5mg tabs/PAC-10x10,Z01,Yes,1000,PAC,No,--,SHORT_LINE,No,0.056,KGM,0.25,DMQ,425,HBW,PHARMACEUTICALS,No,--,--,Z1,--
S0782345,"Syringe,A-D,0.3ml AD syringe HMD/BOX-100",Z01,Yes,1000,BOX,No,--,SHORT_LINE,No,0.6,KGM,3.84,DMQ,425,HBW,MEDICAL,No,--,--,--,--
S1586009,Allopurinol 100mg tabs/PAC-4x25,Z01,Yes,1000,PAC,No,--,SHORT_LINE,No,0.02,KGM,0.139,DMQ,425,HBW,PHARMACEUTICALS,No,--,--,Z1,--
S1586010,Allopurinol 100mg tabs/PAC-5x10,Z01,Yes,1000,PAC,No,--,SHORT_LINE,No,0.05,KGM,0.64,DMQ,425,HBW,PHARMACEUTICALS,No,--,--,Z1,--
S1586012,Allopurinol 300mg tabs/PAC-2x14,Z01,Yes,1000,PAC,No,--,SHORT_LINE,No,0.032,KGM,0.139,DMQ,425,HBW,PHARMACEUTICALS,No,--,--,Z1,--
S1586011,Allopurinol 100mg tabs/PAC-10x10,Z01,Yes,1000,PAC,No,--,SHORT_LINE,No,0.006,KGM,0.194,DMQ,425,HBW,PHARMACEUTICALS,No,--,--,Z1,--
S1586014,Allopurinol 300mg tabs/PAC-10x10,Z01,Yes,1000,PAC,No,--,SHORT_LINE,No,0.009,KGM,0.467,DMQ,425,HBW,PHARMACEUTICALS,No,--,--,Z1,--
S1400702,EFV400+3TC300+TDF300mg tab/PAC-90 No CTN,Z01,Yes,1000,PAC,No,--,SHORT_LINE,No,0.482,KGM,0.3,DMQ,425,HBW,PHARMACEUTICALS,No,--,--,Z1,--
S1586015,Cytarabine 100mg/ml inj 10ml vl/BOX-1,Z01,Yes,1000,BOX,No,--,SHORT_LINE,No,0.034,KGM,0.1,DMQ,425,HBW,PHARMACEUTICALS,No,--,--,Z1,--
S1586020,Ifosfamide 1g pdr.inj vl/BOX-1,Z01,Yes,1000,BOX,No,--,SHORT_LINE,No,0.051,KGM,0.22,DMQ,425,HBW,PHARMACEUTICALS,No,--,--,Z1,--
S1400707,EFV600+FTC200+TDF300mg tab/PAC-30 No CTN,Z01,Yes,1000,PAC,No,--,SHORT_LINE,No,0.086,KGM,0.18,DMQ,425,HBW,PHARMACEUTICALS,No,--,--,Z1,--
S1586024,Mercaptopurine 50mg tabs/PAC-25,Z01,Yes,1000,PAC,No,--,SHORT_LINE,No,0.202,KGM,0.007,DMQ,425,HBW,PHARMACEUTICALS,No,--,--,Z1,--
S1586025,Mesna 100mg/ml inj 4ml amp/BOX-15,Z01,Yes,1000,BOX,No,--,SHORT_LINE,No,0.156,KGM,0.64,DMQ,425,HBW,PHARMACEUTICALS,No,--,--,Z1,--
S1586026,Tioguanine 40mg tabs/PAC-25,Z01,Yes,1000,PAC,No,--,SHORT_LINE,No,0.156,KGM,0.64,DMQ,425,HBW,PHARMACEUTICALS,No,--,--,Z1,--
S1586029,Cytarabine 100mg pdr.inj vl/BOX-1,Z01,Yes,1000,BOX,No,--,SHORT_LINE,No,0.034,KGM,0.166,DMQ,425,HBW,PHARMACEUTICALS,No,--,--,Z1,--
S0782333,"Syringe,A-D,1.0ml,w/ndl/BOX-100",Z01,Yes,1000,BOX,No,--,SHORT_LINE,Yes,0.63,KGM,3.984,DMQ,425,HBW,MEDICAL,No,--,--,--,--
S9993842,SUB 8/9 S.Sudan PHCC18  B.Med S9906733,Z02,Yes,1000,EA,No,S9906733,LONG_LINE,No,45.0,KGM,0.12,MTQ,425,HBW,--,No,--,--,--,--
S5034003,"Student Kit, small",Z01,No,1000,EA,No,--,SHORT_LINE,No,2.352,KGM,4.475,DMQ,--,HBW,--,No,--,--,--,--
S5034006,"Teacher kit G 1-3/2-6, small",Z01,No,1000,EA,No,--,SHORT_LINE,No,2.493,KGM,5.08,DMQ,--,HBW,--,No,--,--,--,--
S0845027,"Flow meter, 0 # 15 LPM oxygen",Z01,No,1000,EA,No,--,SHORT_LINE,No,0.213,KGM,2,DMQ,--,HBW,--,No,--,--,--,--
S0969024,"Lancet,2.4 mm, disp, box/100",Z01,No,1000,BOX,No,--,SHORT_LINE,No,0.7,KGM,0.004,MTQ,--,HBW,--,No,--,--,--,--
S5006052,"Chlor.pH-test,Dip&Read Strips/PAC-100",Z01,No,1000,PAC,No,--,SHORT_LINE,No,0.166,KGM,2.283,DMQ,425,HBW,PHARMACEUTICALS,No,--,--,--,--
S9902480.2,"NBK, Hospital, Module 3, Equipment",Z02,Yes,1000,EA,No,--,LONG_LINE,Yes,60.0,KGM,1.162,MTQ,425,--,MEDICAL,No,--,--,--,3091
S7901026.1,"ECHO IEHK2017,kit,suppl.1-medicines",Z02,Yes,1000,EA,No,--,SHORT_LINE,Yes,33.333,KGM,0.201,MTQ,240,--,PHARMACEUTICALS,No,--,--,Z1,9001
S7901026.2,"ECHO IEHK2017,kit,suppl.1-medicines",Z02,Yes,1000,EA,No,--,SHORT_LINE,Yes,31.5,KGM,0.206,MTQ,240,--,PHARMACEUTICALS,No,--,--,Z1,9001
S7901026.3,"ECHO IEHK2017,kit,suppl.1-medicines",Z02,Yes,1000,EA,No,--,SHORT_LINE,Yes,30.35,KGM,0.126,MTQ,240,--,PHARMACEUTICALS,No,--,--,Z1,9001
S1993418,IEHK 2017 Booklet - Spanish,Z01,No,1000,EA,No,--,SHORT_LINE,No,0.0,KGM,0.63,DMQ,--,HBW,--,No,--,--,--,--
S9902480.3,"NBK, Hospital, Module 3, Equipment",Z02,Yes,1000,EA,No,--,LONG_LINE,Yes,5.0,KGM,0.1,MTQ,425,--,MEDICAL,No,--,--,--,3091
S9902480.1,"NBK, Hospital, Module 3, Equipment",Z02,Yes,1000,EA,No,--,LONG_LINE,Yes,29.0,KGM,0.16,MTQ,425,--,MEDICAL,No,--,--,--,3091
S9902480.4,"NBK, Hospital, Module 3, Equipment",Z02,Yes,1000,EA,No,--,LONG_LINE,Yes,5.0,KGM,0.1,MTQ,425,--,MEDICAL,No,--,--,--,3091
S9902480.5,"NBK, Hospital, Module 3, Equipment",Z02,Yes,1000,EA,No,--,SHORT_LINE,Yes,6.0,KGM,0.081,MTQ,425,--,MEDICAL,No,--,--,--,3091
S9902480.6,"NBK, Hospital, Module 3, Equipment",Z02,Yes,1000,EA,No,--,SHORT_LINE,No,6.0,KGM,0.081,MTQ,425,--,MEDICAL,No,--,--,--,3091
S9902480.7,"NBK, Hospital, Module 3, Equipment",Z02,Yes,1000,EA,No,--,SHORT_LINE,Yes,6.0,KGM,0.081,MTQ,425,--,MEDICAL,No,--,--,--,3091
S9902480.8,"NBK, Hospital, Module 3, Equipment",Z02,Yes,1000,EA,No,--,SHORT_LINE,No,6.0,KGM,0.081,MTQ,425,--,MEDICAL,No,--,--,--,3091
S9902480.9,"NBK, Hospital, Module 3, Equipment",Z02,Yes,1000,EA,No,--,SHORT_LINE,No,6.0,KGM,0.081,MTQ,425,--,MEDICAL,No,--,--,--,3091
S9902480.10,"NBK, Hospital, Module 3, Equipment",Z02,Yes,1000,EA,No,--,SHORT_LINE,Yes,21.0,KGM,0.12,MTQ,425,--,MEDICAL,No,--,--,--,3091
S9902480.11,"NBK, Hospital, Module 3, Equipment",Z02,Yes,1000,EA,No,--,SHORT_LINE,Yes,16.0,KGM,0.12,MTQ,425,--,MEDICAL,No,--,--,--,3091
S9902480.12,"NBK, Hospital, Module 3, Equipment",Z02,Yes,1000,EA,No,--,SHORT_LINE,Yes,27.0,KGM,0.16,MTQ,425,--,MEDICAL,No,--,--,--,3091
S9902480.13,"NBK, Hospital, Module 3, Equipment",Z02,Yes,1000,EA,No,--,SHORT_LINE,No,80.0,KGM,1.162,MTQ,425,--,MEDICAL,No,--,--,--,3091
S9902480.14,"NBK, Hospital, Module 3, Equipment",Z02,Yes,1000,EA,No,--,SHORT_LINE,No,80.0,KGM,1.162,MTQ,425,--,MEDICAL,No,--,--,--,3091
S9902480.15,"NBK, Hospital, Module 3, Equipment",Z02,Yes,1000,EA,No,--,SHORT_LINE,No,80.0,KGM,1.162,MTQ,425,--,MEDICAL,No,--,--,--,3091
S9902480.16,"NBK, Hospital, Module 3, Equipment",Z02,Yes,1000,EA,No,--,SHORT_LINE,No,10.0,KGM,1.162,MTQ,425,--,MEDICAL,No,--,--,--,3091
S9902480.17,"NBK, Hospital, Module 3, Equipment",Z02,Yes,1000,EA,No,--,SHORT_LINE,No,54.0,KGM,1.162,MTQ,425,--,MEDICAL,No,--,--,--,3091
S9500702,ARCHIVES HCR Registration,Z01,Yes,1000,BOX,No,--,SHORT_LINE,No,15.656,KGM,87.874,DMQ,--,HBW,ARCHIVES,No,--,--,--,--
S9996723,DRC Measles Kit 2021 SUB 3/5,Z02,Yes,1000,EA,No,S9906729,SHORT_LINE,Yes,12.32,KGM,0.028,MTQ,425,HBW,PHARMACEUTICALS,No,--,--,--,--
S9996721,DRC Measles Kit 2021 SUB 1/5,Z02,Yes,1000,EA,No,S9906729,LONG_LINE,Yes,27.45,KGM,0.16,MTQ,425,HBW,PHARMACEUTICALS,No,--,--,Z1,--
S5010203,Lightweight ballistic resistant helmetXL,Z01,No,1000,EA,No,--,SHORT_LINE,No,1.25,KGM,46.683,DMQ,--,HBW,--,No,--,--,--,--
S9908402,"Resuscitation kit,basic",Z02,Yes,1000,EA,No,--,LONG_LINE,Yes,10.0,KGM,0.079,MTQ,425,HBW,MEDICAL,No,--,--,--,--
S5010204,"Lightweight,flak jacket,female, L, D-cup",Z01,No,1000,EA,No,--,SHORT_LINE,No,5.0,KGM,46.683,DMQ,--,HBW,--,No,--,--,--,--
S0845167,"Bag,biohazard,yellow,100L,box/100",Z01,Yes,1000,EA,No,--,SHORT_LINE,No,5.57,KGM,0.051,MTQ,425,HBW,--,No,--,--,--,--
S5010210,"Lightweight,flak jacket,female, XL",Z01,No,1000,EA,No,--,SHORT_LINE,No,5.5,KGM,46.683,DMQ,--,HBW,--,No,--,--,--,--
S0305026,"Gown,surg,nonsterile,nonwoven,HP,disp,L",Z01,Yes,1000,EA,No,--,SHORT_LINE,No,0.195,KGM,2.073,DMQ,425,HBW,MEDICAL,No,--,--,--,--
S5010209,"Lightweight,flak jacket,female, M, B-cup",Z01,No,1000,EA,No,--,SHORT_LINE,No,4.5,KGM,46.683,DMQ,--,HBW,--,No,--,--,--,--
S7800050,"Molnupiravir 200mg caps/PAC-40, CIK",Z01,Yes,1000,PAC,No,--,SHORT_LINE,Yes,0.051,KGM,0.517,DMQ,240,HBW,PHARMACEUTICALS,No,--,--,--,--
S5010212,"Lightweight,flak jacket,female, XXXL",Z01,No,1000,EA,No,--,SHORT_LINE,No,6.3,KGM,46.683,DMQ,--,HBW,--,No,--,--,--,--
S5010213,"Lightweight,flak jacket,male, L",Z01,No,1000,EA,No,--,SHORT_LINE,No,4.8,KGM,46.683,DMQ,--,HBW,--,No,--,--,--,--
S5010214,"Lightweight,flak jacket,male, M",Z01,No,1000,EA,No,--,SHORT_LINE,No,4.4,KGM,46.683,DMQ,--,HBW,--,No,--,--,--,--
S5010217,"Lightweight,flak jacket,male, XXL",Z01,No,1000,EA,No,--,SHORT_LINE,No,5.7,KGM,46.683,DMQ,--,HBW,--,No,--,--,--,--
S1521031,Remdesivir powder Inj 100mg /PAC 1 vial,Z01,Yes,1000,PAC,No,--,SHORT_LINE,No,0.052,KGM,0.168,DMQ,425,HBW,PHARMACEUTICALS,No,--,--,Z1,--
S1568201,Permethrin 5% cream/TBE 30g,Z01,Yes,1000,EA,No,--,SHORT_LINE,Yes,0.049,KGM,0.24,DMQ,425,HBW,PHARMACEUTICALS,No,--,--,Z1,--
S9996703,PP4/4  SUB2 S.Sudan HealthEmerg S9906739,Z02,Yes,1000,EA,No,--,SHORT_LINE,No,0.0,KGM,0,MTQ,425,HBW,--,No,--,--,--,--
S0845166,"Bag,biohazard,red,50L,box/100",Z01,Yes,1000,EA,No,--,SHORT_LINE,No,4.354,KGM,0.036,MTQ,425,HBW,--,No,--,--,--,--
S1552118,Glucose 10% 500ml bot/BOX-20,Z01,Yes,1000,BOX,No,--,SHORT_LINE,Yes,12.519,KGM,34.665,DMQ,425,HBW,PHARMACEUTICALS,No,--,--,Z1,--
S7901026.4,"ECHO IEHK2017,kit,suppl.1-medicines",Z02,Yes,1000,EA,No,--,SHORT_LINE,Yes,25.95,KGM,0.126,MTQ,240,--,PHARMACEUTICALS,No,--,--,Z1,9001
S8903007,UN Labels for batteries UN3481 EA,Z04,No,1000,EA,No,--,SHORT_LINE,Yes,0.421,KGM,5.61,DMQ,--,HBW,--,Yes,--,--,--,--
S7901026.5,"ECHO IEHK2017,kit,suppl.1-medicines",Z02,Yes,1000,EA,No,--,SHORT_LINE,Yes,224.75,KGM,0.767,MTQ,240,--,PHARMACEUTICALS,No,--,--,Z1,9001
S9996726,DRC Measles Kit 2021 PP 1/1,Z02,Yes,1000,EA,No,--,MINILOAD,No,0.066,KGM,0.005,MTQ,425,HBW,--,No,--,--,--,--
S0523058,"Swab,alcohol,6x3cm,BOX-100",Z01,Yes,1000,EA,No,--,SHORT_LINE,Yes,0.111,KGM,0.557,DMQ,425,HBW,MEDICAL,No,--,--,--,9003
S1514135,Benzabenzylpen pdr.inj 1.2MIUv/sol/PAC-1,Z01,Yes,1000,PAC,No,--,SHORT_LINE,Yes,0.043,KGM,0.183,DMQ,425,HBW,PHARMACEUTICALS,No,--,--,Z1,--
S9902420,"NBK,Community,Part B, Module 2,Equipment",Z02,Yes,1000,EA,No,--,LONG_LINE,Yes,20.0,KGM,0.16,MTQ,425,HBW,MEDICAL,No,--,--,--,3091
S1400709,EFV600+FTC200+TDF300mg tab/PAC-180No CTN,Z01,Yes,1000,PAC,No,--,SHORT_LINE,No,1.164,KGM,0.6,DMQ,425,HBW,PHARMACEUTICALS,No,--,--,Z1,--
S0305028,"Gown,surg,sterile,nonwoven,HP,disp,L",Z01,Yes,1000,EA,No,--,SHORT_LINE,No,0.215,KGM,2,DMQ,425,HBW,MEDICAL,No,--,--,--,--
S1400712,LPV/r 100+25mg heat/st tab/PAC-60 No CTN,Z01,Yes,1000,PAC,No,--,SHORT_LINE,No,0.085,KGM,0.06,DMQ,425,HBW,PHARMACEUTICALS,No,--,--,Z1,--
S9902440,"NBK, Clinic, Module 2, Consumables",Z02,Yes,1000,EA,Yes,--,VIRTUAL_PACKING,Yes,83.0,KGM,0.512,MTQ,425,HBW,MEDICAL,No,--,--,--,--
S1400713,LPV/r200+50mg heat/st tab/PAC-120 No CTN,Z01,Yes,1000,PAC,No,--,SHORT_LINE,No,0.266,KGM,0.734,DMQ,425,HBW,PHARMACEUTICALS,No,--,--,Z1,--
S1400716,Ritonavir 100mg tabs/PAC-30 No CTN,Z01,Yes,1000,PAC,No,--,SHORT_LINE,No,0.094,KGM,0.238,DMQ,425,HBW,PHARMACEUTICALS,No,--,--,Z1,--
S1400704,EFV600+3TC300+TDF300mg tab/PAC-30 No CTN,Z01,Yes,1000,PAC,No,--,SHORT_LINE,No,0.194,KGM,0.1,DMQ,425,HBW,PHARMACEUTICALS,No,--,--,Z1,--
S9902460,"NBK, Hospital, Module 1, Medicines",Z02,Yes,1000,EA,Yes,--,VIRTUAL_PACKING,Yes,759.0,KGM,3.052,MTQ,240,HBW,PHARMACEUTICALS,No,--,--,Z1,--
S9902470,"NBK, Hospital, Module 2, Consumables",Z02,Yes,1000,EA,Yes,--,VIRTUAL_PACKING,Yes,181.0,KGM,0.561,MTQ,240,HBW,MEDICAL,No,--,--,--,--
S9906729.1,DRC Measles Kit 2021,Z02,Yes,1000,EA,No,--,VIRTUAL_PACKING,Yes,23.0,KGM,0.12,MTQ,425,--,PHARMACEUTICALS,No,--,--,Z1,--
S9906729.2,DRC Measles Kit 2021,Z02,Yes,1000,EA,No,--,VIRTUAL_PACKING,Yes,19.0,KGM,0.079,MTQ,425,--,PHARMACEUTICALS,No,--,--,Z1,--
S9906729.3,DRC Measles Kit 2021,Z02,Yes,1000,EA,No,--,VIRTUAL_PACKING,Yes,12.0,KGM,0.028,MTQ,425,--,PHARMACEUTICALS,No,--,--,Z1,--
S9906729.4,DRC Measles Kit 2021,Z02,Yes,1000,EA,No,--,VIRTUAL_PACKING,Yes,15.0,KGM,0.069,MTQ,425,--,PHARMACEUTICALS,No,--,--,Z1,--
S9906729.5,DRC Measles Kit 2021,Z02,Yes,1000,EA,No,--,VIRTUAL_PACKING,Yes,15.0,KGM,0.069,MTQ,425,--,PHARMACEUTICALS,No,--,--,Z1,--
S1580105,"Micronutrients tabs, pregnancy/BLIS-90",Z01,Yes,1000,EA,No,--,SHORT_LINE,No,0.09,KGM,0.36,DMQ,425,HBW,PHARMACEUTICALS,No,--,--,Z1,--
S1586075,Vinblastine 1mg/ml inj 10ml vl/BOX-1,Z01,Yes,1000,BOX,No,--,SHORT_LINE,No,0.33,KGM,0.128,DMQ,425,HBW,PHARMACEUTICALS,No,--,--,Z1,--
S0782404,"Cannula,IV short,24G,SIP,ster,disp",Z01,Yes,1000,EA,No,--,SHORT_LINE,No,0.004,KGM,0.017,DMQ,425,HBW,MEDICAL,No,--,--,--,--
S1586076,Vinblastine 10mg pdr/inj vl + solv/BOX-1,Z01,Yes,1000,BOX,No,--,SHORT_LINE,No,0.33,KGM,0.109,DMQ,425,HBW,PHARMACEUTICALS,No,--,--,Z1,--
S7800036,"Mask,surgic,typeIIR,tiestrap PAC-50 CIK",Z01,Yes,1000,EA,No,--,SHORT_LINE,Yes,0.701,KGM,1.617,DMQ,425,HBW,MEDICAL,No,--,--,--,--
S7993012,"AWD Kit, Periphery,Logistics Part sub2/6",Z02,No,1000,EA,No,S7903001,SHORT_LINE,No,15.0,KGM,0.12,MTQ,--,HBW,--,No,--,--,--,--
S7993033,"AWD, Periphery kit, Renewable sub 3/3",Z02,Yes,1000,EA,No,S7903003,SHORT_LINE,No,20.0,KGM,0.12,MTQ,425,HBW,MEDICAL,No,--,--,--,--
S7993011,"AWD Kit, Periphery,Logistics Part sub1/6",Z02,No,1000,EA,No,S7903001,SHORT_LINE,No,15.0,KGM,0.12,MTQ,--,HBW,--,No,--,--,--,--
S7993023,"AWD, Periphery kit, Renewable sub 2/3",Z02,Yes,1000,EA,No,S7903003,SHORT_LINE,No,20.0,KGM,0.12,MTQ,425,HBW,MEDICAL,No,--,--,--,--
S7993113,"AWD Kit, Periphery,Logistics Part sub3/6",Z02,No,1000,EA,No,S7903001,SHORT_LINE,No,15.0,KGM,0.12,MTQ,--,HBW,--,No,--,--,--,--
S7993116,"AWD Kit, Periphery,Logistics Part sub6/6",Z02,Yes,1000,EA,No,S7903001,SHORT_LINE,No,15.0,KGM,0.12,MTQ,425,HBW,MEDICAL,No,--,--,--,--
S1570501,Misoprostol 200mcg tabs/PAC-1x4,Z01,Yes,1000,PAC,No,--,SHORT_LINE,Yes,0.017,KGM,0.093,DMQ,240,HBW,PHARMACEUTICALS,No,--,--,Z1,--
S9992587,"SUB 12/17 NBK, Hospital, Module 3, Equ",Z02,No,1000,EA,No,S9902480,SHORT_LINE,No,3.7,KGM,0.035,MTQ,--,HBW,--,No,--,--,--,--
S359002,"Meningitis A,C&W,released,vial 50 ds",Z01,No,1000,EA,No,--,SHORT_LINE,No,0.0,KGM,0,DMQ,--,HBW,--,No,--,--,--,--
S4419003,Refill ink cartridges,Z01,No,1000,EA,No,--,SHORT_LINE,No,6.24,KGM,0.012,DMQ,--,HBW,--,No,--,--,--,--
S9009003,SLN Packing Material,Z04,No,1000,EA,No,--,SHORT_LINE,No,0.0,KGM,0,MTQ,--,HBW,--,Yes,--,--,--,--
S9992411,"SUB 1/3 NBK,Community,Part B,Module1,Med",Z02,Yes,1000,EA,No,--,LONG_LINE,Yes,30.2,KGM,0.16,MTQ,425,HBW,PHARMACEUTICALS,No,--,--,--,--
S0845187,"Sphygmomanometer,(adult),resilient",Z01,No,1000,EA,No,--,SHORT_LINE,Yes,0.4,KGM,1.23,DMQ,--,HBW,--,No,--,--,--,--
S9215004,Note. Glucometer and cuvettes for IEHK,Z04,No,1000,EA,No,--,SHORT_LINE,No,0.229,KGM,6,DMQ,--,HBW,--,Yes,--,--,--,--
S9999977,Sub 8/10 Obstetric S9908300(i) part 8,Z02,Yes,1000,EA,No,S9908300,LONG_LINE,Yes,23.6,KGM,0.12,MTQ,425,HBW,PHARMACEUTICALS,No,--,--,--,--
S5001305,"Bag,UNICEF, polyester,360x230x610mm,2025",Z01,No,1000,EA,No,--,SHORT_LINE,No,0.8,KGM,4,DMQ,--,HBW,--,No,--,--,--,--
S0101702,"Wheelchair,active urban,fold,support,350",Z01,No,1000,EA,No,--,SHORT_LINE,No,20.0,KGM,0.247,MTQ,--,HBW,--,No,--,--,--,--
S0101704,"Wheelchair,active urban,fold,support,250",Z01,No,1000,EA,No,--,SHORT_LINE,No,20.0,KGM,0.247,MTQ,--,HBW,--,No,--,--,--,--
S1586033,Hydroxycarbamide 500mg caps/PAC-10x10,Z01,Yes,1000,PAC,No,--,SHORT_LINE,No,0.047,KGM,0.15,DMQ,425,HBW,PHARMACEUTICALS,No,--,--,Z1,--
S0845183,"Cuffs, blood pressure, set 5 sizes",Z01,No,1000,EA,No,--,SHORT_LINE,Yes,0.452,KGM,5.669,DMQ,--,HBW,--,No,--,--,--,--
S1586031,Dasatinib 20mg tabs/PAC-5x12,Z01,Yes,1000,PAC,No,--,SHORT_LINE,No,0.05,KGM,0.64,DMQ,425,HBW,PHARMACEUTICALS,No,--,--,Z1,--
S1586035,Imatinib 400mg tabs/PAC-3x10,Z01,Yes,1000,PAC,No,--,SHORT_LINE,No,0.049,KGM,0.35,DMQ,425,HBW,PHARMACEUTICALS,No,--,--,Z1,--
S1586036,Methotrexate 2.5mg tabs/PAC-2x14,Z01,Yes,1000,PAC,No,--,SHORT_LINE,No,0.014,KGM,0.109,DMQ,425,HBW,PHARMACEUTICALS,No,--,--,Z1,--
S0845217,"Sensor, reusable, pulse ox., adult",Z01,Yes,1000,EA,No,--,SHORT_LINE,No,0.086,KGM,0.34,DMQ,425,HBW,MEDICAL,No,--,--,--,--
S0782359,"Syringe,RUP,2ml,ndl,21G,Revital/BOX-100",Z01,Yes,1000,BOX,No,--,SHORT_LINE,No,0.72,KGM,5.538,DMQ,425,HBW,MEDICAL,No,--,--,--,--
S9992431,"SUB 1/8 NBK, Clinic, Module 1, Medicines",Z02,Yes,1000,EA,No,S9902430,LONG_LINE,Yes,28.0,KGM,0.12,MTQ,425,HBW,PHARMACEUTICALS,No,--,--,--,--
S5010201,Lightweight ballistic resistant helmet-M,Z01,No,1000,EA,No,--,SHORT_LINE,No,1.15,KGM,46.683,DMQ,--,HBW,--,No,--,--,--,--
S9998507,"Subkit 6/7 Sudan IMCI Med. kit, 2016",Z02,Yes,1000,EA,No,S9906713,SHORT_LINE,No,20.0,KGM,0.048,MTQ,425,HBW,PHARMACEUTICALS,No,--,--,--,--
S9998508,"Subkit 7/7 Sudan IMCI Med. kit, 2016",Z02,Yes,1000,EA,No,S9906713,SHORT_LINE,No,12.0,KGM,0.024,MTQ,425,HBW,PHARMACEUTICALS,No,--,--,--,--
S1555208,Bupivacaine 5mg/ml inj 20ml amp/BOX-20,Z01,Yes,1000,BOX,No,--,SHORT_LINE,Yes,0.641,KGM,1.998,DMQ,240,HBW,PHARMACEUTICALS,No,--,--,Z1,--
S1555210,Lidocaine HCL 2% Jelly/TBE-30g,Z01,Yes,1000,EA,No,--,SHORT_LINE,No,0.053,KGM,0.257,DMQ,425,HBW,PHARMACEUTICALS,No,--,--,Z1,--
S0782393,"Syringe,disp,20ml,ster/BOX-80",Z01,Yes,1000,BOX,No,--,SHORT_LINE,No,1.04,KGM,7.917,DMQ,425,HBW,MEDICAL,No,--,--,--,--
S1580103,"Micronutrient tabs, pregnancy/BOT-90",Z01,Yes,1000,EA,No,--,SHORT_LINE,No,0.084,KGM,253,CMQ,425,HBW,PHARMACEUTICALS,No,--,--,Z1,--
S1400727,DTG50mg+3TC300mg+TDF300mg tab/PAC-90 gb,Z01,Yes,1000,PAC,No,--,SHORT_LINE,No,0.306,KGM,8.42,DMQ,425,HBW,PHARMACEUTICALS,No,--,--,Z1,--
S1586044,Prednisolone 5mg tabs/PAC-2x14,Z01,Yes,1000,PAC,No,--,SHORT_LINE,No,0.01,KGM,0.121,DMQ,425,HBW,PHARMACEUTICALS,No,--,--,Z1,--
S8903006,UN Labels for batteries UN 3091,Z04,No,1000,ROL,No,--,SHORT_LINE,Yes,1.452,KGM,17.89,DMQ,--,HBW,--,Yes,--,--,--,--
S1586038,"Bleomycin 15,000 IU pdr.inj vl/BOX-1",Z01,Yes,1000,BOX,No,--,SHORT_LINE,No,0.03,KGM,0.13,DMQ,425,CLD,PHARMACEUTICALS,No,--,--,Z3,--
S1586042,Dexamethasone 2mg/5ml or.sol/BOT-150ml,Z01,Yes,1000,BOT,No,--,SHORT_LINE,No,0.5,KGM,7,DMQ,425,HBW,PHARMACEUTICALS,No,--,--,Z1,--
S8903005,UN Labels for batteries UN3481,Z04,No,1000,ROL,No,--,SHORT_LINE,Yes,1.527,KGM,18.04,DMQ,--,HBW,--,Yes,--,--,--,--
S9215000,Note. Missing S1559005 in IEHK 1.Med,Z04,No,1000,EA,No,--,SHORT_LINE,No,0.0,KGM,0,DMQ,--,HBW,--,Yes,--,--,--,--
S9902440.2,"NBK, Clinic, Module 2, Consumables",Z02,Yes,1000,EA,No,--,VIRTUAL_PACKING,Yes,30.0,KGM,0.16,MTQ,425,--,MEDICAL,No,--,--,--,--
S9902440.3,"NBK, Clinic, Module 2, Consumables",Z02,Yes,1000,EA,No,--,VIRTUAL_PACKING,Yes,30.0,KGM,0.16,MTQ,425,--,MEDICAL,No,--,--,--,--
S5033100,"Recreation Kit-in-a-box,TK",Z01,No,1000,BOX,No,--,SHORT_LINE,No,23.0,KGM,134,DMQ,--,HBW,--,No,--,--,--,--
S5033102,"School-in-a-box, 40 students TK",Z01,No,1000,BOX,No,--,SHORT_LINE,No,47.0,KGM,120,DMQ,--,HBW,--,No,--,--,--,--
S0845059,"Flow meter, 0 # 5 LPM air",Z01,Yes,1000,EA,No,--,SHORT_LINE,Yes,0.213,KGM,0.8,DMQ,425,HBW,MEDICAL,No,--,--,--,--
S5010202,Lightweight ballistic resistant helmet-S,Z01,No,1000,EA,No,--,SHORT_LINE,No,1.1,KGM,46.683,DMQ,--,HBW,--,No,--,--,--,--
S8800001,Complementary Feeding Bowl & Spoon PREM,Z01,No,1000,EA,No,--,SHORT_LINE,No,0.133,KGM,40,DMQ,--,HBW,--,No,--,--,--,--
S9906782,Pakistan Lady Health Worker Kit 3,Z02,Yes,1000,EA,No,--,SHORT_LINE,No,11.0,KGM,0.048,MTQ,425,HBW,PHARMACEUTICALS,No,--,--,Z1,--
S9935013,Madagascar CE-CM 2014-Kit 20 Students,Z02,No,1000,EA,No,--,SHORT_LINE,No,0.0,KGM,0,MTQ,--,HBW,--,No,--,--,--,--
S9935004,BISSAU PLAYGROUND KIT,Z02,No,1000,EA,No,--,SHORT_LINE,No,8.0,GRM,60,DMQ,--,HBW,--,No,--,--,--,--
S9935014,Madagascar CE-CM 2015-Kit 20 Students,Z02,No,1000,EA,No,--,SHORT_LINE,No,0.0,KGM,0,MTQ,--,HBW,--,No,--,--,--,--
S1585004,Diclofenac Sodium 25mg/ml 3ml amp/PAC-5,Z01,Yes,1000,PAC,No,--,SHORT_LINE,No,0.051,KGM,0.22,DMQ,425,HBW,PHARMACEUTICALS,No,--,--,Z1,--
S1585006,Paracetamol 10mg/ml 100ml sol.inf/PAC-10,Z01,Yes,1000,PAC,No,--,SHORT_LINE,No,1.5,KGM,0.98,DMQ,425,HBW,PHARMACEUTICALS,No,--,--,Z1,--
S1585007,Paracetamol 125mg supp/PAC-10,Z01,Yes,1000,PAC,No,--,SHORT_LINE,No,0.02,KGM,0.11,DMQ,425,HBW,PHARMACEUTICALS,No,--,--,Z1,--
S1514147,Not to be used wrong setup,Z01,Yes,1000,PAC,No,--,SHORT_LINE,No,0.006,KGM,0.14,DMQ,425,HBW,PHARMACEUTICALS,No,--,--,--,--
S9991046,"PP1 IEHK 2024,Basic Equipment UNIT",Z02,Yes,1000,EA,No,--,MINILOAD,No,5.0,KGM,0.01,MTQ,425,HBW,PHARMACEUTICALS,No,--,--,--,--
S0782399,"Needle,disp,25G,SIP,ster/BOX-100",Z01,Yes,1000,BOX,No,--,SHORT_LINE,Yes,0.415,KGM,4.832,DMQ,425,HBW,MEDICAL,No,--,--,--,--
S0782401,"Cannula,IV short,22G,SIP,ster,disp,BOX50",Z01,Yes,1000,BOX,No,--,SHORT_LINE,Yes,0.43,KGM,3.952,DMQ,425,HBW,MEDICAL,No,--,--,--,--
S0845065,"Timer,for respiration,ARI (mark 2)",Z01,Yes,1000,EA,No,--,SHORT_LINE,Yes,0.065,KGM,0.361,DMQ,425,HBW,MEDICAL,No,--,--,--,3091
S0145558,"Scale,infant,tray,20kgx5g,batteries",Z01,Yes,1000,EA,No,--,SHORT_LINE,Yes,6.406,KGM,90.733,DMQ,425,HBW,MEDICAL,No,--,--,--,9000
S1400718,ERROR,Z01,Yes,1000,EA,No,--,SHORT_LINE,No,0.052,KGM,0.15,DMQ,425,HBW,PHARMACEUTICALS,No,--,--,Z1,--
S0782403,"Cannula,IV short,18G,SIP,ster,disp,BOX50",Z01,Yes,1000,BOX,No,--,SHORT_LINE,Yes,0.438,KGM,3.994,DMQ,425,HBW,MEDICAL,No,--,--,--,--
S0845232,"Peak flow meter,incl. 100 s.u. mouth pcs",Z01,Yes,1000,EA,No,--,SHORT_LINE,No,0.075,KGM,0.432,DMQ,--,HBW,MEDICAL,No,--,--,--,--
S0845209,"Foam wraps, for YI sensor, Rad-G/PAC-12",Z01,No,1000,PAC,No,--,SHORT_LINE,Yes,0.05,KGM,1.32,DMQ,--,HBW,--,No,--,--,--,--
S0845211,"Sensor, reusable, Rad-G, neonate, YI set",Z01,No,1000,EA,No,--,SHORT_LINE,Yes,0.2,KGM,2.86,DMQ,--,HBW,--,No,--,--,--,--
S0845212,"Pulse oximeter,handheld,cont,w/resp rate",Z01,Yes,1000,EA,No,--,SHORT_LINE,Yes,1.0,KGM,4.33,DMQ,425,HBW,MEDICAL,No,--,--,--,3481
S5002001,"Information note, Tetracycline eye oint.",Z01,No,1000,EA,No,--,SHORT_LINE,No,0.0,KGM,0,MTQ,--,HBW,--,No,--,--,--,--
S1993524,Musical Instrument- MARACAS SET-4,Z01,No,1000,PAC,No,--,SHORT_LINE,No,0.0,KGM,0,DMQ,--,HBW,--,No,--,--,--,--
S1993525,Mus Instrument-WRIST/ANKLE BELLS PAC-10,Z01,No,1000,PAC,No,--,SHORT_LINE,No,0.0,KGM,0,DMQ,--,HBW,--,No,--,--,--,--
S1993527,"Musical Instrument- RHYTM STICKS, PAC-2",Z01,No,1000,PAC,No,--,SHORT_LINE,No,0.0,KGM,0,DMQ,--,HBW,--,No,--,--,--,--
S1993521,"Clay,modelling,assorted colour/PAC-6/8",Z01,No,1000,PAC,No,--,SHORT_LINE,No,0.0,KGM,0,DMQ,--,HBW,--,No,--,--,--,--
S9991049,"IEHK 2024,Suppl. Malaria UNIT SUB 2/4",Z02,Yes,1000,EA,No,S9901048,LONG_LINE,No,15.44,KGM,0.106,MTQ,425,HBW,PHARMACEUTICALS,No,--,--,Z1,--
S9209502,"Hi-Vis Safety vest, orange",Z01,No,1000,EA,No,--,SHORT_LINE,No,0.253,KGM,2.071,DMQ,--,HBW,--,No,--,--,--,--
S9992583,"SUB 6/17 NBK, Hospital, Module 3, Equ",Z02,No,1000,EA,No,S9902480,SHORT_LINE,No,85.0,KGM,0.876,MTQ,--,HBW,--,No,--,--,--,--
S0782431,"Syringe,A-D,0.5mlEA,24G,PT/BOX-100",Z01,Yes,1000,BOX,No,--,SHORT_LINE,No,0.0,KGM,0,DMQ,425,HBW,MEDICAL,No,--,--,--,--
S0538202,"T-shirt, Child 12-14yrs,cols/PAC-4",Z01,No,1000,PAC,No,--,SHORT_LINE,Yes,0.483,KGM,3.709,DMQ,--,HBW,--,No,--,--,--,--
S0538200,"T-shirt, Child 4-6yrs,cols/PAC-4",Z01,No,1000,PAC,No,--,SHORT_LINE,Yes,0.34,KGM,3.324,DMQ,--,HBW,--,No,--,--,--,--
S9902430.4,"NBK, Clinic, Module 1, Medicines",Z02,Yes,1000,EA,No,--,VIRTUAL_PACKING,Yes,33.0,KGM,0.12,MTQ,425,--,PHARMACEUTICALS,No,--,--,Z1,--
S9902430.1,"NBK, Clinic, Module 1, Medicines",Z02,Yes,1000,EA,No,--,VIRTUAL_PACKING,Yes,30.0,KGM,0.12,MTQ,425,--,PHARMACEUTICALS,No,--,--,Z1,--
S5007340,"Pan and ""Goose neck"" trap,for 5007335",Z01,No,1000,EA,No,--,SHORT_LINE,No,1.0,KGM,0.012,MTQ,--,HBW,--,No,--,--,--,--
S9902430.2,"NBK, Clinic, Module 1, Medicines",Z02,Yes,1000,EA,No,--,VIRTUAL_PACKING,Yes,30.0,KGM,0.12,MTQ,425,--,PHARMACEUTICALS,No,--,--,Z1,--
S9902430.3,"NBK, Clinic, Module 1, Medicines",Z02,Yes,1000,EA,No,--,VIRTUAL_PACKING,Yes,30.0,KGM,0.12,MTQ,425,--,PHARMACEUTICALS,No,--,--,Z1,--
S1531705,Loratadine 10mg tabs/PAC-10x10,Z01,Yes,1000,EA,No,--,SHORT_LINE,Yes,0.041,KGM,0.328,DMQ,425,HBW,PHARMACEUTICALS,No,--,--,Z1,--
S9215003,Note. S1564337 replace S1564320,Z04,No,1000,EA,No,--,SHORT_LINE,No,0.0,KGM,0,DMQ,--,HBW,--,Yes,--,--,--,--
S9991048,"IEHK 2024,Suppl. Malaria UNIT SUB 1/4",Z02,Yes,1000,EA,No,S9901048,LONG_LINE,No,18.8,KGM,0.12,MTQ,425,HBW,PHARMACEUTICALS,No,--,--,--,--
S9992474,"SUB 5/10 NBK, Hospital,Module 2,Consum",Z02,Yes,1000,EA,No,S9902470,SHORT_LINE,No,8.5,KGM,0.087,MTQ,425,HBW,MEDICAL,No,--,--,--,--
S9992472,"SUB 3/10 NBK, Hospital,Module 2,Consum",Z02,Yes,1000,EA,No,S9902470,SHORT_LINE,No,10.6,KGM,0.16,MTQ,425,HBW,MEDICAL,No,--,--,--,--
S1559329,Trihexyphenidyl HCl 5mg tab/PAC-10X10,Z01,Yes,1000,PAC,No,--,SHORT_LINE,No,0.032,KGM,0.14,DMQ,425,HBW,PHARMACEUTICALS,No,--,--,Z1,--
S1559330,Trihexyphenidyl HCl 2mg tab/PAC-10X10,Z01,Yes,1000,PAC,No,--,SHORT_LINE,No,0.032,KGM,0.14,DMQ,425,HBW,PHARMACEUTICALS,No,--,--,Z1,--
S0145653,"MUAC,Mother Infant,21cm,PAC-50,English",Z01,No,1000,PAC,No,--,SHORT_LINE,No,0.12,KGM,0.23,DMQ,--,HBW,--,No,--,--,--,--
S5006126,Information note on S1510000,Z01,No,1000,EA,No,--,SHORT_LINE,No,0.001,KGM,0.001,DMQ,--,HBW,--,No,--,--,--,--
W9200064,Fargo certified ultracard premium pvc,Z11,Yes,1100,EA,No,--,SHORT_LINE,No,0.005,KGM,0,MTQ,--,HBW,CPH_UNHCR,No,--,--,--,--
S1586053,Pegfilgrastim 6mg/0.6ml inj PFS/BOX-1,Z01,Yes,1000,BOX,No,--,SHORT_LINE,No,0.036,KGM,0.2,DMQ,425,CLD,PHARMACEUTICALS,No,--,--,Z3,--
S1586054,Filgrastim 12MU/0.2ml inj PFS/BOX-5,Z01,Yes,1000,BOX,No,--,SHORT_LINE,No,0.13,KGM,0.9,DMQ,425,CLD,PHARMACEUTICALS,No,--,--,Z3,--
W9200069,"Iris scanner, IriShield BK2121U",Z11,Yes,1100,EA,No,--,SHORT_LINE,No,0.45,KGM,0,MTQ,--,HBW,CPH_UNHCR,No,--,--,--,--
W9200068,Usb hub 3.0,Z11,Yes,1100,EA,No,--,SHORT_LINE,No,0.16,KGM,0,MTQ,--,HBW,CPH_UNHCR,No,--,--,--,--
W9200067,Webcam Logitech C505E,Z11,Yes,1100,EA,No,--,SHORT_LINE,No,0.07,KGM,0,MTQ,--,HBW,CPH_UNHCR,No,--,--,--,--
W9200072,"Printer, Fargo HDP5000 id card",Z11,Yes,1100,EA,No,--,SHORT_LINE,No,0.0,KGM,0,MTQ,--,HBW,CPH_UNHCR,No,--,--,--,--
W9200074,"Wireless router, Linksys, WRT1",Z11,Yes,1100,EA,No,--,SHORT_LINE,No,0.96,KGM,0,MTQ,--,HBW,CPH_UNHCR,No,--,--,--,--
W9200077,Lenovo Thinkpad T14S G3,Z11,Yes,1100,EA,No,--,SHORT_LINE,No,1.4,KGM,0,MTQ,--,HBW,CPH_UNHCR,No,--,--,--,--
W9200078,Lenovo NanoSaver essential cable lock,Z11,Yes,1100,EA,No,--,SHORT_LINE,No,0.0,KGM,0,MTQ,--,HBW,CPH_UNHCR,No,--,--,--,--
S9902430.5,"NBK, Clinic, Module 1, Medicines",Z02,Yes,1000,EA,No,--,VIRTUAL_PACKING,Yes,33.0,KGM,0.12,MTQ,425,--,PHARMACEUTICALS,No,--,--,Z1,--
S0782347,"Syringe,A-D,0.3ml,24G/Oneject/BOX-100",Z01,Yes,1000,BOX,No,--,SHORT_LINE,No,0.43,KGM,2.9,DMQ,425,HBW,MEDICAL,No,--,--,--,--
S9992488,"SUB 8/17 NBK, Hospital, Module 3, Equ",Z02,Yes,1000,EA,No,S9902480,SHORT_LINE,No,9.7,KGM,0.079,MTQ,240,HBW,MEDICAL,No,--,--,--,--
S5619903,"Filter, drinking, approx. 10L container",Z01,No,1000,EA,No,--,SHORT_LINE,Yes,1.617,KGM,22.662,DMQ,--,HBW,--,No,--,--,--,--
S8794403,"Windbreaker,UNICEF,cyan blue,lined,S",Z01,No,1000,EA,No,--,SHORT_LINE,No,0.5,KGM,2.85,DMQ,--,HBW,--,No,--,--,--,--
S1564346,"ReSoMal,42g sachet for 1 litre/CAR-50",Z01,Yes,1000,CAR,No,--,SHORT_LINE,No,0.056,KGM,0.142,DMQ,425,HBW,PHARMACEUTICALS,No,--,--,Z1,--
S8794319,"UNICEF T-shirt, Female, V-neck, XXL",Z01,No,1000,EA,No,--,SHORT_LINE,No,0.23,KGM,1.26,DMQ,--,HBW,--,No,--,--,--,--
S0845079,"Cup feeding, newborn",Z01,Yes,1000,EA,No,--,SHORT_LINE,No,0.11,KGM,0.623,DMQ,425,HBW,MEDICAL,No,--,--,--,--
S8794402,"Windbreaker,UNICEF,cyan blue,lined,XXL",Z01,No,1000,EA,No,--,SHORT_LINE,No,0.5,KGM,2.85,DMQ,--,HBW,--,No,--,--,--,--
S1586070,Procarbazine 50mg caps/PAC-5x10,Z01,Yes,1000,PAC,No,--,SHORT_LINE,No,0.06,KGM,0.25,DMQ,425,HBW,PHARMACEUTICALS,No,--,--,Z1,--
S5010219,"Lightweight flak jacket,female, S, B-cup",Z01,No,1000,EA,No,--,SHORT_LINE,No,4.0,KGM,46.683,DMQ,--,HBW,--,No,--,--,--,--
S8903008,"UN Labels for batteries UN 3091, EA",Z04,No,1000,EA,No,--,SHORT_LINE,No,1.158,KGM,13.962,DMQ,--,HBW,--,Yes,--,--,--,--
S7993024 ,AWD Periphery kit Drug S7993014 SUB 2/4,Z02,Yes,1000,EA,No,S7903004,SHORT_LINE,No,20.0,KGM,240,MTQ,425,HBW,MEDICAL,No,--,--,--,--
S7993044 ,AWD Periphery kit Drug S7993014 SUB 4/4,Z02,Yes,1000,EA,No,S7903004,SHORT_LINE,No,20.0,KGM,240,MTQ,425,HBW,MEDICAL,No,--,--,--,--
S9902430.6,"NBK, Clinic, Module 1, Medicines",Z02,Yes,1000,EA,No,--,VIRTUAL_PACKING,Yes,35.0,KGM,0.16,MTQ,425,--,PHARMACEUTICALS,No,--,--,Z1,--
S9902430.7,"NBK, Clinic, Module 1, Medicines",Z02,Yes,1000,EA,No,--,VIRTUAL_PACKING,Yes,35.0,KGM,0.16,MTQ,425,--,PHARMACEUTICALS,No,--,--,Z1,--
S9902430.8,"NBK, Clinic, Module 1, Medicines",Z02,Yes,1000,EA,No,--,VIRTUAL_PACKING,Yes,400.0,KGM,1.44,MTQ,425,--,PHARMACEUTICALS,No,--,--,Z1,--
S9992486,"SUB 6/17 NBK, Hospital, Module 3, Equ",Z02,Yes,1000,EA,No,--,SHORT_LINE,No,85.0,KGM,1.224,MTQ,425,HBW,MEDICAL,No,--,--,--,--
S9935101,"School-in-a-box, Ukraine",Z02,No,1000,EA,No,--,LONG_LINE,Yes,46.0,KGM,0.136,MTQ,--,HBW,--,No,--,--,--,--
S9935100,"School-in-a-carton, Ukraine",Z02,No,1000,EA,No,--,LONG_LINE,Yes,42.0,KGM,0.125,MTQ,--,HBW,--,No,--,--,--,--
S1531018,Benzylpenicillin pdr/inj 5MIU vl/BOX-100,Z01,Yes,1000,EA,No,--,SHORT_LINE,No,5.67,KGM,21.6,DMQ,425,HBW,PHARMACEUTICALS,No,--,--,Z1,--
S1559328,Olanzapine 10mg tabs/PAC-3x10,Z01,Yes,1000,PAC,No,--,SHORT_LINE,No,0.03,KGM,0.1,DMQ,425,HBW,PHARMACEUTICALS,No,--,--,Z1,--
S0145580,"Instruction sheet, Clean delivery kit",Z01,No,1000,EA,No,--,SHORT_LINE,Yes,0.015,KGM,31.276,DMQ,--,HBW,--,No,--,--,--,--
S1564345,Glucose 10% 500ml bot/BOX-10,Z01,Yes,1000,BOX,No,--,SHORT_LINE,No,5.848,KGM,11.172,DMQ,425,HBW,PHARMACEUTICALS,No,--,--,Z1,--
S9906622,"IEHK2006,kit,basic unit,malaria",Z02,Yes,1000,EA,No,--,SHORT_LINE,No,22.0,KGM,0.16,MTQ,425,HBW,PHARMACEUTICALS,No,--,--,Z1,--
S8942502,Nylon Gel Pack Blanket,Z04,Yes,1000,EA,No,--,SHORT_LINE,No,1.25,KGM,13,DMQ,240,HBW,MEDICAL,Yes,--,--,--,--
S1552446,Dopamine HCl 10mg/ml inj 5ml amp/BOX-10,Z01,Yes,1000,BOX,No,--,SHORT_LINE,No,0.087,KGM,0.366,DMQ,425,HBW,PHARMACEUTICALS,No,--,--,Z1,--
S1552443,Digoxin 250mcg tabs/PAC-2x14,Z01,Yes,1000,PAC,No,--,SHORT_LINE,No,0.016,KGM,0.093,DMQ,425,HBW,PHARMACEUTICALS,No,--,--,Z1,--
S8942501,Ice pack bottles 600g,Z04,Yes,1000,EA,No,--,SHORT_LINE,No,3.75,KGM,240,DMQ,240,HBW,MEDICAL,Yes,--,--,--,--
S9903007,AWD Periphery kit Full,Z02,Yes,1000,EA,No,--,SHORT_LINE,No,909.0,KGM,3.649,MTQ,425,HBW,MEDICAL,No,--,--,Z1,--
S9902303,Nigeria Safe Delivery kit 2017,Z02,No,1000,EA,No,--,SHORT_LINE,No,0.0,KGM,0,MTQ,--,HBW,--,No,--,--,Z1,--
S1552448,Hydralazine HCl 25mg tabs/PAC-84,Z01,Yes,1000,PAC,No,--,SHORT_LINE,No,0.03,KGM,0.121,DMQ,425,HBW,PHARMACEUTICALS,No,--,--,Z1,--
S8942503,PCM 5 Blanket,Z04,Yes,1000,EA,No,--,SHORT_LINE,No,1.25,KGM,13,DMQ,425,HBW,MEDICAL,Yes,--,--,--,--
S5002000,"Information note, newborn KIT",Z01,No,1000,EA,No,--,SHORT_LINE,No,0.0,KGM,0,MTQ,--,HBW,--,No,--,--,--,--
S1561123,ORS low osm. flavour 4.1g/0.2L/CAR-10x10,Z01,Yes,1000,CAR,No,--,SHORT_LINE,No,0.068,KGM,3.85,DMQ,425,HBW,PHARMACEUTICALS,No,--,--,Z1,--
S1551982,Chloramphenicol 1% eye ointment/TBE-5g,Z01,Yes,1000,TBE,No,--,SHORT_LINE,No,0.014,KGM,0.063,DMQ,425,HBW,PHARMACEUTICALS,No,--,--,Z1,--
S0145652,"MUAC,Mother Infant,23cm,PAC-50,English",Z01,No,1000,PAC,No,--,SHORT_LINE,No,0.12,KGM,0.23,DMQ,--,HBW,--,No,--,--,--,--
S9992589,"SUB 5/17 NBK, Hospital, Module 3, Equ",Z02,No,1000,EA,No,S9902480,SHORT_LINE,No,55.0,KGM,0.912,MTQ,--,HBW,--,No,--,--,--,--
S1559313,Phenobarb Sod 100mg/ml 2ml amp/BOX-50 pt,Z01,Yes,1000,BOX,No,--,SHORT_LINE,No,0.295,KGM,1.3,DMQ,425,HBW,PHARMACEUTICALS,No,--,--,Z1,EX2-PSYC.EXP.LIC.
S0373602,"Tube,asp/feed,2lumen,CH16,L125,ster,disp",Z01,Yes,1000,EA,No,--,SHORT_LINE,No,0.009,KGM,0.12,DMQ,425,HBW,MEDICAL,No,--,--,--,--
S0782367,"Syringe,RUP,2ml,w/o ndl,Anhui/BOX-100",Z01,Yes,1000,BOX,No,--,SHORT_LINE,No,0.48,KGM,3.967,DMQ,425,HBW,MEDICAL,No,--,--,--,--
S0782371,"Safety box f.used syrg/ndl5L,HMD/BOX-25",Z01,Yes,1000,BOX,No,--,SHORT_LINE,Yes,8.1,KGM,19.36,DMQ,425,HBW,MEDICAL,No,--,--,--,--
S0782372,"Syringe,RUP,2ml,w/ndl,fixed,HMD/BOX-100",Z01,Yes,1000,BOX,No,--,SHORT_LINE,No,0.63,KGM,3.984,DMQ,425,HBW,MEDICAL,No,--,--,--,--
S0782376,"Syringe,A-D,0.5ml,PT,SIP/BOX-100",Z01,Yes,1000,BOX,No,--,SHORT_LINE,No,0.59,KGM,4.796,DMQ,425,HBW,MEDICAL,No,--,--,--,--
S0782375,"Syringe,RUP,5ml,w/o ndl,HMD/BOX-100",Z01,Yes,1000,BOX,No,--,SHORT_LINE,No,0.72,KGM,4.55,DMQ,425,HBW,MEDICAL,No,--,--,--,--
S1185088,ULF Haier DW-86L100J,Z01,No,1000,EA,No,--,SHORT_LINE,No,142.0,KGM,600,DMQ,--,HBW,--,No,--,--,--,--
S1552453,Lisinopril 10mg tabs/PAC-2x14,Z01,Yes,1000,PAC,No,--,SHORT_LINE,No,0.018,KGM,0.09,DMQ,425,HBW,PHARMACEUTICALS,No,--,--,Z1,--
S1552452,Lisinopril 10/HCTZ 12.5mg tabs/PAC-2x14,Z01,Yes,1000,PAC,No,--,SHORT_LINE,No,0.015,KGM,0.09,DMQ,425,HBW,PHARMACEUTICALS,No,--,--,Z1,--
S1552458,Simvastatin 20mg tabs/PAC-2x14,Z01,Yes,1000,PAC,No,--,SHORT_LINE,No,0.02,KGM,0.105,DMQ,425,HBW,PHARMACEUTICALS,No,--,--,Z1,--
S1552302,Amiloride HCl 5mg tabs/PAC-2x14,Z01,Yes,1000,PAC,No,--,SHORT_LINE,No,0.022,KGM,0.138,DMQ,425,HBW,PHARMACEUTICALS,No,--,--,Z1,--
S1552304,Spironolactone 25mg tab/PAC-10X10,Z01,Yes,1000,PAC,No,--,SHORT_LINE,No,0.04,KGM,0.251,DMQ,425,HBW,PHARMACEUTICALS,No,--,--,Z1,--
S1552462,Telmisartan 80mg tabs/PAC-3X10,Z01,Yes,1000,PAC,No,--,SHORT_LINE,No,0.09,KGM,1.512,DMQ,425,HBW,PHARMACEUTICALS,No,--,--,Z1,--
S1552306,Tranexamic acid 100mg/ml inj 5ml/BOX-5,Z01,Yes,1000,PAC,No,--,SHORT_LINE,Yes,0.071,KGM,0.351,DMQ,425,HBW,PHARMACEUTICALS,No,--,--,Z1,--
S0845060,"Flow meter, 0 # 5 LPM oxygen",Z01,Yes,1000,EA,No,--,SHORT_LINE,No,0.213,KGM,0.8,DMQ,425,HBW,MEDICAL,No,--,--,--,--
S1552461,Telmisartan 40mg tabs/PAC-3X10,Z01,Yes,1000,PAC,No,--,SHORT_LINE,No,0.089,KGM,0.315,DMQ,425,HBW,PHARMACEUTICALS,No,--,--,Z1,--
S1552456,Nifedipine 10mg IR tabs/PAC-10X10,Z01,Yes,1000,PAC,No,--,SHORT_LINE,No,0.04,KGM,0.2,DMQ,425,HBW,PHARMACEUTICALS,No,--,--,Z1,--
S0532001,"Blood bag, double, 450ml",Z01,Yes,1000,EA,No,--,SHORT_LINE,No,0.2,KGM,0.6,DMQ,425,HBW,MEDICAL,No,--,--,--,--
S0531999,"Blood bag, single, 450ml",Z01,Yes,1000,EA,No,--,SHORT_LINE,No,0.18,KGM,0.5,DMQ,425,HBW,MEDICAL,No,--,--,--,--
S1183008,TSS Weblogger II PQS E006/043,Z01,Yes,1000,EA,No,--,SHORT_LINE,No,0.036,KGM,0.052,DMQ,425,HBW,MEDICAL,No,--,--,--,3091
S1531041,Chlorhex.diglu.7.1% gel sachet 3g PAC/7,Z01,Yes,1000,EA,No,--,SHORT_LINE,No,0.01,KGM,0.15,DMQ,425,HBW,PHARMACEUTICALS,No,--,--,Z1,--
S4410093,"Book, drawing A5,48 pages,NOLOGO/PAC-25",Z01,No,1000,PAC,No,--,SHORT_LINE,No,7.2,KGM,0.3,DMQ,--,HBW,--,No,--,--,--,--
S9901013,"IEHK2016,PEP kit",Z02,Yes,1000,EA,No,--,SHORT_LINE,No,20.0,KGM,0.16,MTQ,425,HBW,PHARMACEUTICALS,No,--,--,Z1,--
S9901009,"IEHK2011,kit,suppl.2-equipment",Z02,Yes,1000,EA,No,--,SHORT_LINE,No,0.0,KGM,0,MTQ,425,HBW,PHARMACEUTICALS,No,--,--,--,--
S1561142,ORS low osm. 15.4g/0.75L/CAR-100,Z01,Yes,1000,CAR,No,--,SHORT_LINE,No,2.403,KGM,0.315,DMQ,425,HBW,PHARMACEUTICALS,No,--,--,Z1,--
S1561141,ORS low osm. 15.4g/0.75L/CAR-10x10,Z01,Yes,1000,CAR,No,--,SHORT_LINE,No,2.403,KGM,6.733,DMQ,425,HBW,PHARMACEUTICALS,No,--,--,Z1,--
S1561144,ORS low osm. flavour 20.5/1L/PAC-10,Z01,Yes,1000,PAC,No,--,SHORT_LINE,No,0.235,KGM,0.54,DMQ,425,HBW,PHARMACEUTICALS,No,--,--,Z1,--
S1561143,ORS low osm. 20.5g/1L/ CAR-/100,Z01,Yes,1000,CAR,No,--,SHORT_LINE,Yes,2.351,KGM,5.907,DMQ,425,HBW,PHARMACEUTICALS,No,--,--,Z1,--
S0782389,"Syringe,RUP,10ml,w/o ndl,HMD/BOX-50",Z01,Yes,1000,BOX,No,--,SHORT_LINE,No,0.66,KGM,3.647,DMQ,425,HBW,MEDICAL,No,--,--,--,--
S1521037,Molnupiravir 200mg tabs/PAC-2x10,Z01,Yes,1000,PAC,No,--,SHORT_LINE,No,0.05,KGM,0.47,DMQ,425,HBW,PHARMACEUTICALS,No,--,--,Z1,--
S9992477,"SUB 8/10 NBK, Hospital,Module 2,Consum",Z02,Yes,1000,EA,No,S9902470,SHORT_LINE,No,9.5,KGM,0.16,MTQ,425,HBW,MEDICAL,No,--,--,--,--
S0782383,"Syringe,RUP5ml,bi-packNdl,2pc,Rev/BOX100",Z01,Yes,1000,BOX,No,--,SHORT_LINE,No,0.644,KGM,4.68,DMQ,425,HBW,MEDICAL,No,--,--,--,--
S1552455,Losartan Potassium 25mg tabs/PAC-3x10,Z01,Yes,1000,PAC,No,--,SHORT_LINE,No,0.04,KGM,0.4,DMQ,425,HBW,PHARMACEUTICALS,No,--,--,Z1,--
S1552463,Verapamil HCl 40mg tabs/PAC-3x28,Z01,Yes,1000,PAC,No,--,SHORT_LINE,No,0.001,KGM,0.113,DMQ,425,HBW,PHARMACEUTICALS,No,--,--,Z1,--
S1400719,ERROR,Z01,Yes,1000,EA,No,--,SHORT_LINE,No,0.062,KGM,0.25,DMQ,425,HBW,PHARMACEUTICALS,No,--,--,Z1,--
S9992476,"SUB 7/10 NBK, Hospital,Module 2,Consum",Z02,Yes,1000,EA,No,S9902470,SHORT_LINE,No,8.8,KGM,0.089,MTQ,425,HBW,MEDICAL,No,--,--,--,--
S0744301,"Needle,scalp vein,23G,ster,disp/BOX-50",Z01,Yes,1000,BOX,No,--,SHORT_LINE,Yes,0.263,KGM,2.928,DMQ,425,HBW,MEDICAL,No,--,--,--,--
S1993340,"MSF Essential Drugs Guidelines, Arabic",Z01,No,1000,EA,No,--,SHORT_LINE,No,0.512,KGM,1.201,DMQ,--,HBW,--,No,--,--,--,--
S5006314,"Towel, bath, 75x130 cm",Z01,No,1000,EA,No,--,SHORT_LINE,Yes,0.157,KGM,0.181,DMQ,--,HBW,--,No,--,--,--,--
S0782374,"Syringe,RUP,2ml,w/o ndl,HMD/BOX-100",Z01,Yes,1000,BOX,No,--,SHORT_LINE,No,0.6,KGM,3.84,DMQ,425,HBW,MEDICAL,No,--,--,--,--
S8903009,"UN Labels for batteries UN 3481, EA",Z04,No,1000,EA,No,--,SHORT_LINE,No,1.158,KGM,13.962,DMQ,--,HBW,--,Yes,--,--,--,--
S0782380,"Syringe,A-D,0.3ml,PT,SIP/BOX-100",Z01,Yes,1000,BOX,No,--,SHORT_LINE,No,0.59,KGM,4.796,DMQ,425,HBW,MEDICAL,No,--,--,--,--
S0782171,"Syringe,RUP,1ml,w/ndl,bi-pack/BOX-100",Z01,Yes,1000,BOX,No,--,SHORT_LINE,Yes,0.483,KGM,3.281,DMQ,425,HBW,MEDICAL,No,--,--,--,--
S5006317,Toothbrush for adult,Z01,No,1000,EA,No,--,SHORT_LINE,Yes,0.062,KGM,0.237,DMQ,--,HBW,--,No,--,--,--,--
S5006320,"Toothpaste for children,75ml",Z01,Yes,1000,EA,No,--,SHORT_LINE,Yes,0.113,KGM,0.232,DMQ,425,HBW,MEDICAL,No,--,--,Z1,--
S0145625,"MUAC,Child 11.5 Red",Z01,No,1000,EA,No,--,SHORT_LINE,No,0.337,KGM,4.42,DMQ,--,HBW,--,No,--,--,--,--
S0189001,"Weighing sling w/legs,infant,25kg,PAC-5",Z01,No,1000,PAC,No,--,SHORT_LINE,No,0.711,KGM,3.613,DMQ,--,HBW,--,No,--,--,--,--
S0519015,"UNFPA Clean Delivery Kit, individual",Z01,Yes,1000,EA,No,--,SHORT_LINE,Yes,0.604,KGM,1.366,DMQ,425,HBW,MEDICAL,No,--,--,--,--
S1585005,Diclofenac Sodium 25mg/ml 3ml amp/PAC-10,Z01,Yes,1000,PAC,No,--,SHORT_LINE,No,0.1,KGM,0.432,DMQ,425,HBW,PHARMACEUTICALS,No,--,--,Z1,--
S1585009,Paracetamol 120mg/5ml or.liq/BOT-60ml,Z01,Yes,1000,BOT,No,--,SHORT_LINE,Yes,0.108,KGM,0.311,DMQ,425,HBW,PHARMACEUTICALS,No,--,--,Z1,--
S1585008,Paracetamol 250mg supp/PAC-10,Z01,Yes,1000,PAC,No,--,SHORT_LINE,No,0.025,KGM,0.11,DMQ,425,HBW,PHARMACEUTICALS,No,--,--,Z1,--
S5088008,"Tent,light weight,rectangular,24m²",Z01,No,1000,EA,No,--,SHORT_LINE,No,166.0,KGM,0.718,MTQ,--,HBW,--,No,--,--,--,--
S7901024,"ECHO IEHK2017, kit, basic unit",Z02,Yes,1000,EA,Yes,--,VIRTUAL_PACKING,No,50.0,KGM,0.28,MTQ,425,HBW,PHARMACEUTICALS,No,--,--,Z1,9000
S7034001,ECHO Adolescent Kit,Z02,No,1000,EA,No,--,SHORT_LINE,Yes,31.291,KGM,0.151,MTQ,--,HBW,--,No,--,--,--,--
S7901025,"ECHO IEHK2017, kit, basic unit malaria",Z02,Yes,1000,EA,No,--,LONG_LINE,No,15.2,KGM,0.079,MTQ,425,HBW,PHARMACEUTICALS,No,--,--,Z1,--
S7901027,"ECHO IEHK2017,kit,suppl.1a-medicines",Z02,Yes,1000,EA,No,--,SHORT_LINE,No,4.25,KGM,0.032,MTQ,425,HBW,PHARMACEUTICALS,No,--,--,Z1,EX1-NARC.EXP.LIC.
S7901029,"ECHO IEHK2017,kit,suppl.2-equipment",Z02,Yes,1000,EA,Yes,--,VIRTUAL_PACKING,No,48.766,KGM,0.302,MTQ,425,HBW,PHARMACEUTICALS,No,--,--,--,9000
S7903000,"ECHO AWD, Community kit, Community Care",Z02,Yes,1000,EA,No,--,SHORT_LINE,No,30.0,KGM,0.192,MTQ,425,HBW,MEDICAL,No,--,--,--,--
S7903001,"ECHO AWD Kit, Periphery , Logistics Part",Z02,Yes,1000,EA,Yes,--,VIRTUAL_PACKING,No,98.0,KGM,0.742,MTQ,240,HBW,MEDICAL,No,--,--,--,3481
S7903004,ECHO AWD Periphery kit Drug,Z02,Yes,1000,EA,Yes,--,SHORT_LINE,No,537.0,KGM,1.746,MTQ,425,HBW,MEDICAL,No,--,--,Z1,--
S7935024,"ECHO Recreation kit, 2016",Z02,No,1000,EA,No,--,SHORT_LINE,No,24.0,KGM,0.12,MTQ,--,HBW,--,No,--,--,--,--
S7903005,ECHO AWD Community Kit Drug,Z02,Yes,1000,EA,No,--,LONG_LINE,No,29.5,KGM,0.12,MTQ,425,HBW,MEDICAL,No,--,--,Z1,--
S7975020,ECHO First aid kit class A,Z02,Yes,1000,EA,No,--,SHORT_LINE,No,3.161,KGM,0.034,MTQ,425,HBW,PHARMACEUTICALS,No,--,--,Z1,--
S7935034,"ECHO Recreation kit-in-a-carton, 2016",Z02,No,1000,EA,No,--,SHORT_LINE,No,18.0,KGM,0.079,MTQ,--,HBW,--,No,--,--,--,--
S8794602,"Stickers, Arabic for REC Kit",Z01,No,1000,EA,No,--,SHORT_LINE,No,0.0,GRM,0.02,DMQ,--,HBW,--,No,--,--,--,--
S1561122,ORS low osm. 4.1g/0.2L/CAR-10x10,Z01,Yes,1000,CAR,No,--,SHORT_LINE,No,0.068,KGM,3.85,DMQ,425,HBW,PHARMACEUTICALS,No,--,--,Z1,--
S0782388,"Syringe,RUP,5ml,w/o ndl,3pc,Rev/BOX-100",Z01,Yes,1000,BOX,No,--,SHORT_LINE,No,0.632,KGM,4.68,DMQ,425,HBW,MEDICAL,No,--,--,--,--
S1400635,Emtricitabine 200mg caps/PAC-30 gb,Z01,Yes,1000,EA,No,--,SHORT_LINE,No,0.061,KGM,0.255,DMQ,425,HBW,PHARMACEUTICALS,No,--,--,Z1,--
S0782144,"Syringe,RUP,1ml,ndl,fixed,RTI,US/BOX-100",Z01,Yes,1000,BOX,No,--,SHORT_LINE,No,0.43,KGM,2.615,DMQ,425,HBW,MEDICAL,No,--,--,--,--
S0782390,"Syringe,RUP,10ml,w/o ndl,Revital/BOX-100",Z01,Yes,1000,BOX,No,--,SHORT_LINE,No,0.913,KGM,7.837,DMQ,425,HBW,MEDICAL,No,--,--,--,--
S6780214,"Scale,electronic,mother/child,150kgx100g",Z01,No,1000,CAR,No,--,SHORT_LINE,No,4.687,KGM,31.8,DMQ,425,HBW,MEDICAL,No,--,--,--,--
S0782146,"Syringe,RUP,1ml,ndl,fixed, Haiou/BOX-100",Z01,Yes,1000,BOX,No,--,SHORT_LINE,No,0.55,KGM,3.515,DMQ,425,HBW,MEDICAL,No,--,--,--,--
S0782385,"Syringe,RUP,2ml,w/o ndl,2pc,Rev/BOX-100",Z01,Yes,1000,BOX,No,--,SHORT_LINE,No,0.346,KGM,3.666,DMQ,425,HBW,MEDICAL,No,--,--,--,--
S6780219,IEHK 2011 Antimalar. basic kit MSF vers,Z01,Yes,1000,EA,No,--,SHORT_LINE,No,190.0,KGM,1440,DMQ,425,HBW,PHARMACEUTICALS,No,--,--,Z1,--
S8950010,"Plastic cups, white, 21 cl",Z01,No,1000,EA,No,--,SHORT_LINE,No,0.0,KGM,0.03,MTQ,--,HBW,--,No,--,--,--,--
S0145646,"MUAC,Mother Infant,23cm,Arabic,PAC-50",Z01,No,1000,PAC,No,--,SHORT_LINE,No,0.12,KGM,0.23,DMQ,--,HBW,--,No,--,--,--,--
S0145647,"MUAC,Mother Infant,23cm,French,PAC-50",Z01,No,1000,PAC,No,--,SHORT_LINE,No,0.12,KGM,0.23,DMQ,--,HBW,--,No,--,--,--,--
S0145644,"MUAC,Child 11.5, 4 colors,French,PAC-50",Z01,No,1000,PAC,No,--,SHORT_LINE,No,0.116,KGM,0.27,DMQ,--,HBW,--,No,--,--,--,--
S5006321,"Laundry detergent/washing powder, 3kg",Z01,Yes,1000,EA,No,--,SHORT_LINE,Yes,1.644,KGM,0.1,DMQ,425,HBW,MEDICAL,No,--,--,Z1,--
S1400651,Dolutegravir 10mg disp tab/PAC-90 No CTN,Z01,Yes,1000,PAC,No,--,SHORT_LINE,Yes,0.086,KGM,0.5,DMQ,240,HBW,PHARMACEUTICALS,No,--,--,Z1,--
S9992497,"SUB 17/17 NBK, Hospital, Module 3, Equ",Z02,Yes,1000,EA,No,S9902480,SHORT_LINE,No,4.5,KGM,0.055,MTQ,240,HBW,MEDICAL,No,--,--,--,--
S0846000,"Emergency Trauma bag, (ETB), UNDSS",Z01,Yes,1000,EA,No,--,SHORT_LINE,No,0.0,KGM,0,DMQ,425,HBW,MEDICAL,No,--,--,--,--
S0845174,"Infusion Arm Splint, Foldable, Adult",Z01,Yes,1000,EA,No,--,SHORT_LINE,No,0.365,KGM,1.387,DMQ,240,HBW,--,No,--,--,--,--
S0845175,"Infusion Arm Splint, Foldable, Child",Z01,Yes,1000,EA,No,--,SHORT_LINE,No,0.18,KGM,1.044,DMQ,240,HBW,--,No,--,--,--,--
S0845179,"Timer,60 min",Z01,Yes,1000,EA,No,--,SHORT_LINE,No,0.109,KGM,0.548,DMQ,240,HBW,--,No,--,--,--,--
S9999972,Sub 6/10 Obstetric S9908300(i) part 6,Z02,Yes,1000,EA,No,S9908300,LONG_LINE,Yes,22.0,KGM,0.16,MTQ,425,HBW,PHARMACEUTICALS,No,--,--,--,--
S7993013,"AWD, Periphery kit, Renewable sub 1/3",Z02,Yes,1000,EA,No,S7903003,SHORT_LINE,No,20.0,KGM,0.12,MTQ,425,HBW,MEDICAL,No,--,--,--,--
S1580104,"Micronutrients tabs, pregnancy/BLIS-60",Z01,Yes,1000,EA,No,--,SHORT_LINE,No,0.078,KGM,0.24,DMQ,425,HBW,PHARMACEUTICALS,No,--,--,Z1,--
S7935081,ECHO Arabic Student Kit Grade 5-8,Z02,No,1000,EA,No,--,LONG_LINE,Yes,31.322,KGM,121.333,DMQ,--,HBW,--,No,--,--,--,--
S7993114,"AWD Kit, Periphery,Logistics Part sub4/6",Z02,No,1000,EA,No,S7903001,SHORT_LINE,No,15.0,KGM,0.12,MTQ,--,HBW,--,No,--,--,--,--
S7993115,"AWD Kit, Periphery,Logistics Part sub5/6",Z02,Yes,1000,EA,No,S7903001,SHORT_LINE,No,15.0,KGM,0.12,MTQ,425,HBW,MEDICAL,No,--,--,--,--
S1586058,Fluorouracil 50mg/ml inj 20ml vl/BOX-10,Z01,Yes,1000,BOX,No,--,SHORT_LINE,No,0.07,KGM,0.4,DMQ,425,HBW,PHARMACEUTICALS,No,--,--,Z1,--
S1560835,Water for injection 10ml amp/BOX-20,Z01,Yes,1000,BOX,No,--,SHORT_LINE,Yes,0.374,KGM,9.635,DMQ,425,HBW,PHARMACEUTICALS,No,--,--,Z1,--
S1400728,ABC60+DTG5+3TC30mg disp.tab/PAC-30 NoCTN,Z01,Yes,1000,PAC,No,--,SHORT_LINE,No,0.0,KGM,0,DMQ,425,HBW,PHARMACEUTICALS,No,--,--,--,--
S1400729,ABC60+DTG5+3TC30mg disp.tab/PAC-90 NoCTN,Z01,Yes,1000,PAC,No,--,SHORT_LINE,No,0.065,KGM,0.16,DMQ,425,HBW,PHARMACEUTICALS,No,--,--,--,--
S5031039,Ready Made Meal,Z01,Yes,1000,EA,No,--,SHORT_LINE,No,0.64,KGM,0.157,MTQ,425,HBW,MEDICAL,No,--,--,--,--
S9986724,SUB 4/5 F Yemen PHK 2021-Basic S9906800,Z02,Yes,1000,EA,No,--,SHORT_LINE,Yes,12.0,KGM,0.003,MTQ,425,HBW,PHARMACEUTICALS,No,--,--,Z1,--
S9992451,"SUB 1/6 NBK, Clinic, Module 3, Equipment",Z02,Yes,1000,EA,No,S9902450,LONG_LINE,No,14.0,KGM,0.12,MTQ,425,HBW,MEDICAL,No,--,--,--,--
S9992453,"SUB 3/6 NBK, Clinic, Module 3, Equipment",Z02,Yes,1000,EA,No,S9902450,SHORT_LINE,No,5.3,KGM,0.057,MTQ,425,HBW,MEDICAL,No,--,--,--,--
S9996709,SUB6/7 S.Sudan Health Emerg exp S9906739,Z02,Yes,1000,EA,No,--,SHORT_LINE,No,0.0,KGM,0,MTQ,425,HBW,--,No,--,--,--,--
S9992452,"SUB 2/6 NBK, Clinic, Module 3, Equipment",Z02,Yes,1000,EA,No,S9902450,SHORT_LINE,No,5.3,KGM,0.057,MTQ,425,HBW,MEDICAL,No,--,--,--,--
S9992454,"SUB 4/6 NBK, Clinic, Module 3, Equipment",Z02,Yes,1000,EA,No,S9902450,SHORT_LINE,No,5.3,KGM,0.057,MTQ,425,HBW,--,No,--,--,--,--
S9996706,SUB3/7 S.Sudan Health Emerg exp S9906739,Z02,Yes,1000,EA,No,--,LONG_LINE,No,0.0,KGM,0,MTQ,425,HBW,--,No,--,--,--,--
S9996708,SUB5/7 S.Sudan Health Emerg exp S9906739,Z02,Yes,1000,EA,No,--,SHORT_LINE,No,0.0,KGM,0,MTQ,425,HBW,--,No,--,--,--,--
S1555215,Lidocaine 2% inj 20ml vial/BOX-10,Z01,Yes,1000,BOX,No,--,SHORT_LINE,Yes,0.572,KGM,1.097,DMQ,425,HBW,PHARMACEUTICALS,No,--,--,Z1,--
S0845243,"Mucosal atomisation device, BOX-25",Z01,Yes,1000,BOX,No,--,SHORT_LINE,Yes,0.3,KGM,2.475,DMQ,425,HBW,MEDICAL,No,--,--,--,--
S8794404,"Windbreaker,UNICEF,cyan blue,lined,M",Z01,No,1000,EA,No,--,SHORT_LINE,No,0.5,KGM,2.85,DMQ,--,HBW,--,No,--,--,--,--
S9986722,SUB 2/3  Yemen PHK 2021-Basic S9906800,Z02,Yes,1000,EA,No,S9906800,LONG_LINE,Yes,31.0,KGM,0.12,MTQ,425,HBW,PHARMACEUTICALS,No,--,--,Z1,--
